_time,customer_id,country,lat,lon,category,product,units,unit_price,revenue,channel,device,order_status,rating
2026-05-01 00:12:03,c9588,Germany,53.8658,11.5136,Home,Coffee Maker,4,24.4,97.6,Affiliate,Mobile,Completed,5
2026-05-01 01:21:59,c4114,Canada,56.1802,-106.6666,Home,Throw Blanket,1,172.79,172.79,Marketplace,Mobile,Completed,5
2026-05-01 01:31:31,c4890,Mexico,20.8591,-101.6902,Home,Cutting Board Set,4,144.43,577.72,Marketplace,Desktop,Completed,1
2026-05-01 01:34:30,c3161,United States,34.8354,-93.5641,Books,Business Guide,4,50.89,203.56,Marketplace,Desktop,Refunded,4
2026-05-01 04:35:56,c5126,Brazil,-13.0681,-49.2448,Sports,Tennis Racket,2,70.41,140.82,Mobile App,Mobile,Completed,5
2026-05-01 04:41:56,c5636,Germany,52.716,10.4311,Home,Coffee Maker,2,142.2,284.4,Affiliate,Tablet,Completed,5
2026-05-01 05:07:40,c3911,Australia,-27.5091,134.7022,Apparel,Graphic T-Shirt,4,98.02,392.08,Mobile App,Mobile,Completed,4
2026-05-01 05:22:50,c6636,Germany,50.1459,10.3663,Apparel,Graphic T-Shirt,2,118.05,236.1,Affiliate,Desktop,Completed,5
2026-05-01 06:05:36,c4014,Australia,-23.8871,133.1348,Electronics,Mechanical Keyboard,5,91.98,459.9,Affiliate,Desktop,Cancelled,3
2026-05-01 06:19:33,c1344,Canada,58.9749,-108.8485,Electronics,Mechanical Keyboard,4,118.17,472.68,Mobile App,Desktop,Completed,4
2026-05-01 06:34:20,c3332,Brazil,-17.0103,-50.4551,Sports,Dumbbell Set,2,149.97,299.94,Marketplace,Desktop,Pending,5
2026-05-01 07:07:27,c2006,Canada,56.0635,-107.7066,Electronics,Mechanical Keyboard,4,106.28,425.12,Web,Tablet,Completed,4
2026-05-01 07:29:46,c2922,Japan,35.3493,141.036,Home,Throw Blanket,2,14.22,28.44,Marketplace,Mobile,Completed,1
2026-05-01 07:41:04,c3060,Canada,57.3986,-108.099,Apparel,Baseball Cap,4,140.23,560.92,Affiliate,Tablet,Completed,4
2026-05-01 07:44:46,c4028,Japan,33.8098,139.4591,Sports,Yoga Mat,2,91.61,183.22,Web,Desktop,Cancelled,5
2026-05-01 08:08:51,c5907,Canada,55.6756,-108.061,Home,Coffee Maker,3,105.15,315.45,Web,Mobile,Completed,3
2026-05-01 08:13:16,c7648,Germany,48.312,8.2131,Home,Coffee Maker,4,70.02,280.08,Web,Mobile,Completed,5
2026-05-01 08:13:31,c6426,India,22.283,81.4639,Electronics,Bluetooth Speaker,2,117.19,234.38,Marketplace,Desktop,Completed,2
2026-05-01 08:15:31,c8331,Germany,52.1859,11.5235,Books,Business Guide,2,201.39,402.78,Web,Tablet,Completed,5
2026-05-01 09:41:16,c1430,Australia,-23.2391,135.5508,Books,Cookbook,4,14.93,59.72,Mobile App,Mobile,Refunded,5
2026-05-01 09:50:48,c9701,Australia,-26.7288,131.8721,Home,Throw Blanket,3,177.04,531.12,Affiliate,Mobile,Completed,5
2026-05-01 09:57:11,c3231,Canada,57.681,-103.5511,Apparel,Graphic T-Shirt,1,202.63,202.63,Mobile App,Mobile,Pending,1
2026-05-01 09:59:05,c4633,Japan,37.2106,138.7274,Books,Sci-Fi Anthology,5,56.59,282.95,Affiliate,Desktop,Completed,5
2026-05-01 10:11:01,c4209,United Kingdom,53.1659,-5.7785,Books,Sci-Fi Anthology,2,39.24,78.48,Marketplace,Mobile,Completed,1
2026-05-01 10:16:49,c4564,India,22.9579,80.9007,Books,Mystery Novel,4,204.68,818.72,Mobile App,Mobile,Completed,4
2026-05-01 10:28:24,c8387,India,21.473,81.9336,Apparel,Baseball Cap,5,28.38,141.9,Marketplace,Mobile,Completed,4
2026-05-01 10:51:39,c1453,United Kingdom,53.3911,-0.6584,Sports,Yoga Mat,3,89.57,268.71,Marketplace,Desktop,Cancelled,4
2026-05-01 11:06:23,c3965,South Africa,-31.9514,21.8244,Home,Desk Lamp,5,39.26,196.3,Mobile App,Desktop,Completed,2
2026-05-01 11:40:10,c6466,Australia,-28.2214,132.0039,Home,Cutting Board Set,1,185.76,185.76,Mobile App,Mobile,Completed,5
2026-05-01 11:47:41,c5296,Canada,57.6881,-107.9592,Beauty,Shampoo Bar,1,94.17,94.17,Affiliate,Mobile,Completed,2
2026-05-01 12:44:17,c4282,Singapore,-0.1274,100.9981,Electronics,Bluetooth Speaker,3,50.18,150.54,Affiliate,Desktop,Refunded,5
2026-05-01 12:44:41,c2930,Australia,-24.6802,134.0424,Home,Desk Lamp,1,130.53,130.53,Web,Mobile,Completed,5
2026-05-01 13:03:16,c4264,United States,35.9961,-97.6346,Books,Mystery Novel,3,156.71,470.13,Web,Tablet,Completed,2
2026-05-01 13:15:44,c5245,France,44.2634,2.8435,Books,Business Guide,3,151.6,454.8,Web,Desktop,Cancelled,4
2026-05-01 13:39:47,c2659,Canada,58.6345,-107.0069,Electronics,Smart Watch,3,85.13,255.39,Affiliate,Desktop,Refunded,5
2026-05-01 13:43:38,c5888,Canada,58.485,-104.2599,Electronics,Mechanical Keyboard,5,105.6,528.0,Marketplace,Desktop,Completed,3
2026-05-01 13:44:43,c1745,India,19.4884,78.297,Electronics,Bluetooth Speaker,5,21.41,107.05,Web,Mobile,Cancelled,2
2026-05-01 14:31:58,c1855,Singapore,-1.2034,106.587,Apparel,Denim Jacket,3,30.44,91.32,Mobile App,Tablet,Completed,2
2026-05-01 14:36:32,c6830,France,46.5727,4.5339,Sports,Camping Tent,2,177.12,354.24,Affiliate,Tablet,Refunded,4
2026-05-01 14:46:43,c3311,Germany,51.968,11.4648,Sports,Tennis Racket,5,208.95,1044.75,Affiliate,Mobile,Cancelled,2
2026-05-01 14:48:28,c8040,United Kingdom,54.0885,-1.7409,Sports,Yoga Mat,1,134.63,134.63,Affiliate,Mobile,Refunded,5
2026-05-01 14:51:41,c9872,Japan,37.5948,138.5294,Apparel,Denim Jacket,4,13.07,52.28,Marketplace,Tablet,Refunded,1
2026-05-01 15:11:10,c9348,South Africa,-30.9197,25.8034,Apparel,Winter Coat,3,197.39,592.17,Affiliate,Mobile,Completed,2
2026-05-01 15:52:21,c8295,Brazil,-14.7509,-54.7634,Books,Cookbook,2,208.07,416.14,Mobile App,Mobile,Completed,5
2026-05-01 16:01:53,c8932,South Africa,-31.1653,25.3193,Beauty,Makeup Brush Kit,1,165.14,165.14,Affiliate,Tablet,Completed,3
2026-05-01 16:24:39,c1600,France,47.8321,4.1029,Electronics,Smart Watch,4,90.26,361.04,Web,Desktop,Completed,3
2026-05-01 16:43:50,c3423,South Africa,-30.2027,24.7005,Beauty,Face Serum,4,41.56,166.24,Mobile App,Tablet,Refunded,5
2026-05-01 17:19:37,c9802,South Africa,-27.9692,20.5944,Apparel,Denim Jacket,5,200.12,1000.6,Mobile App,Desktop,Pending,5
2026-05-01 17:43:48,c5825,Germany,48.3236,13.2819,Electronics,Smart Watch,3,131.85,395.55,Web,Mobile,Completed,3
2026-05-01 18:00:43,c7348,United States,34.1327,-93.4188,Sports,Dumbbell Set,5,111.51,557.55,Mobile App,Tablet,Refunded,2
2026-05-01 18:17:36,c8405,Mexico,22.9562,-103.5585,Apparel,Winter Coat,1,170.48,170.48,Affiliate,Mobile,Completed,1
2026-05-01 18:19:45,c5186,South Africa,-32.8277,25.1417,Books,Business Guide,4,204.63,818.52,Marketplace,Desktop,Cancelled,4
2026-05-01 18:39:56,c8668,France,43.4648,4.0352,Electronics,4K Monitor,5,169.51,847.55,Web,Tablet,Completed,4
2026-05-01 18:49:55,c3369,Germany,50.9871,11.07,Home,Throw Blanket,5,132.33,661.65,Web,Desktop,Completed,1
2026-05-01 18:55:09,c7622,India,21.8967,81.4507,Electronics,Bluetooth Speaker,5,217.12,1085.6,Mobile App,Mobile,Completed,1
2026-05-01 20:46:10,c3204,United Kingdom,54.7618,-1.4672,Apparel,Winter Coat,1,114.83,114.83,Affiliate,Mobile,Completed,4
2026-05-01 21:09:59,c8147,South Africa,-27.6767,24.4221,Apparel,Winter Coat,1,92.43,92.43,Affiliate,Tablet,Completed,5
2026-05-01 21:16:49,c4788,Mexico,26.1625,-99.8683,Books,Sci-Fi Anthology,4,177.17,708.68,Web,Tablet,Completed,5
2026-05-01 21:21:02,c1498,Canada,57.1357,-104.6535,Beauty,Shampoo Bar,3,153.44,460.32,Marketplace,Mobile,Completed,4
2026-05-01 21:52:48,c6081,India,20.335,81.154,Books,Mystery Novel,4,67.32,269.28,Marketplace,Tablet,Refunded,5
2026-05-01 22:17:48,c5232,United Kingdom,54.4481,-4.0262,Apparel,Running Shoes,1,183.64,183.64,Affiliate,Tablet,Completed,4
2026-05-01 22:28:30,c6589,Germany,51.6015,8.8717,Electronics,Wireless Headphones,1,164.14,164.14,Web,Desktop,Completed,5
2026-05-01 22:58:12,c7184,United States,37.1749,-93.0399,Apparel,Graphic T-Shirt,4,186.03,744.12,Affiliate,Mobile,Completed,5
2026-05-02 00:16:28,c9174,United Kingdom,52.5946,-5.8098,Books,Sci-Fi Anthology,3,210.2,630.6,Mobile App,Mobile,Completed,2
2026-05-02 00:37:23,c8916,Australia,-25.4577,133.6774,Beauty,Makeup Brush Kit,4,148.22,592.88,Affiliate,Desktop,Pending,4
2026-05-02 00:37:26,c4918,Brazil,-14.032,-49.4219,Books,Mystery Novel,4,196.93,787.72,Marketplace,Mobile,Completed,4
2026-05-02 00:51:41,c9436,Canada,53.7245,-103.553,Beauty,Face Serum,4,62.41,249.64,Mobile App,Tablet,Completed,3
2026-05-02 01:08:35,c4723,United Kingdom,53.7912,-2.0328,Beauty,Shampoo Bar,3,98.64,295.92,Web,Desktop,Completed,4
2026-05-02 01:21:26,c3582,United Kingdom,57.4605,-3.1571,Apparel,Denim Jacket,3,30.88,92.64,Web,Desktop,Completed,5
2026-05-02 01:45:45,c5417,United Kingdom,54.4949,-5.2791,Sports,Dumbbell Set,1,38.94,38.94,Web,Desktop,Completed,5
2026-05-02 01:56:42,c9154,Germany,50.6226,9.3418,Electronics,Smart Watch,3,149.11,447.33,Web,Mobile,Pending,3
2026-05-02 02:04:58,c1199,Japan,34.4147,137.0521,Beauty,Perfume,3,20.72,62.16,Web,Tablet,Completed,1
2026-05-02 02:33:13,c2110,Mexico,24.6501,-101.1743,Home,Air Purifier,3,52.45,157.35,Marketplace,Mobile,Completed,1
2026-05-02 02:38:54,c7328,Mexico,24.8735,-102.2878,Electronics,4K Monitor,1,23.95,23.95,Web,Tablet,Refunded,4
2026-05-02 03:22:35,c8027,Canada,53.88,-103.6056,Home,Air Purifier,5,131.27,656.35,Affiliate,Mobile,Completed,5
2026-05-02 03:48:58,c8202,Japan,36.7086,140.2526,Apparel,Winter Coat,5,214.69,1073.45,Mobile App,Mobile,Completed,2
2026-05-02 04:01:09,c3849,Australia,-22.7028,131.9933,Electronics,Bluetooth Speaker,4,110.65,442.6,Mobile App,Tablet,Completed,4
2026-05-02 04:11:38,c3323,Australia,-24.0543,131.3991,Sports,Tennis Racket,2,43.2,86.4,Mobile App,Desktop,Completed,4
2026-05-02 04:27:06,c8213,Canada,59.0491,-103.8264,Apparel,Denim Jacket,1,128.81,128.81,Web,Mobile,Completed,5
2026-05-02 04:45:20,c2387,France,43.7884,2.7983,Home,Air Purifier,3,95.73,287.19,Mobile App,Tablet,Completed,5
2026-05-02 05:00:45,c8153,France,46.8722,-0.3202,Beauty,Lip Balm Set,4,155.52,622.08,Affiliate,Tablet,Pending,4
2026-05-02 05:02:29,c8670,Japan,36.8433,135.6714,Beauty,Lip Balm Set,4,81.0,324.0,Affiliate,Desktop,Completed,5
2026-05-02 05:06:55,c7470,Canada,54.3419,-105.4293,Electronics,Wireless Headphones,4,170.14,680.56,Affiliate,Tablet,Completed,4
2026-05-02 05:11:39,c8001,Mexico,24.9058,-104.7469,Books,Cookbook,1,182.64,182.64,Marketplace,Mobile,Refunded,3
2026-05-02 05:21:22,c8732,Singapore,2.0344,101.5237,Beauty,Face Serum,4,191.37,765.48,Affiliate,Tablet,Completed,5
2026-05-02 05:26:03,c9228,Mexico,22.8953,-100.649,Apparel,Winter Coat,1,65.35,65.35,Affiliate,Mobile,Completed,5
2026-05-02 06:07:12,c8955,India,21.5919,77.4675,Home,Coffee Maker,1,159.18,159.18,Mobile App,Tablet,Completed,5
2026-05-02 06:33:07,c1428,Australia,-26.2266,134.3782,Beauty,Perfume,3,34.82,104.46,Web,Mobile,Completed,4
2026-05-02 06:35:26,c7308,Mexico,21.0981,-99.7194,Electronics,4K Monitor,2,107.25,214.5,Mobile App,Mobile,Completed,4
2026-05-02 06:35:34,c7000,United Kingdom,55.3139,-3.8972,Electronics,Bluetooth Speaker,5,28.65,143.25,Affiliate,Desktop,Completed,1
2026-05-02 06:55:36,c9872,Canada,53.5361,-108.0358,Electronics,4K Monitor,3,70.28,210.84,Marketplace,Tablet,Completed,3
2026-05-02 07:34:37,c1612,India,19.7461,79.0749,Electronics,Wireless Headphones,1,196.57,196.57,Web,Mobile,Completed,4
2026-05-02 07:50:24,c5602,Japan,33.5626,137.6436,Books,Mystery Novel,3,133.89,401.67,Affiliate,Tablet,Refunded,5
2026-05-02 08:03:52,c1928,Canada,57.8674,-109.1727,Apparel,Denim Jacket,5,119.46,597.3,Affiliate,Desktop,Refunded,4
2026-05-02 08:07:58,c9787,Japan,37.3007,136.1293,Beauty,Face Serum,2,133.94,267.88,Web,Mobile,Completed,3
2026-05-02 09:03:27,c3416,Brazil,-13.2556,-49.989,Beauty,Lip Balm Set,2,198.06,396.12,Affiliate,Mobile,Completed,5
2026-05-02 09:08:12,c8262,Singapore,2.2484,103.9761,Apparel,Graphic T-Shirt,5,59.9,299.5,Marketplace,Desktop,Completed,5
2026-05-02 09:13:02,c7305,India,21.4297,79.2906,Apparel,Baseball Cap,2,58.46,116.92,Marketplace,Mobile,Completed,5
2026-05-02 09:25:46,c9585,India,18.1306,77.1981,Beauty,Shampoo Bar,2,30.44,60.88,Affiliate,Mobile,Completed,5
2026-05-02 09:52:04,c3322,France,44.4562,4.5111,Books,Sci-Fi Anthology,1,92.77,92.77,Affiliate,Tablet,Completed,4
2026-05-02 10:16:33,c8942,United Kingdom,54.6668,-0.5939,Sports,Camping Tent,3,155.13,465.39,Marketplace,Tablet,Completed,2
2026-05-02 10:18:40,c7885,Mexico,23.2605,-105.5008,Electronics,4K Monitor,4,54.04,216.16,Marketplace,Mobile,Pending,5
2026-05-02 10:37:31,c3688,South Africa,-28.3378,25.8898,Sports,Yoga Mat,2,116.38,232.76,Mobile App,Mobile,Completed,5
2026-05-02 10:56:23,c1196,United Kingdom,53.7744,-5.8047,Home,Desk Lamp,4,146.65,586.6,Affiliate,Desktop,Completed,2
2026-05-02 11:07:37,c4514,South Africa,-28.0258,20.2977,Books,Business Guide,1,38.09,38.09,Marketplace,Tablet,Completed,5
2026-05-02 11:10:22,c1814,South Africa,-29.0645,23.3345,Home,Throw Blanket,1,136.01,136.01,Affiliate,Mobile,Cancelled,4
2026-05-02 12:17:36,c6368,Japan,38.1177,138.4607,Sports,Camping Tent,1,207.0,207.0,Marketplace,Mobile,Completed,4
2026-05-02 12:21:13,c2823,Japan,34.8028,139.0257,Sports,Yoga Mat,5,9.22,46.1,Marketplace,Mobile,Completed,4
2026-05-02 12:26:25,c2743,Brazil,-15.9243,-49.1386,Apparel,Graphic T-Shirt,5,147.35,736.75,Affiliate,Tablet,Completed,4
2026-05-02 12:29:48,c4455,Japan,33.5628,136.081,Electronics,4K Monitor,1,32.5,32.5,Web,Mobile,Completed,4
2026-05-02 12:50:35,c4856,Germany,53.7038,10.9128,Beauty,Shampoo Bar,3,210.36,631.08,Affiliate,Desktop,Completed,3
2026-05-02 13:07:11,c3650,Japan,33.9963,137.0247,Beauty,Face Serum,4,149.84,599.36,Affiliate,Tablet,Completed,1
2026-05-02 13:09:22,c5857,Japan,33.7862,137.1583,Apparel,Baseball Cap,2,196.4,392.8,Web,Mobile,Completed,5
2026-05-02 13:27:24,c6195,Singapore,1.2709,102.2375,Books,Business Guide,5,120.92,604.6,Web,Tablet,Completed,5
2026-05-02 13:37:11,c9307,Canada,58.5973,-105.4958,Electronics,Bluetooth Speaker,5,103.85,519.25,Affiliate,Mobile,Completed,5
2026-05-02 13:38:08,c3474,India,19.9021,80.9318,Books,Cookbook,1,102.6,102.6,Marketplace,Tablet,Completed,3
2026-05-02 14:19:01,c8346,Germany,52.6642,7.892,Sports,Tennis Racket,2,87.28,174.56,Web,Desktop,Cancelled,5
2026-05-02 14:20:41,c2481,France,46.4463,1.8316,Beauty,Lip Balm Set,1,157.89,157.89,Marketplace,Tablet,Completed,5
2026-05-02 14:39:09,c1468,Germany,50.9357,8.093,Electronics,4K Monitor,4,47.65,190.6,Affiliate,Tablet,Completed,5
2026-05-02 14:51:31,c5200,United Kingdom,56.902,-2.7476,Apparel,Baseball Cap,2,77.81,155.62,Marketplace,Tablet,Completed,3
2026-05-02 15:47:23,c5524,Japan,35.0591,135.7943,Electronics,Mechanical Keyboard,1,194.66,194.66,Affiliate,Mobile,Completed,3
2026-05-02 15:53:44,c7808,United States,34.3083,-97.5815,Sports,Tennis Racket,3,145.53,436.59,Web,Mobile,Refunded,2
2026-05-02 15:56:42,c8054,United States,34.1904,-94.3768,Sports,Tennis Racket,5,180.39,901.95,Mobile App,Desktop,Cancelled,3
2026-05-02 16:02:11,c2262,Australia,-24.9824,136.4321,Apparel,Denim Jacket,2,135.76,271.52,Web,Desktop,Completed,3
2026-05-02 16:41:20,c6270,United States,34.7582,-98.3192,Sports,Water Bottle,5,160.74,803.7,Marketplace,Desktop,Completed,2
2026-05-02 17:10:29,c2951,Canada,56.1588,-106.0954,Sports,Water Bottle,1,218.03,218.03,Affiliate,Mobile,Completed,5
2026-05-02 17:23:23,c7543,South Africa,-29.6058,24.2714,Beauty,Lip Balm Set,2,194.83,389.66,Mobile App,Tablet,Refunded,4
2026-05-02 17:37:12,c9136,India,22.5638,81.5568,Apparel,Winter Coat,4,143.25,573.0,Marketplace,Tablet,Completed,1
2026-05-02 18:23:56,c6526,Australia,-26.4729,132.0418,Home,Coffee Maker,3,219.2,657.6,Affiliate,Desktop,Completed,4
2026-05-02 18:28:07,c8287,Mexico,23.3506,-100.1225,Apparel,Graphic T-Shirt,1,103.34,103.34,Web,Tablet,Completed,1
2026-05-02 18:38:03,c9749,United States,34.9643,-96.918,Books,Mystery Novel,1,90.44,90.44,Web,Desktop,Completed,4
2026-05-02 19:43:30,c1014,United States,34.5275,-95.2819,Home,Air Purifier,4,39.56,158.24,Web,Tablet,Completed,3
2026-05-02 20:24:37,c3680,Japan,33.9738,136.2898,Books,Sci-Fi Anthology,3,24.12,72.36,Affiliate,Mobile,Completed,4
2026-05-02 20:38:26,c1430,Germany,53.2279,10.8229,Home,Cutting Board Set,2,55.65,111.3,Affiliate,Tablet,Completed,2
2026-05-02 20:47:48,c4473,Australia,-22.5343,134.8835,Books,Kids Picture Book,3,75.73,227.19,Mobile App,Tablet,Completed,5
2026-05-02 20:52:08,c9064,France,45.1468,1.5352,Beauty,Perfume,5,170.29,851.45,Web,Tablet,Completed,5
2026-05-02 21:11:56,c8528,Singapore,2.2255,101.3197,Sports,Dumbbell Set,4,78.86,315.44,Marketplace,Tablet,Refunded,4
2026-05-02 21:55:56,c8551,Mexico,21.023,-103.7205,Home,Desk Lamp,5,77.14,385.7,Affiliate,Tablet,Completed,5
2026-05-02 21:58:16,c7148,Canada,57.657,-103.9106,Home,Air Purifier,5,54.86,274.3,Marketplace,Tablet,Completed,5
2026-05-02 22:02:44,c5148,United Kingdom,54.9758,-5.5649,Electronics,Smart Watch,2,180.3,360.6,Marketplace,Tablet,Completed,5
2026-05-02 22:06:14,c7911,United Kingdom,56.6312,-1.0797,Books,Sci-Fi Anthology,4,152.98,611.92,Mobile App,Desktop,Completed,4
2026-05-02 22:16:32,c2093,United Kingdom,56.465,-4.4386,Sports,Tennis Racket,3,55.99,167.97,Affiliate,Mobile,Completed,3
2026-05-02 22:47:06,c2715,Germany,50.8777,12.2452,Electronics,Mechanical Keyboard,3,63.36,190.08,Web,Mobile,Completed,5
2026-05-02 23:30:25,c9858,Australia,-27.9346,131.4705,Apparel,Baseball Cap,1,172.55,172.55,Web,Mobile,Completed,3
2026-05-03 00:26:48,c1813,United States,38.9551,-94.5748,Beauty,Shampoo Bar,5,90.92,454.6,Web,Mobile,Completed,5
2026-05-03 00:51:04,c6716,United Kingdom,58.0531,-4.7296,Electronics,4K Monitor,4,51.83,207.32,Mobile App,Tablet,Completed,3
2026-05-03 01:18:01,c7293,France,43.623,2.9456,Books,Kids Picture Book,1,160.88,160.88,Web,Mobile,Completed,1
2026-05-03 01:31:52,c1035,United States,34.6761,-98.0767,Beauty,Makeup Brush Kit,2,53.29,106.58,Web,Mobile,Pending,2
2026-05-03 01:44:23,c4202,United States,37.8841,-93.7456,Beauty,Perfume,5,178.71,893.55,Web,Mobile,Completed,4
2026-05-03 01:45:20,c3207,France,47.9614,3.7502,Books,Cookbook,4,83.93,335.72,Marketplace,Desktop,Completed,5
2026-05-03 01:52:51,c1368,Brazil,-12.8299,-49.8883,Books,Cookbook,1,126.18,126.18,Marketplace,Mobile,Completed,2
2026-05-03 02:10:34,c9142,Japan,37.3111,136.5283,Apparel,Denim Jacket,2,196.78,393.56,Mobile App,Mobile,Completed,5
2026-05-03 02:40:21,c3914,United States,38.4844,-94.99,Apparel,Denim Jacket,4,69.97,279.88,Web,Mobile,Completed,5
2026-05-03 02:47:39,c8130,United Kingdom,55.5577,-4.2295,Books,Business Guide,4,182.18,728.72,Marketplace,Mobile,Completed,2
2026-05-03 03:07:22,c1803,Japan,35.4882,137.4038,Home,Throw Blanket,4,66.19,264.76,Affiliate,Mobile,Completed,4
2026-05-03 04:09:00,c3072,Mexico,24.9593,-105.0378,Books,Kids Picture Book,4,56.38,225.52,Marketplace,Tablet,Completed,2
2026-05-03 04:09:26,c5208,Brazil,-11.6754,-50.4344,Books,Business Guide,2,209.48,418.96,Web,Mobile,Pending,4
2026-05-03 04:20:51,c7257,Mexico,24.9718,-104.4817,Beauty,Lip Balm Set,3,72.69,218.07,Affiliate,Tablet,Completed,4
2026-05-03 04:32:50,c5483,France,45.005,1.03,Apparel,Baseball Cap,4,195.14,780.56,Web,Mobile,Completed,5
2026-05-03 05:28:02,c9107,South Africa,-31.236,21.6418,Apparel,Denim Jacket,2,27.42,54.84,Mobile App,Tablet,Completed,5
2026-05-03 05:50:08,c1608,South Africa,-30.2376,20.7667,Beauty,Perfume,4,193.32,773.28,Affiliate,Mobile,Completed,4
2026-05-03 06:09:55,c2789,Canada,55.7127,-105.7885,Home,Desk Lamp,1,39.33,39.33,Affiliate,Desktop,Completed,1
2026-05-03 06:13:55,c8170,South Africa,-31.9476,24.6646,Sports,Water Bottle,3,190.22,570.66,Mobile App,Tablet,Completed,2
2026-05-03 06:16:15,c9088,United Kingdom,56.9809,-3.8273,Home,Throw Blanket,1,67.16,67.16,Marketplace,Tablet,Refunded,2
2026-05-03 07:24:34,c1976,Singapore,2.4931,106.0191,Electronics,Mechanical Keyboard,3,75.65,226.95,Marketplace,Tablet,Completed,3
2026-05-03 09:13:32,c8877,Singapore,-0.2008,102.8599,Sports,Yoga Mat,4,188.23,752.92,Mobile App,Desktop,Completed,3
2026-05-03 09:59:56,c3839,South Africa,-29.9036,20.6148,Home,Desk Lamp,4,26.03,104.12,Affiliate,Desktop,Refunded,3
2026-05-03 10:02:42,c9094,United States,39.6846,-94.2296,Home,Throw Blanket,5,35.99,179.95,Marketplace,Tablet,Refunded,5
2026-05-03 10:06:31,c7051,Brazil,-11.3928,-49.9143,Books,Sci-Fi Anthology,5,185.78,928.9,Web,Mobile,Completed,2
2026-05-03 10:16:15,c4517,Germany,53.1943,8.4564,Books,Mystery Novel,3,190.56,571.68,Mobile App,Mobile,Completed,4
2026-05-03 10:34:34,c1327,United States,37.0156,-96.4905,Electronics,Smart Watch,5,86.66,433.3,Affiliate,Desktop,Completed,4
2026-05-03 10:56:11,c2939,Japan,39.1136,139.2913,Sports,Tennis Racket,5,130.52,652.6,Mobile App,Mobile,Refunded,2
2026-05-03 10:59:36,c3919,Brazil,-13.3455,-50.9803,Electronics,Wireless Headphones,2,110.58,221.16,Mobile App,Desktop,Completed,5
2026-05-03 11:14:31,c4417,Germany,53.4358,13.1163,Electronics,Smart Watch,4,191.92,767.68,Affiliate,Desktop,Completed,5
2026-05-03 11:20:18,c7480,Brazil,-16.3895,-49.9392,Books,Kids Picture Book,4,145.02,580.08,Mobile App,Mobile,Completed,1
2026-05-03 11:43:51,c7097,India,20.9074,81.5489,Sports,Camping Tent,2,107.73,215.46,Affiliate,Tablet,Completed,4
2026-05-03 12:11:40,c3528,Singapore,1.6671,102.3912,Electronics,Smart Watch,3,71.59,214.77,Web,Tablet,Completed,4
2026-05-03 12:34:37,c8560,Japan,34.0194,140.9819,Sports,Yoga Mat,4,53.83,215.32,Web,Desktop,Completed,1
2026-05-03 12:44:45,c7275,Canada,53.794,-105.3802,Apparel,Winter Coat,2,215.38,430.76,Web,Desktop,Completed,1
2026-05-03 12:48:22,c9183,Japan,36.4562,138.0777,Beauty,Makeup Brush Kit,1,208.8,208.8,Web,Tablet,Completed,5
2026-05-03 12:58:51,c1808,Germany,50.7069,9.8989,Books,Kids Picture Book,5,183.41,917.05,Marketplace,Tablet,Completed,5
2026-05-03 13:28:15,c1349,Germany,53.7246,9.1764,Home,Throw Blanket,3,40.09,120.27,Web,Desktop,Completed,5
2026-05-03 13:40:44,c3022,Canada,57.1054,-103.6778,Electronics,Smart Watch,5,71.84,359.2,Mobile App,Mobile,Completed,2
2026-05-03 13:56:42,c8606,United States,35.3239,-97.7595,Beauty,Perfume,4,59.29,237.16,Marketplace,Desktop,Completed,5
2026-05-03 14:08:45,c9224,India,18.1403,81.423,Books,Sci-Fi Anthology,4,19.29,77.16,Marketplace,Desktop,Completed,2
2026-05-03 14:32:30,c5917,Singapore,0.1735,104.1757,Books,Cookbook,1,40.65,40.65,Affiliate,Desktop,Completed,4
2026-05-03 15:12:23,c5240,United States,35.1083,-97.3581,Electronics,4K Monitor,5,169.71,848.55,Marketplace,Tablet,Completed,5
2026-05-03 15:17:26,c6235,France,48.6858,0.2845,Electronics,Wireless Headphones,2,75.48,150.96,Marketplace,Desktop,Completed,3
2026-05-03 15:39:48,c8368,Singapore,-0.0372,101.1479,Beauty,Lip Balm Set,2,53.54,107.08,Marketplace,Mobile,Completed,5
2026-05-03 16:18:50,c5279,Brazil,-13.3911,-52.5319,Sports,Tennis Racket,1,193.93,193.93,Mobile App,Tablet,Pending,4
2026-05-03 16:28:57,c7896,Canada,55.2552,-106.5507,Books,Business Guide,5,13.6,68.0,Web,Desktop,Completed,4
2026-05-03 16:33:58,c2206,Singapore,0.9437,104.4758,Books,Cookbook,5,35.37,176.85,Mobile App,Desktop,Completed,3
2026-05-03 17:06:52,c4148,Brazil,-11.7875,-53.7301,Electronics,Smart Watch,1,79.47,79.47,Web,Desktop,Cancelled,2
2026-05-03 17:15:20,c3430,Germany,51.8147,12.6049,Home,Desk Lamp,2,131.64,263.28,Web,Mobile,Completed,5
2026-05-03 17:50:19,c2035,South Africa,-33.3706,21.0995,Home,Throw Blanket,5,96.27,481.35,Affiliate,Tablet,Completed,2
2026-05-03 17:52:28,c2478,France,44.862,2.3808,Electronics,Wireless Headphones,1,193.81,193.81,Mobile App,Desktop,Completed,3
2026-05-03 18:16:33,c9078,India,18.6662,81.4008,Beauty,Shampoo Bar,1,170.12,170.12,Web,Tablet,Completed,5
2026-05-03 18:41:50,c9580,Brazil,-14.908,-50.8931,Home,Cutting Board Set,4,195.92,783.68,Mobile App,Mobile,Completed,1
2026-05-03 18:54:36,c8829,Mexico,25.2193,-102.5269,Sports,Dumbbell Set,3,74.65,223.95,Affiliate,Tablet,Refunded,4
2026-05-03 19:36:08,c4030,Mexico,21.6255,-104.4107,Electronics,Smart Watch,2,18.92,37.84,Marketplace,Mobile,Completed,2
2026-05-03 20:13:48,c8939,Mexico,24.9834,-100.8664,Apparel,Winter Coat,2,130.28,260.56,Marketplace,Mobile,Pending,3
2026-05-03 21:15:38,c2117,United Kingdom,53.1131,-3.504,Apparel,Denim Jacket,1,164.41,164.41,Affiliate,Tablet,Completed,3
2026-05-03 21:47:46,c4864,France,46.6243,3.8736,Apparel,Winter Coat,5,32.44,162.2,Marketplace,Mobile,Completed,4
2026-05-03 21:50:00,c1832,United States,35.8991,-93.8888,Sports,Yoga Mat,5,96.48,482.4,Marketplace,Desktop,Completed,2
2026-05-03 22:07:45,c9862,India,21.0812,75.9927,Beauty,Makeup Brush Kit,1,28.78,28.78,Affiliate,Desktop,Completed,4
2026-05-03 22:30:05,c2673,United States,38.0334,-96.6983,Home,Cutting Board Set,3,213.17,639.51,Affiliate,Desktop,Completed,3
2026-05-04 00:38:22,c1249,India,18.6043,81.0139,Home,Throw Blanket,4,189.54,758.16,Web,Mobile,Cancelled,5
2026-05-04 00:38:53,c8795,Singapore,0.5123,103.2756,Sports,Water Bottle,1,79.86,79.86,Marketplace,Desktop,Completed,5
2026-05-04 00:46:16,c4343,France,46.0626,1.6967,Beauty,Face Serum,1,141.78,141.78,Affiliate,Mobile,Refunded,2
2026-05-04 00:55:38,c8633,South Africa,-32.4678,21.5238,Apparel,Graphic T-Shirt,3,84.78,254.34,Mobile App,Desktop,Refunded,5
2026-05-04 01:34:35,c9959,United Kingdom,55.4259,-3.7725,Sports,Yoga Mat,5,23.41,117.05,Web,Tablet,Completed,4
2026-05-04 02:05:37,c4873,Mexico,24.5468,-105.2135,Apparel,Running Shoes,5,79.07,395.35,Affiliate,Mobile,Completed,2
2026-05-04 02:11:56,c9439,South Africa,-31.5006,24.0374,Books,Cookbook,2,112.22,224.44,Marketplace,Tablet,Completed,4
2026-05-04 02:32:22,c4462,Mexico,21.7102,-103.4831,Home,Desk Lamp,3,45.03,135.09,Affiliate,Desktop,Cancelled,2
2026-05-04 02:42:19,c4888,United States,34.8667,-93.8922,Beauty,Perfume,4,60.26,241.04,Affiliate,Mobile,Refunded,1
2026-05-04 03:45:07,c3509,Germany,51.558,9.4153,Beauty,Lip Balm Set,5,82.22,411.1,Web,Tablet,Completed,3
2026-05-04 04:00:28,c4471,Canada,53.5609,-107.0023,Apparel,Graphic T-Shirt,2,147.19,294.38,Affiliate,Tablet,Cancelled,4
2026-05-04 04:54:36,c5340,United Kingdom,53.1992,-4.3782,Books,Mystery Novel,4,190.64,762.56,Marketplace,Tablet,Refunded,5
2026-05-04 06:01:36,c8495,Germany,49.313,9.8944,Beauty,Shampoo Bar,2,49.32,98.64,Marketplace,Desktop,Completed,4
2026-05-04 06:10:32,c3462,South Africa,-28.2299,23.9466,Beauty,Face Serum,3,10.59,31.77,Mobile App,Tablet,Pending,3
2026-05-04 06:11:45,c8788,France,45.4666,2.3152,Sports,Water Bottle,1,39.62,39.62,Mobile App,Tablet,Refunded,1
2026-05-04 06:27:28,c6676,Canada,57.2887,-108.552,Electronics,Bluetooth Speaker,2,119.65,239.3,Affiliate,Tablet,Pending,5
2026-05-04 06:35:58,c2473,Mexico,21.3441,-104.7603,Electronics,Mechanical Keyboard,2,173.71,347.42,Marketplace,Mobile,Refunded,4
2026-05-04 07:02:54,c1866,Australia,-24.877,132.3673,Sports,Dumbbell Set,3,98.55,295.65,Web,Mobile,Completed,3
2026-05-04 07:03:13,c3829,France,44.8621,4.4396,Books,Business Guide,1,154.5,154.5,Affiliate,Tablet,Completed,5
2026-05-04 07:14:28,c5082,South Africa,-28.5822,22.1836,Books,Business Guide,2,161.73,323.46,Affiliate,Tablet,Refunded,2
2026-05-04 07:15:32,c6317,Germany,49.4059,8.5466,Electronics,Bluetooth Speaker,5,206.63,1033.15,Web,Desktop,Completed,4
2026-05-04 08:01:22,c8392,Canada,55.4091,-107.3257,Sports,Camping Tent,3,73.68,221.04,Mobile App,Tablet,Completed,1
2026-05-04 08:38:12,c3560,Singapore,2.5874,106.2503,Beauty,Lip Balm Set,3,95.98,287.94,Mobile App,Desktop,Completed,5
2026-05-04 09:13:47,c6528,France,46.2848,0.8602,Sports,Water Bottle,5,20.36,101.8,Affiliate,Desktop,Completed,1
2026-05-04 09:55:01,c6328,Canada,56.8889,-108.5623,Apparel,Running Shoes,3,190.4,571.2,Affiliate,Mobile,Pending,4
2026-05-04 10:20:55,c4534,United States,39.3148,-96.1534,Apparel,Baseball Cap,5,86.86,434.3,Web,Mobile,Completed,4
2026-05-04 10:46:17,c3518,France,43.7259,4.6202,Beauty,Face Serum,3,78.45,235.35,Marketplace,Tablet,Completed,5
2026-05-04 11:24:15,c8013,Singapore,1.6112,101.9546,Electronics,4K Monitor,1,179.78,179.78,Marketplace,Mobile,Refunded,3
2026-05-04 11:34:39,c8434,Australia,-23.8185,132.0446,Home,Desk Lamp,2,156.05,312.1,Web,Desktop,Completed,1
2026-05-04 11:50:48,c6499,Australia,-25.986,136.2072,Books,Business Guide,3,155.73,467.19,Marketplace,Tablet,Refunded,5
2026-05-04 12:22:25,c1739,Australia,-23.7716,130.7936,Electronics,Mechanical Keyboard,4,86.35,345.4,Mobile App,Desktop,Completed,2
2026-05-04 12:41:29,c8331,United States,37.6535,-92.7831,Books,Business Guide,3,128.33,384.99,Affiliate,Tablet,Completed,5
2026-05-04 13:04:58,c3788,Canada,53.7697,-105.1291,Books,Mystery Novel,3,138.61,415.83,Web,Mobile,Completed,2
2026-05-04 13:26:35,c5195,Australia,-23.5404,130.9439,Books,Business Guide,1,74.79,74.79,Marketplace,Tablet,Completed,3
2026-05-04 13:31:05,c6343,Canada,55.7996,-107.247,Home,Cutting Board Set,4,11.97,47.88,Marketplace,Tablet,Completed,4
2026-05-04 14:20:43,c2809,Mexico,22.7845,-102.3097,Electronics,Smart Watch,2,30.42,60.84,Marketplace,Tablet,Completed,2
2026-05-04 14:23:46,c7778,Brazil,-14.4803,-53.2089,Books,Business Guide,3,20.78,62.34,Web,Tablet,Completed,4
2026-05-04 14:30:37,c8573,Brazil,-13.1808,-52.5275,Books,Kids Picture Book,4,144.38,577.52,Web,Tablet,Completed,5
2026-05-04 14:37:06,c5076,South Africa,-29.486,25.7244,Home,Throw Blanket,1,70.9,70.9,Marketplace,Mobile,Completed,5
2026-05-04 14:42:37,c2902,Mexico,22.4431,-103.1002,Apparel,Running Shoes,3,219.14,657.42,Web,Desktop,Refunded,3
2026-05-04 14:54:23,c9879,Singapore,0.7373,101.4621,Sports,Water Bottle,5,106.17,530.85,Affiliate,Mobile,Completed,2
2026-05-04 15:02:00,c5303,Canada,56.6611,-105.3508,Electronics,Mechanical Keyboard,1,166.79,166.79,Mobile App,Tablet,Completed,2
2026-05-04 15:11:27,c7132,India,23.1243,76.3316,Home,Coffee Maker,1,101.6,101.6,Web,Desktop,Completed,5
2026-05-04 15:28:27,c6218,Canada,58.4656,-108.9635,Home,Desk Lamp,3,52.06,156.18,Web,Desktop,Completed,5
2026-05-04 15:28:36,c1942,Singapore,3.3405,101.1892,Beauty,Lip Balm Set,3,153.61,460.83,Marketplace,Desktop,Completed,4
2026-05-04 16:24:40,c5661,United States,39.5674,-95.6789,Beauty,Makeup Brush Kit,1,17.36,17.36,Affiliate,Tablet,Completed,1
2026-05-04 18:14:54,c7759,France,43.5864,-0.0789,Sports,Yoga Mat,2,13.65,27.3,Mobile App,Desktop,Completed,4
2026-05-04 18:16:47,c9502,Australia,-26.2311,132.6459,Beauty,Shampoo Bar,1,28.37,28.37,Marketplace,Mobile,Completed,5
2026-05-04 18:21:02,c2970,France,44.1231,4.124,Electronics,Bluetooth Speaker,5,196.31,981.55,Marketplace,Mobile,Completed,3
2026-05-04 18:55:31,c3755,United States,38.6924,-93.0616,Books,Business Guide,1,74.99,74.99,Marketplace,Tablet,Completed,4
2026-05-04 19:22:06,c2258,Canada,54.4307,-106.92,Home,Desk Lamp,4,189.22,756.88,Web,Tablet,Completed,5
2026-05-04 19:35:57,c6535,Canada,54.8394,-106.9305,Electronics,4K Monitor,3,185.39,556.17,Marketplace,Mobile,Completed,5
2026-05-04 19:42:56,c4702,Brazil,-16.6137,-49.4624,Home,Desk Lamp,3,176.16,528.48,Marketplace,Tablet,Completed,1
2026-05-04 20:06:39,c6056,Germany,49.3463,12.3668,Books,Sci-Fi Anthology,5,148.37,741.85,Marketplace,Tablet,Completed,5
2026-05-04 20:11:45,c7025,Germany,53.5069,8.2493,Beauty,Perfume,5,211.55,1057.75,Marketplace,Mobile,Completed,3
2026-05-04 20:15:27,c7568,South Africa,-28.015,25.579,Sports,Camping Tent,3,190.11,570.33,Affiliate,Tablet,Cancelled,3
2026-05-04 20:52:56,c5102,Australia,-25.2672,133.7428,Electronics,Bluetooth Speaker,4,163.72,654.88,Web,Desktop,Completed,1
2026-05-04 22:02:54,c5466,India,20.2515,76.0552,Home,Coffee Maker,3,132.37,397.11,Web,Mobile,Completed,4
2026-05-04 22:25:50,c2681,France,47.1197,4.9761,Apparel,Graphic T-Shirt,5,102.36,511.8,Web,Desktop,Pending,5
2026-05-04 22:26:49,c2721,France,46.4373,1.5245,Books,Mystery Novel,5,104.49,522.45,Affiliate,Tablet,Completed,5
2026-05-04 22:41:04,c5329,Germany,53.9449,11.8605,Electronics,Smart Watch,4,67.17,268.68,Mobile App,Desktop,Completed,4
2026-05-04 22:50:40,c5479,Mexico,25.102,-101.5935,Beauty,Lip Balm Set,4,139.5,558.0,Mobile App,Tablet,Pending,4
2026-05-04 22:53:05,c7451,Singapore,-0.198,103.4426,Home,Cutting Board Set,2,175.16,350.32,Mobile App,Tablet,Completed,4
2026-05-04 23:15:28,c7656,Canada,58.4722,-106.7158,Home,Air Purifier,2,128.73,257.46,Mobile App,Mobile,Completed,5
2026-05-04 23:25:47,c5943,South Africa,-29.6233,22.6308,Electronics,4K Monitor,3,193.28,579.84,Marketplace,Desktop,Completed,4
2026-05-04 23:57:41,c3450,South Africa,-28.8955,22.2349,Home,Cutting Board Set,3,122.47,367.41,Marketplace,Tablet,Completed,3
2026-05-04 23:58:09,c7465,United Kingdom,52.553,-4.365,Sports,Water Bottle,3,90.46,271.38,Marketplace,Desktop,Cancelled,4
2026-05-05 00:32:10,c7847,Mexico,25.8849,-104.0878,Beauty,Shampoo Bar,2,114.71,229.42,Marketplace,Desktop,Completed,5
2026-05-05 00:46:18,c8110,United States,36.0739,-93.8344,Books,Cookbook,4,91.91,367.64,Web,Mobile,Completed,2
2026-05-05 00:55:00,c8132,France,43.7048,1.8137,Home,Cutting Board Set,4,10.81,43.24,Marketplace,Tablet,Completed,5
2026-05-05 01:04:13,c2366,Canada,58.8577,-106.9552,Sports,Tennis Racket,5,12.94,64.7,Marketplace,Mobile,Completed,4
2026-05-05 01:05:28,c3497,Canada,54.7293,-106.58,Sports,Water Bottle,2,77.03,154.06,Web,Tablet,Completed,5
2026-05-05 01:06:46,c7361,Germany,48.5253,11.8448,Books,Sci-Fi Anthology,4,197.44,789.76,Web,Tablet,Completed,5
2026-05-05 01:12:50,c4683,France,49.0558,0.5492,Books,Cookbook,3,115.42,346.26,Web,Mobile,Completed,4
2026-05-05 01:14:53,c9425,United Kingdom,55.5417,-5.5144,Home,Desk Lamp,4,198.43,793.72,Marketplace,Mobile,Completed,4
2026-05-05 01:19:24,c6664,Japan,36.7965,136.0639,Beauty,Perfume,5,146.53,732.65,Mobile App,Desktop,Completed,5
2026-05-05 01:22:57,c5739,Japan,36.4252,137.7925,Sports,Camping Tent,1,180.28,180.28,Mobile App,Desktop,Completed,5
2026-05-05 01:23:58,c4653,Canada,54.6506,-109.2874,Beauty,Perfume,4,35.32,141.28,Web,Tablet,Completed,3
2026-05-05 01:47:45,c2934,United Kingdom,57.0699,-2.7821,Electronics,Bluetooth Speaker,5,30.35,151.75,Mobile App,Mobile,Completed,4
2026-05-05 02:16:12,c7444,Australia,-25.9503,133.7048,Electronics,Mechanical Keyboard,1,99.48,99.48,Marketplace,Desktop,Completed,4
2026-05-05 02:33:57,c6758,Brazil,-14.4691,-48.9347,Books,Mystery Novel,1,15.58,15.58,Web,Desktop,Completed,5
2026-05-05 02:35:30,c2438,Brazil,-16.0827,-53.4221,Home,Desk Lamp,1,69.87,69.87,Affiliate,Mobile,Completed,2
2026-05-05 02:50:04,c8260,South Africa,-27.7092,25.5104,Books,Business Guide,4,29.73,118.92,Web,Tablet,Completed,5
2026-05-05 02:58:57,c3851,France,44.7483,0.1539,Books,Business Guide,3,22.64,67.92,Web,Mobile,Completed,5
2026-05-05 03:04:00,c6887,Germany,54.0989,9.6037,Apparel,Denim Jacket,5,132.32,661.6,Affiliate,Desktop,Completed,1
2026-05-05 03:17:51,c3969,Canada,54.5217,-103.5778,Books,Kids Picture Book,5,17.27,86.35,Marketplace,Desktop,Completed,5
2026-05-05 03:29:22,c8096,Germany,48.7219,12.5337,Home,Coffee Maker,4,18.74,74.96,Affiliate,Mobile,Completed,5
2026-05-05 03:32:11,c3222,France,48.0156,4.3435,Beauty,Face Serum,3,77.48,232.44,Marketplace,Desktop,Completed,4
2026-05-05 03:58:13,c9228,United States,35.7943,-95.6278,Home,Cutting Board Set,1,78.88,78.88,Web,Tablet,Cancelled,4
2026-05-05 04:40:24,c7009,Canada,58.1297,-108.7355,Electronics,4K Monitor,2,72.67,145.34,Affiliate,Tablet,Completed,5
2026-05-05 06:09:57,c9165,Canada,55.7928,-108.8631,Home,Cutting Board Set,3,107.81,323.43,Marketplace,Desktop,Completed,5
2026-05-05 06:30:35,c3020,France,46.9923,0.1322,Apparel,Running Shoes,5,160.24,801.2,Web,Desktop,Completed,4
2026-05-05 06:44:03,c9207,United Kingdom,55.6604,-2.1372,Books,Sci-Fi Anthology,2,219.18,438.36,Marketplace,Tablet,Completed,4
2026-05-05 08:17:27,c5033,Germany,54.0925,12.4094,Home,Air Purifier,2,38.03,76.06,Marketplace,Mobile,Completed,4
2026-05-05 08:18:14,c2534,Singapore,-1.4797,101.896,Beauty,Lip Balm Set,1,174.01,174.01,Marketplace,Mobile,Completed,5
2026-05-05 09:27:37,c5876,United Kingdom,56.8231,-3.6627,Apparel,Winter Coat,1,96.25,96.25,Marketplace,Tablet,Completed,5
2026-05-05 09:33:52,c6456,Germany,49.3643,10.5047,Sports,Yoga Mat,1,37.05,37.05,Affiliate,Tablet,Completed,3
2026-05-05 09:49:48,c1897,South Africa,-29.4891,22.8598,Beauty,Lip Balm Set,2,91.8,183.6,Web,Desktop,Completed,4
2026-05-05 09:52:05,c8482,Germany,49.0117,12.6107,Books,Business Guide,1,212.31,212.31,Marketplace,Tablet,Completed,2
2026-05-05 09:52:29,c5788,South Africa,-29.7545,24.8547,Books,Mystery Novel,1,97.56,97.56,Marketplace,Desktop,Completed,3
2026-05-05 09:53:48,c6005,Australia,-27.8106,131.289,Beauty,Shampoo Bar,1,145.15,145.15,Affiliate,Mobile,Completed,2
2026-05-05 10:09:59,c9156,Canada,55.5126,-103.9056,Sports,Camping Tent,5,47.74,238.7,Web,Tablet,Completed,4
2026-05-05 10:21:12,c7073,United Kingdom,57.3398,-6.1209,Home,Air Purifier,2,48.56,97.12,Mobile App,Mobile,Completed,5
2026-05-05 10:29:59,c5941,Japan,36.3014,137.9847,Apparel,Running Shoes,4,182.42,729.68,Affiliate,Mobile,Completed,4
2026-05-05 10:40:28,c5094,Japan,35.6784,139.7654,Sports,Water Bottle,1,193.13,193.13,Web,Desktop,Completed,5
2026-05-05 11:29:53,c5588,Canada,54.4826,-105.5354,Home,Cutting Board Set,5,129.52,647.6,Affiliate,Desktop,Completed,2
2026-05-05 11:38:56,c4891,Brazil,-13.5932,-53.4763,Home,Throw Blanket,2,125.23,250.46,Web,Desktop,Completed,5
2026-05-05 12:18:13,c8689,United Kingdom,57.7731,-2.1288,Home,Coffee Maker,5,178.43,892.15,Mobile App,Mobile,Completed,5
2026-05-05 12:41:11,c1995,United States,39.0818,-94.2144,Electronics,Smart Watch,2,111.33,222.66,Affiliate,Tablet,Completed,5
2026-05-05 12:50:22,c2035,France,46.1224,2.6299,Apparel,Denim Jacket,5,146.35,731.75,Mobile App,Tablet,Completed,2
2026-05-05 13:06:14,c8754,France,44.2655,4.0812,Home,Cutting Board Set,4,108.55,434.2,Web,Desktop,Refunded,5
2026-05-05 13:13:52,c6483,France,43.9213,1.661,Apparel,Denim Jacket,1,141.17,141.17,Mobile App,Tablet,Cancelled,5
2026-05-05 13:25:14,c7144,Germany,49.9623,13.2776,Home,Desk Lamp,3,203.15,609.45,Marketplace,Tablet,Refunded,5
2026-05-05 13:26:08,c9723,Canada,55.2988,-104.7959,Beauty,Shampoo Bar,3,202.7,608.1,Affiliate,Mobile,Completed,4
2026-05-05 13:52:59,c6111,France,44.8575,0.2936,Electronics,4K Monitor,4,49.32,197.28,Web,Desktop,Cancelled,3
2026-05-05 13:57:51,c1451,Japan,38.4144,138.7726,Apparel,Denim Jacket,3,88.09,264.27,Web,Tablet,Completed,1
2026-05-05 14:09:13,c7438,Japan,36.5669,138.285,Home,Throw Blanket,2,110.15,220.3,Marketplace,Mobile,Completed,4
2026-05-05 14:16:31,c3404,Brazil,-11.4797,-52.1987,Home,Desk Lamp,4,169.09,676.36,Mobile App,Tablet,Completed,5
2026-05-05 15:08:15,c2094,Mexico,25.8647,-101.2001,Books,Business Guide,2,127.87,255.74,Marketplace,Desktop,Completed,4
2026-05-05 15:13:32,c5582,United States,37.2088,-96.7194,Electronics,Mechanical Keyboard,1,191.94,191.94,Web,Tablet,Completed,4
2026-05-05 15:37:06,c9538,Canada,55.8671,-107.1773,Beauty,Lip Balm Set,2,218.97,437.94,Marketplace,Desktop,Completed,4
2026-05-05 15:44:32,c2921,United States,34.49,-96.1545,Electronics,Smart Watch,4,61.41,245.64,Marketplace,Mobile,Completed,4
2026-05-05 16:00:09,c2989,South Africa,-33.0002,20.601,Sports,Camping Tent,1,122.91,122.91,Mobile App,Tablet,Completed,4
2026-05-05 16:04:33,c3303,France,44.2081,2.7631,Electronics,Mechanical Keyboard,5,32.1,160.5,Mobile App,Mobile,Completed,2
2026-05-05 17:16:05,c3680,Australia,-26.6676,134.8617,Beauty,Perfume,1,113.41,113.41,Web,Tablet,Completed,5
2026-05-05 17:22:54,c8710,France,45.9734,0.6544,Sports,Tennis Racket,1,67.65,67.65,Marketplace,Tablet,Completed,2
2026-05-05 17:35:35,c4989,United States,35.1997,-98.4395,Electronics,Bluetooth Speaker,1,130.21,130.21,Mobile App,Mobile,Completed,5
2026-05-05 18:32:33,c1499,Canada,53.907,-108.554,Beauty,Perfume,2,41.47,82.94,Web,Tablet,Completed,4
2026-05-05 18:35:18,c8835,India,20.8716,76.0015,Beauty,Perfume,2,213.76,427.52,Affiliate,Tablet,Completed,4
2026-05-05 18:36:09,c7824,Germany,48.654,7.8956,Beauty,Makeup Brush Kit,2,100.61,201.22,Mobile App,Desktop,Completed,4
2026-05-05 19:43:15,c5310,Japan,34.5428,140.5247,Sports,Tennis Racket,5,26.57,132.85,Mobile App,Desktop,Refunded,5
2026-05-05 20:34:25,c1000,United Kingdom,56.0782,-1.1335,Electronics,Bluetooth Speaker,1,208.72,208.72,Marketplace,Mobile,Completed,3
2026-05-05 20:50:24,c9701,Singapore,2.7644,101.1857,Home,Coffee Maker,5,109.08,545.4,Mobile App,Desktop,Pending,2
2026-05-05 20:57:51,c1330,United Kingdom,56.8419,-3.5235,Electronics,Bluetooth Speaker,2,11.87,23.74,Marketplace,Desktop,Completed,1
2026-05-05 21:10:18,c4467,United Kingdom,56.2365,-5.6258,Books,Cookbook,3,88.37,265.11,Affiliate,Mobile,Completed,5
2026-05-05 21:32:25,c3486,Singapore,4.3447,105.0941,Books,Mystery Novel,2,158.19,316.38,Affiliate,Tablet,Pending,5
2026-05-05 21:36:43,c7932,Australia,-26.2277,134.5544,Beauty,Shampoo Bar,2,216.98,433.96,Marketplace,Desktop,Refunded,3
2026-05-05 22:11:51,c6376,South Africa,-28.2311,20.3819,Beauty,Shampoo Bar,1,14.23,14.23,Mobile App,Mobile,Cancelled,1
2026-05-05 22:37:15,c3793,Germany,48.6207,12.4865,Sports,Tennis Racket,4,113.05,452.2,Marketplace,Desktop,Completed,4
2026-05-05 23:06:52,c3909,Brazil,-12.0597,-54.5911,Home,Throw Blanket,1,179.48,179.48,Web,Desktop,Completed,5
2026-05-05 23:09:25,c3821,France,44.8448,1.9909,Beauty,Face Serum,4,49.78,199.12,Mobile App,Tablet,Completed,5
2026-05-05 23:47:06,c4716,United Kingdom,58.2112,-4.5718,Home,Air Purifier,1,167.54,167.54,Marketplace,Desktop,Completed,5
2026-05-05 23:59:35,c9742,United States,34.9488,-94.2297,Sports,Water Bottle,1,160.6,160.6,Marketplace,Mobile,Pending,5
2026-05-06 00:04:41,c4649,Japan,34.4135,139.8978,Apparel,Running Shoes,2,76.75,153.5,Web,Mobile,Refunded,5
2026-05-06 00:14:28,c1041,Mexico,25.3326,-103.7829,Apparel,Winter Coat,3,123.65,370.95,Marketplace,Tablet,Completed,2
2026-05-06 00:35:14,c4773,United Kingdom,53.975,-5.6505,Books,Business Guide,2,21.79,43.58,Affiliate,Desktop,Completed,5
2026-05-06 00:40:23,c4836,United Kingdom,56.3075,-4.9377,Home,Desk Lamp,4,140.63,562.52,Affiliate,Tablet,Completed,2
2026-05-06 01:32:57,c1313,South Africa,-33.0894,25.1788,Home,Cutting Board Set,4,141.58,566.32,Web,Mobile,Completed,4
2026-05-06 01:53:57,c3714,Mexico,23.0214,-101.7827,Sports,Water Bottle,2,11.85,23.7,Marketplace,Tablet,Refunded,4
2026-05-06 02:06:28,c7015,United Kingdom,56.7327,-0.5427,Electronics,4K Monitor,4,71.07,284.28,Mobile App,Tablet,Completed,1
2026-05-06 02:17:40,c1691,Japan,34.6356,139.1186,Sports,Yoga Mat,2,109.48,218.96,Mobile App,Desktop,Cancelled,3
2026-05-06 02:18:47,c8739,Japan,33.5046,140.6811,Apparel,Denim Jacket,1,95.62,95.62,Web,Tablet,Completed,1
2026-05-06 02:52:56,c4671,Canada,54.6588,-104.1095,Sports,Water Bottle,2,20.77,41.54,Marketplace,Mobile,Completed,1
2026-05-06 03:14:19,c6832,Brazil,-14.4737,-50.7703,Home,Desk Lamp,3,84.57,253.71,Web,Mobile,Completed,2
2026-05-06 03:22:05,c5813,United States,39.3397,-94.7573,Beauty,Lip Balm Set,2,145.76,291.52,Web,Mobile,Completed,4
2026-05-06 03:32:09,c7866,United Kingdom,58.2651,-5.4355,Sports,Water Bottle,3,62.84,188.52,Marketplace,Tablet,Completed,3
2026-05-06 03:56:57,c8050,United States,36.8131,-97.406,Sports,Yoga Mat,4,72.83,291.32,Marketplace,Tablet,Refunded,1
2026-05-06 03:59:23,c7750,United States,39.2205,-96.9126,Home,Air Purifier,1,192.58,192.58,Marketplace,Tablet,Completed,3
2026-05-06 04:01:00,c4766,Germany,51.504,12.9871,Beauty,Perfume,2,39.51,79.02,Mobile App,Desktop,Completed,3
2026-05-06 05:05:48,c1486,Japan,34.371,140.8485,Sports,Camping Tent,3,79.65,238.95,Web,Tablet,Pending,4
2026-05-06 05:19:15,c9239,Brazil,-17.1575,-49.128,Apparel,Winter Coat,4,41.7,166.8,Marketplace,Tablet,Completed,3
2026-05-06 05:20:41,c9741,United Kingdom,57.6283,-5.7479,Beauty,Shampoo Bar,2,164.24,328.48,Web,Tablet,Completed,3
2026-05-06 05:47:25,c1389,Germany,50.1412,9.2196,Books,Business Guide,2,43.66,87.32,Affiliate,Tablet,Completed,4
2026-05-06 06:01:23,c2208,India,21.9885,80.1367,Books,Sci-Fi Anthology,1,148.5,148.5,Affiliate,Tablet,Refunded,1
2026-05-06 06:20:31,c5196,Mexico,24.9775,-104.7351,Apparel,Winter Coat,5,67.54,337.7,Affiliate,Tablet,Cancelled,5
2026-05-06 06:34:58,c3903,United Kingdom,54.1382,-2.8008,Beauty,Lip Balm Set,4,94.45,377.8,Mobile App,Tablet,Cancelled,5
2026-05-06 06:35:58,c3647,India,21.5742,78.1415,Books,Mystery Novel,4,53.62,214.48,Web,Desktop,Completed,3
2026-05-06 07:00:19,c2435,United Kingdom,52.6778,-3.0094,Books,Cookbook,3,8.81,26.43,Marketplace,Tablet,Completed,5
2026-05-06 07:00:39,c8566,South Africa,-28.7211,23.4318,Apparel,Graphic T-Shirt,1,17.97,17.97,Marketplace,Desktop,Completed,5
2026-05-06 07:13:49,c8155,France,45.118,0.8344,Electronics,Wireless Headphones,4,144.87,579.48,Affiliate,Tablet,Completed,5
2026-05-06 07:20:29,c6333,Singapore,-0.9985,101.9038,Electronics,Mechanical Keyboard,1,88.78,88.78,Marketplace,Mobile,Completed,3
2026-05-06 07:37:48,c1160,South Africa,-33.4505,24.7937,Sports,Dumbbell Set,2,116.03,232.06,Mobile App,Mobile,Completed,2
2026-05-06 07:43:25,c2480,Canada,58.0933,-108.3713,Books,Sci-Fi Anthology,4,75.33,301.32,Mobile App,Tablet,Completed,4
2026-05-06 07:46:05,c7881,India,20.3165,79.6208,Sports,Water Bottle,4,42.35,169.4,Affiliate,Tablet,Completed,5
2026-05-06 08:27:03,c9815,Australia,-26.8138,135.0715,Books,Cookbook,3,124.17,372.51,Mobile App,Desktop,Completed,4
2026-05-06 09:45:34,c5092,Germany,49.0416,8.3812,Home,Air Purifier,1,43.18,43.18,Web,Desktop,Completed,4
2026-05-06 09:46:15,c5879,Singapore,-0.1642,104.7721,Sports,Camping Tent,2,33.6,67.2,Affiliate,Desktop,Completed,1
2026-05-06 10:02:59,c1805,United Kingdom,55.468,-4.8806,Home,Cutting Board Set,4,110.93,443.72,Web,Tablet,Completed,4
2026-05-06 10:14:27,c9634,Japan,33.6096,138.9944,Electronics,Smart Watch,4,97.78,391.12,Affiliate,Desktop,Completed,3
2026-05-06 10:44:10,c5958,Singapore,0.1409,102.6716,Apparel,Baseball Cap,1,193.9,193.9,Web,Desktop,Completed,5
2026-05-06 11:42:11,c4185,Japan,38.3413,140.6197,Books,Cookbook,1,95.13,95.13,Mobile App,Mobile,Completed,2
2026-05-06 11:59:59,c2816,France,48.8209,2.2103,Books,Kids Picture Book,5,155.87,779.35,Affiliate,Mobile,Completed,1
2026-05-06 13:13:17,c2436,Germany,49.9107,12.6038,Home,Coffee Maker,3,183.46,550.38,Web,Tablet,Completed,5
2026-05-06 13:32:54,c2402,India,19.7843,80.5416,Books,Kids Picture Book,3,134.22,402.66,Mobile App,Mobile,Completed,4
2026-05-06 14:28:15,c2405,Germany,51.1977,9.8968,Books,Kids Picture Book,4,46.63,186.52,Marketplace,Mobile,Completed,5
2026-05-06 15:11:29,c6821,Germany,52.7482,8.4885,Books,Business Guide,5,211.71,1058.55,Mobile App,Desktop,Completed,2
2026-05-06 15:20:50,c5750,Singapore,0.6758,102.4495,Beauty,Perfume,3,175.82,527.46,Marketplace,Mobile,Completed,2
2026-05-06 15:51:00,c5419,France,44.1874,4.2314,Books,Sci-Fi Anthology,5,210.8,1054.0,Marketplace,Mobile,Completed,1
2026-05-06 16:17:27,c7776,Germany,52.1415,8.2444,Electronics,Mechanical Keyboard,4,180.64,722.56,Marketplace,Tablet,Refunded,5
2026-05-06 17:02:57,c6269,Australia,-25.643,135.5581,Apparel,Winter Coat,2,190.84,381.68,Marketplace,Mobile,Completed,5
2026-05-06 17:16:44,c3973,United Kingdom,53.3054,-0.727,Beauty,Shampoo Bar,5,211.76,1058.8,Web,Tablet,Completed,5
2026-05-06 17:58:24,c9863,Mexico,26.1908,-101.0155,Books,Sci-Fi Anthology,4,133.64,534.56,Web,Mobile,Completed,2
2026-05-06 18:08:57,c9322,South Africa,-29.8725,23.5922,Apparel,Denim Jacket,2,76.8,153.6,Affiliate,Tablet,Completed,3
2026-05-06 18:13:21,c3991,Canada,55.8927,-108.5341,Apparel,Denim Jacket,5,202.49,1012.45,Marketplace,Tablet,Completed,5
2026-05-06 18:26:48,c7278,Germany,48.7135,8.4,Sports,Yoga Mat,4,70.58,282.32,Affiliate,Tablet,Completed,4
2026-05-06 18:38:18,c6071,Brazil,-11.253,-53.4888,Sports,Yoga Mat,5,110.34,551.7,Web,Tablet,Cancelled,3
2026-05-06 18:39:18,c4658,Canada,58.3025,-108.4527,Home,Desk Lamp,3,106.43,319.29,Affiliate,Mobile,Completed,5
2026-05-06 18:44:55,c5981,South Africa,-31.3207,22.7807,Apparel,Baseball Cap,3,45.67,137.01,Mobile App,Desktop,Completed,2
2026-05-06 19:14:08,c4392,United States,36.6752,-94.7278,Sports,Dumbbell Set,5,130.75,653.75,Affiliate,Desktop,Refunded,2
2026-05-06 19:17:10,c9787,United Kingdom,56.4957,-4.4095,Beauty,Face Serum,3,144.65,433.95,Web,Desktop,Completed,5
2026-05-06 19:30:56,c1964,France,46.6269,0.5482,Books,Mystery Novel,3,72.3,216.9,Affiliate,Desktop,Completed,4
2026-05-06 20:25:24,c2133,Brazil,-12.69,-53.9179,Home,Desk Lamp,4,18.3,73.2,Web,Mobile,Completed,5
2026-05-06 21:05:04,c4916,Japan,36.3516,139.8359,Apparel,Winter Coat,3,137.23,411.69,Mobile App,Mobile,Pending,4
2026-05-06 21:09:30,c7823,Germany,50.3884,8.9277,Beauty,Makeup Brush Kit,5,202.22,1011.1,Marketplace,Desktop,Completed,5
2026-05-06 21:18:13,c4081,United Kingdom,56.5309,-3.3555,Electronics,Bluetooth Speaker,2,172.59,345.18,Web,Mobile,Completed,4
2026-05-06 21:49:37,c6325,Singapore,-1.4549,103.2062,Home,Throw Blanket,2,194.77,389.54,Web,Tablet,Completed,4
2026-05-06 21:50:33,c5660,South Africa,-31.0766,20.7809,Books,Sci-Fi Anthology,3,214.31,642.93,Affiliate,Mobile,Completed,4
2026-05-06 22:11:59,c4140,Singapore,4.0825,102.9258,Sports,Dumbbell Set,1,91.95,91.95,Web,Desktop,Completed,5
2026-05-06 22:36:55,c8843,United States,40.0762,-94.1485,Books,Cookbook,2,32.41,64.82,Web,Mobile,Completed,5
2026-05-06 22:41:30,c5076,Singapore,-0.421,102.3181,Books,Kids Picture Book,5,113.74,568.7,Marketplace,Mobile,Completed,4
2026-05-06 23:07:41,c3100,Singapore,2.4089,105.4188,Home,Throw Blanket,1,133.18,133.18,Marketplace,Mobile,Completed,1
2026-05-06 23:48:34,c7734,India,22.737,77.1101,Beauty,Makeup Brush Kit,3,151.82,455.46,Web,Desktop,Completed,4
2026-05-06 23:51:38,c7247,Australia,-24.7512,132.4704,Sports,Camping Tent,4,100.92,403.68,Marketplace,Mobile,Completed,5
2026-05-07 00:05:21,c5098,United States,36.9658,-97.4756,Beauty,Makeup Brush Kit,4,191.53,766.12,Marketplace,Mobile,Pending,4
2026-05-07 00:05:37,c5188,Brazil,-14.7005,-52.8488,Books,Kids Picture Book,3,35.34,106.02,Marketplace,Desktop,Completed,5
2026-05-07 01:39:37,c9036,United States,34.8281,-92.7111,Beauty,Face Serum,4,82.42,329.68,Mobile App,Tablet,Completed,4
2026-05-07 03:05:25,c7777,France,44.8255,3.4123,Beauty,Lip Balm Set,5,82.88,414.4,Web,Mobile,Completed,5
2026-05-07 03:25:23,c7899,Germany,49.003,9.2568,Books,Cookbook,2,100.15,200.3,Marketplace,Mobile,Completed,5
2026-05-07 03:25:57,c9986,United Kingdom,57.9896,-3.6331,Books,Kids Picture Book,2,168.43,336.86,Mobile App,Mobile,Completed,5
2026-05-07 03:52:18,c4907,United States,39.6851,-98.1798,Books,Business Guide,4,18.89,75.56,Mobile App,Tablet,Completed,5
2026-05-07 03:53:01,c6932,India,18.1315,80.1884,Home,Cutting Board Set,1,117.95,117.95,Mobile App,Desktop,Refunded,5
2026-05-07 04:04:21,c5441,United States,39.9268,-94.2523,Home,Throw Blanket,2,184.33,368.66,Marketplace,Tablet,Completed,5
2026-05-07 04:15:56,c3641,Mexico,25.1568,-102.0253,Electronics,Bluetooth Speaker,5,95.71,478.55,Mobile App,Desktop,Pending,3
2026-05-07 04:58:17,c9830,India,20.9264,79.1785,Sports,Camping Tent,5,185.47,927.35,Web,Desktop,Pending,2
2026-05-07 05:05:14,c1423,South Africa,-32.5724,23.4047,Beauty,Makeup Brush Kit,5,194.39,971.95,Marketplace,Desktop,Completed,5
2026-05-07 05:06:29,c6798,Brazil,-14.9806,-50.6224,Home,Air Purifier,5,164.87,824.35,Marketplace,Desktop,Completed,3
2026-05-07 05:20:11,c4660,Australia,-26.6012,133.377,Home,Air Purifier,2,161.39,322.78,Web,Desktop,Completed,5
2026-05-07 05:31:09,c1373,United Kingdom,54.832,-1.2499,Electronics,4K Monitor,3,47.7,143.1,Affiliate,Tablet,Completed,4
2026-05-07 05:37:45,c9623,Brazil,-14.8538,-52.1634,Sports,Camping Tent,5,172.16,860.8,Mobile App,Desktop,Completed,5
2026-05-07 05:40:19,c3487,United States,35.7257,-95.5034,Apparel,Denim Jacket,1,45.48,45.48,Web,Desktop,Completed,5
2026-05-07 05:49:57,c6994,Australia,-26.6985,132.7335,Home,Coffee Maker,5,26.58,132.9,Mobile App,Mobile,Completed,1
2026-05-07 06:28:47,c9076,India,21.3574,76.1252,Home,Air Purifier,2,31.79,63.58,Marketplace,Mobile,Completed,5
2026-05-07 07:09:54,c9342,Japan,37.5638,139.958,Beauty,Makeup Brush Kit,2,115.83,231.66,Marketplace,Mobile,Completed,3
2026-05-07 08:31:43,c4829,United Kingdom,53.9957,-4.53,Sports,Camping Tent,4,14.13,56.52,Web,Mobile,Completed,2
2026-05-07 08:38:20,c5710,Canada,54.6954,-107.1323,Sports,Camping Tent,5,158.29,791.45,Mobile App,Mobile,Completed,5
2026-05-07 08:56:32,c2810,United States,38.9187,-96.9446,Books,Mystery Novel,1,141.35,141.35,Mobile App,Desktop,Completed,5
2026-05-07 09:44:59,c2857,United Kingdom,58.2769,-1.2007,Electronics,4K Monitor,3,212.61,637.83,Affiliate,Mobile,Completed,5
2026-05-07 10:03:39,c2449,Japan,35.0194,141.1803,Sports,Tennis Racket,5,168.3,841.5,Web,Mobile,Completed,4
2026-05-07 10:17:25,c6459,United Kingdom,54.4552,-4.5519,Apparel,Denim Jacket,5,32.01,160.05,Web,Mobile,Completed,1
2026-05-07 10:33:03,c9400,Australia,-24.1339,131.3878,Beauty,Lip Balm Set,5,134.0,670.0,Mobile App,Tablet,Completed,5
2026-05-07 11:31:41,c7897,Japan,38.9045,137.6276,Apparel,Baseball Cap,3,116.18,348.54,Marketplace,Mobile,Completed,5
2026-05-07 11:55:40,c4242,Canada,58.395,-107.8472,Home,Desk Lamp,2,104.32,208.64,Marketplace,Mobile,Completed,5
2026-05-07 12:10:20,c2948,United Kingdom,53.6225,-1.4741,Beauty,Face Serum,3,103.95,311.85,Affiliate,Mobile,Completed,1
2026-05-07 12:31:39,c2885,Canada,53.7157,-105.018,Books,Sci-Fi Anthology,3,17.47,52.41,Web,Mobile,Completed,3
2026-05-07 12:43:48,c4416,France,48.3729,3.7067,Electronics,Smart Watch,4,126.24,504.96,Mobile App,Desktop,Completed,4
2026-05-07 12:53:35,c9185,South Africa,-28.6695,23.8397,Home,Coffee Maker,2,95.15,190.3,Web,Tablet,Completed,3
2026-05-07 13:51:30,c4487,Canada,54.6797,-103.7998,Home,Throw Blanket,3,98.7,296.1,Mobile App,Desktop,Completed,3
2026-05-07 14:51:45,c9897,Mexico,22.5372,-104.2302,Apparel,Baseball Cap,5,41.79,208.95,Affiliate,Desktop,Completed,4
2026-05-07 15:07:52,c3307,Mexico,25.9414,-102.3268,Beauty,Lip Balm Set,4,146.51,586.04,Marketplace,Tablet,Completed,1
2026-05-07 15:24:54,c4918,Germany,54.0067,8.5847,Home,Coffee Maker,3,51.13,153.39,Marketplace,Mobile,Completed,5
2026-05-07 15:40:01,c5543,Singapore,1.3792,103.5565,Home,Throw Blanket,2,129.39,258.78,Marketplace,Desktop,Completed,3
2026-05-07 16:03:16,c2717,Australia,-27.2075,131.2732,Home,Throw Blanket,4,24.23,96.92,Affiliate,Mobile,Completed,4
2026-05-07 16:11:36,c1065,United Kingdom,56.3274,-4.8257,Electronics,4K Monitor,1,209.18,209.18,Web,Mobile,Completed,5
2026-05-07 16:35:30,c6830,Canada,55.471,-106.1531,Apparel,Winter Coat,3,142.5,427.5,Marketplace,Mobile,Completed,3
2026-05-07 17:02:34,c1959,India,18.1494,77.296,Beauty,Makeup Brush Kit,3,132.6,397.8,Mobile App,Mobile,Completed,1
2026-05-07 17:13:20,c9140,Mexico,22.888,-102.0654,Apparel,Winter Coat,3,105.88,317.64,Marketplace,Desktop,Completed,1
2026-05-07 17:15:36,c4659,Singapore,2.9699,103.4839,Beauty,Lip Balm Set,4,164.22,656.88,Mobile App,Mobile,Completed,1
2026-05-07 17:42:25,c6284,United Kingdom,53.0868,-3.0912,Sports,Water Bottle,2,13.8,27.6,Web,Desktop,Completed,2
2026-05-07 18:08:09,c7580,United States,36.7455,-94.0891,Beauty,Makeup Brush Kit,1,79.72,79.72,Mobile App,Mobile,Completed,1
2026-05-07 19:26:13,c6040,United States,35.6514,-98.5366,Sports,Yoga Mat,1,163.95,163.95,Marketplace,Mobile,Completed,5
2026-05-07 19:27:48,c5829,Brazil,-14.1473,-50.5121,Apparel,Winter Coat,3,98.35,295.05,Web,Mobile,Refunded,4
2026-05-07 19:28:25,c4232,United States,37.694,-94.5829,Home,Desk Lamp,2,25.97,51.94,Marketplace,Tablet,Completed,5
2026-05-07 19:46:18,c9842,France,44.0401,-0.6702,Home,Desk Lamp,4,170.63,682.52,Web,Desktop,Completed,5
2026-05-07 20:18:09,c5638,South Africa,-28.3942,20.6638,Sports,Camping Tent,3,189.63,568.89,Web,Tablet,Completed,4
2026-05-07 20:19:29,c9886,United States,39.5401,-92.7186,Electronics,Smart Watch,1,216.83,216.83,Web,Mobile,Completed,3
2026-05-07 20:30:46,c6143,Canada,59.0366,-105.8645,Beauty,Lip Balm Set,4,97.19,388.76,Marketplace,Desktop,Completed,2
2026-05-07 20:45:43,c2929,South Africa,-30.5339,21.9149,Electronics,Smart Watch,4,22.28,89.12,Mobile App,Desktop,Completed,2
2026-05-07 21:12:55,c9880,Brazil,-14.1935,-50.5455,Home,Cutting Board Set,5,130.32,651.6,Marketplace,Tablet,Completed,4
2026-05-07 21:30:47,c4461,Singapore,0.8131,103.748,Sports,Water Bottle,1,129.68,129.68,Web,Mobile,Completed,3
2026-05-07 21:42:41,c5791,France,47.863,1.6964,Beauty,Shampoo Bar,2,133.28,266.56,Mobile App,Mobile,Cancelled,4
2026-05-07 21:43:23,c9128,Germany,48.279,8.4624,Apparel,Running Shoes,5,191.78,958.9,Web,Desktop,Completed,2
2026-05-07 22:07:13,c5183,France,48.365,0.957,Electronics,Mechanical Keyboard,4,89.11,356.44,Marketplace,Desktop,Completed,4
2026-05-07 23:01:29,c7189,Brazil,-13.1458,-54.5808,Beauty,Face Serum,4,84.19,336.76,Affiliate,Desktop,Cancelled,4
2026-05-07 23:10:49,c8974,Australia,-22.2853,134.8004,Apparel,Running Shoes,1,38.53,38.53,Affiliate,Desktop,Completed,5
2026-05-07 23:34:30,c1494,France,44.6048,-0.6026,Home,Throw Blanket,2,175.98,351.96,Affiliate,Tablet,Refunded,4
2026-05-07 23:49:14,c6606,South Africa,-29.6019,22.1497,Books,Sci-Fi Anthology,1,128.04,128.04,Marketplace,Mobile,Completed,2
2026-05-08 00:37:24,c1079,Canada,53.8369,-107.1648,Books,Cookbook,2,188.76,377.52,Web,Tablet,Completed,5
2026-05-08 00:42:12,c2931,Canada,58.5773,-106.1798,Sports,Dumbbell Set,3,33.92,101.76,Web,Desktop,Completed,1
2026-05-08 01:02:11,c6173,Canada,54.6758,-105.0851,Home,Desk Lamp,2,110.22,220.44,Affiliate,Desktop,Completed,5
2026-05-08 01:03:16,c3559,Germany,49.5995,10.9551,Electronics,Mechanical Keyboard,3,44.01,132.03,Affiliate,Mobile,Completed,5
2026-05-08 01:16:53,c5561,Singapore,-0.8131,104.0149,Sports,Tennis Racket,4,161.05,644.2,Marketplace,Mobile,Completed,3
2026-05-08 01:20:12,c7687,Singapore,2.0693,100.8865,Books,Business Guide,4,209.11,836.44,Mobile App,Desktop,Refunded,5
2026-05-08 01:46:16,c9949,Brazil,-14.5111,-49.2078,Apparel,Graphic T-Shirt,4,211.02,844.08,Mobile App,Tablet,Completed,2
2026-05-08 02:03:56,c2979,United States,38.1408,-95.5796,Sports,Tennis Racket,1,111.38,111.38,Web,Mobile,Completed,4
2026-05-08 02:10:16,c2044,India,19.1167,75.9781,Apparel,Baseball Cap,1,97.82,97.82,Web,Desktop,Pending,5
2026-05-08 02:28:10,c3520,Germany,48.2255,12.1246,Books,Business Guide,3,16.81,50.43,Web,Mobile,Completed,5
2026-05-08 03:20:11,c1890,Japan,37.6265,140.4693,Books,Cookbook,4,132.04,528.16,Affiliate,Desktop,Completed,5
2026-05-08 04:52:58,c8927,India,17.808,81.6893,Books,Cookbook,2,98.39,196.78,Mobile App,Desktop,Completed,3
2026-05-08 05:19:51,c9287,Japan,35.8043,137.0782,Electronics,Wireless Headphones,2,40.87,81.74,Mobile App,Desktop,Cancelled,3
2026-05-08 05:55:23,c7470,India,23.4949,77.0842,Home,Throw Blanket,5,39.5,197.5,Affiliate,Desktop,Completed,2
2026-05-08 05:56:30,c8174,United Kingdom,54.3258,-1.9397,Sports,Water Bottle,1,131.55,131.55,Affiliate,Tablet,Completed,1
2026-05-08 06:21:44,c5342,United States,38.4247,-96.2501,Beauty,Shampoo Bar,4,173.68,694.72,Marketplace,Tablet,Completed,2
2026-05-08 07:39:45,c9455,Singapore,0.8312,101.0468,Apparel,Denim Jacket,3,179.87,539.61,Affiliate,Mobile,Completed,5
2026-05-08 08:03:53,c3726,United Kingdom,57.2415,-2.4067,Apparel,Denim Jacket,3,140.84,422.52,Marketplace,Desktop,Completed,2
2026-05-08 08:23:51,c9533,United Kingdom,53.2878,-3.6092,Books,Mystery Novel,3,58.82,176.46,Affiliate,Tablet,Cancelled,4
2026-05-08 08:29:33,c2369,United Kingdom,53.8783,-1.8929,Sports,Tennis Racket,3,113.94,341.82,Mobile App,Tablet,Completed,2
2026-05-08 08:44:17,c4128,United Kingdom,54.4714,-4.1302,Sports,Tennis Racket,2,184.73,369.46,Web,Mobile,Completed,4
2026-05-08 09:23:12,c9405,Canada,57.1825,-106.7364,Home,Coffee Maker,5,208.01,1040.05,Mobile App,Tablet,Pending,2
2026-05-08 09:37:40,c9162,United States,36.4772,-97.2336,Home,Air Purifier,1,119.77,119.77,Affiliate,Desktop,Completed,3
2026-05-08 09:53:47,c7379,Canada,56.3782,-108.7958,Sports,Dumbbell Set,1,191.38,191.38,Marketplace,Desktop,Completed,5
2026-05-08 10:15:55,c6239,France,47.8606,0.1474,Home,Desk Lamp,4,176.97,707.88,Web,Mobile,Pending,4
2026-05-08 10:19:15,c7805,South Africa,-31.1555,24.8498,Home,Coffee Maker,1,114.96,114.96,Web,Desktop,Completed,3
2026-05-08 10:42:29,c3705,Australia,-25.8309,132.6564,Electronics,Wireless Headphones,2,208.31,416.62,Web,Desktop,Completed,5
2026-05-08 10:49:40,c1597,United Kingdom,53.8209,-4.7899,Home,Air Purifier,1,62.09,62.09,Marketplace,Desktop,Completed,5
2026-05-08 11:21:06,c6134,France,46.9489,3.1875,Electronics,Smart Watch,4,52.79,211.16,Affiliate,Desktop,Completed,5
2026-05-08 11:31:09,c6582,France,45.2019,1.398,Electronics,Wireless Headphones,2,211.14,422.28,Mobile App,Mobile,Completed,2
2026-05-08 11:43:36,c6525,Germany,49.8434,9.3761,Electronics,Mechanical Keyboard,3,191.08,573.24,Affiliate,Tablet,Cancelled,3
2026-05-08 11:49:26,c7593,Australia,-26.6031,135.2309,Books,Business Guide,5,94.53,472.65,Affiliate,Tablet,Completed,1
2026-05-08 11:57:53,c2862,Japan,33.7202,137.4146,Beauty,Shampoo Bar,2,81.25,162.5,Web,Mobile,Refunded,3
2026-05-08 12:27:38,c5780,Singapore,3.9332,103.0652,Beauty,Face Serum,1,198.57,198.57,Affiliate,Desktop,Completed,1
2026-05-08 12:53:05,c4421,Australia,-22.9861,132.6375,Home,Desk Lamp,1,181.21,181.21,Mobile App,Desktop,Pending,5
2026-05-08 13:24:02,c2056,South Africa,-29.3062,25.9174,Electronics,Smart Watch,5,150.83,754.15,Affiliate,Desktop,Cancelled,4
2026-05-08 14:02:27,c9397,Australia,-26.0258,132.8833,Books,Business Guide,5,70.32,351.6,Affiliate,Desktop,Cancelled,5
2026-05-08 14:05:17,c5886,United Kingdom,55.0133,-2.6872,Electronics,Bluetooth Speaker,2,173.87,347.74,Web,Desktop,Completed,1
2026-05-08 14:09:12,c8191,Mexico,22.812,-100.8074,Beauty,Shampoo Bar,1,80.06,80.06,Affiliate,Desktop,Completed,4
2026-05-08 14:17:15,c6343,Australia,-25.0223,136.0389,Home,Air Purifier,2,54.38,108.76,Web,Tablet,Completed,5
2026-05-08 14:23:54,c2169,Brazil,-12.6051,-54.5806,Electronics,Wireless Headphones,2,35.06,70.12,Mobile App,Desktop,Completed,5
2026-05-08 14:34:20,c8680,Australia,-23.8545,136.5142,Beauty,Face Serum,2,18.44,36.88,Mobile App,Desktop,Refunded,3
2026-05-08 14:34:46,c1020,Mexico,21.3138,-102.9399,Books,Mystery Novel,3,31.25,93.75,Marketplace,Tablet,Pending,3
2026-05-08 15:01:28,c2522,Singapore,0.4837,102.814,Apparel,Baseball Cap,4,128.37,513.48,Affiliate,Desktop,Completed,5
2026-05-08 15:51:24,c5916,Brazil,-16.6738,-49.3923,Books,Business Guide,4,135.77,543.08,Web,Tablet,Completed,5
2026-05-08 15:55:41,c9595,Australia,-23.24,136.1178,Books,Cookbook,3,132.05,396.15,Mobile App,Desktop,Completed,5
2026-05-08 16:09:15,c8743,Australia,-26.3443,134.9578,Sports,Camping Tent,2,19.79,39.58,Marketplace,Desktop,Completed,4
2026-05-08 16:26:05,c3691,Brazil,-11.7451,-52.5221,Books,Kids Picture Book,4,10.26,41.04,Web,Desktop,Completed,1
2026-05-08 16:38:53,c3745,Canada,58.4306,-107.38,Electronics,4K Monitor,2,186.02,372.04,Affiliate,Desktop,Completed,3
2026-05-08 16:49:21,c6092,United Kingdom,58.0896,-4.5734,Apparel,Denim Jacket,1,84.85,84.85,Affiliate,Tablet,Completed,1
2026-05-08 17:11:08,c4775,Canada,56.0224,-105.5415,Electronics,Wireless Headphones,1,70.6,70.6,Marketplace,Desktop,Completed,3
2026-05-08 17:54:56,c6514,United Kingdom,55.8487,-2.7815,Books,Kids Picture Book,3,208.4,625.2,Web,Desktop,Completed,3
2026-05-08 18:59:20,c8067,France,47.5195,1.3106,Home,Throw Blanket,3,141.97,425.91,Web,Tablet,Refunded,2
2026-05-08 19:03:47,c6052,India,19.6955,76.5169,Sports,Camping Tent,1,186.4,186.4,Affiliate,Desktop,Completed,5
2026-05-08 19:16:41,c9766,United States,37.7802,-97.4137,Books,Sci-Fi Anthology,2,111.21,222.42,Marketplace,Tablet,Completed,2
2026-05-08 19:47:47,c3121,Brazil,-11.3537,-49.2306,Sports,Water Bottle,5,109.5,547.5,Marketplace,Tablet,Completed,1
2026-05-08 20:15:19,c2076,South Africa,-32.9122,24.2144,Books,Mystery Novel,3,136.96,410.88,Mobile App,Mobile,Completed,5
2026-05-08 20:34:24,c2318,United Kingdom,53.4618,-3.6873,Sports,Tennis Racket,1,195.02,195.02,Marketplace,Tablet,Completed,4
2026-05-08 20:37:44,c5940,United Kingdom,56.5354,-4.2512,Books,Business Guide,4,95.89,383.56,Web,Tablet,Completed,4
2026-05-08 20:53:27,c8877,United Kingdom,54.315,-1.8946,Beauty,Makeup Brush Kit,1,153.85,153.85,Web,Mobile,Completed,5
2026-05-08 21:06:58,c7877,United Kingdom,56.1005,-4.0887,Apparel,Baseball Cap,2,207.04,414.08,Affiliate,Desktop,Completed,5
2026-05-08 21:14:30,c8769,Germany,54.1147,13.0523,Home,Air Purifier,4,159.09,636.36,Marketplace,Mobile,Completed,5
2026-05-08 21:32:27,c5761,Brazil,-16.0374,-54.3371,Books,Sci-Fi Anthology,4,67.79,271.16,Web,Tablet,Completed,5
2026-05-08 21:49:21,c9271,Singapore,3.2252,106.4377,Sports,Water Bottle,1,119.25,119.25,Mobile App,Desktop,Completed,1
2026-05-08 22:55:29,c6052,Japan,33.7819,136.4917,Beauty,Lip Balm Set,4,186.88,747.52,Affiliate,Mobile,Completed,4
2026-05-08 23:14:23,c7696,United States,38.7065,-94.2654,Electronics,Mechanical Keyboard,2,188.64,377.28,Affiliate,Mobile,Completed,3
2026-05-08 23:34:23,c5812,France,46.8923,4.5804,Home,Desk Lamp,4,204.83,819.32,Mobile App,Desktop,Completed,2
2026-05-08 23:42:02,c7005,Germany,53.804,8.3328,Apparel,Running Shoes,4,84.5,338.0,Marketplace,Desktop,Completed,5
2026-05-08 23:45:01,c8534,United Kingdom,57.9375,-4.6245,Apparel,Baseball Cap,1,38.05,38.05,Marketplace,Desktop,Completed,4
2026-05-08 23:52:46,c4149,Germany,53.5273,9.4309,Electronics,Bluetooth Speaker,1,138.25,138.25,Mobile App,Mobile,Refunded,5
2026-05-09 00:06:46,c3313,Japan,37.2399,136.4626,Electronics,Smart Watch,2,8.04,16.08,Affiliate,Tablet,Completed,5
2026-05-09 00:32:21,c9829,South Africa,-30.3489,23.5558,Electronics,Bluetooth Speaker,5,19.36,96.8,Web,Mobile,Completed,5
2026-05-09 01:16:26,c3319,Japan,33.2066,138.8652,Electronics,Smart Watch,2,23.51,47.02,Marketplace,Desktop,Completed,4
2026-05-09 01:24:40,c5496,India,22.8338,78.8185,Beauty,Face Serum,3,190.11,570.33,Web,Desktop,Completed,5
2026-05-09 01:53:01,c2388,Germany,51.5099,9.6158,Home,Throw Blanket,4,175.86,703.44,Web,Tablet,Completed,4
2026-05-09 02:17:02,c6239,Singapore,-1.4729,102.8697,Home,Air Purifier,4,101.81,407.24,Marketplace,Mobile,Completed,5
2026-05-09 02:29:52,c4010,Australia,-25.7577,136.2217,Apparel,Graphic T-Shirt,3,76.86,230.58,Mobile App,Desktop,Completed,5
2026-05-09 02:32:49,c5306,Canada,55.3304,-104.281,Home,Throw Blanket,4,115.26,461.04,Web,Tablet,Pending,1
2026-05-09 02:58:28,c1121,United States,39.1265,-98.3539,Apparel,Winter Coat,4,92.96,371.84,Web,Mobile,Completed,5
2026-05-09 03:39:40,c5514,United Kingdom,53.5376,-1.8722,Apparel,Graphic T-Shirt,2,102.0,204.0,Mobile App,Tablet,Completed,3
2026-05-09 04:02:25,c1442,India,18.812,78.9707,Beauty,Makeup Brush Kit,2,39.4,78.8,Web,Desktop,Refunded,5
2026-05-09 04:30:58,c7548,Brazil,-13.5823,-51.988,Books,Mystery Novel,1,11.44,11.44,Affiliate,Mobile,Completed,1
2026-05-09 04:33:20,c6722,United States,36.2805,-98.6965,Sports,Dumbbell Set,2,46.26,92.52,Marketplace,Tablet,Completed,5
2026-05-09 04:44:52,c7694,Mexico,21.2791,-103.4937,Electronics,Smart Watch,2,115.77,231.54,Affiliate,Desktop,Completed,5
2026-05-09 05:13:49,c9880,Japan,34.7562,137.2135,Books,Cookbook,1,55.24,55.24,Marketplace,Desktop,Refunded,4
2026-05-09 05:28:02,c3518,India,19.7172,76.568,Books,Cookbook,5,117.04,585.2,Affiliate,Desktop,Cancelled,1
2026-05-09 05:36:13,c7339,South Africa,-31.2355,23.5925,Books,Business Guide,1,168.81,168.81,Mobile App,Tablet,Completed,5
2026-05-09 05:39:43,c3518,Brazil,-17.0292,-53.8794,Books,Mystery Novel,2,52.9,105.8,Affiliate,Desktop,Completed,3
2026-05-09 05:52:47,c6338,Brazil,-15.6782,-49.3707,Beauty,Lip Balm Set,3,203.73,611.19,Affiliate,Mobile,Completed,4
2026-05-09 06:39:14,c9558,Japan,33.5323,137.8088,Electronics,Wireless Headphones,2,127.05,254.1,Mobile App,Mobile,Completed,2
2026-05-09 06:42:40,c7048,Singapore,4.0749,106.7006,Sports,Water Bottle,4,165.63,662.52,Marketplace,Tablet,Completed,2
2026-05-09 06:49:43,c8375,France,43.8153,3.8448,Sports,Tennis Racket,2,88.99,177.98,Mobile App,Tablet,Pending,5
2026-05-09 07:19:06,c1838,France,46.9075,1.1198,Sports,Dumbbell Set,3,170.35,511.05,Mobile App,Mobile,Completed,1
2026-05-09 07:22:17,c3298,France,46.4267,0.3663,Sports,Tennis Racket,5,211.3,1056.5,Marketplace,Desktop,Completed,4
2026-05-09 07:32:38,c1846,United Kingdom,58.2744,-2.7662,Apparel,Graphic T-Shirt,3,117.65,352.95,Mobile App,Tablet,Completed,5
2026-05-09 07:42:45,c7782,Singapore,-1.2802,105.3334,Beauty,Face Serum,3,179.33,537.99,Mobile App,Tablet,Completed,5
2026-05-09 07:47:08,c6296,Singapore,1.0559,102.3099,Sports,Camping Tent,1,107.4,107.4,Affiliate,Tablet,Completed,5
2026-05-09 09:07:28,c8049,Japan,34.8945,137.2033,Home,Air Purifier,5,49.86,249.3,Mobile App,Desktop,Completed,4
2026-05-09 09:21:04,c9420,India,19.4985,78.7686,Electronics,Smart Watch,2,199.83,399.66,Affiliate,Desktop,Completed,3
2026-05-09 09:39:14,c1900,United Kingdom,53.1301,-1.7375,Apparel,Baseball Cap,3,109.08,327.24,Affiliate,Tablet,Completed,1
2026-05-09 09:40:21,c9768,Japan,36.0631,138.9085,Home,Cutting Board Set,2,144.78,289.56,Web,Tablet,Completed,5
2026-05-09 09:41:10,c6590,Japan,37.5036,140.1847,Sports,Dumbbell Set,1,193.79,193.79,Affiliate,Desktop,Completed,4
2026-05-09 09:55:46,c9897,South Africa,-27.6694,23.957,Sports,Tennis Racket,5,121.54,607.7,Affiliate,Desktop,Completed,5
2026-05-09 10:22:40,c8025,United Kingdom,56.8762,-2.8174,Beauty,Face Serum,3,147.98,443.94,Marketplace,Desktop,Completed,3
2026-05-09 11:09:14,c5757,Mexico,21.6854,-102.7799,Sports,Camping Tent,2,112.64,225.28,Mobile App,Desktop,Completed,3
2026-05-09 11:10:45,c6266,France,44.4079,0.6264,Electronics,Smart Watch,3,61.34,184.02,Affiliate,Tablet,Completed,5
2026-05-09 11:38:21,c8319,South Africa,-32.4375,23.9331,Electronics,Mechanical Keyboard,4,177.67,710.68,Marketplace,Desktop,Refunded,4
2026-05-09 12:12:16,c4126,Mexico,24.6728,-101.4082,Books,Sci-Fi Anthology,2,36.64,73.28,Web,Desktop,Completed,4
2026-05-09 12:23:52,c2006,India,22.4491,78.4631,Apparel,Running Shoes,3,60.25,180.75,Affiliate,Mobile,Completed,5
2026-05-09 12:34:23,c2516,Singapore,2.827,101.5422,Sports,Tennis Racket,5,13.2,66.0,Marketplace,Desktop,Completed,1
2026-05-09 13:02:05,c6659,Canada,54.5575,-108.8106,Books,Sci-Fi Anthology,3,94.43,283.29,Marketplace,Mobile,Completed,3
2026-05-09 13:06:04,c2944,Japan,33.673,137.9151,Sports,Camping Tent,4,102.78,411.12,Affiliate,Tablet,Completed,2
2026-05-09 13:20:13,c6445,Australia,-27.7259,131.3029,Beauty,Perfume,2,60.89,121.78,Marketplace,Mobile,Completed,1
2026-05-09 13:46:57,c5449,Australia,-27.206,131.3631,Beauty,Face Serum,3,71.83,215.49,Marketplace,Tablet,Cancelled,5
2026-05-09 14:05:43,c4763,South Africa,-29.6299,23.6346,Home,Cutting Board Set,1,137.19,137.19,Mobile App,Mobile,Completed,5
2026-05-09 14:07:09,c3459,Japan,38.6693,136.3658,Electronics,Bluetooth Speaker,5,50.16,250.8,Mobile App,Mobile,Pending,4
2026-05-09 14:28:42,c8113,United States,39.0431,-95.437,Beauty,Lip Balm Set,1,210.46,210.46,Affiliate,Tablet,Completed,2
2026-05-09 14:46:54,c9607,Singapore,0.2197,106.1495,Sports,Dumbbell Set,5,145.23,726.15,Affiliate,Desktop,Completed,5
2026-05-09 15:31:40,c2922,United States,36.4962,-96.1366,Home,Desk Lamp,3,44.07,132.21,Web,Tablet,Completed,5
2026-05-09 15:46:06,c9491,Germany,50.5181,11.7222,Apparel,Winter Coat,1,60.11,60.11,Affiliate,Desktop,Completed,5
2026-05-09 15:49:13,c6147,United Kingdom,58.2018,-5.2494,Books,Cookbook,2,210.29,420.58,Marketplace,Tablet,Cancelled,4
2026-05-09 15:55:09,c8548,Australia,-27.3012,132.4607,Home,Throw Blanket,1,45.99,45.99,Marketplace,Mobile,Pending,5
2026-05-09 16:53:34,c3139,Brazil,-16.708,-49.4827,Electronics,4K Monitor,5,100.13,500.65,Web,Mobile,Completed,2
2026-05-09 17:10:35,c5829,Mexico,22.2315,-101.3738,Books,Kids Picture Book,4,212.77,851.08,Mobile App,Tablet,Completed,1
2026-05-09 17:40:17,c7655,Singapore,-1.621,103.9169,Sports,Water Bottle,1,61.45,61.45,Web,Desktop,Completed,2
2026-05-09 17:46:17,c9302,Brazil,-16.3799,-49.4939,Apparel,Running Shoes,5,106.26,531.3,Marketplace,Desktop,Completed,5
2026-05-09 17:50:57,c9713,Singapore,-0.1279,102.4188,Books,Business Guide,4,124.73,498.92,Mobile App,Desktop,Completed,3
2026-05-09 18:25:15,c9791,South Africa,-29.2147,25.8197,Sports,Tennis Racket,4,10.95,43.8,Web,Mobile,Completed,4
2026-05-09 18:46:38,c9101,Japan,35.8046,138.6375,Sports,Yoga Mat,1,35.8,35.8,Web,Tablet,Completed,5
2026-05-09 18:52:27,c2694,Mexico,21.1766,-99.8167,Electronics,Wireless Headphones,4,10.7,42.8,Mobile App,Tablet,Completed,4
2026-05-09 19:07:22,c3706,Singapore,2.7571,104.0204,Sports,Yoga Mat,2,150.29,300.58,Marketplace,Mobile,Completed,1
2026-05-09 19:12:20,c5025,Singapore,2.9129,106.1049,Beauty,Face Serum,2,176.1,352.2,Marketplace,Desktop,Completed,3
2026-05-09 19:13:59,c6062,Australia,-22.2908,133.4189,Apparel,Running Shoes,5,196.73,983.65,Marketplace,Desktop,Completed,4
2026-05-09 19:50:03,c3504,Brazil,-15.9241,-48.9448,Sports,Camping Tent,1,190.55,190.55,Mobile App,Tablet,Completed,2
2026-05-09 20:21:20,c4320,Germany,49.1844,9.4967,Electronics,Mechanical Keyboard,2,167.5,335.0,Mobile App,Mobile,Refunded,5
2026-05-09 20:28:44,c7114,Singapore,2.8459,102.9216,Sports,Tennis Racket,5,63.62,318.1,Affiliate,Tablet,Completed,5
2026-05-09 20:32:29,c7492,Mexico,24.8113,-105.308,Home,Desk Lamp,2,213.3,426.6,Web,Tablet,Completed,3
2026-05-09 20:50:46,c1879,Mexico,21.4189,-104.7806,Apparel,Baseball Cap,3,11.07,33.21,Affiliate,Mobile,Completed,4
2026-05-09 20:53:51,c1954,South Africa,-30.7458,22.0844,Home,Throw Blanket,4,218.24,872.96,Web,Tablet,Completed,2
2026-05-09 21:22:44,c6067,Brazil,-14.1137,-50.568,Sports,Water Bottle,1,212.92,212.92,Affiliate,Mobile,Completed,4
2026-05-09 21:59:03,c8854,Singapore,3.2873,104.3044,Apparel,Denim Jacket,1,77.67,77.67,Marketplace,Tablet,Completed,2
2026-05-09 22:02:52,c6540,Germany,48.7835,8.4303,Beauty,Shampoo Bar,3,214.13,642.39,Web,Mobile,Completed,2
2026-05-09 22:11:58,c6209,Japan,38.5279,138.6469,Home,Desk Lamp,1,171.71,171.71,Marketplace,Desktop,Completed,2
2026-05-09 22:43:32,c8821,United States,35.8873,-94.8277,Books,Kids Picture Book,3,8.21,24.63,Web,Tablet,Refunded,3
2026-05-09 23:13:25,c8130,Japan,33.7011,135.637,Sports,Camping Tent,4,81.68,326.72,Mobile App,Desktop,Completed,4
2026-05-09 23:19:35,c1008,Canada,53.5761,-104.9036,Beauty,Lip Balm Set,5,196.97,984.85,Affiliate,Mobile,Completed,4
2026-05-09 23:27:48,c7051,Canada,53.6249,-108.7733,Electronics,Mechanical Keyboard,5,125.72,628.6,Marketplace,Mobile,Completed,4
2026-05-09 23:36:49,c7131,United Kingdom,57.622,-2.7784,Beauty,Shampoo Bar,3,184.43,553.29,Affiliate,Mobile,Completed,5
2026-05-09 23:43:47,c8863,Singapore,-0.6915,106.6446,Apparel,Graphic T-Shirt,3,79.76,239.28,Marketplace,Tablet,Completed,3
2026-05-09 23:52:36,c4810,Mexico,25.3938,-100.5016,Apparel,Baseball Cap,5,13.99,69.95,Marketplace,Mobile,Completed,5
2026-05-09 23:58:45,c6695,Brazil,-16.4163,-53.4326,Electronics,Bluetooth Speaker,5,213.85,1069.25,Web,Mobile,Completed,2
2026-05-10 00:17:27,c8200,South Africa,-30.5752,23.7949,Beauty,Face Serum,1,74.88,74.88,Web,Desktop,Completed,5
2026-05-10 00:46:32,c6341,Germany,48.9041,12.7763,Books,Mystery Novel,5,213.39,1066.95,Affiliate,Mobile,Cancelled,3
2026-05-10 01:08:51,c7461,Mexico,24.9653,-103.9474,Apparel,Denim Jacket,5,89.38,446.9,Mobile App,Desktop,Completed,1
2026-05-10 01:10:45,c7662,Singapore,2.2969,102.8668,Electronics,Smart Watch,1,8.79,8.79,Marketplace,Mobile,Refunded,5
2026-05-10 01:47:23,c3874,Germany,52.5613,9.3138,Home,Desk Lamp,4,214.24,856.96,Affiliate,Mobile,Completed,3
2026-05-10 01:52:19,c8798,Australia,-24.1658,135.8672,Beauty,Face Serum,4,88.4,353.6,Web,Tablet,Completed,3
2026-05-10 02:07:14,c3359,United States,35.3117,-94.8116,Sports,Dumbbell Set,3,103.99,311.97,Mobile App,Desktop,Completed,3
2026-05-10 02:46:23,c2287,Japan,38.7109,141.0566,Electronics,Wireless Headphones,2,114.53,229.06,Affiliate,Mobile,Completed,1
2026-05-10 03:10:12,c4760,Australia,-27.4744,131.8099,Apparel,Graphic T-Shirt,5,119.34,596.7,Web,Mobile,Completed,4
2026-05-10 03:14:20,c3286,Mexico,22.0116,-103.5588,Electronics,Mechanical Keyboard,3,52.5,157.5,Web,Tablet,Completed,4
2026-05-10 03:16:09,c4825,India,23.3754,80.3224,Beauty,Shampoo Bar,4,211.33,845.32,Affiliate,Tablet,Completed,1
2026-05-10 03:22:21,c6079,Germany,52.5711,10.0533,Home,Coffee Maker,5,29.17,145.85,Marketplace,Mobile,Completed,4
2026-05-10 03:28:24,c3790,United States,36.3527,-93.0902,Apparel,Baseball Cap,1,123.16,123.16,Mobile App,Tablet,Completed,5
2026-05-10 03:56:56,c7046,United Kingdom,54.6475,-5.0207,Electronics,Wireless Headphones,4,178.69,714.76,Marketplace,Desktop,Completed,5
2026-05-10 04:46:16,c8415,Singapore,3.3992,103.6797,Home,Throw Blanket,3,75.07,225.21,Marketplace,Desktop,Completed,4
2026-05-10 04:48:12,c9656,Australia,-26.8068,133.7533,Books,Business Guide,5,49.2,246.0,Marketplace,Tablet,Completed,2
2026-05-10 06:36:38,c1715,Canada,55.438,-105.3955,Beauty,Makeup Brush Kit,4,156.11,624.44,Mobile App,Desktop,Completed,4
2026-05-10 06:37:32,c5620,Germany,51.3289,12.7031,Sports,Camping Tent,5,81.97,409.85,Marketplace,Tablet,Completed,1
2026-05-10 07:21:40,c3128,Brazil,-14.9699,-51.1067,Beauty,Perfume,1,80.43,80.43,Web,Tablet,Refunded,5
2026-05-10 07:55:37,c9996,Mexico,24.1569,-101.9191,Sports,Water Bottle,3,70.0,210.0,Mobile App,Mobile,Completed,3
2026-05-10 08:33:59,c2566,Canada,57.2646,-107.2527,Apparel,Running Shoes,3,88.81,266.43,Marketplace,Mobile,Cancelled,2
2026-05-10 08:55:47,c2078,Canada,56.1991,-105.1722,Books,Business Guide,4,34.07,136.28,Mobile App,Tablet,Completed,2
2026-05-10 09:35:15,c7293,Japan,35.9988,136.8548,Apparel,Denim Jacket,1,69.52,69.52,Affiliate,Desktop,Pending,3
2026-05-10 09:39:03,c9994,Germany,49.4348,7.7987,Home,Desk Lamp,1,56.95,56.95,Mobile App,Desktop,Completed,5
2026-05-10 09:43:30,c7845,Mexico,22.4786,-99.6278,Books,Mystery Novel,1,172.03,172.03,Affiliate,Tablet,Completed,5
2026-05-10 09:56:47,c3898,South Africa,-29.8348,21.0307,Apparel,Graphic T-Shirt,2,135.14,270.28,Affiliate,Tablet,Refunded,3
2026-05-10 09:58:45,c2812,India,23.1171,76.7502,Sports,Yoga Mat,4,54.28,217.12,Marketplace,Desktop,Refunded,5
2026-05-10 10:25:31,c1929,Brazil,-16.3679,-52.2818,Sports,Yoga Mat,1,27.19,27.19,Marketplace,Tablet,Refunded,4
2026-05-10 10:46:15,c1886,Australia,-24.0917,131.9506,Sports,Camping Tent,2,76.56,153.12,Marketplace,Mobile,Completed,3
2026-05-10 11:25:53,c5237,Germany,53.2138,12.709,Apparel,Graphic T-Shirt,4,35.12,140.48,Mobile App,Tablet,Refunded,2
2026-05-10 13:37:44,c9110,Mexico,21.4767,-99.8713,Sports,Dumbbell Set,1,180.92,180.92,Mobile App,Mobile,Refunded,3
2026-05-10 13:44:28,c3029,India,19.1179,80.8186,Books,Sci-Fi Anthology,3,186.09,558.27,Mobile App,Desktop,Completed,2
2026-05-10 14:10:29,c6251,Canada,57.9954,-103.892,Beauty,Makeup Brush Kit,5,27.28,136.4,Affiliate,Tablet,Completed,4
2026-05-10 15:34:55,c1160,Australia,-22.4841,131.8009,Beauty,Shampoo Bar,5,16.75,83.75,Mobile App,Mobile,Completed,4
2026-05-10 15:37:59,c2199,Germany,48.3565,11.2131,Apparel,Baseball Cap,3,40.2,120.6,Mobile App,Desktop,Completed,5
2026-05-10 15:46:25,c2942,India,20.7048,79.4108,Sports,Tennis Racket,3,68.38,205.14,Marketplace,Mobile,Completed,4
2026-05-10 16:23:14,c8580,Mexico,20.7953,-99.6093,Electronics,4K Monitor,1,219.32,219.32,Affiliate,Desktop,Completed,1
2026-05-10 16:24:59,c4356,South Africa,-28.2042,24.4803,Beauty,Lip Balm Set,1,201.27,201.27,Marketplace,Desktop,Completed,1
2026-05-10 16:28:37,c9847,South Africa,-28.4617,24.3694,Sports,Water Bottle,2,204.82,409.64,Affiliate,Tablet,Completed,2
2026-05-10 16:43:28,c2389,Germany,51.1395,9.3517,Apparel,Denim Jacket,3,173.69,521.07,Affiliate,Desktop,Completed,2
2026-05-10 16:43:39,c8982,Japan,36.0698,137.9014,Books,Cookbook,5,132.95,664.75,Marketplace,Tablet,Completed,5
2026-05-10 16:59:57,c6499,Japan,36.3516,136.2538,Apparel,Running Shoes,3,178.43,535.29,Affiliate,Mobile,Completed,4
2026-05-10 17:07:57,c3597,Germany,53.0733,13.063,Sports,Camping Tent,2,206.29,412.58,Marketplace,Desktop,Refunded,1
2026-05-10 17:14:05,c4757,Canada,58.0324,-108.0518,Books,Sci-Fi Anthology,1,114.78,114.78,Marketplace,Desktop,Completed,5
2026-05-10 17:20:19,c4707,Mexico,26.313,-102.3648,Home,Desk Lamp,2,142.6,285.2,Mobile App,Tablet,Cancelled,5
2026-05-10 17:38:22,c8026,Germany,48.5176,10.7657,Beauty,Makeup Brush Kit,5,53.87,269.35,Marketplace,Desktop,Completed,4
2026-05-10 17:59:43,c8546,Germany,53.4624,8.9895,Apparel,Baseball Cap,4,121.6,486.4,Web,Tablet,Completed,5
2026-05-10 18:02:21,c1583,Mexico,24.7576,-100.1964,Electronics,Smart Watch,5,75.32,376.6,Web,Desktop,Completed,5
2026-05-10 18:33:15,c1139,Brazil,-16.2848,-52.9671,Books,Mystery Novel,1,25.45,25.45,Mobile App,Tablet,Completed,2
2026-05-10 18:34:55,c7778,United Kingdom,52.8443,-1.3723,Apparel,Winter Coat,4,176.63,706.52,Web,Mobile,Cancelled,2
2026-05-10 19:01:40,c8476,South Africa,-30.8625,20.745,Beauty,Lip Balm Set,5,137.24,686.2,Affiliate,Desktop,Completed,1
2026-05-10 19:02:19,c8579,South Africa,-29.2465,25.6573,Sports,Water Bottle,4,75.9,303.6,Mobile App,Desktop,Completed,4
2026-05-10 19:19:50,c6782,Australia,-27.3846,134.4189,Beauty,Perfume,2,141.72,283.44,Affiliate,Tablet,Refunded,2
2026-05-10 19:34:55,c9195,Japan,37.0345,135.5923,Apparel,Baseball Cap,4,101.77,407.08,Mobile App,Mobile,Completed,3
2026-05-10 19:59:40,c1425,Canada,55.4335,-104.579,Sports,Water Bottle,3,146.0,438.0,Affiliate,Tablet,Completed,4
2026-05-10 20:11:28,c5271,Singapore,3.6975,103.5681,Apparel,Graphic T-Shirt,2,116.86,233.72,Marketplace,Mobile,Completed,4
2026-05-10 20:48:05,c8622,Mexico,21.7167,-103.4648,Books,Mystery Novel,4,218.69,874.76,Marketplace,Desktop,Completed,4
2026-05-10 21:26:50,c2983,India,23.2388,77.15,Sports,Dumbbell Set,3,188.26,564.78,Web,Mobile,Completed,5
2026-05-10 21:41:37,c4758,Canada,57.175,-108.2326,Sports,Dumbbell Set,1,57.41,57.41,Affiliate,Tablet,Completed,1
2026-05-10 21:51:33,c2575,India,18.4291,78.8207,Apparel,Denim Jacket,2,79.58,159.16,Mobile App,Tablet,Completed,5
2026-05-10 22:10:01,c6881,Mexico,23.1657,-103.8828,Apparel,Graphic T-Shirt,1,88.54,88.54,Marketplace,Tablet,Completed,1
2026-05-10 23:03:05,c5670,Australia,-27.9569,133.6635,Home,Cutting Board Set,5,188.45,942.25,Web,Desktop,Completed,3
2026-05-10 23:03:06,c1254,United States,35.9139,-95.9743,Home,Coffee Maker,4,179.15,716.6,Marketplace,Mobile,Completed,5
2026-05-10 23:06:13,c8180,Brazil,-17.1754,-54.2262,Home,Cutting Board Set,5,107.88,539.4,Marketplace,Desktop,Completed,5
2026-05-10 23:21:42,c3232,Mexico,26.0978,-102.2173,Sports,Dumbbell Set,3,172.75,518.25,Affiliate,Desktop,Completed,1
2026-05-11 00:10:23,c4950,India,19.1368,78.2509,Beauty,Face Serum,5,189.53,947.65,Web,Tablet,Completed,4
2026-05-11 00:21:04,c3888,Canada,58.4082,-107.9462,Electronics,4K Monitor,4,128.62,514.48,Web,Tablet,Completed,5
2026-05-11 00:34:01,c5653,France,47.7914,2.7139,Sports,Tennis Racket,3,81.5,244.5,Mobile App,Mobile,Completed,2
2026-05-11 02:10:55,c1201,India,18.7158,78.9521,Books,Cookbook,2,153.37,306.74,Affiliate,Desktop,Completed,4
2026-05-11 02:13:07,c4902,Brazil,-17.2312,-50.9862,Beauty,Lip Balm Set,2,120.32,240.64,Affiliate,Mobile,Pending,3
2026-05-11 02:33:14,c5126,Brazil,-12.9065,-49.8598,Books,Cookbook,3,211.68,635.04,Web,Mobile,Refunded,5
2026-05-11 02:47:19,c3604,United Kingdom,56.6262,-1.6785,Apparel,Running Shoes,3,36.03,108.09,Affiliate,Tablet,Completed,4
2026-05-11 02:57:38,c2944,Canada,58.4338,-103.7672,Beauty,Makeup Brush Kit,3,117.25,351.75,Mobile App,Tablet,Completed,1
2026-05-11 03:09:44,c6595,Canada,54.3018,-106.49,Sports,Camping Tent,4,81.61,326.44,Affiliate,Mobile,Completed,1
2026-05-11 03:19:07,c3881,India,19.0983,79.6609,Books,Mystery Novel,1,204.07,204.07,Mobile App,Desktop,Completed,2
2026-05-11 03:22:53,c2976,Singapore,3.8071,104.7126,Electronics,Bluetooth Speaker,5,91.51,457.55,Mobile App,Tablet,Completed,5
2026-05-11 03:28:22,c8936,Australia,-26.3796,133.6942,Sports,Dumbbell Set,5,204.17,1020.85,Marketplace,Tablet,Completed,4
2026-05-11 03:56:47,c8412,France,48.1515,0.0793,Electronics,4K Monitor,4,29.45,117.8,Affiliate,Desktop,Completed,2
2026-05-11 04:46:11,c7155,Brazil,-14.4718,-52.032,Sports,Yoga Mat,4,156.24,624.96,Mobile App,Desktop,Completed,2
2026-05-11 05:01:45,c9255,United Kingdom,52.9061,-2.802,Apparel,Denim Jacket,1,219.22,219.22,Affiliate,Desktop,Pending,1
2026-05-11 05:07:05,c4302,France,48.5543,-0.7847,Home,Air Purifier,2,15.88,31.76,Affiliate,Desktop,Completed,5
2026-05-11 05:19:30,c9382,Australia,-25.4673,132.4751,Sports,Yoga Mat,2,20.55,41.1,Affiliate,Mobile,Completed,4
2026-05-11 05:55:24,c8532,United Kingdom,55.4158,-4.3926,Books,Business Guide,4,211.69,846.76,Mobile App,Mobile,Completed,4
2026-05-11 06:03:15,c7442,Germany,51.3556,12.0602,Electronics,Bluetooth Speaker,5,90.52,452.6,Mobile App,Desktop,Completed,4
2026-05-11 06:49:39,c7987,France,45.8919,-0.0096,Books,Mystery Novel,4,19.41,77.64,Affiliate,Desktop,Completed,5
2026-05-11 07:06:14,c5272,South Africa,-27.8334,21.4955,Books,Cookbook,4,193.87,775.48,Mobile App,Mobile,Completed,4
2026-05-11 07:10:27,c4764,United Kingdom,53.3054,-3.682,Books,Business Guide,5,172.3,861.5,Affiliate,Desktop,Completed,5
2026-05-11 08:09:07,c9918,Brazil,-16.4853,-51.8228,Home,Air Purifier,2,8.94,17.88,Affiliate,Desktop,Cancelled,1
2026-05-11 08:28:29,c9524,Australia,-25.0798,135.4592,Home,Desk Lamp,1,211.91,211.91,Web,Mobile,Completed,5
2026-05-11 08:53:40,c5498,Mexico,25.0938,-99.937,Apparel,Denim Jacket,2,53.39,106.78,Affiliate,Mobile,Completed,1
2026-05-11 10:03:37,c9226,France,48.5642,2.3031,Books,Mystery Novel,2,171.62,343.24,Web,Mobile,Completed,4
2026-05-11 10:24:50,c1783,Australia,-24.2334,131.1471,Apparel,Denim Jacket,5,83.24,416.2,Affiliate,Tablet,Completed,1
2026-05-11 10:26:56,c3273,Australia,-25.6434,132.88,Electronics,Wireless Headphones,2,75.51,151.02,Mobile App,Desktop,Completed,1
2026-05-11 10:55:17,c4105,South Africa,-32.5527,20.9423,Books,Kids Picture Book,3,76.41,229.23,Mobile App,Tablet,Completed,5
2026-05-11 11:20:44,c8873,South Africa,-30.4318,25.7922,Apparel,Graphic T-Shirt,1,124.76,124.76,Affiliate,Desktop,Completed,2
2026-05-11 11:49:35,c9242,Australia,-24.8787,135.6431,Books,Sci-Fi Anthology,5,201.12,1005.6,Mobile App,Mobile,Completed,5
2026-05-11 11:49:38,c1703,United States,39.5246,-93.7369,Beauty,Face Serum,4,72.02,288.08,Mobile App,Desktop,Completed,4
2026-05-11 12:28:07,c7489,United States,34.1267,-93.2834,Sports,Yoga Mat,4,132.83,531.32,Affiliate,Tablet,Completed,3
2026-05-11 13:02:34,c3515,Japan,35.0119,138.8536,Books,Sci-Fi Anthology,3,154.79,464.37,Mobile App,Tablet,Cancelled,4
2026-05-11 13:10:23,c5920,Brazil,-13.376,-53.6489,Apparel,Winter Coat,5,146.27,731.35,Affiliate,Desktop,Completed,5
2026-05-11 14:37:37,c6642,Singapore,0.1979,103.2897,Beauty,Face Serum,5,172.66,863.3,Mobile App,Mobile,Completed,5
2026-05-11 14:42:52,c5942,South Africa,-30.534,23.2495,Home,Cutting Board Set,3,95.49,286.47,Web,Tablet,Completed,4
2026-05-11 15:14:10,c5777,Canada,58.0552,-106.0051,Electronics,Bluetooth Speaker,5,14.9,74.5,Mobile App,Desktop,Completed,1
2026-05-11 15:41:45,c3066,France,47.586,3.6614,Books,Cookbook,1,176.06,176.06,Mobile App,Mobile,Completed,4
2026-05-11 16:36:09,c8580,Singapore,1.1457,100.8677,Home,Throw Blanket,2,120.15,240.3,Affiliate,Tablet,Completed,4
2026-05-11 17:20:53,c5255,Japan,38.1934,137.0737,Books,Kids Picture Book,1,186.42,186.42,Marketplace,Desktop,Completed,2
2026-05-11 17:24:00,c2092,France,44.1548,0.9088,Books,Sci-Fi Anthology,1,118.92,118.92,Web,Desktop,Completed,1
2026-05-11 17:28:54,c8679,Canada,55.9191,-108.464,Electronics,Smart Watch,2,194.85,389.7,Web,Mobile,Completed,5
2026-05-11 17:44:31,c7526,United States,35.7334,-95.9838,Apparel,Graphic T-Shirt,3,80.51,241.53,Web,Mobile,Completed,5
2026-05-11 17:54:34,c6044,Germany,51.7029,8.0972,Books,Mystery Novel,1,195.58,195.58,Mobile App,Desktop,Completed,1
2026-05-11 18:03:07,c8835,Germany,50.1306,12.9089,Books,Cookbook,2,121.73,243.46,Web,Mobile,Cancelled,4
2026-05-11 18:29:21,c3010,Germany,51.9346,11.2803,Sports,Yoga Mat,4,204.57,818.28,Web,Desktop,Completed,3
2026-05-11 18:32:09,c3820,United Kingdom,57.3976,-3.2008,Sports,Water Bottle,3,172.72,518.16,Web,Tablet,Completed,3
2026-05-11 18:46:48,c8184,Singapore,-1.2815,102.9188,Books,Cookbook,1,170.18,170.18,Affiliate,Mobile,Refunded,5
2026-05-11 18:48:27,c3533,India,18.2247,76.1249,Beauty,Makeup Brush Kit,5,107.64,538.2,Mobile App,Desktop,Completed,5
2026-05-11 18:56:06,c5801,Germany,53.3971,10.021,Books,Mystery Novel,5,43.79,218.95,Web,Desktop,Completed,4
2026-05-11 19:00:07,c6840,Japan,36.2435,137.0706,Electronics,Bluetooth Speaker,1,183.58,183.58,Mobile App,Desktop,Completed,1
2026-05-11 19:39:21,c8847,Germany,51.6427,7.8245,Sports,Camping Tent,3,191.94,575.82,Web,Desktop,Completed,2
2026-05-11 19:54:48,c2366,United Kingdom,57.8382,-5.1582,Apparel,Baseball Cap,4,37.95,151.8,Web,Tablet,Completed,4
2026-05-11 21:17:36,c5919,Canada,58.3731,-104.9592,Beauty,Lip Balm Set,4,33.25,133.0,Affiliate,Desktop,Completed,4
2026-05-11 21:25:55,c9871,Brazil,-12.4445,-53.367,Electronics,Smart Watch,3,157.67,473.01,Marketplace,Desktop,Completed,5
2026-05-11 22:33:04,c3784,United States,39.3928,-96.1443,Apparel,Baseball Cap,5,52.91,264.55,Marketplace,Mobile,Completed,5
2026-05-11 23:08:32,c6316,Japan,35.3626,135.5625,Beauty,Shampoo Bar,2,142.18,284.36,Web,Desktop,Completed,2
2026-05-11 23:43:06,c9133,Brazil,-16.0559,-54.5535,Home,Throw Blanket,2,66.58,133.16,Web,Desktop,Completed,5
2026-05-11 23:52:35,c4977,Brazil,-17.1373,-53.6951,Sports,Tennis Racket,1,157.88,157.88,Marketplace,Desktop,Completed,4
2026-05-11 23:58:57,c8510,United States,39.9864,-96.8386,Home,Air Purifier,3,210.08,630.24,Affiliate,Tablet,Refunded,4
2026-05-12 00:08:12,c8404,Canada,53.3036,-108.7244,Beauty,Face Serum,1,150.49,150.49,Mobile App,Tablet,Completed,2
2026-05-12 00:27:13,c1446,Japan,33.6022,140.8217,Books,Kids Picture Book,1,148.22,148.22,Web,Desktop,Cancelled,4
2026-05-12 00:27:23,c3834,Brazil,-15.7408,-50.5754,Books,Kids Picture Book,5,96.48,482.4,Mobile App,Tablet,Completed,1
2026-05-12 00:28:43,c5253,India,21.6878,81.4013,Electronics,Bluetooth Speaker,1,48.06,48.06,Web,Desktop,Completed,4
2026-05-12 00:57:54,c4703,India,20.9041,80.5368,Sports,Dumbbell Set,3,16.9,50.7,Affiliate,Desktop,Completed,5
2026-05-12 01:00:57,c6121,Australia,-22.3229,135.4849,Sports,Camping Tent,3,201.59,604.77,Marketplace,Tablet,Completed,5
2026-05-12 01:21:48,c8751,South Africa,-32.8725,25.5696,Sports,Water Bottle,4,212.98,851.92,Marketplace,Desktop,Completed,5
2026-05-12 02:18:48,c6386,United States,38.6636,-96.7026,Beauty,Makeup Brush Kit,1,200.47,200.47,Web,Tablet,Completed,1
2026-05-12 02:34:58,c5353,India,22.4786,81.3764,Sports,Dumbbell Set,4,46.06,184.24,Web,Mobile,Completed,2
2026-05-12 03:05:23,c1891,Germany,49.274,11.1513,Home,Desk Lamp,2,150.25,300.5,Affiliate,Tablet,Completed,4
2026-05-12 03:11:29,c5243,South Africa,-32.8921,25.8382,Apparel,Winter Coat,1,144.3,144.3,Marketplace,Tablet,Completed,5
2026-05-12 03:53:33,c8614,Singapore,0.1345,103.9176,Electronics,Mechanical Keyboard,4,34.35,137.4,Mobile App,Tablet,Completed,3
2026-05-12 05:26:27,c2570,Germany,52.7793,10.3834,Electronics,Wireless Headphones,3,73.35,220.05,Affiliate,Tablet,Completed,3
2026-05-12 05:33:24,c7446,India,22.6107,77.4728,Home,Air Purifier,1,88.73,88.73,Web,Mobile,Completed,4
2026-05-12 06:08:44,c2712,United States,34.781,-94.0817,Beauty,Face Serum,1,89.11,89.11,Mobile App,Desktop,Completed,1
2026-05-12 06:20:10,c6661,Canada,58.93,-107.2037,Electronics,Mechanical Keyboard,3,118.75,356.25,Web,Mobile,Completed,5
2026-05-12 06:41:33,c1016,Brazil,-11.5822,-51.0811,Electronics,Wireless Headphones,5,86.82,434.1,Mobile App,Mobile,Refunded,2
2026-05-12 06:55:55,c6450,South Africa,-28.6569,22.2732,Sports,Dumbbell Set,2,196.39,392.78,Web,Tablet,Refunded,2
2026-05-12 07:02:58,c8721,Canada,54.3633,-106.9314,Home,Desk Lamp,4,123.84,495.36,Mobile App,Desktop,Completed,1
2026-05-12 07:26:03,c1594,India,21.3651,78.406,Books,Mystery Novel,5,86.9,434.5,Web,Desktop,Refunded,3
2026-05-12 07:59:43,c2245,Australia,-26.4127,135.3147,Beauty,Perfume,1,122.18,122.18,Affiliate,Desktop,Completed,5
2026-05-12 08:40:01,c2152,Japan,38.425,137.514,Sports,Yoga Mat,4,117.33,469.32,Mobile App,Desktop,Completed,1
2026-05-12 09:09:36,c2220,Canada,54.4719,-108.157,Electronics,4K Monitor,2,178.3,356.6,Mobile App,Mobile,Completed,5
2026-05-12 09:35:30,c4620,South Africa,-30.1782,24.6686,Beauty,Perfume,2,77.94,155.88,Marketplace,Desktop,Cancelled,5
2026-05-12 09:44:11,c6853,Germany,52.2657,8.7009,Apparel,Running Shoes,2,191.67,383.34,Mobile App,Desktop,Completed,5
2026-05-12 10:15:09,c4484,Japan,37.3651,136.8543,Books,Cookbook,1,212.99,212.99,Mobile App,Desktop,Completed,1
2026-05-12 10:40:59,c3888,Singapore,1.0722,103.8793,Apparel,Denim Jacket,1,216.03,216.03,Web,Tablet,Completed,3
2026-05-12 10:47:06,c3877,Singapore,-0.3962,100.8319,Books,Cookbook,4,186.76,747.04,Web,Tablet,Completed,3
2026-05-12 12:48:22,c9119,United States,35.0519,-97.516,Books,Sci-Fi Anthology,4,111.68,446.72,Mobile App,Mobile,Completed,5
2026-05-12 12:50:59,c7453,France,45.9321,2.5091,Sports,Water Bottle,2,214.72,429.44,Marketplace,Mobile,Completed,5
2026-05-12 13:09:28,c1761,France,45.0187,0.5651,Beauty,Shampoo Bar,2,104.7,209.4,Affiliate,Tablet,Completed,4
2026-05-12 13:23:59,c1441,Germany,50.931,8.3165,Beauty,Perfume,4,140.43,561.72,Mobile App,Desktop,Completed,1
2026-05-12 13:27:11,c1540,United States,34.9931,-95.3391,Books,Business Guide,4,202.19,808.76,Web,Tablet,Completed,4
2026-05-12 13:31:51,c9741,Australia,-23.1551,132.5582,Home,Cutting Board Set,2,55.47,110.94,Mobile App,Mobile,Completed,3
2026-05-12 13:32:09,c5379,South Africa,-28.7441,22.3668,Beauty,Lip Balm Set,1,181.56,181.56,Web,Mobile,Completed,5
2026-05-12 14:19:27,c1130,Singapore,2.5278,105.9296,Beauty,Shampoo Bar,3,30.98,92.94,Web,Mobile,Completed,2
2026-05-12 14:29:42,c6950,United States,35.9639,-93.7088,Home,Air Purifier,4,59.78,239.12,Web,Tablet,Cancelled,2
2026-05-12 14:29:49,c5317,Mexico,25.8531,-105.5326,Sports,Tennis Racket,4,171.47,685.88,Mobile App,Mobile,Cancelled,1
2026-05-12 15:11:47,c5439,Japan,33.3276,141.057,Sports,Water Bottle,1,168.6,168.6,Web,Desktop,Completed,4
2026-05-12 15:21:21,c1651,Germany,48.5811,7.8578,Apparel,Winter Coat,5,60.2,301.0,Web,Mobile,Completed,5
2026-05-12 15:35:16,c8753,United Kingdom,55.747,-5.9086,Beauty,Face Serum,2,57.53,115.06,Marketplace,Tablet,Cancelled,4
2026-05-12 16:37:04,c1585,Germany,50.2105,10.16,Sports,Dumbbell Set,2,58.9,117.8,Mobile App,Mobile,Completed,1
2026-05-12 17:00:25,c2413,France,47.3603,1.9025,Books,Business Guide,3,212.6,637.8,Marketplace,Tablet,Completed,1
2026-05-12 17:01:22,c8083,India,22.267,77.6696,Beauty,Shampoo Bar,3,112.06,336.18,Marketplace,Tablet,Completed,5
2026-05-12 17:08:54,c9779,Brazil,-13.0229,-53.3045,Home,Desk Lamp,2,74.9,149.8,Mobile App,Desktop,Completed,5
2026-05-12 17:10:37,c3106,United States,37.8591,-97.4024,Books,Kids Picture Book,4,164.58,658.32,Mobile App,Tablet,Completed,5
2026-05-12 17:48:36,c8375,France,45.8995,1.2119,Apparel,Winter Coat,5,194.53,972.65,Web,Desktop,Completed,4
2026-05-12 17:53:09,c6895,India,23.2443,78.0257,Beauty,Shampoo Bar,2,171.63,343.26,Web,Tablet,Cancelled,1
2026-05-12 18:08:31,c7338,India,22.6327,78.6412,Sports,Tennis Racket,2,151.12,302.24,Affiliate,Mobile,Completed,5
2026-05-12 18:14:43,c1244,Mexico,24.0984,-100.0053,Apparel,Denim Jacket,1,181.04,181.04,Mobile App,Desktop,Completed,1
2026-05-12 18:29:31,c1236,Canada,54.675,-106.7488,Home,Cutting Board Set,2,28.9,57.8,Web,Mobile,Completed,3
2026-05-12 19:43:50,c1771,United Kingdom,55.1691,-6.3693,Beauty,Lip Balm Set,2,205.74,411.48,Affiliate,Tablet,Completed,5
2026-05-12 20:08:19,c9834,Australia,-22.4366,135.78,Books,Business Guide,5,39.64,198.2,Affiliate,Mobile,Completed,3
2026-05-12 20:13:48,c4268,South Africa,-28.3196,24.6568,Electronics,Bluetooth Speaker,1,157.28,157.28,Web,Desktop,Completed,2
2026-05-12 21:43:56,c7244,Canada,58.715,-104.5104,Beauty,Makeup Brush Kit,5,118.49,592.45,Web,Desktop,Completed,1
2026-05-12 21:45:57,c8406,Japan,39.1782,136.9635,Books,Cookbook,2,188.8,377.6,Mobile App,Tablet,Completed,2
2026-05-12 21:49:16,c7361,Canada,58.763,-107.1128,Books,Mystery Novel,4,13.38,53.52,Web,Desktop,Completed,5
2026-05-12 22:04:26,c3225,United Kingdom,53.3602,-4.1734,Sports,Yoga Mat,1,82.25,82.25,Mobile App,Tablet,Completed,3
2026-05-12 22:18:28,c6920,Japan,34.5704,141.1477,Home,Cutting Board Set,2,163.11,326.22,Mobile App,Desktop,Cancelled,4
2026-05-12 22:32:45,c4371,France,48.1494,0.1013,Home,Coffee Maker,4,192.45,769.8,Marketplace,Tablet,Completed,2
2026-05-12 22:47:12,c2684,Germany,49.6329,10.7112,Home,Cutting Board Set,1,182.88,182.88,Marketplace,Desktop,Completed,5
2026-05-12 22:49:02,c9042,Mexico,22.9098,-104.025,Beauty,Makeup Brush Kit,2,88.88,177.76,Web,Tablet,Completed,5
2026-05-12 23:04:07,c1354,France,44.7916,2.8866,Books,Kids Picture Book,4,39.0,156.0,Mobile App,Desktop,Completed,4
2026-05-12 23:46:55,c2258,South Africa,-30.6561,24.3294,Beauty,Lip Balm Set,2,16.51,33.02,Web,Tablet,Completed,3
2026-05-13 01:29:50,c7704,Brazil,-16.2726,-49.7205,Electronics,Smart Watch,1,67.18,67.18,Marketplace,Mobile,Completed,2
2026-05-13 01:42:49,c8024,India,18.4424,77.7239,Sports,Dumbbell Set,3,26.35,79.05,Marketplace,Mobile,Completed,5
2026-05-13 01:46:11,c2978,Mexico,22.3419,-103.5737,Sports,Yoga Mat,5,11.45,57.25,Affiliate,Mobile,Completed,4
2026-05-13 01:56:47,c6034,United Kingdom,56.5349,-1.7202,Home,Throw Blanket,4,28.53,114.12,Affiliate,Mobile,Completed,5
2026-05-13 03:03:58,c5673,Germany,48.3277,8.6211,Books,Business Guide,3,137.88,413.64,Affiliate,Desktop,Completed,4
2026-05-13 03:07:14,c6695,France,48.2353,4.5685,Books,Business Guide,5,163.43,817.15,Web,Tablet,Completed,4
2026-05-13 03:17:17,c5189,India,21.2587,81.8202,Electronics,4K Monitor,4,148.62,594.48,Marketplace,Desktop,Cancelled,5
2026-05-13 04:06:44,c7860,Japan,34.8213,138.4536,Electronics,Mechanical Keyboard,3,107.83,323.49,Web,Tablet,Completed,1
2026-05-13 04:17:35,c8414,Australia,-22.4204,134.1593,Books,Mystery Novel,4,160.33,641.32,Affiliate,Tablet,Completed,3
2026-05-13 04:33:59,c7871,Japan,35.2257,139.3801,Sports,Camping Tent,3,216.97,650.91,Mobile App,Desktop,Completed,5
2026-05-13 04:49:36,c7159,France,45.5549,2.6207,Sports,Tennis Racket,1,152.38,152.38,Web,Desktop,Completed,3
2026-05-13 04:51:45,c2910,Mexico,20.9633,-100.6789,Books,Sci-Fi Anthology,1,142.49,142.49,Web,Mobile,Cancelled,4
2026-05-13 05:47:35,c2876,United Kingdom,53.915,-0.5402,Electronics,Bluetooth Speaker,1,200.35,200.35,Web,Mobile,Refunded,4
2026-05-13 06:17:54,c8146,Canada,58.1105,-108.6283,Beauty,Lip Balm Set,3,73.09,219.27,Web,Tablet,Completed,4
2026-05-13 06:34:34,c1841,Canada,55.1016,-105.0901,Home,Cutting Board Set,5,165.28,826.4,Mobile App,Desktop,Completed,5
2026-05-13 06:42:16,c4022,Germany,49.5974,7.6969,Home,Cutting Board Set,4,63.21,252.84,Mobile App,Tablet,Completed,5
2026-05-13 07:37:46,c8294,United States,36.4768,-96.7986,Books,Business Guide,1,29.18,29.18,Web,Tablet,Completed,2
2026-05-13 08:02:10,c7839,Australia,-24.147,132.2792,Electronics,4K Monitor,2,159.09,318.18,Marketplace,Tablet,Pending,4
2026-05-13 08:03:41,c2115,Australia,-23.9696,136.4846,Apparel,Running Shoes,5,70.75,353.75,Web,Desktop,Completed,3
2026-05-13 08:18:47,c9788,South Africa,-30.9329,24.1009,Home,Desk Lamp,5,128.39,641.95,Mobile App,Tablet,Completed,5
2026-05-13 08:35:17,c6555,Brazil,-15.9897,-51.4466,Beauty,Perfume,5,124.91,624.55,Mobile App,Desktop,Completed,5
2026-05-13 08:56:47,c7713,South Africa,-28.6807,21.4242,Electronics,Bluetooth Speaker,4,136.62,546.48,Web,Mobile,Cancelled,2
2026-05-13 09:44:55,c9115,Germany,53.9757,12.2548,Books,Business Guide,3,65.69,197.07,Web,Tablet,Completed,5
2026-05-13 10:09:57,c8983,Germany,49.7449,11.5898,Apparel,Denim Jacket,2,64.78,129.56,Web,Mobile,Completed,5
2026-05-13 10:52:15,c2912,South Africa,-32.6654,21.8049,Beauty,Shampoo Bar,3,50.95,152.85,Web,Mobile,Pending,3
2026-05-13 11:52:16,c4195,Singapore,-0.1663,105.4756,Electronics,4K Monitor,4,115.97,463.88,Affiliate,Mobile,Completed,3
2026-05-13 12:09:21,c3660,India,23.0136,80.17,Apparel,Baseball Cap,4,90.19,360.76,Mobile App,Mobile,Completed,2
2026-05-13 12:50:57,c4130,United States,37.1426,-92.7622,Home,Air Purifier,2,46.56,93.12,Web,Desktop,Completed,5
2026-05-13 13:01:49,c6519,Australia,-22.7236,134.3325,Sports,Tennis Racket,3,48.56,145.68,Marketplace,Desktop,Cancelled,2
2026-05-13 13:29:25,c3603,India,22.4324,81.6003,Sports,Yoga Mat,1,180.66,180.66,Web,Tablet,Completed,1
2026-05-13 14:09:25,c6899,Germany,48.9695,8.7205,Apparel,Baseball Cap,2,63.9,127.8,Affiliate,Mobile,Completed,3
2026-05-13 14:30:56,c9449,Japan,33.2621,136.4373,Beauty,Perfume,3,153.19,459.57,Affiliate,Mobile,Completed,4
2026-05-13 14:54:01,c1772,Canada,56.5704,-103.7071,Apparel,Running Shoes,1,26.22,26.22,Web,Tablet,Completed,1
2026-05-13 14:55:35,c3505,Germany,50.8327,8.5258,Home,Desk Lamp,4,78.96,315.84,Web,Mobile,Completed,1
2026-05-13 15:41:15,c7589,United Kingdom,56.8393,-5.4863,Beauty,Face Serum,5,208.89,1044.45,Affiliate,Desktop,Completed,3
2026-05-13 16:18:23,c6631,Australia,-26.3328,132.4816,Sports,Water Bottle,5,188.71,943.55,Web,Desktop,Completed,5
2026-05-13 16:28:45,c2614,Germany,51.6475,10.7999,Sports,Dumbbell Set,2,13.95,27.9,Mobile App,Mobile,Completed,1
2026-05-13 16:46:34,c6400,Germany,52.5803,12.5352,Home,Cutting Board Set,5,54.33,271.65,Marketplace,Tablet,Completed,1
2026-05-13 18:13:55,c2627,Japan,38.224,139.061,Electronics,Mechanical Keyboard,1,37.93,37.93,Web,Desktop,Completed,5
2026-05-13 18:28:45,c1708,United States,35.4756,-93.1964,Home,Throw Blanket,5,134.2,671.0,Affiliate,Mobile,Completed,5
2026-05-13 18:38:26,c1583,United Kingdom,55.9424,-5.5024,Home,Coffee Maker,3,57.3,171.9,Affiliate,Tablet,Completed,2
2026-05-13 19:27:09,c1945,United Kingdom,57.7733,-3.7671,Electronics,Smart Watch,5,96.07,480.35,Affiliate,Tablet,Completed,1
2026-05-13 19:28:47,c7230,Australia,-22.4752,134.679,Home,Coffee Maker,1,146.38,146.38,Mobile App,Desktop,Cancelled,1
2026-05-13 19:38:55,c6224,United States,36.8246,-94.1557,Apparel,Running Shoes,2,55.2,110.4,Mobile App,Mobile,Completed,5
2026-05-13 20:05:14,c8804,South Africa,-29.253,22.3863,Apparel,Baseball Cap,4,173.74,694.96,Web,Tablet,Completed,5
2026-05-13 20:12:00,c7524,Singapore,2.4842,101.1503,Sports,Dumbbell Set,3,141.5,424.5,Affiliate,Tablet,Refunded,1
2026-05-13 20:16:33,c8456,Canada,54.2854,-105.3787,Electronics,4K Monitor,1,25.6,25.6,Mobile App,Tablet,Pending,3
2026-05-13 20:30:11,c9849,Brazil,-16.3262,-51.1166,Sports,Camping Tent,1,133.38,133.38,Affiliate,Tablet,Completed,5
2026-05-13 21:05:49,c1506,Germany,51.003,11.7268,Apparel,Graphic T-Shirt,3,21.74,65.22,Mobile App,Tablet,Completed,4
2026-05-13 21:14:52,c4208,United Kingdom,58.0467,-2.5113,Books,Cookbook,2,115.26,230.52,Affiliate,Desktop,Pending,5
2026-05-13 21:49:26,c2845,Japan,37.6693,139.6375,Beauty,Perfume,2,66.63,133.26,Web,Tablet,Completed,2
2026-05-13 21:59:20,c5462,Singapore,-0.6336,102.1309,Electronics,Mechanical Keyboard,3,11.09,33.27,Web,Mobile,Completed,5
2026-05-13 22:04:27,c9565,Canada,56.3905,-106.4071,Beauty,Lip Balm Set,1,130.91,130.91,Web,Mobile,Cancelled,4
2026-05-13 22:06:49,c6972,United Kingdom,54.9705,-5.0427,Apparel,Graphic T-Shirt,4,151.34,605.36,Marketplace,Tablet,Completed,5
2026-05-13 23:05:09,c5812,Germany,49.6455,7.5537,Electronics,Mechanical Keyboard,2,137.82,275.64,Web,Tablet,Completed,1
2026-05-13 23:10:33,c5298,United Kingdom,55.2107,-5.581,Sports,Water Bottle,5,62.79,313.95,Mobile App,Mobile,Pending,1
2026-05-13 23:15:20,c7736,United States,39.9455,-97.7861,Books,Mystery Novel,2,53.86,107.72,Web,Mobile,Completed,3
2026-05-13 23:18:14,c1019,Canada,53.5091,-107.5054,Beauty,Makeup Brush Kit,1,170.93,170.93,Web,Desktop,Completed,5
2026-05-13 23:24:22,c4573,Australia,-27.1243,134.5447,Books,Mystery Novel,5,68.38,341.9,Marketplace,Desktop,Refunded,5
2026-05-13 23:37:24,c8359,Australia,-25.0014,131.6761,Electronics,Smart Watch,1,21.58,21.58,Web,Tablet,Completed,5
2026-05-14 00:06:26,c1666,Singapore,-1.0886,101.4308,Electronics,Wireless Headphones,1,213.75,213.75,Marketplace,Tablet,Completed,4
2026-05-14 00:37:45,c5283,Brazil,-12.1613,-53.8982,Home,Air Purifier,2,50.76,101.52,Affiliate,Tablet,Completed,3
2026-05-14 01:04:51,c8989,Australia,-24.8306,134.0037,Books,Kids Picture Book,5,126.36,631.8,Mobile App,Mobile,Completed,4
2026-05-14 01:25:24,c6682,Brazil,-14.8498,-54.0798,Books,Business Guide,3,95.39,286.17,Web,Desktop,Refunded,2
2026-05-14 01:39:31,c4167,United Kingdom,58.237,-5.879,Electronics,4K Monitor,1,104.14,104.14,Web,Tablet,Completed,4
2026-05-14 01:48:02,c3219,France,49.1295,3.4702,Beauty,Face Serum,4,108.66,434.64,Affiliate,Mobile,Completed,5
2026-05-14 01:54:39,c7924,Mexico,22.147,-102.2862,Books,Mystery Novel,5,63.5,317.5,Web,Mobile,Completed,5
2026-05-14 02:15:08,c1229,Brazil,-13.3443,-51.23,Books,Business Guide,1,119.91,119.91,Affiliate,Tablet,Completed,5
2026-05-14 02:18:46,c4047,Brazil,-13.7511,-51.5283,Books,Cookbook,1,209.68,209.68,Affiliate,Desktop,Completed,5
2026-05-14 02:24:30,c3504,Singapore,1.2587,105.8878,Sports,Camping Tent,3,79.37,238.11,Marketplace,Desktop,Completed,5
2026-05-14 02:26:27,c7449,Brazil,-11.3131,-49.6111,Electronics,4K Monitor,5,71.62,358.1,Mobile App,Desktop,Pending,4
2026-05-14 02:27:15,c3554,France,48.1098,2.2155,Electronics,Smart Watch,2,18.25,36.5,Mobile App,Desktop,Refunded,5
2026-05-14 02:34:57,c2853,United States,35.7633,-97.7301,Sports,Yoga Mat,4,110.89,443.56,Affiliate,Mobile,Completed,3
2026-05-14 03:17:14,c8387,United Kingdom,56.7159,-5.761,Sports,Water Bottle,4,95.67,382.68,Web,Desktop,Completed,4
2026-05-14 05:28:46,c4079,Singapore,-0.8982,106.105,Electronics,Smart Watch,3,13.19,39.57,Marketplace,Mobile,Completed,5
2026-05-14 05:29:05,c9884,Germany,52.3031,11.7525,Apparel,Running Shoes,4,23.37,93.48,Marketplace,Desktop,Completed,1
2026-05-14 06:34:20,c7308,Japan,33.2028,140.0135,Home,Desk Lamp,2,25.56,51.12,Affiliate,Mobile,Cancelled,2
2026-05-14 06:49:35,c4355,Australia,-26.3917,135.4036,Electronics,Wireless Headphones,1,143.66,143.66,Affiliate,Desktop,Completed,2
2026-05-14 07:06:55,c8944,United Kingdom,55.5865,-4.3302,Apparel,Running Shoes,5,67.66,338.3,Affiliate,Mobile,Cancelled,3
2026-05-14 08:19:47,c9700,Mexico,21.0694,-101.4397,Books,Cookbook,2,181.12,362.24,Marketplace,Mobile,Completed,3
2026-05-14 08:40:04,c7027,United Kingdom,56.3722,-5.6813,Electronics,Smart Watch,3,186.85,560.55,Web,Desktop,Pending,1
2026-05-14 09:16:41,c1674,Japan,37.4777,138.6187,Electronics,Bluetooth Speaker,3,26.91,80.73,Web,Mobile,Completed,5
2026-05-14 10:03:03,c8424,France,44.8592,2.8125,Books,Cookbook,5,215.87,1079.35,Marketplace,Tablet,Completed,5
2026-05-14 10:12:06,c7737,India,18.9599,77.2456,Home,Coffee Maker,5,202.32,1011.6,Mobile App,Mobile,Completed,5
2026-05-14 10:20:57,c4117,South Africa,-32.1234,21.6516,Sports,Tennis Racket,5,83.08,415.4,Affiliate,Tablet,Completed,4
2026-05-14 10:26:05,c3503,Japan,34.8303,137.1683,Sports,Yoga Mat,2,57.03,114.06,Mobile App,Desktop,Completed,5
2026-05-14 10:56:15,c1451,Singapore,4.1422,104.5785,Home,Throw Blanket,3,13.97,41.91,Mobile App,Desktop,Completed,5
2026-05-14 10:57:08,c3231,Brazil,-13.6249,-51.2534,Sports,Dumbbell Set,3,51.68,155.04,Web,Desktop,Completed,5
2026-05-14 10:59:43,c8209,Canada,53.267,-107.0909,Electronics,Smart Watch,4,11.01,44.04,Marketplace,Tablet,Completed,2
2026-05-14 11:10:30,c7430,United States,37.1441,-93.5528,Beauty,Lip Balm Set,1,187.09,187.09,Web,Desktop,Pending,3
2026-05-14 11:10:54,c5924,Japan,38.703,136.3975,Electronics,Smart Watch,5,190.44,952.2,Web,Desktop,Completed,4
2026-05-14 11:23:10,c6304,Brazil,-11.4947,-52.7705,Home,Throw Blanket,3,115.89,347.67,Affiliate,Tablet,Completed,5
2026-05-14 11:34:33,c8483,India,20.9963,80.4083,Apparel,Denim Jacket,4,50.73,202.92,Affiliate,Tablet,Completed,1
2026-05-14 11:38:37,c8392,Australia,-23.557,136.2082,Beauty,Perfume,3,156.77,470.31,Marketplace,Desktop,Completed,4
2026-05-14 11:50:52,c7962,Brazil,-16.5435,-50.7743,Books,Business Guide,3,155.22,465.66,Web,Tablet,Cancelled,5
2026-05-14 11:55:33,c9570,Germany,53.7105,10.3271,Home,Throw Blanket,4,196.62,786.48,Marketplace,Desktop,Completed,1
2026-05-14 12:21:35,c6918,France,48.3587,3.7763,Sports,Tennis Racket,1,174.2,174.2,Marketplace,Tablet,Completed,2
2026-05-14 12:31:14,c4809,France,43.7953,0.4683,Apparel,Running Shoes,4,134.48,537.92,Mobile App,Mobile,Completed,5
2026-05-14 12:34:39,c3583,Japan,35.582,138.1141,Electronics,Bluetooth Speaker,4,49.28,197.12,Mobile App,Tablet,Completed,3
2026-05-14 13:08:48,c9935,South Africa,-32.892,24.3893,Apparel,Denim Jacket,1,151.46,151.46,Web,Tablet,Completed,1
2026-05-14 13:09:14,c7557,United Kingdom,57.3942,-0.5205,Apparel,Winter Coat,4,16.29,65.16,Marketplace,Tablet,Completed,1
2026-05-14 13:12:08,c4613,India,22.3082,77.0306,Books,Kids Picture Book,1,184.74,184.74,Mobile App,Mobile,Cancelled,5
2026-05-14 13:19:50,c1377,Germany,52.8739,12.6066,Apparel,Baseball Cap,1,87.93,87.93,Marketplace,Desktop,Refunded,4
2026-05-14 13:55:25,c5899,South Africa,-29.3622,21.8768,Electronics,Smart Watch,5,204.89,1024.45,Mobile App,Tablet,Completed,5
2026-05-14 14:17:49,c7299,United States,34.2219,-97.9419,Electronics,Bluetooth Speaker,1,168.71,168.71,Mobile App,Desktop,Completed,2
2026-05-14 15:15:22,c2524,Mexico,22.2049,-104.8417,Home,Air Purifier,5,165.5,827.5,Marketplace,Desktop,Completed,1
2026-05-14 15:38:52,c6351,Australia,-28.1337,134.1303,Books,Kids Picture Book,3,190.29,570.87,Mobile App,Desktop,Completed,5
2026-05-14 16:03:33,c9648,Germany,49.9442,7.5701,Sports,Dumbbell Set,1,187.36,187.36,Marketplace,Tablet,Completed,5
2026-05-14 16:09:57,c6029,Singapore,2.0095,103.0999,Beauty,Shampoo Bar,2,20.29,40.58,Affiliate,Mobile,Completed,5
2026-05-14 16:18:30,c6576,France,47.7062,4.6628,Books,Mystery Novel,2,197.07,394.14,Affiliate,Tablet,Completed,5
2026-05-14 16:34:37,c2661,France,44.2305,0.6994,Home,Desk Lamp,1,135.71,135.71,Mobile App,Mobile,Pending,5
2026-05-14 16:38:06,c5757,Canada,55.9725,-105.2245,Home,Air Purifier,1,86.82,86.82,Mobile App,Desktop,Completed,2
2026-05-14 17:48:09,c7015,Brazil,-14.6293,-51.8952,Electronics,Bluetooth Speaker,2,187.05,374.1,Affiliate,Desktop,Completed,1
2026-05-14 17:50:13,c8856,Germany,48.7462,8.6395,Sports,Tennis Racket,3,172.7,518.1,Mobile App,Tablet,Completed,3
2026-05-14 18:01:55,c9328,Germany,49.0409,13.3281,Apparel,Denim Jacket,2,202.96,405.92,Web,Tablet,Completed,4
2026-05-14 18:13:49,c9592,United States,39.0892,-97.2029,Sports,Camping Tent,2,78.9,157.8,Mobile App,Tablet,Completed,5
2026-05-14 18:52:15,c6691,Canada,55.3212,-104.4553,Books,Business Guide,4,137.25,549.0,Marketplace,Desktop,Refunded,1
2026-05-14 18:55:49,c6518,South Africa,-33.0592,24.1156,Electronics,Wireless Headphones,3,27.3,81.9,Web,Mobile,Refunded,5
2026-05-14 19:05:16,c5578,Mexico,22.8415,-102.0684,Beauty,Face Serum,5,216.52,1082.6,Affiliate,Tablet,Completed,2
2026-05-14 19:09:39,c5614,United States,36.6947,-98.4245,Home,Air Purifier,1,52.68,52.68,Marketplace,Tablet,Completed,2
2026-05-14 19:26:04,c1478,Japan,33.672,139.5793,Electronics,Wireless Headphones,2,147.25,294.5,Marketplace,Desktop,Completed,3
2026-05-14 19:36:15,c3290,Australia,-25.937,136.5331,Apparel,Running Shoes,5,153.08,765.4,Web,Tablet,Cancelled,5
2026-05-14 19:56:49,c6592,Australia,-23.3019,136.1635,Books,Mystery Novel,5,137.32,686.6,Web,Tablet,Completed,3
2026-05-14 20:17:40,c6910,Singapore,0.7583,105.8758,Apparel,Graphic T-Shirt,5,210.24,1051.2,Affiliate,Mobile,Completed,1
2026-05-14 20:20:04,c2428,Germany,51.5714,13.4164,Electronics,Wireless Headphones,3,123.99,371.97,Affiliate,Desktop,Completed,3
2026-05-14 20:27:42,c7523,Germany,51.5279,10.4049,Electronics,4K Monitor,1,86.9,86.9,Affiliate,Mobile,Completed,2
2026-05-14 20:33:36,c5989,Singapore,3.5199,100.9548,Home,Air Purifier,5,95.35,476.75,Web,Mobile,Completed,5
2026-05-14 20:44:19,c6327,United States,38.3418,-94.1584,Books,Business Guide,4,193.3,773.2,Web,Desktop,Pending,1
2026-05-14 20:54:53,c9830,Japan,37.1326,137.6238,Beauty,Perfume,3,37.6,112.8,Marketplace,Tablet,Completed,5
2026-05-14 21:14:53,c7704,Mexico,22.522,-99.8619,Beauty,Makeup Brush Kit,3,161.97,485.91,Mobile App,Mobile,Completed,1
2026-05-14 21:34:12,c8757,Brazil,-11.7065,-51.0592,Sports,Tennis Racket,2,124.63,249.26,Marketplace,Desktop,Completed,1
2026-05-14 22:10:28,c9676,Germany,52.3081,8.2359,Beauty,Lip Balm Set,1,207.79,207.79,Mobile App,Desktop,Completed,5
2026-05-14 22:54:45,c9524,Singapore,-0.4495,103.1808,Apparel,Graphic T-Shirt,1,92.81,92.81,Mobile App,Mobile,Completed,5
2026-05-14 23:01:20,c1176,Canada,57.1411,-108.6033,Apparel,Winter Coat,3,152.42,457.26,Marketplace,Mobile,Completed,4
2026-05-14 23:14:50,c4578,Japan,36.8618,136.3207,Books,Mystery Novel,5,170.97,854.85,Web,Mobile,Completed,2
2026-05-14 23:42:32,c5421,Germany,50.3333,8.0071,Books,Mystery Novel,3,46.39,139.17,Web,Desktop,Cancelled,1
2026-05-15 00:26:18,c3019,Mexico,20.7126,-104.9083,Apparel,Winter Coat,2,161.55,323.1,Marketplace,Mobile,Pending,5
2026-05-15 00:54:14,c9871,Singapore,1.2024,104.6558,Apparel,Graphic T-Shirt,2,119.16,238.32,Mobile App,Mobile,Completed,3
2026-05-15 00:58:30,c8004,South Africa,-31.344,20.6744,Home,Desk Lamp,5,147.75,738.75,Marketplace,Mobile,Completed,1
2026-05-15 02:33:28,c3469,Mexico,23.8788,-100.2152,Apparel,Baseball Cap,1,92.85,92.85,Mobile App,Tablet,Completed,1
2026-05-15 03:00:30,c2596,Brazil,-17.1137,-51.8413,Apparel,Baseball Cap,5,142.66,713.3,Affiliate,Desktop,Completed,5
2026-05-15 03:19:56,c6274,Mexico,20.8462,-104.3496,Electronics,4K Monitor,1,101.01,101.01,Web,Tablet,Completed,4
2026-05-15 03:28:55,c6000,Brazil,-16.0528,-52.3829,Sports,Water Bottle,3,190.73,572.19,Mobile App,Tablet,Completed,5
2026-05-15 03:37:54,c5865,Mexico,26.4298,-103.1784,Electronics,4K Monitor,2,76.69,153.38,Web,Tablet,Completed,3
2026-05-15 04:11:01,c7980,Singapore,2.3889,104.7982,Electronics,Wireless Headphones,3,135.67,407.01,Marketplace,Tablet,Completed,4
2026-05-15 04:12:40,c4454,Brazil,-12.1501,-51.1972,Books,Cookbook,2,171.37,342.74,Affiliate,Mobile,Completed,5
2026-05-15 04:42:33,c7869,Australia,-24.2025,136.4748,Sports,Water Bottle,3,37.57,112.71,Web,Tablet,Completed,5
2026-05-15 04:54:14,c8619,South Africa,-31.6087,22.7641,Beauty,Makeup Brush Kit,4,216.66,866.64,Affiliate,Desktop,Completed,5
2026-05-15 06:12:14,c7732,Germany,50.773,12.4541,Electronics,Mechanical Keyboard,3,53.89,161.67,Mobile App,Tablet,Completed,5
2026-05-15 06:54:49,c7593,Singapore,2.5768,100.9857,Sports,Tennis Racket,2,109.09,218.18,Mobile App,Mobile,Completed,3
2026-05-15 07:09:50,c9883,Canada,54.5715,-104.4796,Apparel,Denim Jacket,3,187.58,562.74,Mobile App,Desktop,Completed,3
2026-05-15 07:10:30,c1876,Australia,-23.1535,134.6116,Books,Mystery Novel,1,202.94,202.94,Mobile App,Tablet,Completed,5
2026-05-15 08:07:09,c3066,Mexico,21.5613,-105.0733,Sports,Yoga Mat,1,219.62,219.62,Mobile App,Tablet,Completed,5
2026-05-15 08:24:54,c7929,United Kingdom,55.0518,-2.9774,Home,Throw Blanket,5,190.63,953.15,Mobile App,Desktop,Refunded,5
2026-05-15 08:36:25,c8174,India,17.7739,80.1365,Sports,Dumbbell Set,3,201.54,604.62,Web,Mobile,Completed,5
2026-05-15 08:49:04,c9900,Australia,-23.1628,135.5496,Home,Coffee Maker,1,126.37,126.37,Web,Desktop,Completed,4
2026-05-15 08:52:31,c5071,Singapore,1.0835,105.8595,Electronics,Wireless Headphones,5,117.67,588.35,Mobile App,Desktop,Completed,5
2026-05-15 09:12:01,c2656,India,17.7886,79.903,Apparel,Denim Jacket,2,207.01,414.02,Web,Desktop,Completed,5
2026-05-15 09:15:10,c2968,India,21.7759,76.604,Books,Business Guide,1,68.09,68.09,Affiliate,Desktop,Completed,1
2026-05-15 09:48:10,c4330,Singapore,0.8046,103.2552,Beauty,Face Serum,5,99.24,496.2,Mobile App,Tablet,Completed,5
2026-05-15 10:11:21,c2946,United Kingdom,58.2617,-2.5394,Sports,Camping Tent,4,59.94,239.76,Mobile App,Mobile,Completed,3
2026-05-15 10:16:41,c5921,Australia,-25.4607,131.2551,Books,Sci-Fi Anthology,2,153.07,306.14,Mobile App,Tablet,Completed,1
2026-05-15 10:23:23,c1894,India,21.5603,77.4515,Home,Air Purifier,5,197.12,985.6,Web,Tablet,Cancelled,5
2026-05-15 11:05:00,c6091,Australia,-23.2102,135.4433,Books,Kids Picture Book,2,132.57,265.14,Marketplace,Tablet,Refunded,1
2026-05-15 11:05:14,c4610,Brazil,-16.2743,-51.8535,Sports,Dumbbell Set,1,169.29,169.29,Affiliate,Mobile,Completed,1
2026-05-15 11:18:48,c8486,Japan,34.9329,139.2666,Apparel,Winter Coat,2,16.37,32.74,Mobile App,Mobile,Completed,4
2026-05-15 11:29:10,c4858,United States,36.9927,-94.516,Sports,Camping Tent,2,174.14,348.28,Web,Tablet,Cancelled,5
2026-05-15 11:38:38,c1073,France,46.6722,-0.2037,Books,Sci-Fi Anthology,5,144.88,724.4,Affiliate,Tablet,Completed,5
2026-05-15 11:52:30,c9697,South Africa,-32.225,22.6204,Home,Coffee Maker,4,37.84,151.36,Marketplace,Tablet,Refunded,5
2026-05-15 12:04:30,c1303,Singapore,2.1834,106.1907,Electronics,Bluetooth Speaker,4,123.35,493.4,Web,Tablet,Completed,3
2026-05-15 12:51:07,c6896,Japan,35.1332,139.2745,Books,Sci-Fi Anthology,5,41.65,208.25,Marketplace,Tablet,Completed,5
2026-05-15 12:53:41,c2653,Singapore,2.7419,105.4738,Sports,Water Bottle,3,150.52,451.56,Marketplace,Tablet,Completed,5
2026-05-15 12:56:38,c3367,Canada,54.3501,-107.8338,Sports,Water Bottle,5,185.83,929.15,Affiliate,Mobile,Completed,2
2026-05-15 13:13:00,c7261,India,21.9437,79.9517,Electronics,Mechanical Keyboard,1,102.4,102.4,Web,Mobile,Completed,1
2026-05-15 13:24:24,c8967,Mexico,26.5916,-103.834,Electronics,Mechanical Keyboard,1,178.73,178.73,Marketplace,Mobile,Completed,1
2026-05-15 13:47:11,c6961,Japan,35.4722,138.6263,Electronics,Mechanical Keyboard,5,95.97,479.85,Affiliate,Desktop,Completed,4
2026-05-15 14:02:16,c5702,Germany,50.7418,9.4591,Apparel,Winter Coat,3,140.45,421.35,Marketplace,Desktop,Completed,5
2026-05-15 14:23:03,c7707,Singapore,-1.0427,103.4312,Books,Business Guide,3,59.87,179.61,Web,Mobile,Completed,1
2026-05-15 14:56:08,c6488,United Kingdom,55.9535,-2.0783,Beauty,Face Serum,3,174.6,523.8,Mobile App,Mobile,Completed,3
2026-05-15 15:32:57,c8203,Australia,-24.0114,134.7701,Books,Mystery Novel,2,96.69,193.38,Marketplace,Desktop,Completed,5
2026-05-15 15:46:39,c3569,Japan,36.5369,138.7485,Beauty,Face Serum,4,126.8,507.2,Affiliate,Desktop,Refunded,2
2026-05-15 15:58:24,c5125,Australia,-24.1085,135.5676,Apparel,Baseball Cap,3,29.96,89.88,Marketplace,Desktop,Completed,2
2026-05-15 16:16:16,c2706,Brazil,-12.5307,-50.3138,Sports,Tennis Racket,5,136.11,680.55,Web,Mobile,Completed,2
2026-05-15 16:39:58,c5225,Mexico,22.4854,-100.5615,Apparel,Graphic T-Shirt,4,148.58,594.32,Mobile App,Desktop,Completed,5
2026-05-15 16:40:36,c6758,United Kingdom,55.2896,-5.8167,Home,Coffee Maker,4,44.48,177.92,Mobile App,Desktop,Completed,5
2026-05-15 17:09:45,c3789,Singapore,2.9277,105.8152,Home,Air Purifier,1,105.41,105.41,Marketplace,Desktop,Completed,5
2026-05-15 18:14:28,c7182,Canada,55.2105,-105.1299,Home,Air Purifier,2,23.95,47.9,Mobile App,Desktop,Completed,4
2026-05-15 18:32:00,c1362,Australia,-24.0672,133.732,Home,Coffee Maker,1,213.58,213.58,Mobile App,Desktop,Completed,3
2026-05-15 18:43:36,c1022,Brazil,-11.7537,-54.8742,Sports,Water Bottle,1,102.07,102.07,Affiliate,Mobile,Completed,4
2026-05-15 19:04:35,c2874,United States,39.7877,-97.5138,Electronics,Bluetooth Speaker,2,34.76,69.52,Mobile App,Mobile,Completed,5
2026-05-15 19:49:33,c7560,Germany,50.0325,12.5891,Books,Cookbook,1,76.95,76.95,Mobile App,Tablet,Completed,4
2026-05-15 19:51:36,c5024,France,43.9748,1.9852,Home,Desk Lamp,5,205.62,1028.1,Web,Mobile,Refunded,4
2026-05-15 20:12:44,c9095,Japan,33.8168,136.7858,Apparel,Baseball Cap,1,45.55,45.55,Affiliate,Tablet,Completed,5
2026-05-15 20:13:39,c4195,Brazil,-16.9041,-53.8638,Beauty,Lip Balm Set,2,172.13,344.26,Marketplace,Mobile,Completed,1
2026-05-15 20:22:34,c1862,United Kingdom,56.6529,-6.0647,Electronics,Bluetooth Speaker,5,40.13,200.65,Mobile App,Mobile,Completed,4
2026-05-15 20:56:53,c7121,Brazil,-13.5522,-53.6152,Apparel,Winter Coat,4,166.52,666.08,Affiliate,Tablet,Completed,5
2026-05-15 21:13:31,c7135,United Kingdom,53.1052,-3.0094,Electronics,Bluetooth Speaker,1,86.75,86.75,Marketplace,Mobile,Completed,3
2026-05-15 21:40:21,c4549,Germany,48.6355,12.0315,Beauty,Lip Balm Set,4,83.91,335.64,Web,Tablet,Completed,5
2026-05-15 22:07:35,c7404,Brazil,-13.7183,-51.5245,Electronics,4K Monitor,3,128.46,385.38,Affiliate,Desktop,Cancelled,2
2026-05-15 22:09:17,c5934,United States,36.0734,-94.4519,Apparel,Running Shoes,3,134.54,403.62,Affiliate,Tablet,Completed,2
2026-05-15 22:19:22,c8861,India,19.8313,81.5349,Electronics,Mechanical Keyboard,1,25.19,25.19,Affiliate,Tablet,Cancelled,1
2026-05-15 22:31:38,c1133,Singapore,3.8286,101.3512,Beauty,Shampoo Bar,3,72.13,216.39,Web,Tablet,Cancelled,2
2026-05-15 22:57:11,c1501,Brazil,-11.6833,-54.5886,Books,Business Guide,4,108.31,433.24,Marketplace,Mobile,Completed,4
2026-05-15 23:15:22,c8967,Australia,-22.3007,136.5208,Home,Throw Blanket,5,84.59,422.95,Affiliate,Desktop,Cancelled,2
2026-05-15 23:22:02,c7041,Brazil,-15.3525,-52.2985,Home,Cutting Board Set,4,120.35,481.4,Web,Tablet,Completed,4
2026-05-15 23:30:19,c6795,Australia,-22.2872,132.8566,Beauty,Makeup Brush Kit,2,45.87,91.74,Affiliate,Desktop,Completed,5
2026-05-15 23:32:06,c3257,Mexico,23.2791,-102.5146,Beauty,Face Serum,3,78.94,236.82,Web,Desktop,Completed,5
2026-05-16 00:00:35,c1113,Canada,56.1062,-106.2171,Home,Air Purifier,4,62.04,248.16,Affiliate,Mobile,Completed,3
2026-05-16 00:09:21,c3592,Mexico,25.3735,-101.3515,Sports,Yoga Mat,1,69.62,69.62,Affiliate,Desktop,Completed,5
2026-05-16 00:21:46,c8326,Germany,50.6103,8.4001,Apparel,Denim Jacket,4,34.58,138.32,Affiliate,Mobile,Completed,5
2026-05-16 00:36:33,c2861,Mexico,23.323,-104.6117,Home,Air Purifier,2,12.61,25.22,Affiliate,Mobile,Completed,3
2026-05-16 01:15:44,c3337,Australia,-27.4437,136.0523,Sports,Water Bottle,1,159.2,159.2,Mobile App,Mobile,Completed,2
2026-05-16 01:22:20,c9368,United States,39.4789,-98.3488,Beauty,Makeup Brush Kit,3,95.41,286.23,Mobile App,Tablet,Completed,5
2026-05-16 01:48:06,c1918,Brazil,-11.2732,-51.174,Apparel,Denim Jacket,3,183.23,549.69,Mobile App,Desktop,Completed,5
2026-05-16 02:40:15,c8109,Canada,54.4538,-107.7372,Sports,Camping Tent,4,57.13,228.52,Marketplace,Desktop,Cancelled,2
2026-05-16 02:48:36,c9265,Mexico,25.1394,-104.9114,Beauty,Perfume,2,159.83,319.66,Web,Mobile,Completed,2
2026-05-16 02:50:21,c2525,Brazil,-16.6506,-50.3665,Sports,Tennis Racket,4,126.66,506.64,Web,Tablet,Pending,3
2026-05-16 03:22:25,c4761,United States,34.9068,-93.6039,Electronics,Wireless Headphones,3,86.97,260.91,Mobile App,Desktop,Cancelled,3
2026-05-16 03:36:55,c2650,Brazil,-13.5237,-50.4754,Apparel,Running Shoes,5,42.67,213.35,Web,Desktop,Completed,3
2026-05-16 04:17:14,c1181,United States,38.3801,-95.0496,Sports,Camping Tent,4,62.11,248.44,Marketplace,Desktop,Completed,4
2026-05-16 06:19:27,c2388,Japan,35.5754,137.086,Books,Kids Picture Book,3,61.96,185.88,Mobile App,Desktop,Completed,5
2026-05-16 06:46:17,c8130,India,17.7184,77.1261,Sports,Water Bottle,3,136.9,410.7,Affiliate,Mobile,Completed,2
2026-05-16 07:10:36,c8140,United States,39.047,-96.4063,Books,Kids Picture Book,1,152.6,152.6,Web,Mobile,Completed,2
2026-05-16 07:26:44,c9325,United Kingdom,54.209,-2.3011,Books,Sci-Fi Anthology,3,171.59,514.77,Mobile App,Desktop,Completed,4
2026-05-16 07:34:01,c4927,France,45.1435,0.4959,Electronics,Smart Watch,3,20.24,60.72,Web,Tablet,Refunded,5
2026-05-16 07:46:22,c5430,Singapore,-1.1392,104.3941,Electronics,Wireless Headphones,5,196.89,984.45,Mobile App,Tablet,Completed,3
2026-05-16 07:48:27,c7501,South Africa,-27.9761,21.125,Books,Cookbook,1,95.27,95.27,Marketplace,Mobile,Completed,2
2026-05-16 08:16:42,c9732,India,23.5641,81.8147,Apparel,Baseball Cap,3,22.38,67.14,Web,Desktop,Completed,3
2026-05-16 09:56:22,c3672,India,23.0676,80.6163,Electronics,Smart Watch,4,152.29,609.16,Mobile App,Mobile,Completed,5
2026-05-16 09:59:13,c6084,Germany,53.3927,9.3085,Beauty,Perfume,5,129.92,649.6,Mobile App,Tablet,Completed,5
2026-05-16 10:30:48,c6152,Australia,-24.8535,133.6378,Electronics,4K Monitor,4,200.46,801.84,Web,Mobile,Completed,4
2026-05-16 11:05:19,c5436,Japan,34.6953,140.344,Beauty,Lip Balm Set,3,194.17,582.51,Affiliate,Mobile,Completed,4
2026-05-16 11:16:30,c3713,France,47.0737,4.407,Electronics,Smart Watch,4,39.85,159.4,Affiliate,Tablet,Completed,4
2026-05-16 11:20:10,c2791,Brazil,-12.1236,-49.6511,Beauty,Makeup Brush Kit,4,172.76,691.04,Web,Mobile,Completed,2
2026-05-16 11:35:34,c3285,Brazil,-11.2655,-54.8256,Home,Coffee Maker,5,28.08,140.4,Marketplace,Desktop,Completed,5
2026-05-16 11:54:03,c1276,United Kingdom,55.6623,-1.5331,Electronics,Bluetooth Speaker,1,177.78,177.78,Affiliate,Tablet,Completed,3
2026-05-16 12:37:31,c6333,France,44.9265,2.1183,Electronics,Smart Watch,5,42.9,214.5,Web,Mobile,Completed,5
2026-05-16 14:40:46,c6611,Canada,54.1514,-109.1487,Sports,Dumbbell Set,1,163.77,163.77,Affiliate,Tablet,Refunded,4
2026-05-16 14:53:10,c9306,South Africa,-29.164,23.8752,Books,Mystery Novel,3,35.29,105.87,Affiliate,Tablet,Completed,5
2026-05-16 15:07:02,c9413,South Africa,-29.8909,24.2519,Apparel,Denim Jacket,1,100.02,100.02,Web,Mobile,Completed,3
2026-05-16 15:09:19,c1290,Brazil,-13.4313,-52.1082,Sports,Yoga Mat,2,197.53,395.06,Web,Mobile,Completed,1
2026-05-16 16:05:33,c4418,Germany,53.27,13.0407,Home,Coffee Maker,2,135.14,270.28,Affiliate,Tablet,Cancelled,5
2026-05-16 16:08:09,c7682,India,19.0158,76.618,Home,Coffee Maker,5,31.58,157.9,Marketplace,Mobile,Completed,3
2026-05-16 16:21:25,c9956,Singapore,3.884,103.6796,Apparel,Baseball Cap,3,186.33,558.99,Marketplace,Tablet,Completed,1
2026-05-16 16:50:26,c9358,South Africa,-29.691,23.3136,Books,Mystery Novel,1,189.98,189.98,Mobile App,Tablet,Completed,2
2026-05-16 17:00:30,c4252,Japan,35.3855,140.7497,Electronics,Wireless Headphones,3,55.01,165.03,Affiliate,Tablet,Completed,5
2026-05-16 17:05:22,c6091,India,20.575,76.26,Books,Sci-Fi Anthology,1,181.88,181.88,Marketplace,Mobile,Refunded,5
2026-05-16 17:32:45,c4382,Mexico,22.3848,-105.3228,Apparel,Winter Coat,1,11.51,11.51,Web,Tablet,Completed,3
2026-05-16 17:37:11,c3902,Germany,48.5984,13.0585,Beauty,Perfume,4,193.62,774.48,Marketplace,Desktop,Completed,2
2026-05-16 18:10:05,c9553,Singapore,3.1763,105.5799,Electronics,Wireless Headphones,2,80.53,161.06,Mobile App,Mobile,Pending,5
2026-05-16 18:56:36,c8588,United States,38.9141,-95.3088,Apparel,Graphic T-Shirt,4,80.89,323.56,Affiliate,Desktop,Completed,5
2026-05-16 18:57:52,c6179,Japan,37.6155,140.809,Apparel,Winter Coat,2,186.23,372.46,Affiliate,Mobile,Completed,4
2026-05-16 19:06:04,c6860,Canada,55.5766,-105.3624,Electronics,Wireless Headphones,1,15.69,15.69,Affiliate,Mobile,Completed,5
2026-05-16 19:26:51,c2705,France,47.044,1.9323,Books,Cookbook,5,82.62,413.1,Web,Tablet,Completed,5
2026-05-16 19:32:44,c6515,France,44.9068,1.364,Beauty,Shampoo Bar,3,131.53,394.59,Web,Desktop,Completed,4
2026-05-16 20:19:03,c6175,South Africa,-29.8157,23.6488,Books,Sci-Fi Anthology,4,216.83,867.32,Affiliate,Tablet,Completed,2
2026-05-16 20:38:34,c5367,France,47.3142,-0.0667,Apparel,Denim Jacket,2,144.3,288.6,Marketplace,Tablet,Completed,4
2026-05-16 21:30:31,c9852,Canada,54.4973,-109.2482,Apparel,Graphic T-Shirt,1,157.31,157.31,Affiliate,Tablet,Completed,4
2026-05-16 21:44:38,c5768,Brazil,-15.9261,-50.6657,Home,Air Purifier,1,165.28,165.28,Mobile App,Tablet,Completed,3
2026-05-16 22:00:12,c5063,United Kingdom,54.9617,-3.4764,Books,Kids Picture Book,3,94.24,282.72,Marketplace,Tablet,Completed,3
2026-05-16 22:31:03,c3890,Japan,36.2445,137.8074,Books,Sci-Fi Anthology,2,59.92,119.84,Mobile App,Mobile,Completed,5
2026-05-16 23:02:13,c3582,India,21.2305,81.7723,Electronics,Smart Watch,1,173.24,173.24,Marketplace,Desktop,Completed,5
2026-05-16 23:03:47,c1540,France,46.6285,3.6132,Books,Sci-Fi Anthology,5,162.26,811.3,Web,Mobile,Completed,5
2026-05-16 23:23:18,c5136,United States,38.7865,-97.1978,Apparel,Winter Coat,5,199.24,996.2,Mobile App,Desktop,Cancelled,5
2026-05-16 23:46:18,c1375,Mexico,25.7019,-105.1879,Electronics,Wireless Headphones,2,54.48,108.96,Web,Mobile,Completed,5
2026-05-16 23:49:58,c4079,Singapore,-1.433,105.4482,Home,Cutting Board Set,5,32.09,160.45,Mobile App,Desktop,Completed,5
2026-05-16 23:51:12,c1125,Brazil,-16.0746,-49.1269,Books,Cookbook,5,133.51,667.55,Affiliate,Mobile,Completed,5
2026-05-16 23:52:26,c2812,United States,38.958,-95.0431,Sports,Yoga Mat,5,103.75,518.75,Mobile App,Tablet,Completed,3
2026-05-17 00:03:16,c6297,Japan,33.748,140.0701,Apparel,Denim Jacket,4,193.42,773.68,Web,Desktop,Completed,5
2026-05-17 00:26:49,c6118,United States,35.6067,-98.1676,Beauty,Shampoo Bar,4,162.51,650.04,Marketplace,Desktop,Completed,4
2026-05-17 00:40:14,c7677,Germany,49.3097,12.1954,Books,Sci-Fi Anthology,3,9.76,29.28,Marketplace,Mobile,Completed,5
2026-05-17 00:56:57,c4621,Australia,-23.7939,131.5133,Apparel,Baseball Cap,2,37.14,74.28,Web,Mobile,Completed,5
2026-05-17 01:33:23,c7294,United States,37.5003,-95.4215,Sports,Yoga Mat,2,73.01,146.02,Affiliate,Desktop,Cancelled,3
2026-05-17 01:42:54,c2920,Brazil,-16.7132,-54.1946,Electronics,Wireless Headphones,5,118.97,594.85,Marketplace,Tablet,Completed,2
2026-05-17 01:50:26,c2540,India,17.9719,75.9776,Electronics,4K Monitor,1,116.89,116.89,Affiliate,Tablet,Completed,4
2026-05-17 01:53:06,c8530,Australia,-23.9066,135.5021,Apparel,Winter Coat,4,32.22,128.88,Marketplace,Tablet,Completed,5
2026-05-17 02:22:16,c5276,Canada,58.7646,-107.789,Beauty,Shampoo Bar,1,208.58,208.58,Mobile App,Desktop,Completed,4
2026-05-17 02:35:03,c7085,Singapore,4.109,105.8867,Sports,Yoga Mat,2,171.59,343.18,Marketplace,Desktop,Completed,4
2026-05-17 02:43:20,c5290,Brazil,-13.124,-54.3283,Books,Cookbook,3,177.03,531.09,Web,Tablet,Completed,5
2026-05-17 02:56:48,c9611,India,21.4669,77.0208,Electronics,Mechanical Keyboard,4,193.5,774.0,Web,Desktop,Completed,5
2026-05-17 03:06:25,c3282,United States,38.5487,-95.661,Apparel,Baseball Cap,3,218.78,656.34,Affiliate,Desktop,Pending,3
2026-05-17 03:34:17,c4636,Japan,37.487,136.0823,Books,Cookbook,2,173.82,347.64,Affiliate,Tablet,Refunded,1
2026-05-17 03:36:12,c9464,South Africa,-30.4841,25.2848,Apparel,Running Shoes,3,203.56,610.68,Affiliate,Tablet,Pending,1
2026-05-17 03:47:07,c4442,Brazil,-14.472,-51.8596,Books,Cookbook,4,152.82,611.28,Marketplace,Tablet,Completed,1
2026-05-17 04:16:10,c8143,Brazil,-14.2596,-50.0613,Beauty,Lip Balm Set,5,71.5,357.5,Mobile App,Mobile,Completed,2
2026-05-17 04:33:45,c6560,India,18.2882,77.501,Electronics,4K Monitor,2,183.17,366.34,Affiliate,Desktop,Completed,5
2026-05-17 04:59:13,c3112,India,17.9963,78.474,Sports,Yoga Mat,5,66.12,330.6,Marketplace,Desktop,Cancelled,1
2026-05-17 05:03:06,c5403,Germany,51.1485,9.5302,Sports,Tennis Racket,3,34.91,104.73,Web,Desktop,Completed,5
2026-05-17 05:11:06,c5885,Australia,-27.4964,133.0813,Sports,Tennis Racket,1,182.65,182.65,Marketplace,Mobile,Completed,5
2026-05-17 05:59:08,c8894,India,20.1348,81.1615,Beauty,Shampoo Bar,4,201.24,804.96,Affiliate,Desktop,Completed,5
2026-05-17 06:14:57,c5294,Germany,53.0604,10.8058,Electronics,4K Monitor,2,24.47,48.94,Affiliate,Desktop,Completed,1
2026-05-17 06:19:15,c4788,United Kingdom,56.4439,-2.1992,Sports,Water Bottle,2,19.39,38.78,Web,Desktop,Completed,3
2026-05-17 06:28:51,c9439,Mexico,25.2419,-103.7306,Books,Kids Picture Book,4,77.24,308.96,Marketplace,Tablet,Pending,5
2026-05-17 06:32:14,c5937,United States,37.9436,-94.1771,Electronics,Wireless Headphones,4,92.53,370.12,Affiliate,Tablet,Cancelled,4
2026-05-17 06:38:55,c4442,Brazil,-14.1804,-51.2789,Beauty,Perfume,4,183.28,733.12,Marketplace,Tablet,Completed,5
2026-05-17 06:43:16,c4631,Mexico,26.5663,-102.6502,Home,Air Purifier,5,44.43,222.15,Mobile App,Mobile,Completed,5
2026-05-17 06:52:42,c5184,France,44.7384,5.1837,Apparel,Baseball Cap,1,39.6,39.6,Marketplace,Desktop,Completed,4
2026-05-17 07:00:40,c9358,India,19.1942,81.7665,Books,Kids Picture Book,4,73.69,294.76,Affiliate,Desktop,Completed,1
2026-05-17 07:04:17,c8387,Australia,-27.8451,135.7807,Electronics,4K Monitor,4,168.92,675.68,Marketplace,Desktop,Cancelled,1
2026-05-17 07:16:12,c8036,Brazil,-12.9116,-52.49,Home,Cutting Board Set,4,25.69,102.76,Web,Desktop,Completed,4
2026-05-17 07:37:00,c1599,Japan,36.1896,135.2771,Beauty,Perfume,1,127.16,127.16,Mobile App,Desktop,Completed,5
2026-05-17 07:48:09,c7784,Japan,37.7763,136.8229,Books,Kids Picture Book,4,92.56,370.24,Mobile App,Tablet,Refunded,2
2026-05-17 08:12:10,c6907,United Kingdom,55.8033,-5.485,Beauty,Shampoo Bar,4,14.6,58.4,Affiliate,Tablet,Completed,4
2026-05-17 08:24:14,c9903,France,46.2409,2.3282,Beauty,Makeup Brush Kit,2,12.44,24.88,Web,Mobile,Completed,5
2026-05-17 08:37:32,c2183,Singapore,-1.2868,105.3798,Electronics,Wireless Headphones,3,45.52,136.56,Mobile App,Mobile,Completed,1
2026-05-17 09:09:23,c5020,India,18.0226,81.3125,Sports,Yoga Mat,5,132.95,664.75,Mobile App,Desktop,Completed,5
2026-05-17 09:20:50,c7326,United Kingdom,55.6611,-0.5581,Sports,Camping Tent,5,180.52,902.6,Affiliate,Tablet,Pending,4
2026-05-17 09:43:36,c5101,India,20.4023,81.1089,Books,Cookbook,3,25.93,77.79,Web,Mobile,Refunded,2
2026-05-17 09:52:25,c4367,United Kingdom,53.3312,-4.4738,Books,Cookbook,2,10.55,21.1,Marketplace,Mobile,Refunded,4
2026-05-17 10:37:30,c1431,Germany,51.9702,8.1017,Beauty,Face Serum,3,62.66,187.98,Marketplace,Desktop,Completed,4
2026-05-17 10:39:35,c7683,South Africa,-28.6865,22.7619,Beauty,Shampoo Bar,5,58.58,292.9,Web,Tablet,Completed,4
2026-05-17 10:40:05,c3950,Germany,50.7592,7.5619,Home,Coffee Maker,4,12.1,48.4,Marketplace,Mobile,Completed,5
2026-05-17 10:53:56,c3321,Mexico,25.0966,-101.5954,Sports,Tennis Racket,4,18.87,75.48,Mobile App,Mobile,Completed,5
2026-05-17 11:29:22,c1825,Singapore,1.1124,101.3802,Sports,Water Bottle,3,106.4,319.2,Affiliate,Mobile,Completed,5
2026-05-17 12:37:49,c8342,United States,39.7391,-94.0543,Apparel,Denim Jacket,5,81.01,405.05,Web,Mobile,Completed,4
2026-05-17 13:02:45,c1405,India,20.1382,77.4146,Books,Business Guide,5,202.23,1011.15,Web,Desktop,Pending,5
2026-05-17 13:10:10,c5186,Mexico,21.3587,-102.0555,Home,Throw Blanket,2,51.5,103.0,Web,Desktop,Completed,5
2026-05-17 13:12:10,c1993,Australia,-26.9537,135.6106,Electronics,Smart Watch,3,82.21,246.63,Marketplace,Desktop,Completed,1
2026-05-17 13:26:56,c2488,United States,39.1278,-94.2768,Books,Kids Picture Book,3,157.93,473.79,Affiliate,Desktop,Completed,5
2026-05-17 13:28:31,c5384,Mexico,20.9563,-102.4067,Sports,Yoga Mat,1,81.2,81.2,Marketplace,Tablet,Completed,5
2026-05-17 14:55:40,c5835,Australia,-27.451,135.8899,Books,Business Guide,3,54.61,163.83,Mobile App,Tablet,Cancelled,3
2026-05-17 15:18:05,c2673,Brazil,-14.634,-54.4802,Apparel,Winter Coat,2,158.39,316.78,Mobile App,Desktop,Completed,3
2026-05-17 15:23:04,c4115,Japan,35.3646,138.2622,Apparel,Winter Coat,5,136.83,684.15,Mobile App,Tablet,Completed,5
2026-05-17 15:53:36,c3584,France,45.7673,4.1928,Sports,Tennis Racket,4,132.51,530.04,Web,Desktop,Completed,4
2026-05-17 16:33:06,c8477,Japan,37.8484,140.2877,Apparel,Winter Coat,5,216.07,1080.35,Web,Desktop,Completed,4
2026-05-17 17:32:27,c8340,United States,40.0136,-93.2554,Sports,Camping Tent,5,80.41,402.05,Marketplace,Mobile,Refunded,2
2026-05-17 17:34:22,c2742,United States,39.4367,-95.0067,Beauty,Perfume,4,74.64,298.56,Mobile App,Tablet,Completed,1
2026-05-17 17:53:54,c6098,Brazil,-11.339,-52.0142,Apparel,Graphic T-Shirt,1,13.94,13.94,Mobile App,Tablet,Completed,4
2026-05-17 18:08:32,c4860,United Kingdom,52.3803,-4.1979,Sports,Water Bottle,5,103.61,518.05,Marketplace,Desktop,Completed,4
2026-05-17 18:25:05,c2513,Japan,33.8824,135.7218,Home,Cutting Board Set,3,141.36,424.08,Marketplace,Tablet,Completed,4
2026-05-17 18:53:29,c4316,France,43.2699,1.8988,Home,Cutting Board Set,1,145.97,145.97,Web,Tablet,Completed,5
2026-05-17 19:01:05,c5361,India,20.9465,76.2088,Beauty,Perfume,2,117.33,234.66,Web,Tablet,Completed,1
2026-05-17 19:05:30,c4407,Mexico,21.0583,-100.5103,Home,Cutting Board Set,1,68.04,68.04,Web,Tablet,Cancelled,4
2026-05-17 19:12:57,c5232,Germany,49.838,9.6712,Electronics,Wireless Headphones,2,163.76,327.52,Affiliate,Desktop,Completed,4
2026-05-17 19:15:26,c7359,Australia,-26.5904,132.924,Books,Business Guide,4,196.72,786.88,Mobile App,Mobile,Completed,5
2026-05-17 19:39:43,c7179,Singapore,2.5201,101.0923,Books,Kids Picture Book,3,58.14,174.42,Affiliate,Tablet,Completed,5
2026-05-17 19:56:28,c4152,Australia,-25.0167,136.2632,Sports,Dumbbell Set,2,81.88,163.76,Mobile App,Desktop,Completed,3
2026-05-17 20:15:41,c4778,Mexico,20.6513,-99.9069,Sports,Yoga Mat,5,144.46,722.3,Marketplace,Tablet,Cancelled,2
2026-05-17 20:17:24,c7856,United States,38.9261,-98.4465,Sports,Yoga Mat,2,63.58,127.16,Marketplace,Mobile,Refunded,4
2026-05-17 21:43:20,c7206,Canada,54.8207,-103.6099,Electronics,Smart Watch,4,127.38,509.52,Web,Desktop,Completed,5
2026-05-17 21:48:41,c2338,Germany,53.4584,12.7104,Home,Air Purifier,4,109.04,436.16,Mobile App,Desktop,Completed,3
2026-05-17 21:55:17,c6846,Mexico,26.3222,-100.7989,Books,Sci-Fi Anthology,5,155.03,775.15,Mobile App,Tablet,Completed,3
2026-05-17 23:37:16,c5845,Mexico,22.1913,-101.7458,Electronics,Bluetooth Speaker,5,50.96,254.8,Marketplace,Desktop,Completed,5
2026-05-17 23:49:56,c5502,India,22.3424,81.1478,Sports,Yoga Mat,4,200.31,801.24,Mobile App,Desktop,Completed,4
2026-05-17 23:50:54,c4337,Mexico,26.549,-102.3073,Books,Sci-Fi Anthology,3,36.03,108.09,Mobile App,Tablet,Completed,4
2026-05-17 23:55:49,c3880,South Africa,-30.1152,23.1509,Beauty,Face Serum,4,195.04,780.16,Web,Mobile,Completed,3
2026-05-18 00:00:18,c9462,Japan,34.4338,137.533,Electronics,Wireless Headphones,5,201.62,1008.1,Web,Desktop,Completed,2
2026-05-18 00:22:55,c1714,Australia,-28.0458,135.1316,Sports,Tennis Racket,2,153.95,307.9,Marketplace,Tablet,Completed,4
2026-05-18 01:16:15,c9837,Mexico,21.4185,-100.0922,Home,Air Purifier,2,36.02,72.04,Marketplace,Tablet,Completed,4
2026-05-18 01:22:33,c8400,Singapore,0.8607,103.0281,Home,Air Purifier,1,27.59,27.59,Web,Tablet,Completed,3
2026-05-18 01:28:32,c3893,Mexico,20.8537,-102.9421,Home,Throw Blanket,3,60.81,182.43,Affiliate,Tablet,Cancelled,5
2026-05-18 02:04:31,c8960,Germany,49.8063,7.6249,Home,Cutting Board Set,1,212.32,212.32,Web,Desktop,Refunded,2
2026-05-18 02:08:41,c4517,India,17.7706,80.8722,Books,Mystery Novel,5,142.46,712.3,Affiliate,Desktop,Completed,1
2026-05-18 02:29:26,c7753,Germany,51.0661,9.3214,Beauty,Face Serum,5,149.43,747.15,Web,Desktop,Completed,3
2026-05-18 02:30:05,c9689,Japan,35.8594,136.425,Apparel,Running Shoes,5,192.81,964.05,Affiliate,Tablet,Refunded,5
2026-05-18 02:31:37,c7649,Singapore,-1.4755,101.2399,Sports,Yoga Mat,1,207.83,207.83,Mobile App,Mobile,Completed,2
2026-05-18 02:39:58,c8683,Japan,35.0808,139.5374,Apparel,Baseball Cap,1,29.7,29.7,Affiliate,Mobile,Completed,2
2026-05-18 03:17:50,c6748,Singapore,0.7733,104.8214,Apparel,Graphic T-Shirt,5,200.64,1003.2,Web,Tablet,Completed,3
2026-05-18 03:36:13,c3517,Singapore,0.7699,105.151,Sports,Yoga Mat,4,74.15,296.6,Web,Desktop,Completed,2
2026-05-18 04:09:09,c7268,Australia,-22.6843,133.8003,Sports,Tennis Racket,3,177.64,532.92,Marketplace,Mobile,Cancelled,1
2026-05-18 04:31:30,c8126,France,45.8991,5.0273,Beauty,Makeup Brush Kit,5,134.69,673.45,Marketplace,Mobile,Completed,4
2026-05-18 05:09:47,c4388,Germany,53.1058,11.9877,Apparel,Denim Jacket,5,218.5,1092.5,Affiliate,Tablet,Completed,4
2026-05-18 05:14:53,c4801,Australia,-24.2988,134.0809,Beauty,Lip Balm Set,5,108.04,540.2,Marketplace,Mobile,Refunded,2
2026-05-18 05:23:50,c9186,Germany,53.2536,8.5479,Home,Throw Blanket,4,194.36,777.44,Web,Desktop,Completed,4
2026-05-18 05:36:32,c1424,United States,38.965,-94.3836,Beauty,Perfume,4,116.71,466.84,Web,Mobile,Completed,4
2026-05-18 05:46:30,c7009,Mexico,24.5178,-99.599,Electronics,Smart Watch,1,36.3,36.3,Marketplace,Tablet,Completed,1
2026-05-18 05:54:47,c5825,Germany,52.5043,10.3106,Electronics,Wireless Headphones,5,53.32,266.6,Mobile App,Tablet,Cancelled,4
2026-05-18 05:58:51,c9156,Germany,53.193,11.4923,Electronics,Smart Watch,5,204.75,1023.75,Affiliate,Tablet,Completed,4
2026-05-18 06:16:46,c9257,Brazil,-15.4734,-49.0664,Beauty,Perfume,5,31.45,157.25,Affiliate,Mobile,Completed,5
2026-05-18 06:36:04,c1008,Mexico,22.5635,-102.8472,Books,Business Guide,3,175.84,527.52,Web,Tablet,Completed,3
2026-05-18 06:45:06,c4729,Canada,57.4312,-109.1227,Electronics,Wireless Headphones,3,126.31,378.93,Marketplace,Mobile,Completed,5
2026-05-18 06:47:01,c6349,Mexico,21.189,-105.2897,Sports,Camping Tent,5,153.34,766.7,Affiliate,Desktop,Completed,2
2026-05-18 06:47:42,c7535,France,48.9414,1.4983,Books,Sci-Fi Anthology,2,212.59,425.18,Web,Desktop,Refunded,3
2026-05-18 06:47:56,c8636,South Africa,-32.8386,25.3386,Beauty,Lip Balm Set,1,191.62,191.62,Marketplace,Tablet,Completed,4
2026-05-18 07:08:34,c6568,South Africa,-29.1174,23.4586,Apparel,Baseball Cap,2,86.26,172.52,Web,Tablet,Completed,5
2026-05-18 07:09:11,c2690,South Africa,-29.859,21.8942,Home,Desk Lamp,5,119.19,595.95,Mobile App,Desktop,Refunded,3
2026-05-18 07:53:03,c1848,Canada,58.3095,-108.8998,Books,Sci-Fi Anthology,3,186.68,560.04,Web,Desktop,Refunded,1
2026-05-18 08:01:54,c5289,Australia,-23.957,132.8189,Sports,Dumbbell Set,2,12.56,25.12,Web,Desktop,Refunded,3
2026-05-18 08:03:43,c9377,Brazil,-12.5238,-51.084,Beauty,Lip Balm Set,1,71.88,71.88,Mobile App,Mobile,Completed,5
2026-05-18 08:31:20,c8038,Australia,-26.8302,136.1593,Apparel,Denim Jacket,5,86.17,430.85,Mobile App,Desktop,Refunded,4
2026-05-18 08:39:42,c2260,Japan,38.5514,137.9972,Electronics,Smart Watch,3,211.15,633.45,Web,Desktop,Completed,3
2026-05-18 08:54:09,c5095,Canada,55.5403,-103.7013,Electronics,Wireless Headphones,2,10.91,21.82,Affiliate,Mobile,Completed,4
2026-05-18 08:57:19,c2996,United States,37.3607,-97.3859,Books,Cookbook,5,126.63,633.15,Web,Tablet,Completed,5
2026-05-18 09:34:47,c1544,Japan,38.747,139.5789,Home,Throw Blanket,2,10.59,21.18,Web,Desktop,Completed,3
2026-05-18 09:49:33,c6596,United Kingdom,56.6808,-5.5549,Apparel,Graphic T-Shirt,2,80.12,160.24,Affiliate,Desktop,Completed,5
2026-05-18 10:44:40,c3807,United Kingdom,52.8416,-3.4917,Home,Coffee Maker,3,135.79,407.37,Affiliate,Desktop,Completed,2
2026-05-18 10:57:29,c8373,Canada,58.4915,-105.1777,Books,Kids Picture Book,4,116.0,464.0,Affiliate,Mobile,Completed,5
2026-05-18 11:15:33,c6248,India,22.78,76.0002,Home,Air Purifier,1,107.42,107.42,Affiliate,Desktop,Completed,3
2026-05-18 11:35:45,c2415,Canada,57.7101,-103.8238,Sports,Camping Tent,3,50.04,150.12,Affiliate,Desktop,Completed,2
2026-05-18 11:56:40,c1265,Mexico,26.4766,-104.0842,Beauty,Makeup Brush Kit,4,92.05,368.2,Affiliate,Tablet,Completed,1
2026-05-18 11:57:10,c8299,Germany,51.9665,7.714,Beauty,Shampoo Bar,2,39.79,79.58,Marketplace,Mobile,Completed,5
2026-05-18 12:09:53,c4382,France,48.5695,3.1679,Sports,Camping Tent,4,13.05,52.2,Affiliate,Tablet,Completed,4
2026-05-18 12:41:41,c6685,United Kingdom,52.8242,-2.0772,Home,Air Purifier,1,196.62,196.62,Marketplace,Mobile,Pending,3
2026-05-18 13:24:27,c7948,Brazil,-13.0512,-53.8192,Beauty,Face Serum,3,216.04,648.12,Mobile App,Tablet,Completed,2
2026-05-18 13:26:32,c6194,South Africa,-29.7853,22.2053,Home,Desk Lamp,3,153.53,460.59,Marketplace,Mobile,Cancelled,2
2026-05-18 13:58:16,c8822,United Kingdom,57.8929,-4.9811,Sports,Tennis Racket,3,109.53,328.59,Affiliate,Mobile,Completed,5
2026-05-18 14:00:30,c4046,Canada,55.9463,-107.7205,Home,Desk Lamp,2,28.94,57.88,Marketplace,Desktop,Pending,2
2026-05-18 14:09:05,c4853,United Kingdom,52.4088,-3.9808,Sports,Dumbbell Set,3,185.6,556.8,Mobile App,Mobile,Completed,4
2026-05-18 14:28:33,c5445,Singapore,4.2917,104.5904,Apparel,Denim Jacket,3,132.09,396.27,Marketplace,Mobile,Completed,5
2026-05-18 14:38:23,c9434,United States,39.8312,-93.5395,Beauty,Lip Balm Set,4,16.44,65.76,Mobile App,Tablet,Pending,5
2026-05-18 14:58:37,c7279,France,48.3089,-0.3105,Beauty,Face Serum,4,156.93,627.72,Marketplace,Tablet,Completed,5
2026-05-18 15:07:08,c6875,Brazil,-15.3935,-54.7914,Beauty,Face Serum,1,68.92,68.92,Mobile App,Tablet,Completed,4
2026-05-18 15:13:21,c4643,Australia,-24.6155,133.4805,Beauty,Lip Balm Set,1,163.01,163.01,Marketplace,Mobile,Refunded,5
2026-05-18 15:21:57,c1748,France,47.2627,3.9238,Beauty,Lip Balm Set,2,34.43,68.86,Mobile App,Desktop,Completed,5
2026-05-18 15:27:01,c7908,United Kingdom,57.0542,-3.6786,Beauty,Perfume,3,143.68,431.04,Marketplace,Tablet,Completed,4
2026-05-18 15:27:07,c9652,United Kingdom,56.6044,-6.2913,Sports,Camping Tent,3,120.72,362.16,Marketplace,Mobile,Completed,5
2026-05-18 15:35:59,c6791,India,21.629,78.6387,Books,Mystery Novel,1,185.95,185.95,Affiliate,Mobile,Completed,5
2026-05-18 15:41:49,c6170,Germany,51.2354,11.3642,Books,Sci-Fi Anthology,4,173.23,692.92,Marketplace,Tablet,Completed,5
2026-05-18 16:00:17,c1907,Canada,57.2107,-107.2829,Sports,Water Bottle,2,99.72,199.44,Web,Tablet,Completed,3
2026-05-18 16:36:10,c9404,Mexico,21.8362,-100.597,Sports,Water Bottle,4,206.5,826.0,Affiliate,Tablet,Completed,3
2026-05-18 16:36:55,c4439,France,49.1995,5.1023,Electronics,Wireless Headphones,2,143.3,286.6,Marketplace,Mobile,Refunded,2
2026-05-18 17:03:28,c7388,United States,35.7823,-97.098,Home,Coffee Maker,3,184.51,553.53,Affiliate,Tablet,Completed,2
2026-05-18 17:14:04,c1178,Singapore,0.8293,106.012,Electronics,4K Monitor,2,15.48,30.96,Web,Tablet,Completed,5
2026-05-18 17:21:39,c6124,Singapore,1.1099,102.5797,Books,Cookbook,2,216.42,432.84,Marketplace,Mobile,Refunded,4
2026-05-18 17:34:52,c8394,Germany,53.9109,10.2012,Apparel,Running Shoes,5,200.81,1004.05,Affiliate,Tablet,Completed,5
2026-05-18 17:42:38,c9842,Brazil,-15.908,-51.9486,Home,Cutting Board Set,2,16.82,33.64,Web,Desktop,Completed,4
2026-05-18 17:59:15,c6279,Mexico,23.2307,-101.3228,Books,Cookbook,2,138.87,277.74,Marketplace,Mobile,Completed,5
2026-05-18 18:17:52,c1055,South Africa,-27.9718,25.0751,Sports,Water Bottle,4,215.22,860.88,Mobile App,Desktop,Completed,5
2026-05-18 18:22:41,c8751,Singapore,-0.7044,103.4181,Sports,Yoga Mat,5,210.23,1051.15,Affiliate,Tablet,Completed,4
2026-05-18 18:36:15,c6659,Japan,38.429,137.4628,Apparel,Winter Coat,3,74.98,224.94,Mobile App,Desktop,Completed,5
2026-05-18 18:49:57,c2857,United States,37.8236,-97.2369,Beauty,Makeup Brush Kit,4,164.03,656.12,Affiliate,Desktop,Completed,3
2026-05-18 18:50:13,c1837,Canada,58.0327,-108.4561,Books,Business Guide,3,31.53,94.59,Marketplace,Mobile,Completed,4
2026-05-18 19:08:21,c4652,Germany,51.8001,9.8766,Home,Desk Lamp,5,158.45,792.25,Web,Mobile,Completed,4
2026-05-18 19:33:29,c2235,Japan,34.3495,138.4677,Apparel,Winter Coat,3,106.08,318.24,Affiliate,Tablet,Completed,1
2026-05-18 20:36:02,c7855,United States,37.476,-95.0393,Beauty,Lip Balm Set,4,120.57,482.28,Marketplace,Desktop,Pending,4
2026-05-18 20:58:32,c8628,United States,38.6498,-94.2362,Apparel,Denim Jacket,5,19.47,97.35,Web,Desktop,Completed,1
2026-05-18 21:11:22,c5290,Germany,51.8265,8.657,Home,Air Purifier,1,188.83,188.83,Mobile App,Desktop,Completed,5
2026-05-18 21:35:19,c8629,Japan,37.9389,135.3194,Electronics,Wireless Headphones,3,179.86,539.58,Web,Tablet,Completed,5
2026-05-18 21:38:45,c5317,South Africa,-28.4396,24.8411,Electronics,Bluetooth Speaker,3,182.47,547.41,Mobile App,Mobile,Completed,4
2026-05-18 21:48:17,c7045,United States,36.3237,-94.2487,Books,Mystery Novel,3,24.71,74.13,Web,Mobile,Completed,3
2026-05-18 22:01:49,c5413,Japan,38.5644,138.6163,Books,Cookbook,4,98.96,395.84,Marketplace,Tablet,Completed,5
2026-05-18 22:32:13,c5387,Singapore,0.4805,106.8124,Sports,Water Bottle,2,21.68,43.36,Web,Desktop,Refunded,4
2026-05-18 22:57:17,c1022,Canada,55.9126,-108.5183,Beauty,Perfume,3,140.88,422.64,Web,Mobile,Refunded,5
2026-05-18 23:17:05,c5248,Singapore,3.197,102.868,Apparel,Denim Jacket,1,166.37,166.37,Web,Mobile,Completed,1
2026-05-18 23:19:58,c8435,South Africa,-29.7963,25.1225,Apparel,Baseball Cap,1,30.99,30.99,Web,Tablet,Completed,5
2026-05-18 23:38:58,c4210,Germany,51.9227,9.0723,Sports,Dumbbell Set,3,39.44,118.32,Web,Desktop,Completed,2
2026-05-18 23:56:27,c6167,Germany,52.307,11.7152,Books,Cookbook,2,29.6,59.2,Marketplace,Desktop,Completed,1
2026-05-19 00:20:12,c8948,Singapore,2.015,101.0033,Electronics,Smart Watch,3,93.03,279.09,Mobile App,Desktop,Completed,4
2026-05-19 00:29:57,c6896,Japan,38.3332,140.0843,Electronics,Bluetooth Speaker,2,13.41,26.82,Affiliate,Mobile,Completed,4
2026-05-19 00:48:01,c2404,Canada,54.4988,-106.0318,Books,Business Guide,5,148.06,740.3,Marketplace,Desktop,Completed,2
2026-05-19 00:51:49,c3022,Japan,33.965,138.1599,Apparel,Running Shoes,2,206.39,412.78,Mobile App,Desktop,Completed,5
2026-05-19 00:57:14,c1886,Japan,38.8992,135.9196,Beauty,Makeup Brush Kit,2,87.67,175.34,Web,Tablet,Pending,4
2026-05-19 01:36:38,c4937,Singapore,-1.0304,105.5746,Apparel,Graphic T-Shirt,2,98.69,197.38,Affiliate,Mobile,Completed,4
2026-05-19 01:46:01,c8581,France,45.5652,1.7749,Sports,Tennis Racket,4,38.53,154.12,Affiliate,Desktop,Completed,3
2026-05-19 02:05:11,c3183,Japan,36.2759,139.0715,Books,Mystery Novel,5,35.08,175.4,Marketplace,Mobile,Completed,1
2026-05-19 02:45:49,c5169,Japan,36.0507,137.6958,Electronics,Mechanical Keyboard,2,17.28,34.56,Marketplace,Tablet,Completed,5
2026-05-19 02:52:18,c8674,France,44.9983,3.3922,Apparel,Baseball Cap,5,81.7,408.5,Marketplace,Tablet,Cancelled,3
2026-05-19 02:56:49,c6974,Japan,38.5242,139.571,Home,Air Purifier,3,149.34,448.02,Mobile App,Desktop,Completed,4
2026-05-19 03:07:29,c3492,South Africa,-29.6548,20.4525,Sports,Yoga Mat,5,101.0,505.0,Affiliate,Tablet,Completed,5
2026-05-19 03:18:56,c7018,India,22.9269,80.4198,Books,Sci-Fi Anthology,4,154.72,618.88,Marketplace,Desktop,Completed,2
2026-05-19 03:47:08,c6263,India,18.0032,80.4353,Apparel,Winter Coat,5,38.86,194.3,Affiliate,Tablet,Completed,5
2026-05-19 04:09:55,c9545,Canada,58.2775,-106.1037,Sports,Camping Tent,3,163.75,491.25,Affiliate,Tablet,Completed,4
2026-05-19 04:26:07,c3997,Japan,33.9332,138.8188,Books,Business Guide,1,184.75,184.75,Marketplace,Tablet,Completed,4
2026-05-19 04:30:01,c1210,France,43.3187,0.9009,Electronics,4K Monitor,2,96.23,192.46,Marketplace,Tablet,Completed,2
2026-05-19 04:42:08,c2155,Mexico,24.6568,-102.5532,Apparel,Denim Jacket,2,140.2,280.4,Mobile App,Mobile,Completed,5
2026-05-19 04:56:23,c3340,South Africa,-30.6541,20.3416,Electronics,Mechanical Keyboard,5,165.91,829.55,Marketplace,Tablet,Completed,1
2026-05-19 05:55:18,c7671,Brazil,-15.6235,-52.4294,Beauty,Face Serum,4,52.81,211.24,Affiliate,Tablet,Refunded,1
2026-05-19 06:04:23,c5744,Australia,-24.3793,133.9717,Home,Air Purifier,1,46.67,46.67,Web,Tablet,Completed,5
2026-05-19 06:11:43,c2722,Australia,-26.4805,136.0132,Home,Air Purifier,1,177.56,177.56,Mobile App,Tablet,Completed,1
2026-05-19 06:14:40,c5649,South Africa,-28.0506,24.4112,Home,Throw Blanket,3,49.44,148.32,Affiliate,Tablet,Completed,5
2026-05-19 06:19:30,c4713,South Africa,-32.7738,20.4225,Books,Mystery Novel,1,34.52,34.52,Mobile App,Mobile,Refunded,5
2026-05-19 06:33:13,c8710,India,21.2693,76.5203,Sports,Dumbbell Set,2,26.18,52.36,Mobile App,Mobile,Completed,4
2026-05-19 07:12:39,c2980,Japan,37.5764,137.4812,Books,Kids Picture Book,2,160.98,321.96,Mobile App,Mobile,Completed,4
2026-05-19 07:21:29,c1760,Mexico,21.5978,-103.53,Sports,Camping Tent,1,8.82,8.82,Marketplace,Desktop,Completed,4
2026-05-19 07:23:02,c4376,India,22.3187,77.0027,Electronics,Smart Watch,3,96.44,289.32,Marketplace,Mobile,Completed,5
2026-05-19 07:42:35,c3227,United States,36.6312,-94.2161,Home,Desk Lamp,2,18.7,37.4,Web,Tablet,Completed,3
2026-05-19 07:59:24,c7993,India,21.8264,81.8049,Electronics,Bluetooth Speaker,4,43.15,172.6,Marketplace,Tablet,Completed,5
2026-05-19 09:04:46,c3265,Germany,50.3342,9.4358,Apparel,Baseball Cap,2,66.17,132.34,Mobile App,Desktop,Pending,2
2026-05-19 09:09:04,c8707,South Africa,-30.6715,23.5669,Beauty,Lip Balm Set,4,123.46,493.84,Mobile App,Mobile,Completed,5
2026-05-19 09:47:54,c4156,Mexico,22.937,-101.4382,Sports,Dumbbell Set,5,160.24,801.2,Mobile App,Mobile,Completed,1
2026-05-19 09:48:36,c7491,France,45.0841,5.1817,Apparel,Winter Coat,5,56.82,284.1,Affiliate,Tablet,Refunded,4
2026-05-19 10:39:10,c6261,Singapore,3.6933,101.6557,Beauty,Lip Balm Set,3,159.08,477.24,Mobile App,Mobile,Completed,3
2026-05-19 10:52:54,c2064,Canada,53.5572,-108.4539,Beauty,Lip Balm Set,1,17.12,17.12,Marketplace,Tablet,Refunded,5
2026-05-19 11:08:14,c5402,Germany,49.3442,8.4994,Beauty,Perfume,3,83.33,249.99,Affiliate,Tablet,Completed,4
2026-05-19 11:09:47,c6963,India,17.6329,79.4857,Electronics,Smart Watch,5,139.46,697.3,Web,Desktop,Completed,4
2026-05-19 11:10:54,c9720,Japan,37.2121,137.9487,Home,Throw Blanket,5,212.24,1061.2,Web,Desktop,Completed,4
2026-05-19 11:26:19,c9470,Singapore,-0.9555,104.4162,Beauty,Makeup Brush Kit,5,205.72,1028.6,Web,Tablet,Refunded,4
2026-05-19 11:50:53,c8453,Germany,48.9793,10.2253,Sports,Camping Tent,1,77.02,77.02,Mobile App,Desktop,Completed,4
2026-05-19 13:01:05,c9305,Canada,57.5739,-107.1997,Home,Air Purifier,2,216.85,433.7,Marketplace,Mobile,Completed,2
2026-05-19 13:33:04,c4725,Brazil,-14.1165,-51.2669,Electronics,Smart Watch,3,40.56,121.68,Web,Tablet,Completed,5
2026-05-19 14:38:59,c7131,Mexico,21.0223,-104.6834,Apparel,Denim Jacket,5,88.18,440.9,Marketplace,Tablet,Completed,4
2026-05-19 15:13:30,c4414,Brazil,-12.2985,-53.5931,Home,Desk Lamp,5,71.12,355.6,Web,Tablet,Completed,5
2026-05-19 15:31:24,c3002,Brazil,-13.3121,-51.6735,Books,Mystery Novel,3,9.58,28.74,Web,Mobile,Completed,2
2026-05-19 16:01:00,c5533,South Africa,-32.6976,24.3354,Electronics,Bluetooth Speaker,1,96.17,96.17,Marketplace,Desktop,Refunded,5
2026-05-19 16:48:05,c5868,France,44.8963,1.1705,Apparel,Baseball Cap,3,219.98,659.94,Web,Desktop,Completed,1
2026-05-19 17:21:48,c3671,Canada,53.2716,-106.5977,Beauty,Shampoo Bar,4,169.9,679.6,Marketplace,Desktop,Completed,3
2026-05-19 17:33:13,c2226,United States,37.6094,-93.2369,Beauty,Shampoo Bar,4,204.21,816.84,Marketplace,Mobile,Completed,4
2026-05-19 17:34:46,c4328,United Kingdom,56.8581,-3.8809,Electronics,Wireless Headphones,1,118.29,118.29,Marketplace,Mobile,Completed,2
2026-05-19 17:35:48,c7140,Brazil,-11.2917,-50.6903,Electronics,Mechanical Keyboard,2,58.13,116.26,Affiliate,Tablet,Completed,1
2026-05-19 17:40:36,c6134,Australia,-22.7873,132.1511,Beauty,Face Serum,5,103.56,517.8,Web,Mobile,Completed,3
2026-05-19 18:47:47,c2168,United Kingdom,55.7669,-1.66,Apparel,Graphic T-Shirt,4,131.3,525.2,Mobile App,Desktop,Completed,5
2026-05-19 19:13:37,c1949,United Kingdom,57.7629,-0.5448,Home,Throw Blanket,3,100.54,301.62,Mobile App,Desktop,Completed,1
2026-05-19 19:23:24,c7879,Singapore,2.7663,104.6612,Electronics,Mechanical Keyboard,1,36.44,36.44,Web,Mobile,Completed,5
2026-05-19 20:02:23,c7495,Brazil,-12.479,-52.4246,Home,Air Purifier,1,146.2,146.2,Marketplace,Tablet,Completed,5
2026-05-19 20:20:33,c8112,Australia,-26.6211,130.9599,Books,Kids Picture Book,2,169.46,338.92,Affiliate,Desktop,Completed,5
2026-05-19 20:37:24,c5577,Japan,36.4633,139.6975,Beauty,Lip Balm Set,5,41.11,205.55,Affiliate,Desktop,Completed,3
2026-05-19 21:06:05,c9381,South Africa,-29.5307,20.4643,Sports,Camping Tent,4,75.36,301.44,Web,Tablet,Completed,3
2026-05-19 21:21:49,c6127,Germany,49.1426,13.2635,Sports,Tennis Racket,5,101.28,506.4,Web,Desktop,Completed,4
2026-05-19 21:25:47,c8998,Australia,-26.5574,134.0644,Electronics,Smart Watch,4,35.6,142.4,Web,Desktop,Completed,4
2026-05-19 21:56:10,c9108,India,19.5706,81.271,Sports,Dumbbell Set,3,159.26,477.78,Marketplace,Tablet,Completed,5
2026-05-19 22:24:30,c3540,United Kingdom,57.9212,-1.9134,Sports,Yoga Mat,5,10.12,50.6,Web,Desktop,Completed,5
2026-05-19 22:26:55,c2857,India,18.9165,78.2728,Apparel,Winter Coat,5,149.47,747.35,Mobile App,Tablet,Completed,3
2026-05-19 22:56:53,c5171,Canada,56.5304,-103.8758,Sports,Camping Tent,1,42.67,42.67,Web,Mobile,Completed,1
2026-05-19 23:42:18,c6137,Germany,53.7482,11.5503,Books,Sci-Fi Anthology,2,105.22,210.44,Marketplace,Desktop,Completed,5
2026-05-20 00:03:21,c5687,India,18.3893,79.7844,Sports,Dumbbell Set,3,112.11,336.33,Mobile App,Desktop,Completed,5
2026-05-20 01:04:19,c1576,United States,35.2397,-98.1115,Electronics,Smart Watch,5,96.79,483.95,Web,Desktop,Completed,1
2026-05-20 01:07:31,c3456,South Africa,-32.1625,20.04,Apparel,Baseball Cap,1,34.18,34.18,Marketplace,Tablet,Completed,5
2026-05-20 01:21:46,c1670,Australia,-28.2309,133.3793,Electronics,4K Monitor,1,76.57,76.57,Mobile App,Mobile,Completed,5
2026-05-20 01:27:22,c1235,Brazil,-13.4584,-54.3086,Sports,Yoga Mat,3,135.45,406.35,Marketplace,Desktop,Completed,4
2026-05-20 01:31:51,c9412,United Kingdom,52.4928,-3.5345,Books,Mystery Novel,1,14.95,14.95,Web,Mobile,Completed,4
2026-05-20 01:35:03,c7268,Mexico,22.3534,-104.4439,Books,Kids Picture Book,5,146.67,733.35,Marketplace,Mobile,Completed,4
2026-05-20 01:59:07,c8896,Australia,-25.0243,134.6285,Sports,Tennis Racket,3,17.79,53.37,Affiliate,Desktop,Completed,4
2026-05-20 02:13:08,c5496,United Kingdom,52.8081,-6.2103,Apparel,Graphic T-Shirt,3,61.01,183.03,Mobile App,Tablet,Completed,3
2026-05-20 02:42:02,c6786,Brazil,-15.9099,-50.2184,Apparel,Winter Coat,1,78.49,78.49,Affiliate,Tablet,Completed,5
2026-05-20 03:03:20,c6608,Brazil,-11.5561,-50.057,Beauty,Perfume,5,191.31,956.55,Affiliate,Tablet,Completed,5
2026-05-20 03:14:28,c1196,Canada,54.9918,-107.4317,Sports,Yoga Mat,1,140.39,140.39,Web,Mobile,Completed,5
2026-05-20 03:40:08,c8224,Japan,34.4265,135.3098,Electronics,4K Monitor,3,94.56,283.68,Web,Tablet,Completed,5
2026-05-20 03:40:26,c1605,South Africa,-30.6772,23.3847,Home,Cutting Board Set,2,180.97,361.94,Affiliate,Tablet,Completed,2
2026-05-20 04:32:43,c2003,Japan,37.6249,139.6446,Apparel,Denim Jacket,2,70.54,141.08,Affiliate,Desktop,Completed,1
2026-05-20 04:48:21,c3593,United Kingdom,52.4783,-3.6063,Home,Throw Blanket,1,113.43,113.43,Marketplace,Tablet,Completed,4
2026-05-20 05:05:07,c2685,France,48.9081,4.7441,Home,Desk Lamp,3,211.92,635.76,Marketplace,Desktop,Completed,5
2026-05-20 05:34:41,c6062,United States,34.7974,-97.2536,Books,Business Guide,1,110.0,110.0,Marketplace,Mobile,Completed,1
2026-05-20 05:38:34,c6751,Canada,59.0907,-103.8994,Apparel,Running Shoes,4,139.96,559.84,Mobile App,Tablet,Completed,3
2026-05-20 05:54:16,c3205,United States,37.601,-96.7793,Apparel,Winter Coat,1,211.05,211.05,Affiliate,Tablet,Completed,5
2026-05-20 06:02:11,c8517,Brazil,-13.1285,-49.2818,Home,Cutting Board Set,2,47.17,94.34,Mobile App,Mobile,Cancelled,5
2026-05-20 06:10:09,c2330,Japan,36.2496,137.4333,Books,Mystery Novel,1,40.72,40.72,Marketplace,Mobile,Completed,4
2026-05-20 06:21:28,c6828,South Africa,-30.9945,21.9518,Apparel,Denim Jacket,4,34.1,136.4,Mobile App,Desktop,Refunded,5
2026-05-20 06:34:14,c8558,United States,35.6,-95.0301,Electronics,Bluetooth Speaker,1,123.96,123.96,Mobile App,Desktop,Completed,4
2026-05-20 06:55:12,c3980,Australia,-27.2291,134.3381,Home,Throw Blanket,1,95.87,95.87,Affiliate,Mobile,Cancelled,4
2026-05-20 07:13:59,c8285,Japan,34.6083,138.151,Books,Cookbook,1,154.88,154.88,Affiliate,Desktop,Cancelled,1
2026-05-20 07:19:31,c8359,United Kingdom,53.6918,-3.4079,Electronics,Bluetooth Speaker,5,96.94,484.7,Marketplace,Desktop,Completed,3
2026-05-20 07:40:08,c1379,Germany,50.0976,8.8161,Home,Throw Blanket,3,62.14,186.42,Mobile App,Desktop,Completed,5
2026-05-20 08:02:52,c6465,United Kingdom,57.8633,-2.846,Apparel,Running Shoes,5,184.6,923.0,Mobile App,Mobile,Completed,2
2026-05-20 08:12:42,c2950,United States,37.8456,-93.2608,Apparel,Graphic T-Shirt,1,47.94,47.94,Marketplace,Mobile,Cancelled,1
2026-05-20 08:15:25,c5822,Mexico,24.7796,-104.7905,Home,Air Purifier,1,81.89,81.89,Affiliate,Tablet,Completed,5
2026-05-20 08:17:23,c2735,South Africa,-32.9366,21.5111,Beauty,Lip Balm Set,5,183.81,919.05,Affiliate,Desktop,Cancelled,4
2026-05-20 08:18:13,c5742,India,18.6394,78.7327,Sports,Dumbbell Set,2,184.44,368.88,Affiliate,Desktop,Refunded,4
2026-05-20 08:24:25,c3431,Germany,52.4565,7.5084,Electronics,4K Monitor,4,153.5,614.0,Web,Mobile,Cancelled,1
2026-05-20 09:10:49,c9677,Germany,49.8468,9.9624,Home,Desk Lamp,3,206.22,618.66,Affiliate,Mobile,Completed,1
2026-05-20 09:26:59,c4304,Australia,-27.5859,131.4176,Apparel,Baseball Cap,3,184.28,552.84,Marketplace,Tablet,Completed,3
2026-05-20 09:44:25,c7000,Germany,51.0832,10.793,Electronics,Smart Watch,1,134.31,134.31,Marketplace,Mobile,Completed,1
2026-05-20 09:45:58,c8285,United States,34.1784,-96.7566,Books,Cookbook,3,97.82,293.46,Affiliate,Tablet,Completed,4
2026-05-20 09:56:43,c2212,Singapore,2.0977,104.822,Beauty,Perfume,3,156.05,468.15,Marketplace,Desktop,Cancelled,2
2026-05-20 10:16:15,c8666,Canada,55.1576,-107.2427,Apparel,Winter Coat,3,201.53,604.59,Affiliate,Desktop,Completed,5
2026-05-20 10:41:50,c8042,South Africa,-29.6166,22.1327,Home,Desk Lamp,2,207.6,415.2,Web,Tablet,Completed,1
2026-05-20 10:42:05,c3737,Canada,56.3731,-105.5304,Apparel,Winter Coat,1,68.15,68.15,Web,Mobile,Completed,5
2026-05-20 10:45:08,c8104,Australia,-26.3365,135.1579,Home,Coffee Maker,2,203.18,406.36,Web,Desktop,Completed,4
2026-05-20 10:59:15,c9648,Canada,58.7679,-104.2253,Electronics,Wireless Headphones,3,83.59,250.77,Marketplace,Tablet,Completed,5
2026-05-20 11:09:41,c9028,Germany,50.7641,10.3983,Apparel,Denim Jacket,5,136.67,683.35,Affiliate,Desktop,Completed,1
2026-05-20 11:48:55,c9073,Australia,-26.6407,133.7571,Apparel,Winter Coat,2,111.88,223.76,Affiliate,Mobile,Completed,4
2026-05-20 12:08:03,c8180,United States,34.6985,-93.3871,Electronics,Bluetooth Speaker,5,105.8,529.0,Marketplace,Tablet,Completed,3
2026-05-20 12:19:17,c5111,United States,37.3367,-93.7665,Home,Air Purifier,1,168.17,168.17,Affiliate,Tablet,Completed,5
2026-05-20 12:29:02,c3834,Brazil,-13.7509,-53.2507,Electronics,4K Monitor,4,137.56,550.24,Marketplace,Desktop,Refunded,5
2026-05-20 12:41:19,c5562,United Kingdom,58.2102,-6.1374,Home,Throw Blanket,1,134.53,134.53,Mobile App,Desktop,Cancelled,5
2026-05-20 12:51:05,c6371,United Kingdom,57.9705,-5.9937,Books,Mystery Novel,1,92.24,92.24,Marketplace,Tablet,Completed,5
2026-05-20 12:57:20,c9108,Singapore,0.0872,104.4626,Apparel,Running Shoes,4,111.66,446.64,Mobile App,Tablet,Completed,5
2026-05-20 13:07:46,c2282,India,21.7728,76.7288,Sports,Yoga Mat,4,214.26,857.04,Marketplace,Desktop,Completed,4
2026-05-20 13:57:41,c8756,Australia,-27.5411,135.4853,Electronics,4K Monitor,3,93.28,279.84,Marketplace,Tablet,Completed,5
2026-05-20 13:59:54,c5441,Brazil,-12.0167,-49.3592,Beauty,Shampoo Bar,3,42.62,127.86,Mobile App,Desktop,Completed,1
2026-05-20 14:43:17,c1621,Singapore,-1.1737,101.6453,Books,Sci-Fi Anthology,2,87.66,175.32,Mobile App,Tablet,Completed,5
2026-05-20 15:00:08,c9531,Germany,54.1377,8.1074,Sports,Yoga Mat,1,132.67,132.67,Marketplace,Desktop,Completed,2
2026-05-20 15:03:09,c2528,United States,35.0945,-96.532,Home,Throw Blanket,1,47.9,47.9,Affiliate,Mobile,Completed,3
2026-05-20 15:09:18,c4600,Germany,50.0291,8.0344,Apparel,Running Shoes,3,60.73,182.19,Web,Desktop,Completed,2
2026-05-20 16:12:29,c5639,Brazil,-16.5473,-49.8648,Books,Mystery Novel,3,51.04,153.12,Web,Mobile,Completed,2
2026-05-20 17:07:21,c2946,Germany,50.2673,13.1454,Beauty,Lip Balm Set,4,98.28,393.12,Web,Tablet,Completed,5
2026-05-20 17:13:01,c8896,India,22.2381,80.3004,Apparel,Winter Coat,2,9.38,18.76,Marketplace,Tablet,Completed,5
2026-05-20 17:40:20,c2601,United Kingdom,57.5113,-1.1374,Books,Mystery Novel,2,173.93,347.86,Marketplace,Desktop,Pending,4
2026-05-20 17:42:56,c8246,India,20.5893,76.3661,Books,Sci-Fi Anthology,5,124.84,624.2,Mobile App,Mobile,Completed,5
2026-05-20 18:15:37,c7408,Australia,-23.5869,134.486,Beauty,Makeup Brush Kit,3,200.87,602.61,Marketplace,Mobile,Completed,4
2026-05-20 18:48:04,c8166,South Africa,-28.06,24.964,Apparel,Graphic T-Shirt,1,27.77,27.77,Web,Tablet,Completed,3
2026-05-20 18:54:43,c4085,Singapore,-0.5157,102.8104,Sports,Tennis Racket,3,199.14,597.42,Web,Mobile,Completed,5
2026-05-20 19:05:54,c4829,Canada,57.2271,-104.9143,Beauty,Shampoo Bar,3,160.28,480.84,Web,Tablet,Refunded,5
2026-05-20 19:53:53,c6400,Brazil,-14.7116,-53.7269,Electronics,4K Monitor,5,181.15,905.75,Web,Desktop,Completed,1
2026-05-20 20:08:27,c7782,United States,36.8523,-97.0159,Beauty,Shampoo Bar,4,13.44,53.76,Web,Tablet,Completed,4
2026-05-20 20:41:45,c7115,Japan,35.8004,137.4585,Beauty,Makeup Brush Kit,5,104.59,522.95,Mobile App,Desktop,Completed,5
2026-05-20 20:46:29,c4875,Germany,52.2492,7.979,Sports,Water Bottle,4,150.08,600.32,Web,Tablet,Completed,5
2026-05-20 20:52:19,c9201,Brazil,-11.5629,-53.883,Apparel,Baseball Cap,5,94.92,474.6,Marketplace,Mobile,Completed,5
2026-05-20 21:10:08,c8306,United Kingdom,54.5467,-4.451,Apparel,Denim Jacket,1,214.92,214.92,Mobile App,Desktop,Completed,4
2026-05-20 21:34:41,c9587,South Africa,-30.1283,20.4329,Apparel,Denim Jacket,2,130.16,260.32,Mobile App,Desktop,Completed,1
2026-05-20 21:45:05,c9070,United Kingdom,57.884,-4.0863,Electronics,Wireless Headphones,1,32.71,32.71,Affiliate,Desktop,Completed,5
2026-05-20 22:01:13,c7528,Australia,-22.7964,131.116,Beauty,Makeup Brush Kit,3,140.6,421.8,Mobile App,Tablet,Completed,2
2026-05-20 22:09:49,c4394,United States,38.8108,-97.2486,Apparel,Baseball Cap,1,183.92,183.92,Mobile App,Desktop,Completed,3
2026-05-20 22:25:18,c1110,Japan,36.0845,139.8601,Home,Air Purifier,4,47.06,188.24,Marketplace,Desktop,Completed,1
2026-05-20 22:34:55,c1934,France,47.0134,1.786,Apparel,Baseball Cap,4,117.89,471.56,Affiliate,Desktop,Completed,5
2026-05-20 22:38:15,c7121,Canada,58.3081,-106.0322,Home,Throw Blanket,5,111.72,558.6,Web,Mobile,Completed,5
2026-05-20 22:46:43,c2267,Canada,56.1754,-107.0226,Books,Kids Picture Book,3,38.64,115.92,Affiliate,Desktop,Completed,4
2026-05-20 23:23:40,c6527,United Kingdom,56.7276,-1.1831,Beauty,Shampoo Bar,5,175.47,877.35,Mobile App,Tablet,Completed,5
2026-05-20 23:33:51,c3223,United States,34.6627,-93.5505,Books,Cookbook,5,37.82,189.1,Mobile App,Mobile,Completed,5
2026-05-20 23:45:49,c9591,United States,35.2102,-98.2931,Books,Sci-Fi Anthology,2,69.71,139.42,Web,Mobile,Completed,1
2026-05-21 00:12:17,c1550,South Africa,-31.0446,24.5363,Electronics,4K Monitor,1,29.39,29.39,Affiliate,Tablet,Completed,1
2026-05-21 00:28:57,c6401,Australia,-25.5842,132.1079,Apparel,Baseball Cap,1,208.95,208.95,Mobile App,Tablet,Completed,1
2026-05-21 01:36:53,c7681,United Kingdom,54.819,-2.4026,Home,Air Purifier,2,90.54,181.08,Web,Desktop,Completed,2
2026-05-21 01:46:45,c4314,Australia,-22.8116,132.7557,Sports,Dumbbell Set,2,131.18,262.36,Mobile App,Mobile,Completed,3
2026-05-21 01:50:30,c8617,Brazil,-15.861,-53.9532,Sports,Dumbbell Set,2,210.14,420.28,Affiliate,Desktop,Completed,5
2026-05-21 01:54:01,c7590,Mexico,24.7412,-100.2399,Apparel,Denim Jacket,3,13.77,41.31,Mobile App,Mobile,Completed,2
2026-05-21 02:49:54,c1445,United Kingdom,55.9858,-0.4979,Beauty,Perfume,4,63.53,254.12,Marketplace,Mobile,Completed,5
2026-05-21 02:55:02,c8542,India,17.8805,76.8656,Apparel,Running Shoes,2,33.03,66.06,Affiliate,Mobile,Completed,3
2026-05-21 02:57:02,c5025,Australia,-26.7866,133.5076,Books,Business Guide,5,144.43,722.15,Web,Tablet,Cancelled,5
2026-05-21 03:23:11,c9253,Mexico,23.2331,-101.674,Beauty,Lip Balm Set,3,156.33,468.99,Marketplace,Desktop,Completed,4
2026-05-21 03:28:58,c1034,United States,36.8392,-98.4414,Beauty,Face Serum,4,122.43,489.72,Web,Desktop,Completed,3
2026-05-21 03:39:18,c4194,India,21.0616,81.1778,Books,Sci-Fi Anthology,4,82.19,328.76,Web,Tablet,Completed,5
2026-05-21 03:49:59,c6657,Canada,58.2992,-107.9686,Apparel,Winter Coat,2,199.38,398.76,Mobile App,Mobile,Completed,4
2026-05-21 03:57:44,c4646,Germany,53.9403,9.5245,Beauty,Face Serum,3,184.07,552.21,Mobile App,Tablet,Completed,3
2026-05-21 04:22:42,c5984,India,21.91,80.3235,Beauty,Perfume,2,95.63,191.26,Affiliate,Tablet,Refunded,4
2026-05-21 04:34:24,c3450,Brazil,-15.3129,-49.4684,Books,Sci-Fi Anthology,1,156.02,156.02,Affiliate,Desktop,Completed,1
2026-05-21 04:39:42,c9897,Brazil,-11.5516,-53.18,Apparel,Denim Jacket,1,176.85,176.85,Web,Mobile,Completed,4
2026-05-21 04:40:10,c7213,Brazil,-16.8915,-50.3128,Home,Coffee Maker,3,170.0,510.0,Marketplace,Desktop,Completed,5
2026-05-21 04:41:24,c3006,France,48.6074,1.5296,Home,Cutting Board Set,1,35.94,35.94,Marketplace,Mobile,Completed,4
2026-05-21 04:48:53,c7522,United States,35.1787,-92.7114,Beauty,Perfume,2,161.61,323.22,Marketplace,Desktop,Completed,3
2026-05-21 04:52:31,c5532,United States,37.1426,-96.2485,Beauty,Shampoo Bar,3,168.04,504.12,Marketplace,Desktop,Completed,5
2026-05-21 05:07:08,c3137,Brazil,-14.9562,-49.0531,Sports,Dumbbell Set,1,18.03,18.03,Mobile App,Mobile,Pending,3
2026-05-21 05:07:36,c8662,Brazil,-11.838,-49.6073,Books,Kids Picture Book,2,162.8,325.6,Mobile App,Tablet,Refunded,5
2026-05-21 06:26:02,c2094,United States,34.5392,-94.46,Beauty,Lip Balm Set,5,133.92,669.6,Web,Mobile,Completed,5
2026-05-21 06:27:56,c9275,Singapore,-0.4036,106.7759,Beauty,Perfume,4,11.1,44.4,Affiliate,Mobile,Completed,5
2026-05-21 07:10:55,c4152,United Kingdom,53.0632,-5.1936,Sports,Tennis Racket,2,130.09,260.18,Mobile App,Tablet,Completed,3
2026-05-21 07:16:25,c5577,United Kingdom,57.8769,-3.0981,Home,Desk Lamp,3,180.92,542.76,Mobile App,Mobile,Refunded,5
2026-05-21 07:53:35,c9966,Brazil,-14.4908,-48.9841,Home,Desk Lamp,5,171.41,857.05,Marketplace,Tablet,Completed,5
2026-05-21 08:11:29,c1266,United Kingdom,55.4027,-0.9434,Beauty,Perfume,5,205.58,1027.9,Web,Desktop,Completed,5
2026-05-21 08:36:15,c6837,France,43.803,3.8092,Books,Sci-Fi Anthology,2,175.35,350.7,Marketplace,Mobile,Completed,4
2026-05-21 08:38:03,c2231,Germany,51.6985,11.5733,Books,Mystery Novel,5,20.06,100.3,Affiliate,Desktop,Cancelled,5
2026-05-21 08:50:20,c8265,Germany,50.9255,12.4819,Home,Cutting Board Set,1,188.05,188.05,Mobile App,Tablet,Completed,5
2026-05-21 09:18:01,c2497,Australia,-28.1,135.6551,Beauty,Lip Balm Set,4,37.27,149.08,Mobile App,Desktop,Completed,5
2026-05-21 09:47:29,c4555,Canada,56.0191,-107.7126,Apparel,Baseball Cap,3,156.23,468.69,Mobile App,Tablet,Pending,5
2026-05-21 10:33:03,c5448,Mexico,24.6446,-102.7096,Beauty,Perfume,2,183.55,367.1,Mobile App,Desktop,Completed,5
2026-05-21 10:35:55,c7531,Japan,37.2968,139.0435,Sports,Water Bottle,5,67.56,337.8,Web,Desktop,Completed,5
2026-05-21 10:40:01,c2565,Germany,52.5366,11.4221,Beauty,Face Serum,2,92.17,184.34,Web,Mobile,Completed,1
2026-05-21 10:47:21,c6381,Mexico,23.3463,-104.0744,Home,Throw Blanket,4,211.31,845.24,Web,Tablet,Completed,1
2026-05-21 11:23:41,c1020,Germany,52.0012,7.9478,Beauty,Face Serum,3,208.41,625.23,Affiliate,Tablet,Cancelled,5
2026-05-21 11:33:12,c3136,Mexico,23.9514,-103.5254,Books,Mystery Novel,3,23.4,70.2,Mobile App,Tablet,Completed,2
2026-05-21 11:51:22,c6658,India,19.9345,78.9058,Sports,Yoga Mat,1,68.51,68.51,Web,Mobile,Completed,5
2026-05-21 11:52:25,c1166,Mexico,22.2737,-101.8279,Apparel,Baseball Cap,3,29.79,89.37,Affiliate,Mobile,Completed,2
2026-05-21 12:12:25,c6563,United Kingdom,56.2535,-5.6115,Apparel,Running Shoes,3,100.3,300.9,Affiliate,Tablet,Completed,3
2026-05-21 12:15:07,c1484,Singapore,1.5463,103.3602,Home,Air Purifier,1,174.75,174.75,Mobile App,Desktop,Completed,4
2026-05-21 13:00:36,c2718,Australia,-23.8003,134.2435,Sports,Tennis Racket,5,168.88,844.4,Web,Desktop,Completed,1
2026-05-21 13:03:43,c2584,France,47.5948,0.1103,Sports,Dumbbell Set,1,90.02,90.02,Web,Mobile,Completed,3
2026-05-21 13:21:39,c8329,United States,34.1941,-93.1027,Electronics,Wireless Headphones,4,63.78,255.12,Marketplace,Mobile,Completed,1
2026-05-21 14:06:22,c2800,United Kingdom,53.0125,-2.2604,Sports,Tennis Racket,1,92.31,92.31,Marketplace,Mobile,Completed,5
2026-05-21 14:08:58,c8059,Australia,-27.56,134.0818,Home,Air Purifier,2,92.15,184.3,Marketplace,Desktop,Completed,5
2026-05-21 14:27:05,c2218,Japan,37.7837,135.7643,Home,Desk Lamp,1,94.13,94.13,Affiliate,Mobile,Completed,5
2026-05-21 14:38:42,c7146,Canada,56.1611,-103.9108,Home,Throw Blanket,4,18.86,75.44,Web,Tablet,Completed,5
2026-05-21 15:22:23,c1198,United States,39.9887,-94.0488,Home,Coffee Maker,3,149.61,448.83,Affiliate,Tablet,Completed,5
2026-05-21 15:27:22,c6575,Brazil,-11.8281,-52.518,Electronics,Smart Watch,2,89.16,178.32,Affiliate,Desktop,Completed,2
2026-05-21 15:28:33,c8447,India,19.5623,77.8637,Sports,Camping Tent,4,32.24,128.96,Web,Tablet,Completed,5
2026-05-21 16:03:49,c8837,Singapore,1.8012,102.0849,Apparel,Running Shoes,1,60.01,60.01,Mobile App,Desktop,Completed,5
2026-05-21 16:25:52,c3125,Australia,-27.1438,132.6483,Books,Sci-Fi Anthology,2,73.04,146.08,Web,Desktop,Completed,2
2026-05-21 16:44:41,c3887,Canada,56.944,-107.5529,Apparel,Running Shoes,4,211.57,846.28,Affiliate,Desktop,Completed,3
2026-05-21 16:47:17,c6783,Germany,52.9228,8.6752,Home,Cutting Board Set,2,110.86,221.72,Marketplace,Tablet,Completed,4
2026-05-21 17:21:38,c8086,United States,34.1127,-93.716,Home,Desk Lamp,2,47.07,94.14,Mobile App,Desktop,Completed,5
2026-05-21 18:34:28,c5433,Mexico,21.3169,-104.2037,Sports,Water Bottle,1,135.77,135.77,Marketplace,Tablet,Completed,5
2026-05-21 18:37:31,c5442,Brazil,-11.6959,-50.9942,Beauty,Perfume,2,183.53,367.06,Marketplace,Desktop,Completed,4
2026-05-21 18:43:21,c4852,Canada,58.4046,-106.3988,Books,Kids Picture Book,4,99.18,396.72,Marketplace,Desktop,Completed,3
2026-05-21 19:10:49,c7725,Mexico,25.3628,-102.5799,Sports,Dumbbell Set,4,119.6,478.4,Web,Mobile,Completed,4
2026-05-21 19:30:13,c5270,Brazil,-14.3353,-50.7681,Books,Sci-Fi Anthology,1,130.96,130.96,Affiliate,Mobile,Completed,2
2026-05-21 19:35:46,c9739,South Africa,-29.5017,19.9516,Electronics,Bluetooth Speaker,2,72.16,144.32,Affiliate,Desktop,Completed,5
2026-05-21 19:46:02,c7372,Singapore,0.5342,104.8197,Apparel,Running Shoes,1,101.98,101.98,Affiliate,Desktop,Completed,5
2026-05-21 20:05:15,c9226,France,48.8557,0.2105,Beauty,Shampoo Bar,2,34.9,69.8,Marketplace,Mobile,Completed,5
2026-05-21 20:15:27,c3912,Canada,54.1054,-104.6962,Sports,Dumbbell Set,2,179.64,359.28,Affiliate,Desktop,Pending,4
2026-05-21 20:29:02,c9622,India,18.0817,76.3332,Apparel,Winter Coat,4,24.55,98.2,Affiliate,Tablet,Completed,5
2026-05-21 20:32:48,c4547,United Kingdom,52.4861,-0.6595,Books,Business Guide,5,163.21,816.05,Affiliate,Tablet,Refunded,5
2026-05-21 21:19:23,c4109,France,44.8075,3.7025,Electronics,4K Monitor,5,35.69,178.45,Web,Desktop,Completed,5
2026-05-21 21:24:55,c6151,Brazil,-14.6637,-53.8145,Apparel,Running Shoes,3,86.86,260.58,Web,Desktop,Completed,1
2026-05-21 22:01:46,c6829,Germany,53.0433,9.1892,Sports,Camping Tent,3,85.67,257.01,Web,Desktop,Completed,2
2026-05-21 22:01:55,c3570,India,18.9177,76.7172,Home,Coffee Maker,1,185.87,185.87,Web,Mobile,Completed,5
2026-05-21 22:03:43,c5099,United Kingdom,56.5653,-1.6774,Sports,Water Bottle,3,116.88,350.64,Web,Mobile,Completed,5
2026-05-21 22:18:42,c9254,Brazil,-13.5415,-52.3547,Electronics,Mechanical Keyboard,3,199.56,598.68,Mobile App,Desktop,Completed,1
2026-05-21 22:20:28,c9008,Germany,52.8728,9.9805,Home,Throw Blanket,2,181.65,363.3,Web,Desktop,Completed,2
2026-05-21 22:21:35,c4122,United Kingdom,53.9057,-5.2645,Electronics,Smart Watch,4,182.81,731.24,Marketplace,Desktop,Completed,1
2026-05-21 22:30:43,c9647,Canada,56.8221,-103.9149,Electronics,Mechanical Keyboard,2,124.35,248.7,Affiliate,Desktop,Completed,4
2026-05-21 23:05:00,c4784,France,43.4739,-0.3677,Home,Coffee Maker,5,28.59,142.95,Affiliate,Desktop,Completed,4
2026-05-21 23:07:47,c3892,Canada,57.9403,-107.7608,Beauty,Face Serum,4,69.2,276.8,Affiliate,Tablet,Completed,3
2026-05-21 23:11:48,c4065,Japan,37.5885,136.0492,Books,Kids Picture Book,5,96.66,483.3,Web,Mobile,Completed,1
2026-05-21 23:38:10,c4131,India,21.7687,80.6063,Sports,Camping Tent,3,52.47,157.41,Web,Mobile,Completed,1
2026-05-22 00:25:51,c4644,Germany,53.1113,12.1005,Books,Sci-Fi Anthology,2,35.94,71.88,Marketplace,Mobile,Completed,2
2026-05-22 00:26:58,c1855,Brazil,-14.5088,-49.5593,Beauty,Perfume,1,12.34,12.34,Mobile App,Mobile,Completed,4
2026-05-22 01:11:41,c1202,Canada,53.4562,-105.5933,Sports,Tennis Racket,5,13.05,65.25,Mobile App,Desktop,Refunded,4
2026-05-22 01:41:06,c6455,United Kingdom,53.509,-1.8698,Beauty,Makeup Brush Kit,4,52.28,209.12,Marketplace,Desktop,Completed,4
2026-05-22 02:07:14,c4481,Brazil,-13.5253,-52.2854,Books,Mystery Novel,1,35.8,35.8,Web,Desktop,Completed,2
2026-05-22 02:16:26,c5739,Japan,37.6432,137.6636,Apparel,Baseball Cap,1,37.71,37.71,Mobile App,Tablet,Completed,5
2026-05-22 02:16:30,c4868,Singapore,0.7987,106.5291,Electronics,Mechanical Keyboard,4,102.28,409.12,Marketplace,Desktop,Pending,5
2026-05-22 02:17:30,c3961,Mexico,20.9879,-104.2303,Books,Cookbook,4,22.41,89.64,Marketplace,Mobile,Completed,5
2026-05-22 02:22:27,c9332,India,19.5677,78.1497,Electronics,Smart Watch,4,131.02,524.08,Marketplace,Desktop,Pending,5
2026-05-22 02:37:37,c5331,France,46.349,0.8452,Home,Desk Lamp,4,61.01,244.04,Web,Desktop,Cancelled,1
2026-05-22 02:52:54,c2281,Australia,-24.1151,130.9839,Sports,Camping Tent,4,184.91,739.64,Marketplace,Tablet,Completed,2
2026-05-22 03:21:55,c2252,Canada,55.6711,-104.9367,Home,Coffee Maker,5,109.84,549.2,Mobile App,Desktop,Completed,2
2026-05-22 03:36:35,c2303,Canada,53.352,-107.1977,Beauty,Makeup Brush Kit,4,20.42,81.68,Marketplace,Tablet,Completed,2
2026-05-22 03:40:04,c5754,United States,37.976,-95.3249,Books,Kids Picture Book,5,105.76,528.8,Mobile App,Desktop,Completed,4
2026-05-22 04:01:56,c4231,France,47.1686,0.6799,Beauty,Face Serum,2,81.83,163.66,Affiliate,Tablet,Completed,3
2026-05-22 04:14:38,c6572,Germany,50.6394,8.5195,Home,Air Purifier,1,46.21,46.21,Affiliate,Tablet,Completed,5
2026-05-22 04:17:41,c1149,Canada,57.3057,-107.6035,Apparel,Denim Jacket,2,163.89,327.78,Marketplace,Tablet,Refunded,2
2026-05-22 04:40:27,c7097,France,45.1476,2.1044,Electronics,Bluetooth Speaker,2,122.57,245.14,Mobile App,Desktop,Completed,1
2026-05-22 04:46:36,c6073,South Africa,-32.854,21.8132,Beauty,Makeup Brush Kit,4,125.78,503.12,Affiliate,Mobile,Completed,5
2026-05-22 04:49:22,c9432,Japan,34.0187,136.743,Home,Desk Lamp,3,90.17,270.51,Mobile App,Desktop,Completed,5
2026-05-22 04:49:49,c6205,Germany,51.7252,8.1522,Home,Air Purifier,1,40.15,40.15,Marketplace,Tablet,Completed,5
2026-05-22 05:17:45,c4115,United Kingdom,55.7073,-5.3691,Home,Throw Blanket,5,65.04,325.2,Affiliate,Tablet,Completed,4
2026-05-22 05:45:17,c1412,South Africa,-32.4938,20.806,Books,Business Guide,3,89.16,267.48,Web,Tablet,Completed,4
2026-05-22 05:56:12,c9486,South Africa,-29.4343,25.296,Electronics,Smart Watch,2,178.47,356.94,Affiliate,Desktop,Completed,2
2026-05-22 06:09:12,c6860,United States,38.6021,-96.197,Beauty,Shampoo Bar,3,85.59,256.77,Affiliate,Desktop,Completed,2
2026-05-22 06:31:23,c9054,Brazil,-13.1848,-49.6475,Sports,Camping Tent,1,143.73,143.73,Marketplace,Tablet,Cancelled,4
2026-05-22 08:03:29,c1939,South Africa,-30.1899,20.831,Beauty,Face Serum,4,45.0,180.0,Marketplace,Tablet,Completed,5
2026-05-22 08:19:19,c2010,Singapore,1.6973,102.3667,Books,Sci-Fi Anthology,5,50.42,252.1,Web,Mobile,Completed,2
2026-05-22 08:20:56,c2919,South Africa,-27.7547,23.3816,Books,Business Guide,3,164.84,494.52,Web,Mobile,Refunded,5
2026-05-22 08:22:36,c3802,Singapore,2.5471,103.2474,Books,Mystery Novel,3,112.98,338.94,Mobile App,Mobile,Completed,4
2026-05-22 09:25:39,c2502,Japan,36.4282,140.9048,Electronics,Bluetooth Speaker,3,120.89,362.67,Web,Tablet,Completed,4
2026-05-22 10:52:25,c8527,United States,34.2726,-95.2405,Home,Throw Blanket,1,15.52,15.52,Affiliate,Desktop,Completed,1
2026-05-22 11:02:28,c8586,France,47.7111,2.558,Beauty,Makeup Brush Kit,4,87.31,349.24,Mobile App,Mobile,Pending,5
2026-05-22 11:04:00,c1998,Japan,35.0106,136.1096,Beauty,Makeup Brush Kit,4,71.71,286.84,Mobile App,Tablet,Completed,5
2026-05-22 11:22:55,c9782,Mexico,22.2554,-101.7692,Electronics,4K Monitor,5,169.17,845.85,Mobile App,Desktop,Completed,2
2026-05-22 12:10:50,c6862,United Kingdom,55.1562,-0.8225,Books,Mystery Novel,1,168.79,168.79,Mobile App,Desktop,Completed,4
2026-05-22 12:55:02,c1960,Brazil,-15.3234,-49.2125,Apparel,Running Shoes,3,14.87,44.61,Web,Desktop,Completed,5
2026-05-22 13:52:10,c4567,United States,36.0902,-95.78,Sports,Yoga Mat,2,34.46,68.92,Affiliate,Desktop,Refunded,2
2026-05-22 14:14:41,c1083,Mexico,25.8656,-104.063,Books,Kids Picture Book,5,208.61,1043.05,Affiliate,Desktop,Completed,5
2026-05-22 14:30:43,c3693,Germany,52.2922,10.9332,Apparel,Baseball Cap,3,203.85,611.55,Mobile App,Desktop,Completed,5
2026-05-22 15:09:45,c1704,Brazil,-14.3807,-52.9046,Books,Sci-Fi Anthology,5,191.71,958.55,Mobile App,Tablet,Cancelled,1
2026-05-22 15:26:58,c7528,Japan,38.0995,138.0118,Home,Desk Lamp,1,147.93,147.93,Marketplace,Mobile,Refunded,4
2026-05-22 15:51:56,c4711,United Kingdom,54.5502,-2.5662,Beauty,Makeup Brush Kit,2,175.32,350.64,Mobile App,Mobile,Completed,5
2026-05-22 16:03:31,c7568,Singapore,0.5868,103.8322,Electronics,4K Monitor,5,216.06,1080.3,Web,Mobile,Refunded,4
2026-05-22 16:54:40,c2436,South Africa,-29.7074,23.3114,Books,Cookbook,3,32.53,97.59,Web,Desktop,Completed,4
2026-05-22 17:00:08,c4064,Japan,38.6904,137.3602,Sports,Dumbbell Set,3,85.83,257.49,Mobile App,Tablet,Completed,5
2026-05-22 17:27:56,c8913,Japan,37.0812,136.5913,Home,Cutting Board Set,4,84.66,338.64,Web,Mobile,Completed,1
2026-05-22 17:28:22,c6548,South Africa,-28.9035,23.0293,Books,Kids Picture Book,3,14.79,44.37,Mobile App,Tablet,Completed,5
2026-05-22 17:35:04,c3856,Canada,58.6466,-108.4312,Sports,Tennis Racket,2,68.82,137.64,Affiliate,Mobile,Refunded,5
2026-05-22 17:56:24,c5216,Canada,54.1795,-107.2013,Home,Air Purifier,2,113.29,226.58,Mobile App,Mobile,Completed,2
2026-05-22 18:24:55,c2817,Canada,59.0674,-109.1966,Beauty,Makeup Brush Kit,2,77.67,155.34,Web,Desktop,Cancelled,2
2026-05-22 18:34:22,c1227,Singapore,-0.2128,105.861,Books,Kids Picture Book,1,58.58,58.58,Web,Tablet,Completed,4
2026-05-22 19:05:07,c3237,Singapore,3.2044,104.3531,Electronics,Mechanical Keyboard,2,180.49,360.98,Marketplace,Mobile,Completed,5
2026-05-22 19:36:45,c8637,Mexico,23.7362,-103.9215,Beauty,Lip Balm Set,1,35.87,35.87,Mobile App,Tablet,Completed,4
2026-05-22 20:04:20,c4840,Mexico,22.4051,-102.4547,Home,Cutting Board Set,3,155.31,465.93,Web,Desktop,Completed,4
2026-05-22 20:08:11,c8856,United States,34.81,-98.2142,Books,Kids Picture Book,1,132.41,132.41,Marketplace,Tablet,Completed,3
2026-05-22 20:14:30,c9639,Canada,54.4459,-109.2602,Beauty,Makeup Brush Kit,1,56.12,56.12,Marketplace,Desktop,Completed,5
2026-05-22 20:34:45,c9914,France,44.2131,2.0582,Apparel,Winter Coat,2,191.5,383.0,Web,Tablet,Cancelled,1
2026-05-22 20:48:37,c2340,Brazil,-16.2157,-49.8414,Apparel,Baseball Cap,3,9.29,27.87,Mobile App,Mobile,Completed,5
2026-05-22 21:05:06,c8075,Singapore,-0.6616,104.5816,Books,Sci-Fi Anthology,3,94.15,282.45,Web,Mobile,Completed,1
2026-05-22 21:27:26,c7993,Mexico,24.791,-100.1836,Apparel,Graphic T-Shirt,2,56.05,112.1,Web,Tablet,Completed,1
2026-05-22 22:06:57,c8545,Japan,38.6922,137.1859,Home,Coffee Maker,1,190.66,190.66,Marketplace,Mobile,Completed,5
2026-05-22 22:19:23,c8011,Australia,-25.5283,135.197,Beauty,Perfume,5,94.34,471.7,Mobile App,Desktop,Refunded,5
2026-05-22 22:40:38,c5554,Australia,-26.9296,131.7243,Home,Cutting Board Set,1,112.24,112.24,Web,Mobile,Pending,5
2026-05-22 22:55:07,c8506,Canada,58.7053,-104.1628,Apparel,Graphic T-Shirt,2,32.55,65.1,Mobile App,Mobile,Pending,5
2026-05-22 23:24:48,c7043,Germany,48.8008,9.3872,Beauty,Perfume,2,26.66,53.32,Web,Tablet,Refunded,4
2026-05-22 23:46:31,c2310,United States,37.1249,-93.2334,Books,Kids Picture Book,3,100.78,302.34,Web,Mobile,Completed,4
2026-05-23 00:08:43,c9146,Germany,51.548,12.8106,Electronics,Wireless Headphones,3,93.11,279.33,Marketplace,Tablet,Completed,4
2026-05-23 01:08:18,c8387,United Kingdom,57.2446,-2.3388,Home,Desk Lamp,2,196.08,392.16,Mobile App,Tablet,Completed,5
2026-05-23 01:29:02,c3885,United States,36.9425,-93.2858,Sports,Dumbbell Set,3,139.27,417.81,Marketplace,Desktop,Completed,4
2026-05-23 01:55:51,c6287,Canada,57.6162,-109.0289,Sports,Water Bottle,1,66.15,66.15,Marketplace,Tablet,Completed,4
2026-05-23 01:59:45,c9503,Brazil,-15.2349,-51.3785,Books,Sci-Fi Anthology,2,57.46,114.92,Marketplace,Tablet,Completed,5
2026-05-23 02:09:44,c9867,United Kingdom,57.5754,-4.7344,Beauty,Perfume,1,103.92,103.92,Web,Desktop,Completed,5
2026-05-23 02:17:39,c1269,Brazil,-14.4117,-53.483,Home,Air Purifier,4,210.99,843.96,Web,Desktop,Completed,3
2026-05-23 02:17:46,c4438,Canada,57.0545,-103.4144,Apparel,Winter Coat,2,161.35,322.7,Affiliate,Desktop,Completed,5
2026-05-23 02:29:49,c4823,South Africa,-33.4192,21.8266,Home,Coffee Maker,5,42.69,213.45,Affiliate,Tablet,Completed,4
2026-05-23 02:31:05,c4531,Australia,-22.8257,133.7883,Sports,Water Bottle,2,15.0,30.0,Affiliate,Mobile,Completed,5
2026-05-23 02:52:14,c4700,United States,37.3849,-96.093,Home,Throw Blanket,3,216.59,649.77,Marketplace,Mobile,Cancelled,5
2026-05-23 03:02:54,c6064,Mexico,22.3055,-101.6898,Home,Desk Lamp,2,133.75,267.5,Marketplace,Tablet,Completed,5
2026-05-23 03:28:44,c9471,Germany,48.75,8.1385,Sports,Dumbbell Set,1,54.01,54.01,Web,Tablet,Completed,1
2026-05-23 03:40:54,c2667,Mexico,25.1379,-103.9421,Sports,Yoga Mat,3,196.66,589.98,Web,Desktop,Completed,1
2026-05-23 04:04:14,c5354,Australia,-23.4864,131.8761,Beauty,Shampoo Bar,4,45.62,182.48,Marketplace,Desktop,Completed,2
2026-05-23 04:13:15,c1201,Australia,-23.63,136.1456,Beauty,Face Serum,5,8.54,42.7,Mobile App,Desktop,Completed,5
2026-05-23 04:55:49,c3321,Australia,-24.7282,132.4764,Beauty,Lip Balm Set,1,57.35,57.35,Affiliate,Mobile,Completed,4
2026-05-23 05:17:23,c5513,Germany,52.8453,10.9508,Electronics,Wireless Headphones,4,33.15,132.6,Mobile App,Mobile,Cancelled,5
2026-05-23 05:23:41,c1375,France,47.3192,1.1206,Electronics,Mechanical Keyboard,5,167.06,835.3,Affiliate,Tablet,Completed,5
2026-05-23 05:26:16,c5081,Mexico,21.7963,-104.7872,Home,Cutting Board Set,5,137.19,685.95,Affiliate,Tablet,Completed,1
2026-05-23 05:40:29,c2527,Japan,34.7572,138.1651,Electronics,Bluetooth Speaker,3,190.09,570.27,Web,Mobile,Completed,4
2026-05-23 06:28:02,c3965,United Kingdom,54.487,-1.6835,Apparel,Denim Jacket,2,125.07,250.14,Mobile App,Tablet,Completed,1
2026-05-23 06:47:15,c6724,France,43.6378,0.4107,Electronics,4K Monitor,5,112.19,560.95,Web,Tablet,Refunded,3
2026-05-23 06:55:05,c6897,South Africa,-32.0374,21.9887,Beauty,Makeup Brush Kit,5,108.86,544.3,Affiliate,Desktop,Completed,4
2026-05-23 07:22:24,c6076,South Africa,-33.4772,24.1326,Books,Cookbook,1,173.51,173.51,Affiliate,Tablet,Completed,4
2026-05-23 08:16:24,c6116,United Kingdom,53.3866,-3.0526,Sports,Dumbbell Set,3,62.75,188.25,Affiliate,Mobile,Completed,5
2026-05-23 09:49:07,c1988,United States,36.6248,-96.5391,Apparel,Winter Coat,5,112.91,564.55,Mobile App,Tablet,Completed,5
2026-05-23 10:01:31,c8695,Japan,35.0853,137.6806,Apparel,Graphic T-Shirt,4,135.29,541.16,Web,Tablet,Cancelled,4
2026-05-23 11:17:26,c5532,France,44.9532,4.9709,Apparel,Baseball Cap,1,168.37,168.37,Affiliate,Desktop,Completed,5
2026-05-23 11:22:32,c6486,Canada,56.0376,-105.8666,Beauty,Perfume,1,207.36,207.36,Web,Tablet,Completed,5
2026-05-23 11:50:27,c4388,Germany,49.9009,12.9562,Sports,Yoga Mat,3,37.89,113.67,Mobile App,Desktop,Completed,1
2026-05-23 12:46:01,c3232,Canada,56.4611,-108.5909,Beauty,Shampoo Bar,3,120.31,360.93,Mobile App,Mobile,Pending,3
2026-05-23 12:52:36,c7939,Canada,53.5861,-107.9755,Books,Sci-Fi Anthology,4,35.16,140.64,Marketplace,Mobile,Completed,5
2026-05-23 13:32:37,c3193,Singapore,1.7855,101.3165,Apparel,Winter Coat,2,63.62,127.24,Mobile App,Mobile,Cancelled,5
2026-05-23 13:54:00,c1785,United States,38.9884,-94.2919,Beauty,Shampoo Bar,4,189.7,758.8,Affiliate,Mobile,Completed,3
2026-05-23 14:22:30,c4951,United States,38.9419,-95.8799,Home,Cutting Board Set,2,29.23,58.46,Marketplace,Tablet,Completed,1
2026-05-23 15:19:43,c9159,Germany,53.8558,11.0364,Home,Air Purifier,3,47.22,141.66,Affiliate,Mobile,Completed,3
2026-05-23 15:33:38,c6865,India,22.4566,76.6891,Sports,Camping Tent,5,134.83,674.15,Marketplace,Desktop,Refunded,4
2026-05-23 15:43:10,c1376,South Africa,-33.2246,21.9454,Home,Throw Blanket,3,214.77,644.31,Web,Desktop,Completed,5
2026-05-23 16:12:52,c1361,United States,38.5107,-97.6728,Apparel,Winter Coat,3,144.52,433.56,Marketplace,Desktop,Completed,2
2026-05-23 16:33:12,c6491,United Kingdom,54.2523,-1.121,Sports,Water Bottle,4,54.2,216.8,Web,Tablet,Completed,4
2026-05-23 16:45:23,c1698,Brazil,-12.6974,-50.1558,Books,Kids Picture Book,4,55.43,221.72,Affiliate,Tablet,Completed,2
2026-05-23 17:54:20,c5934,Japan,34.7141,137.0839,Beauty,Lip Balm Set,1,78.72,78.72,Marketplace,Tablet,Cancelled,5
2026-05-23 18:21:31,c4556,Mexico,20.9721,-101.6802,Beauty,Shampoo Bar,3,198.5,595.5,Affiliate,Tablet,Completed,4
2026-05-23 18:44:09,c6026,United Kingdom,54.7882,-5.3623,Electronics,Wireless Headphones,4,37.79,151.16,Affiliate,Desktop,Completed,4
2026-05-23 18:54:50,c9205,United Kingdom,57.0555,-5.7801,Sports,Yoga Mat,4,70.69,282.76,Affiliate,Desktop,Completed,5
2026-05-23 18:56:04,c1297,United Kingdom,57.1409,-0.7817,Books,Sci-Fi Anthology,2,126.05,252.1,Marketplace,Mobile,Completed,3
2026-05-23 18:58:31,c3642,Canada,53.7206,-108.2339,Apparel,Winter Coat,4,189.35,757.4,Mobile App,Mobile,Completed,5
2026-05-23 19:00:22,c3941,Singapore,0.4311,103.6152,Sports,Camping Tent,1,123.31,123.31,Affiliate,Tablet,Completed,5
2026-05-23 19:31:13,c4032,Australia,-27.8002,135.8356,Beauty,Shampoo Bar,5,113.13,565.65,Marketplace,Mobile,Pending,3
2026-05-23 20:05:00,c6619,United Kingdom,52.8634,-3.8375,Electronics,4K Monitor,1,64.23,64.23,Mobile App,Mobile,Completed,1
2026-05-23 20:14:39,c7397,United States,38.2617,-96.0616,Home,Desk Lamp,5,93.15,465.75,Affiliate,Desktop,Completed,3
2026-05-23 20:21:44,c3660,India,19.4242,76.6227,Electronics,4K Monitor,5,173.62,868.1,Web,Mobile,Completed,5
2026-05-23 20:25:26,c4546,Mexico,21.3,-101.1118,Books,Business Guide,1,218.82,218.82,Marketplace,Mobile,Completed,3
2026-05-23 20:48:15,c6400,Canada,55.0716,-107.8617,Home,Air Purifier,4,167.8,671.2,Marketplace,Tablet,Completed,1
2026-05-23 22:08:47,c9737,Canada,54.9178,-104.9288,Books,Sci-Fi Anthology,5,127.91,639.55,Mobile App,Mobile,Completed,3
2026-05-23 22:09:31,c7187,Mexico,26.2522,-103.8972,Home,Coffee Maker,1,148.56,148.56,Web,Mobile,Completed,2
2026-05-23 22:20:20,c9962,Brazil,-15.7346,-49.7452,Books,Sci-Fi Anthology,5,168.81,844.05,Web,Tablet,Completed,5
2026-05-23 22:20:51,c5009,Japan,38.4977,137.0577,Electronics,4K Monitor,2,100.55,201.1,Mobile App,Tablet,Completed,5
2026-05-23 23:38:07,c7044,Brazil,-14.1875,-54.2018,Apparel,Denim Jacket,4,13.57,54.28,Affiliate,Tablet,Completed,2
2026-05-23 23:39:24,c4190,Japan,38.8264,140.7116,Books,Sci-Fi Anthology,2,86.83,173.66,Marketplace,Tablet,Cancelled,5
2026-05-23 23:43:05,c6161,United Kingdom,55.9314,-6.0663,Beauty,Shampoo Bar,3,63.33,189.99,Affiliate,Tablet,Refunded,5
2026-05-24 00:06:59,c9139,India,21.9728,76.4674,Home,Desk Lamp,1,10.22,10.22,Web,Desktop,Completed,5
2026-05-24 00:36:06,c7422,India,22.6113,80.6423,Apparel,Denim Jacket,5,154.52,772.6,Web,Desktop,Completed,5
2026-05-24 01:00:43,c7766,South Africa,-32.0282,22.3833,Home,Coffee Maker,3,13.67,41.01,Marketplace,Mobile,Completed,4
2026-05-24 01:33:09,c2408,Mexico,25.3084,-103.0836,Books,Mystery Novel,5,127.85,639.25,Affiliate,Desktop,Completed,1
2026-05-24 01:41:09,c5744,United Kingdom,53.6309,-1.8848,Sports,Tennis Racket,2,132.02,264.04,Web,Tablet,Completed,2
2026-05-24 01:45:41,c8023,Mexico,20.8871,-103.349,Electronics,Mechanical Keyboard,4,206.35,825.4,Affiliate,Tablet,Completed,2
2026-05-24 03:34:22,c1540,Singapore,-0.4938,104.2324,Sports,Tennis Racket,4,160.7,642.8,Marketplace,Mobile,Refunded,4
2026-05-24 03:51:20,c9912,India,22.2037,80.5631,Beauty,Face Serum,5,86.81,434.05,Affiliate,Tablet,Cancelled,1
2026-05-24 04:19:22,c2154,United Kingdom,54.5335,-3.3463,Beauty,Shampoo Bar,3,179.59,538.77,Mobile App,Tablet,Completed,4
2026-05-24 05:01:12,c3721,Singapore,4.1069,101.1368,Home,Throw Blanket,2,101.5,203.0,Web,Desktop,Completed,4
2026-05-24 05:19:21,c3106,Singapore,-0.5154,105.3708,Apparel,Winter Coat,3,80.32,240.96,Marketplace,Mobile,Refunded,2
2026-05-24 05:19:28,c1375,Australia,-28.0554,135.6588,Electronics,Wireless Headphones,2,173.72,347.44,Mobile App,Mobile,Cancelled,4
2026-05-24 06:08:42,c2744,United Kingdom,54.5562,-1.7672,Home,Coffee Maker,3,42.51,127.53,Web,Desktop,Completed,4
2026-05-24 07:27:31,c2577,South Africa,-31.4721,23.6926,Sports,Dumbbell Set,4,122.84,491.36,Web,Desktop,Refunded,3
2026-05-24 07:33:03,c4388,Mexico,21.5896,-104.6166,Beauty,Makeup Brush Kit,2,123.82,247.64,Web,Desktop,Completed,1
2026-05-24 07:46:44,c4917,Germany,49.3817,9.1868,Electronics,Mechanical Keyboard,1,20.99,20.99,Web,Tablet,Completed,1
2026-05-24 07:51:21,c9854,Canada,56.4691,-109.1044,Books,Kids Picture Book,1,35.06,35.06,Web,Desktop,Completed,4
2026-05-24 08:01:37,c8548,India,23.4618,80.9392,Sports,Tennis Racket,2,14.21,28.42,Affiliate,Mobile,Completed,1
2026-05-24 08:21:56,c9907,United States,37.1977,-95.4758,Apparel,Denim Jacket,1,115.78,115.78,Web,Desktop,Completed,2
2026-05-24 08:27:13,c5228,India,22.8582,81.0071,Apparel,Denim Jacket,5,11.6,58.0,Mobile App,Mobile,Completed,5
2026-05-24 08:33:19,c2402,Mexico,21.4915,-102.9746,Sports,Tennis Racket,5,96.31,481.55,Marketplace,Desktop,Cancelled,1
2026-05-24 09:02:06,c4052,France,44.7148,4.6721,Sports,Tennis Racket,1,166.46,166.46,Mobile App,Mobile,Completed,5
2026-05-24 09:02:29,c7316,India,21.5791,77.9225,Sports,Yoga Mat,5,91.37,456.85,Affiliate,Mobile,Completed,5
2026-05-24 09:19:07,c1824,Canada,58.3465,-108.9008,Books,Sci-Fi Anthology,3,213.67,641.01,Mobile App,Tablet,Completed,5
2026-05-24 10:16:21,c7190,India,22.409,80.4022,Electronics,Mechanical Keyboard,5,54.73,273.65,Affiliate,Tablet,Refunded,4
2026-05-24 10:36:01,c8287,Singapore,3.0003,103.1409,Beauty,Makeup Brush Kit,1,189.54,189.54,Mobile App,Desktop,Completed,2
2026-05-24 10:51:44,c2680,Singapore,3.079,106.033,Books,Business Guide,1,148.89,148.89,Web,Mobile,Completed,4
2026-05-24 11:08:09,c4084,France,48.3318,4.5353,Home,Throw Blanket,4,104.39,417.56,Mobile App,Mobile,Completed,4
2026-05-24 11:17:55,c1644,Brazil,-15.7586,-49.9198,Home,Desk Lamp,5,97.87,489.35,Affiliate,Mobile,Completed,4
2026-05-24 11:19:21,c8177,Japan,33.4282,137.5784,Electronics,Wireless Headphones,4,138.45,553.8,Mobile App,Mobile,Completed,1
2026-05-24 11:39:51,c5861,Japan,34.5956,138.2593,Sports,Yoga Mat,3,75.52,226.56,Marketplace,Mobile,Completed,4
2026-05-24 11:57:28,c3843,Canada,53.8774,-107.8728,Books,Cookbook,4,137.24,548.96,Mobile App,Mobile,Completed,4
2026-05-24 12:20:16,c1770,United Kingdom,55.3925,-3.6428,Electronics,4K Monitor,2,77.18,154.36,Marketplace,Tablet,Completed,1
2026-05-24 12:28:51,c4253,South Africa,-28.4811,21.9806,Apparel,Baseball Cap,5,102.49,512.45,Web,Tablet,Refunded,5
2026-05-24 12:37:59,c8498,Japan,34.1051,137.4573,Electronics,Smart Watch,2,196.64,393.28,Affiliate,Mobile,Completed,4
2026-05-24 13:03:35,c1915,Australia,-25.5077,135.7915,Sports,Camping Tent,2,183.5,367.0,Mobile App,Desktop,Pending,3
2026-05-24 13:08:56,c6988,Mexico,25.7079,-104.5504,Books,Kids Picture Book,1,194.67,194.67,Marketplace,Desktop,Cancelled,2
2026-05-24 13:15:48,c6454,United Kingdom,56.1124,-0.9798,Beauty,Lip Balm Set,3,24.37,73.11,Mobile App,Tablet,Completed,2
2026-05-24 13:39:29,c1548,United States,36.0065,-94.2483,Sports,Yoga Mat,4,23.89,95.56,Web,Desktop,Pending,5
2026-05-24 14:49:47,c7745,France,45.503,5.0471,Apparel,Denim Jacket,5,61.88,309.4,Marketplace,Mobile,Completed,4
2026-05-24 15:43:59,c2637,India,18.5983,78.1796,Apparel,Winter Coat,5,16.63,83.15,Affiliate,Desktop,Completed,5
2026-05-24 15:49:32,c1984,Canada,54.1651,-109.0592,Home,Coffee Maker,2,67.53,135.06,Web,Tablet,Completed,3
2026-05-24 17:05:08,c7221,Australia,-24.5193,135.8261,Sports,Yoga Mat,1,69.69,69.69,Mobile App,Tablet,Completed,1
2026-05-24 17:05:18,c1693,Mexico,20.6737,-103.0001,Sports,Tennis Racket,5,153.02,765.1,Affiliate,Desktop,Completed,4
2026-05-24 17:17:54,c2258,Australia,-25.0499,135.7984,Apparel,Running Shoes,4,57.76,231.04,Marketplace,Mobile,Completed,2
2026-05-24 17:50:58,c5887,United States,34.7224,-97.5218,Sports,Yoga Mat,5,85.78,428.9,Web,Tablet,Cancelled,3
2026-05-24 17:55:54,c5234,Singapore,-0.9221,104.2363,Sports,Water Bottle,5,59.4,297.0,Marketplace,Tablet,Completed,4
2026-05-24 18:04:39,c6040,Germany,52.1864,11.4589,Apparel,Graphic T-Shirt,3,9.55,28.65,Affiliate,Mobile,Completed,2
2026-05-24 18:11:24,c4594,Mexico,24.2156,-100.1061,Apparel,Denim Jacket,2,66.48,132.96,Marketplace,Mobile,Completed,5
2026-05-24 18:13:22,c4401,Canada,55.5909,-108.8736,Sports,Yoga Mat,5,66.96,334.8,Web,Desktop,Completed,5
2026-05-24 18:31:31,c5453,France,48.7697,1.0799,Home,Coffee Maker,2,109.09,218.18,Web,Mobile,Completed,4
2026-05-24 18:36:24,c2195,South Africa,-30.2865,23.7914,Home,Air Purifier,4,71.06,284.24,Web,Desktop,Completed,5
2026-05-24 18:45:38,c3263,Canada,57.8478,-107.9714,Apparel,Baseball Cap,4,150.91,603.64,Marketplace,Mobile,Completed,2
2026-05-24 19:05:33,c3435,Australia,-25.7158,132.8702,Sports,Tennis Racket,4,133.09,532.36,Mobile App,Desktop,Completed,3
2026-05-24 19:22:41,c4791,Canada,53.6402,-104.0441,Books,Mystery Novel,2,216.91,433.82,Web,Tablet,Completed,4
2026-05-24 19:42:39,c4538,South Africa,-27.6039,20.0982,Apparel,Denim Jacket,2,101.36,202.72,Mobile App,Desktop,Completed,1
2026-05-24 20:36:33,c4148,Brazil,-11.3496,-51.1761,Books,Business Guide,2,54.94,109.88,Affiliate,Tablet,Completed,4
2026-05-24 21:44:21,c9040,Canada,58.7941,-105.3378,Electronics,Mechanical Keyboard,3,37.97,113.91,Mobile App,Mobile,Completed,1
2026-05-24 21:48:30,c9139,Germany,49.7906,11.0152,Home,Throw Blanket,2,185.03,370.06,Mobile App,Mobile,Completed,1
2026-05-24 22:26:20,c5321,United Kingdom,52.62,-3.7786,Apparel,Graphic T-Shirt,2,130.52,261.04,Web,Mobile,Cancelled,2
2026-05-24 22:35:10,c6361,Australia,-23.9986,132.9627,Electronics,Smart Watch,2,142.21,284.42,Marketplace,Tablet,Completed,3
2026-05-24 22:48:52,c6215,France,46.6711,4.8747,Home,Cutting Board Set,2,62.06,124.12,Affiliate,Tablet,Completed,3
2026-05-24 23:51:54,c7577,Australia,-27.0936,135.2785,Electronics,4K Monitor,1,33.11,33.11,Web,Mobile,Completed,5
2026-05-25 00:44:41,c5516,South Africa,-29.2454,22.4848,Books,Cookbook,4,81.39,325.56,Mobile App,Tablet,Completed,1
2026-05-25 00:54:22,c5959,Australia,-22.8429,133.9564,Electronics,Mechanical Keyboard,4,94.96,379.84,Mobile App,Mobile,Completed,1
2026-05-25 01:01:08,c9159,Mexico,24.4896,-103.6925,Home,Throw Blanket,2,134.45,268.9,Affiliate,Desktop,Completed,5
2026-05-25 01:22:11,c7379,United States,36.5256,-95.6078,Apparel,Baseball Cap,5,177.48,887.4,Web,Mobile,Completed,5
2026-05-25 02:07:57,c5772,Brazil,-16.9814,-51.2183,Books,Cookbook,4,95.41,381.64,Affiliate,Desktop,Completed,5
2026-05-25 02:14:25,c5369,Australia,-23.7001,132.3965,Apparel,Graphic T-Shirt,4,69.82,279.28,Marketplace,Desktop,Completed,5
2026-05-25 02:17:05,c2232,United States,37.2401,-93.5396,Beauty,Lip Balm Set,5,47.07,235.35,Mobile App,Tablet,Completed,4
2026-05-25 02:18:14,c8876,France,46.2829,-0.7672,Beauty,Face Serum,5,26.67,133.35,Web,Desktop,Completed,4
2026-05-25 02:19:36,c7818,Germany,49.0652,10.827,Home,Coffee Maker,1,126.31,126.31,Mobile App,Tablet,Completed,5
2026-05-25 02:20:28,c7159,India,23.5768,76.7536,Books,Cookbook,3,157.06,471.18,Web,Mobile,Completed,1
2026-05-25 02:29:24,c3089,United Kingdom,54.2991,-0.8089,Books,Sci-Fi Anthology,2,180.23,360.46,Marketplace,Mobile,Completed,2
2026-05-25 02:57:29,c6228,India,19.3071,77.676,Apparel,Winter Coat,5,126.13,630.65,Affiliate,Tablet,Completed,4
2026-05-25 03:08:08,c1464,United States,36.0352,-98.2743,Electronics,4K Monitor,2,77.25,154.5,Affiliate,Tablet,Completed,5
2026-05-25 04:38:23,c6531,United Kingdom,56.5845,-2.6422,Sports,Camping Tent,2,12.48,24.96,Web,Mobile,Completed,4
2026-05-25 04:47:25,c5618,South Africa,-32.7451,24.1236,Sports,Camping Tent,1,44.94,44.94,Web,Mobile,Completed,5
2026-05-25 05:40:20,c5618,Japan,37.6402,140.807,Apparel,Winter Coat,4,200.6,802.4,Affiliate,Tablet,Cancelled,3
2026-05-25 06:11:55,c3290,United States,39.8026,-93.5824,Sports,Water Bottle,1,105.95,105.95,Web,Desktop,Completed,4
2026-05-25 06:59:40,c6420,Brazil,-15.4472,-51.2251,Electronics,4K Monitor,5,31.5,157.5,Marketplace,Desktop,Completed,2
2026-05-25 07:40:21,c9855,Canada,57.1133,-103.7121,Home,Coffee Maker,3,202.47,607.41,Affiliate,Desktop,Completed,4
2026-05-25 07:42:54,c9063,Canada,55.8095,-107.9539,Books,Kids Picture Book,4,103.84,415.36,Web,Tablet,Completed,4
2026-05-25 08:00:09,c1645,Singapore,3.1616,102.134,Apparel,Baseball Cap,2,141.19,282.38,Marketplace,Mobile,Completed,5
2026-05-25 08:09:21,c9243,Canada,56.1654,-104.0557,Beauty,Face Serum,1,161.87,161.87,Affiliate,Desktop,Completed,4
2026-05-25 08:45:19,c9692,Singapore,0.8237,104.6636,Apparel,Winter Coat,3,163.91,491.73,Web,Tablet,Refunded,4
2026-05-25 08:50:00,c8303,United States,37.3493,-95.2056,Apparel,Denim Jacket,1,51.34,51.34,Web,Mobile,Completed,4
2026-05-25 09:22:22,c9986,Singapore,0.2812,104.6613,Apparel,Baseball Cap,1,196.31,196.31,Web,Desktop,Completed,5
2026-05-25 09:28:57,c3612,Brazil,-12.295,-54.4213,Sports,Yoga Mat,2,25.58,51.16,Affiliate,Tablet,Refunded,5
2026-05-25 09:42:33,c2893,Mexico,25.2932,-102.9022,Electronics,Mechanical Keyboard,2,42.6,85.2,Mobile App,Mobile,Pending,1
2026-05-25 11:44:28,c7572,United States,38.8168,-97.4159,Sports,Dumbbell Set,3,88.37,265.11,Web,Mobile,Completed,4
2026-05-25 11:47:05,c5344,Singapore,-0.4984,104.1579,Apparel,Baseball Cap,5,11.5,57.5,Mobile App,Mobile,Completed,1
2026-05-25 12:47:27,c7176,India,21.6279,76.7951,Home,Desk Lamp,2,159.63,319.26,Web,Mobile,Pending,5
2026-05-25 13:17:04,c6009,Australia,-26.9299,133.2738,Home,Air Purifier,5,51.56,257.8,Affiliate,Mobile,Completed,4
2026-05-25 13:40:32,c3920,France,45.0415,2.2872,Electronics,Mechanical Keyboard,1,86.41,86.41,Web,Tablet,Completed,4
2026-05-25 13:40:51,c9691,South Africa,-28.6439,22.6364,Electronics,Bluetooth Speaker,5,94.88,474.4,Marketplace,Mobile,Completed,3
2026-05-25 14:53:12,c2863,Germany,51.7593,9.1106,Sports,Camping Tent,4,114.89,459.56,Mobile App,Tablet,Completed,4
2026-05-25 15:00:25,c7939,India,19.7636,76.8887,Beauty,Makeup Brush Kit,3,189.26,567.78,Marketplace,Tablet,Completed,5
2026-05-25 15:02:52,c2106,India,22.83,76.2212,Books,Sci-Fi Anthology,1,83.7,83.7,Marketplace,Desktop,Completed,2
2026-05-25 15:46:01,c9009,Japan,34.9417,140.4405,Electronics,Wireless Headphones,5,179.65,898.25,Marketplace,Mobile,Pending,4
2026-05-25 16:52:34,c3013,Brazil,-16.179,-51.3862,Beauty,Lip Balm Set,3,82.39,247.17,Web,Mobile,Completed,4
2026-05-25 17:24:22,c1149,United Kingdom,56.5838,-1.2558,Sports,Dumbbell Set,5,42.67,213.35,Web,Tablet,Completed,1
2026-05-25 17:28:10,c9695,Canada,56.1282,-105.067,Electronics,Wireless Headphones,3,53.15,159.45,Marketplace,Tablet,Completed,4
2026-05-25 17:32:02,c3698,France,46.494,2.3274,Sports,Yoga Mat,5,148.9,744.5,Mobile App,Tablet,Completed,5
2026-05-25 17:51:26,c2398,Singapore,0.2451,102.8975,Sports,Dumbbell Set,4,65.12,260.48,Web,Desktop,Completed,4
2026-05-25 18:13:11,c3740,United Kingdom,55.6569,-2.3404,Sports,Yoga Mat,4,32.02,128.08,Web,Desktop,Completed,1
2026-05-25 18:23:11,c7343,Mexico,21.3747,-100.6822,Sports,Tennis Racket,3,137.97,413.91,Affiliate,Tablet,Completed,3
2026-05-25 18:29:20,c4597,United Kingdom,54.5781,-2.8954,Books,Kids Picture Book,2,104.75,209.5,Mobile App,Mobile,Cancelled,1
2026-05-25 18:48:42,c5050,Mexico,21.3346,-100.6027,Sports,Yoga Mat,1,24.89,24.89,Mobile App,Desktop,Completed,2
2026-05-25 18:57:15,c8622,Singapore,-0.7913,103.5869,Home,Air Purifier,1,198.57,198.57,Marketplace,Tablet,Completed,2
2026-05-25 18:57:17,c3636,France,43.3883,4.3276,Sports,Dumbbell Set,4,126.57,506.28,Web,Tablet,Completed,4
2026-05-25 19:14:25,c4301,Germany,48.8551,11.0954,Sports,Camping Tent,3,97.34,292.02,Web,Mobile,Completed,2
2026-05-25 20:16:18,c5850,United Kingdom,57.0572,-5.9897,Beauty,Face Serum,2,104.83,209.66,Marketplace,Mobile,Completed,3
2026-05-25 20:26:31,c7607,Canada,58.2271,-106.115,Sports,Dumbbell Set,2,104.52,209.04,Affiliate,Tablet,Completed,3
2026-05-25 20:38:10,c2739,Canada,56.1044,-104.6644,Beauty,Makeup Brush Kit,2,66.98,133.96,Affiliate,Mobile,Completed,2
2026-05-25 20:45:37,c7403,Singapore,0.5573,100.9869,Books,Mystery Novel,5,108.65,543.25,Marketplace,Desktop,Refunded,5
2026-05-25 20:48:22,c9865,Brazil,-13.6001,-51.6861,Beauty,Shampoo Bar,3,34.88,104.64,Web,Mobile,Refunded,4
2026-05-25 20:56:08,c1895,Australia,-23.9713,134.6975,Electronics,Mechanical Keyboard,5,22.75,113.75,Web,Mobile,Completed,4
2026-05-25 21:05:29,c7550,Germany,49.7599,12.7878,Apparel,Denim Jacket,3,27.48,82.44,Mobile App,Tablet,Completed,5
2026-05-25 21:24:55,c1436,Brazil,-14.9888,-52.3956,Books,Mystery Novel,4,70.94,283.76,Web,Mobile,Completed,5
2026-05-25 22:20:09,c1281,Australia,-24.6424,135.2873,Apparel,Graphic T-Shirt,5,174.56,872.8,Affiliate,Tablet,Completed,4
2026-05-25 22:27:56,c5517,United States,38.8324,-95.993,Home,Coffee Maker,1,146.04,146.04,Web,Tablet,Completed,4
2026-05-25 22:28:38,c6669,United Kingdom,53.6317,-1.7867,Electronics,Smart Watch,5,23.47,117.35,Mobile App,Tablet,Completed,4
2026-05-25 23:12:57,c4792,United Kingdom,52.7361,-6.1281,Home,Throw Blanket,4,129.35,517.4,Web,Tablet,Completed,2
2026-05-25 23:15:07,c5735,Singapore,2.41,103.3078,Sports,Water Bottle,5,79.41,397.05,Web,Desktop,Completed,5
2026-05-25 23:36:53,c9037,India,21.0087,77.4344,Sports,Tennis Racket,4,212.9,851.6,Affiliate,Desktop,Completed,5
2026-05-25 23:40:44,c2679,Australia,-24.2227,134.0128,Apparel,Denim Jacket,2,108.2,216.4,Affiliate,Mobile,Cancelled,4
2026-05-25 23:55:28,c5118,Germany,50.4461,10.3883,Apparel,Running Shoes,2,197.54,395.08,Affiliate,Tablet,Completed,5
2026-05-26 00:31:27,c3001,Japan,39.0184,140.1936,Apparel,Baseball Cap,5,74.8,374.0,Affiliate,Tablet,Completed,3
2026-05-26 01:34:04,c7185,Japan,34.7224,139.33,Apparel,Baseball Cap,4,115.84,463.36,Mobile App,Desktop,Completed,2
2026-05-26 02:26:55,c3926,Brazil,-12.7789,-53.4997,Books,Mystery Novel,4,172.42,689.68,Marketplace,Desktop,Completed,5
2026-05-26 02:34:15,c6949,Australia,-23.3901,132.7334,Home,Throw Blanket,3,97.18,291.54,Affiliate,Mobile,Completed,4
2026-05-26 02:38:07,c3444,Mexico,25.3822,-104.6268,Apparel,Graphic T-Shirt,5,158.77,793.85,Marketplace,Desktop,Completed,5
2026-05-26 03:47:00,c3835,France,43.6202,0.7592,Books,Cookbook,2,157.16,314.32,Marketplace,Desktop,Completed,5
2026-05-26 04:02:25,c6703,Singapore,2.601,103.8619,Beauty,Makeup Brush Kit,2,155.93,311.86,Affiliate,Desktop,Completed,3
2026-05-26 04:52:08,c1326,Singapore,2.3633,103.1146,Home,Air Purifier,4,149.27,597.08,Affiliate,Mobile,Completed,5
2026-05-26 04:56:52,c1782,Mexico,24.0472,-103.7018,Sports,Yoga Mat,4,179.48,717.92,Marketplace,Desktop,Completed,3
2026-05-26 04:58:51,c6567,Mexico,26.213,-100.111,Home,Cutting Board Set,4,142.35,569.4,Web,Mobile,Completed,5
2026-05-26 05:30:56,c4590,United Kingdom,55.0042,-4.3506,Home,Throw Blanket,4,41.52,166.08,Mobile App,Desktop,Pending,5
2026-05-26 05:42:25,c5791,Singapore,1.0437,104.2109,Beauty,Perfume,2,82.08,164.16,Mobile App,Tablet,Completed,1
2026-05-26 06:00:21,c8674,India,17.6278,79.9929,Sports,Dumbbell Set,4,72.02,288.08,Marketplace,Desktop,Completed,4
2026-05-26 06:01:10,c2248,United States,36.1276,-95.9168,Sports,Dumbbell Set,3,164.91,494.73,Web,Tablet,Completed,3
2026-05-26 06:04:42,c8656,France,46.011,2.6456,Sports,Water Bottle,2,211.58,423.16,Mobile App,Desktop,Cancelled,4
2026-05-26 06:15:15,c6635,Brazil,-12.1799,-53.9442,Beauty,Lip Balm Set,5,51.68,258.4,Mobile App,Tablet,Completed,4
2026-05-26 06:52:30,c5561,Germany,53.3186,12.1271,Sports,Camping Tent,5,48.91,244.55,Mobile App,Desktop,Cancelled,1
2026-05-26 07:19:22,c7667,Japan,35.2969,139.9441,Home,Desk Lamp,3,145.14,435.42,Affiliate,Tablet,Completed,1
2026-05-26 07:35:31,c5132,United Kingdom,56.0373,-1.6986,Apparel,Winter Coat,4,110.14,440.56,Marketplace,Mobile,Completed,4
2026-05-26 07:45:59,c5363,Brazil,-12.8372,-50.1916,Apparel,Baseball Cap,1,193.17,193.17,Affiliate,Mobile,Cancelled,5
2026-05-26 08:02:53,c5845,Canada,58.9101,-104.2513,Sports,Yoga Mat,3,79.32,237.96,Mobile App,Mobile,Pending,4
2026-05-26 08:13:10,c7524,Australia,-26.4034,134.8316,Books,Mystery Novel,4,46.06,184.24,Web,Mobile,Completed,5
2026-05-26 08:32:57,c3365,South Africa,-30.5343,25.7971,Sports,Yoga Mat,2,136.49,272.98,Web,Desktop,Pending,3
2026-05-26 08:41:02,c1807,Mexico,25.9851,-105.0082,Home,Cutting Board Set,3,178.36,535.08,Web,Desktop,Completed,3
2026-05-26 08:45:05,c5706,South Africa,-31.8346,21.9193,Apparel,Denim Jacket,5,41.11,205.55,Mobile App,Desktop,Completed,3
2026-05-26 08:45:45,c9640,Singapore,2.7838,104.7749,Home,Desk Lamp,2,110.8,221.6,Web,Mobile,Pending,3
2026-05-26 09:20:22,c4321,Canada,58.7254,-104.9679,Apparel,Winter Coat,3,207.52,622.56,Affiliate,Mobile,Completed,5
2026-05-26 09:27:07,c2425,India,23.4209,78.9563,Apparel,Running Shoes,5,135.99,679.95,Web,Tablet,Completed,5
2026-05-26 09:35:25,c3907,France,43.9756,2.5448,Sports,Yoga Mat,3,211.98,635.94,Affiliate,Mobile,Refunded,4
2026-05-26 09:35:41,c6466,Australia,-26.7125,135.2776,Apparel,Baseball Cap,3,76.76,230.28,Web,Desktop,Completed,3
2026-05-26 09:56:19,c7705,Japan,34.1198,137.3805,Home,Coffee Maker,2,206.32,412.64,Mobile App,Tablet,Completed,3
2026-05-26 10:09:19,c9007,United States,37.5793,-97.3878,Sports,Yoga Mat,4,18.58,74.32,Affiliate,Tablet,Completed,4
2026-05-26 10:11:36,c9704,India,18.6427,80.8976,Books,Cookbook,4,78.06,312.24,Affiliate,Mobile,Completed,5
2026-05-26 10:28:18,c8749,United Kingdom,53.6037,-4.6244,Beauty,Shampoo Bar,5,158.53,792.65,Web,Desktop,Completed,5
2026-05-26 11:07:10,c1609,India,19.281,76.6199,Books,Kids Picture Book,1,27.34,27.34,Mobile App,Mobile,Completed,2
2026-05-26 11:24:49,c8588,Mexico,20.6787,-105.0109,Apparel,Winter Coat,4,41.95,167.8,Marketplace,Desktop,Completed,5
2026-05-26 11:46:03,c2414,India,18.3382,81.3493,Beauty,Lip Balm Set,2,77.71,155.42,Web,Tablet,Completed,5
2026-05-26 11:46:23,c9448,Canada,58.2014,-108.4589,Sports,Dumbbell Set,4,146.82,587.28,Web,Mobile,Completed,1
2026-05-26 11:48:15,c8118,United Kingdom,55.2351,-1.9681,Sports,Camping Tent,1,92.49,92.49,Mobile App,Desktop,Completed,4
2026-05-26 11:50:45,c9277,United Kingdom,58.2127,-3.3748,Home,Throw Blanket,4,214.63,858.52,Mobile App,Mobile,Completed,5
2026-05-26 12:01:34,c2497,India,20.5414,79.2504,Home,Coffee Maker,3,163.63,490.89,Marketplace,Mobile,Completed,4
2026-05-26 12:18:41,c9308,India,20.9337,78.4935,Electronics,Wireless Headphones,3,108.62,325.86,Mobile App,Desktop,Completed,3
2026-05-26 12:30:06,c7299,Singapore,4.2007,102.7888,Home,Throw Blanket,4,174.49,697.96,Mobile App,Mobile,Completed,3
2026-05-26 12:30:57,c7988,France,45.9679,-0.211,Home,Cutting Board Set,1,173.77,173.77,Web,Tablet,Completed,4
2026-05-26 12:49:06,c7296,Singapore,1.9057,104.7332,Sports,Water Bottle,3,23.74,71.22,Mobile App,Tablet,Completed,3
2026-05-26 13:13:30,c6716,France,44.1641,1.9829,Sports,Yoga Mat,4,201.95,807.8,Web,Desktop,Completed,1
2026-05-26 13:33:13,c6836,Japan,33.7109,140.6326,Beauty,Face Serum,2,201.06,402.12,Marketplace,Mobile,Completed,1
2026-05-26 14:03:47,c3194,Singapore,3.6142,102.083,Books,Kids Picture Book,5,11.04,55.2,Web,Mobile,Completed,2
2026-05-26 14:27:07,c2515,South Africa,-30.1175,19.9784,Electronics,Wireless Headphones,4,205.3,821.2,Web,Desktop,Completed,3
2026-05-26 14:42:02,c3036,Brazil,-13.3399,-51.8838,Apparel,Denim Jacket,5,161.39,806.95,Web,Tablet,Completed,3
2026-05-26 14:43:35,c6783,Australia,-26.3385,135.1652,Apparel,Running Shoes,3,158.81,476.43,Mobile App,Tablet,Completed,4
2026-05-26 14:50:25,c1010,France,43.9499,0.5482,Apparel,Winter Coat,1,218.14,218.14,Web,Tablet,Completed,2
2026-05-26 15:13:40,c1005,Mexico,25.6023,-101.1982,Home,Air Purifier,3,32.66,97.98,Marketplace,Tablet,Completed,1
2026-05-26 15:39:51,c6240,Australia,-25.616,132.3721,Beauty,Perfume,3,53.32,159.96,Affiliate,Tablet,Completed,5
2026-05-26 16:07:00,c4340,United States,36.4913,-93.0435,Books,Cookbook,4,93.43,373.72,Marketplace,Mobile,Completed,5
2026-05-26 16:22:40,c6614,Singapore,3.2727,101.9113,Beauty,Makeup Brush Kit,2,161.53,323.06,Affiliate,Tablet,Completed,4
2026-05-26 16:28:44,c9922,France,43.2568,1.1049,Apparel,Denim Jacket,2,13.26,26.52,Mobile App,Desktop,Completed,1
2026-05-26 16:33:34,c3763,Canada,53.576,-105.3427,Home,Throw Blanket,5,18.43,92.15,Marketplace,Desktop,Completed,5
2026-05-26 18:00:07,c4804,Australia,-25.9103,134.4296,Beauty,Shampoo Bar,2,71.21,142.42,Marketplace,Mobile,Completed,5
2026-05-26 18:04:12,c7875,Singapore,-1.5441,106.2223,Sports,Yoga Mat,4,219.65,878.6,Web,Tablet,Completed,3
2026-05-26 18:22:19,c2139,Germany,50.299,11.6329,Electronics,Wireless Headphones,2,47.47,94.94,Mobile App,Tablet,Completed,2
2026-05-26 18:33:13,c3202,France,43.305,2.6951,Beauty,Lip Balm Set,4,215.56,862.24,Affiliate,Mobile,Completed,2
2026-05-26 20:06:54,c7200,Germany,50.1117,10.5773,Books,Kids Picture Book,5,23.21,116.05,Mobile App,Mobile,Completed,5
2026-05-26 20:29:59,c3250,Japan,37.1899,139.1496,Beauty,Shampoo Bar,4,126.76,507.04,Mobile App,Desktop,Completed,4
2026-05-26 20:45:33,c6678,Canada,53.4504,-105.1072,Home,Throw Blanket,2,30.31,60.62,Marketplace,Mobile,Completed,1
2026-05-26 20:59:54,c8702,Mexico,25.3785,-103.5685,Apparel,Running Shoes,4,23.13,92.52,Mobile App,Desktop,Refunded,4
2026-05-26 22:06:16,c5105,United States,36.3752,-98.3916,Electronics,4K Monitor,2,216.51,433.02,Mobile App,Desktop,Completed,4
2026-05-26 22:17:10,c5719,Singapore,2.8887,104.5725,Electronics,4K Monitor,5,35.77,178.85,Affiliate,Tablet,Completed,1
2026-05-26 23:10:28,c6857,Japan,37.2439,138.8349,Sports,Tennis Racket,2,105.5,211.0,Mobile App,Tablet,Cancelled,5
2026-05-27 00:40:59,c9808,Brazil,-15.9384,-51.4558,Beauty,Shampoo Bar,3,185.2,555.6,Mobile App,Mobile,Completed,2
2026-05-27 00:43:39,c2512,Mexico,21.4759,-101.3403,Home,Coffee Maker,1,38.0,38.0,Affiliate,Mobile,Completed,4
2026-05-27 01:27:02,c7934,United States,39.173,-97.0459,Sports,Water Bottle,2,174.18,348.36,Mobile App,Desktop,Refunded,1
2026-05-27 01:43:55,c1217,South Africa,-31.03,20.0869,Beauty,Makeup Brush Kit,4,181.41,725.64,Web,Desktop,Completed,2
2026-05-27 01:48:56,c6608,South Africa,-29.1781,25.1655,Apparel,Denim Jacket,3,17.41,52.23,Marketplace,Desktop,Completed,5
2026-05-27 03:12:24,c1735,Japan,36.5101,139.0803,Electronics,4K Monitor,1,215.05,215.05,Affiliate,Desktop,Completed,2
2026-05-27 03:14:28,c5801,Singapore,1.184,103.9667,Books,Sci-Fi Anthology,2,185.23,370.46,Mobile App,Mobile,Completed,5
2026-05-27 03:34:09,c7250,India,18.7577,81.3681,Home,Throw Blanket,2,77.13,154.26,Mobile App,Tablet,Completed,5
2026-05-27 03:44:55,c3729,Canada,57.2927,-106.2118,Electronics,Wireless Headphones,4,38.99,155.96,Mobile App,Desktop,Completed,5
2026-05-27 03:46:00,c6621,Singapore,3.5211,101.9429,Home,Desk Lamp,4,211.21,844.84,Marketplace,Desktop,Completed,4
2026-05-27 03:56:28,c7363,South Africa,-28.6577,20.4865,Beauty,Makeup Brush Kit,3,114.62,343.86,Mobile App,Desktop,Cancelled,2
2026-05-27 04:31:36,c8510,United States,37.926,-96.5644,Electronics,Smart Watch,2,39.31,78.62,Affiliate,Mobile,Completed,4
2026-05-27 04:42:32,c4228,India,19.1086,80.94,Sports,Tennis Racket,1,48.65,48.65,Affiliate,Mobile,Completed,1
2026-05-27 04:43:21,c3124,Canada,53.5153,-108.1321,Sports,Yoga Mat,2,199.55,399.1,Affiliate,Mobile,Completed,5
2026-05-27 05:01:35,c4361,United Kingdom,57.6336,-2.2956,Beauty,Perfume,5,164.68,823.4,Affiliate,Mobile,Completed,1
2026-05-27 05:18:04,c8859,Canada,58.3488,-105.8713,Sports,Tennis Racket,1,157.01,157.01,Web,Tablet,Completed,4
2026-05-27 05:18:17,c7767,United States,38.698,-96.8594,Sports,Dumbbell Set,4,193.74,774.96,Affiliate,Tablet,Completed,5
2026-05-27 05:25:43,c8219,South Africa,-32.6981,24.3199,Apparel,Graphic T-Shirt,1,197.89,197.89,Affiliate,Tablet,Completed,3
2026-05-27 05:26:14,c9984,India,19.8637,81.7441,Apparel,Running Shoes,1,120.67,120.67,Affiliate,Desktop,Completed,2
2026-05-27 06:11:36,c1722,Brazil,-12.5408,-53.1249,Beauty,Perfume,5,62.58,312.9,Mobile App,Mobile,Completed,5
2026-05-27 06:34:11,c3918,United States,36.1139,-96.1275,Apparel,Running Shoes,2,65.34,130.68,Mobile App,Desktop,Completed,1
2026-05-27 06:35:20,c9820,Mexico,25.9377,-100.9024,Electronics,Bluetooth Speaker,5,43.94,219.7,Mobile App,Mobile,Completed,4
2026-05-27 07:02:14,c3532,Canada,53.4712,-107.8756,Apparel,Winter Coat,2,162.51,325.02,Marketplace,Mobile,Completed,5
2026-05-27 07:06:56,c1678,India,17.908,81.4533,Home,Coffee Maker,2,80.37,160.74,Marketplace,Mobile,Completed,1
2026-05-27 07:12:20,c4012,Mexico,22.2053,-99.6401,Books,Business Guide,5,160.17,800.85,Affiliate,Desktop,Completed,2
2026-05-27 07:13:53,c2377,Mexico,26.0766,-101.6356,Home,Desk Lamp,3,206.01,618.03,Web,Desktop,Completed,4
2026-05-27 07:13:54,c6364,Singapore,1.0324,102.0474,Sports,Dumbbell Set,3,143.27,429.81,Mobile App,Tablet,Refunded,5
2026-05-27 08:03:13,c6950,Brazil,-13.3219,-50.6674,Sports,Camping Tent,4,173.57,694.28,Affiliate,Mobile,Completed,1
2026-05-27 08:03:17,c6992,Mexico,25.0496,-104.9774,Books,Sci-Fi Anthology,5,91.19,455.95,Mobile App,Tablet,Completed,5
2026-05-27 08:20:13,c7301,France,48.1758,2.3586,Books,Business Guide,2,211.46,422.92,Web,Mobile,Completed,4
2026-05-27 09:15:40,c3498,Japan,33.8274,140.1059,Home,Air Purifier,3,108.45,325.35,Affiliate,Mobile,Completed,5
2026-05-27 09:20:49,c1599,Canada,56.2877,-103.6058,Apparel,Baseball Cap,5,164.79,823.95,Mobile App,Mobile,Completed,3
2026-05-27 10:03:50,c1016,United Kingdom,56.6995,-6.1124,Home,Desk Lamp,1,170.96,170.96,Mobile App,Mobile,Completed,5
2026-05-27 10:18:26,c6909,Brazil,-14.885,-54.8893,Beauty,Lip Balm Set,4,192.78,771.12,Web,Desktop,Completed,4
2026-05-27 11:04:43,c9711,United Kingdom,54.0787,-5.7531,Apparel,Winter Coat,1,173.27,173.27,Mobile App,Mobile,Completed,5
2026-05-27 11:26:52,c1325,India,18.0804,76.5628,Electronics,Mechanical Keyboard,2,56.02,112.04,Affiliate,Tablet,Completed,4
2026-05-27 11:39:30,c2138,France,48.9624,0.4395,Home,Cutting Board Set,1,119.2,119.2,Web,Desktop,Completed,5
2026-05-27 11:50:12,c5100,Japan,37.944,136.6422,Home,Cutting Board Set,4,73.59,294.36,Marketplace,Desktop,Completed,5
2026-05-27 13:10:31,c9662,Japan,34.0868,139.3321,Beauty,Makeup Brush Kit,5,90.83,454.15,Mobile App,Mobile,Completed,1
2026-05-27 13:11:26,c4534,Singapore,0.2708,103.8343,Beauty,Face Serum,5,109.4,547.0,Affiliate,Mobile,Completed,5
2026-05-27 13:31:28,c5819,France,48.5183,1.722,Sports,Dumbbell Set,4,212.28,849.12,Affiliate,Desktop,Completed,4
2026-05-27 13:38:35,c4640,Brazil,-11.7845,-50.2616,Apparel,Denim Jacket,1,28.76,28.76,Affiliate,Desktop,Completed,2
2026-05-27 13:52:08,c6660,Brazil,-16.1784,-54.2399,Beauty,Makeup Brush Kit,2,49.45,98.9,Marketplace,Mobile,Completed,4
2026-05-27 13:54:51,c6594,South Africa,-29.079,24.9672,Electronics,Mechanical Keyboard,5,82.35,411.75,Affiliate,Tablet,Refunded,2
2026-05-27 14:24:49,c9275,United States,35.5869,-95.9713,Home,Desk Lamp,3,182.58,547.74,Affiliate,Tablet,Cancelled,1
2026-05-27 14:53:26,c7262,Brazil,-17.1002,-50.1051,Home,Throw Blanket,1,81.01,81.01,Mobile App,Desktop,Cancelled,5
2026-05-27 15:01:38,c5158,Brazil,-14.3526,-50.7115,Books,Mystery Novel,4,152.38,609.52,Affiliate,Desktop,Completed,2
2026-05-27 15:51:28,c7331,United Kingdom,58.3272,-5.4071,Books,Business Guide,1,9.45,9.45,Affiliate,Mobile,Completed,5
2026-05-27 16:06:41,c6183,Germany,49.8142,12.5878,Sports,Camping Tent,5,21.74,108.7,Mobile App,Mobile,Cancelled,1
2026-05-27 16:19:19,c7157,India,18.6928,77.6441,Beauty,Makeup Brush Kit,4,163.87,655.48,Marketplace,Desktop,Refunded,5
2026-05-27 16:57:43,c1004,Canada,56.6101,-107.1726,Books,Mystery Novel,1,124.99,124.99,Affiliate,Desktop,Completed,5
2026-05-27 17:42:33,c4874,Australia,-25.2084,136.6185,Electronics,Smart Watch,3,218.92,656.76,Affiliate,Desktop,Completed,2
2026-05-27 18:47:55,c7000,Mexico,21.7994,-103.0837,Beauty,Lip Balm Set,4,163.35,653.4,Affiliate,Tablet,Completed,4
2026-05-27 18:51:01,c8450,France,48.6402,3.079,Electronics,Smart Watch,2,213.26,426.52,Web,Tablet,Completed,1
2026-05-27 19:01:14,c5977,Brazil,-12.8021,-50.7992,Electronics,Wireless Headphones,3,167.18,501.54,Marketplace,Mobile,Completed,3
2026-05-27 19:23:06,c6095,France,48.6817,2.0876,Apparel,Baseball Cap,3,211.83,635.49,Web,Tablet,Completed,3
2026-05-27 19:49:19,c7448,Singapore,1.8443,105.3148,Beauty,Makeup Brush Kit,3,185.28,555.84,Marketplace,Mobile,Completed,5
2026-05-27 20:42:38,c6432,Japan,37.914,139.5232,Beauty,Perfume,3,36.47,109.41,Affiliate,Mobile,Completed,4
2026-05-27 21:53:09,c2325,United States,38.7474,-94.8569,Beauty,Shampoo Bar,5,31.73,158.65,Affiliate,Mobile,Completed,4
2026-05-27 22:26:43,c5567,Germany,52.1449,8.3829,Home,Coffee Maker,3,111.3,333.9,Mobile App,Tablet,Completed,2
2026-05-27 22:41:32,c7319,Canada,58.0697,-104.2432,Electronics,Wireless Headphones,5,106.4,532.0,Mobile App,Desktop,Completed,5
2026-05-27 23:13:30,c4781,United States,36.4201,-96.8573,Sports,Camping Tent,2,129.34,258.68,Marketplace,Mobile,Completed,5
2026-05-27 23:35:40,c8837,South Africa,-28.5933,24.3837,Apparel,Running Shoes,3,34.81,104.43,Marketplace,Desktop,Completed,5
2026-05-27 23:43:31,c6977,Australia,-22.3587,135.9119,Electronics,Smart Watch,4,142.77,571.08,Mobile App,Mobile,Completed,4
2026-05-28 00:01:46,c5508,United Kingdom,55.9406,-3.365,Apparel,Winter Coat,3,147.43,442.29,Marketplace,Mobile,Completed,3
2026-05-28 00:45:28,c5295,Brazil,-12.5614,-50.728,Apparel,Graphic T-Shirt,3,113.07,339.21,Web,Tablet,Completed,5
2026-05-28 01:33:28,c3371,Brazil,-16.3421,-49.0461,Apparel,Denim Jacket,2,61.24,122.48,Web,Tablet,Completed,5
2026-05-28 01:50:12,c2730,France,45.6811,3.7177,Books,Kids Picture Book,3,171.35,514.05,Marketplace,Tablet,Completed,5
2026-05-28 02:17:53,c3406,United Kingdom,56.1475,-4.4124,Apparel,Denim Jacket,4,90.87,363.48,Web,Mobile,Completed,4
2026-05-28 02:19:57,c1308,Australia,-26.6022,133.0851,Electronics,Wireless Headphones,5,89.39,446.95,Affiliate,Mobile,Completed,4
2026-05-28 02:27:49,c7207,India,20.0103,79.8816,Apparel,Baseball Cap,1,207.61,207.61,Web,Tablet,Cancelled,5
2026-05-28 02:44:33,c9102,Mexico,21.3268,-99.7604,Electronics,4K Monitor,2,113.32,226.64,Mobile App,Desktop,Completed,5
2026-05-28 02:45:16,c2499,France,47.7855,-0.5923,Sports,Camping Tent,4,43.22,172.88,Mobile App,Desktop,Completed,5
2026-05-28 02:52:53,c1225,Japan,35.6804,140.5378,Apparel,Graphic T-Shirt,2,98.34,196.68,Affiliate,Tablet,Completed,5
2026-05-28 03:03:36,c9465,United States,36.2496,-97.5146,Sports,Dumbbell Set,4,212.17,848.68,Marketplace,Mobile,Completed,4
2026-05-28 03:11:06,c9270,Australia,-27.7317,134.9706,Apparel,Baseball Cap,4,52.7,210.8,Marketplace,Tablet,Cancelled,4
2026-05-28 03:59:20,c9118,United States,36.0078,-95.1746,Sports,Tennis Racket,2,182.67,365.34,Web,Mobile,Cancelled,4
2026-05-28 04:46:41,c5896,France,45.4426,2.5362,Sports,Camping Tent,5,124.95,624.75,Affiliate,Tablet,Completed,3
2026-05-28 04:53:02,c5953,United Kingdom,57.7522,-3.8453,Sports,Water Bottle,4,163.36,653.44,Affiliate,Desktop,Completed,1
2026-05-28 05:39:13,c3878,United Kingdom,57.1592,-5.5099,Beauty,Makeup Brush Kit,1,171.64,171.64,Mobile App,Desktop,Completed,1
2026-05-28 06:12:35,c4425,Mexico,21.9569,-99.6693,Home,Coffee Maker,4,199.76,799.04,Web,Desktop,Pending,5
2026-05-28 06:36:56,c9247,Singapore,-1.246,100.9865,Electronics,4K Monitor,1,27.57,27.57,Marketplace,Tablet,Completed,5
2026-05-28 07:20:57,c8266,Mexico,25.4165,-101.1645,Electronics,Bluetooth Speaker,3,86.41,259.23,Mobile App,Desktop,Completed,3
2026-05-28 07:28:49,c4024,United Kingdom,55.4295,-2.7151,Beauty,Shampoo Bar,3,208.98,626.94,Mobile App,Mobile,Completed,4
2026-05-28 07:43:30,c2479,Singapore,3.5127,101.8735,Home,Cutting Board Set,1,125.07,125.07,Affiliate,Tablet,Completed,5
2026-05-28 07:44:58,c9370,India,18.8667,79.1774,Beauty,Makeup Brush Kit,3,125.93,377.79,Affiliate,Desktop,Refunded,4
2026-05-28 08:09:57,c1305,United States,35.8532,-97.6561,Beauty,Perfume,3,105.58,316.74,Affiliate,Mobile,Completed,4
2026-05-28 08:31:08,c3415,Singapore,3.0416,102.8795,Books,Kids Picture Book,3,201.95,605.85,Mobile App,Mobile,Completed,4
2026-05-28 08:34:09,c2945,Brazil,-14.1153,-50.2744,Books,Business Guide,4,166.77,667.08,Affiliate,Tablet,Completed,4
2026-05-28 08:44:49,c7616,Mexico,25.0689,-100.0757,Electronics,Mechanical Keyboard,3,174.02,522.06,Affiliate,Tablet,Completed,1
2026-05-28 09:04:14,c3307,Germany,50.1087,12.7086,Electronics,Bluetooth Speaker,2,58.96,117.92,Marketplace,Desktop,Completed,1
2026-05-28 09:06:59,c3942,United States,35.7905,-98.2139,Apparel,Winter Coat,2,177.57,355.14,Affiliate,Mobile,Completed,5
2026-05-28 09:48:22,c4706,Japan,37.1553,139.7091,Beauty,Perfume,5,30.31,151.55,Marketplace,Desktop,Completed,4
2026-05-28 10:10:22,c3115,Canada,57.9285,-104.2828,Sports,Dumbbell Set,1,149.42,149.42,Mobile App,Desktop,Completed,5
2026-05-28 10:11:57,c4893,United States,37.9832,-93.2451,Sports,Camping Tent,5,89.99,449.95,Affiliate,Tablet,Completed,5
2026-05-28 10:27:20,c5627,India,23.278,79.937,Sports,Camping Tent,5,155.12,775.6,Web,Desktop,Completed,4
2026-05-28 10:56:40,c5654,United States,38.7376,-95.7923,Books,Sci-Fi Anthology,5,143.7,718.5,Affiliate,Desktop,Completed,1
2026-05-28 11:15:53,c2360,Australia,-22.8177,131.3268,Books,Mystery Novel,5,146.74,733.7,Web,Desktop,Refunded,3
2026-05-28 11:26:05,c5853,Australia,-23.9225,136.6396,Sports,Water Bottle,1,184.52,184.52,Mobile App,Mobile,Completed,1
2026-05-28 12:19:53,c5478,Brazil,-14.9896,-51.4815,Sports,Tennis Racket,5,196.8,984.0,Affiliate,Mobile,Completed,1
2026-05-28 12:26:45,c9821,Germany,52.0881,8.023,Electronics,Smart Watch,5,123.86,619.3,Affiliate,Desktop,Refunded,5
2026-05-28 12:30:51,c2374,Brazil,-12.0865,-52.7329,Home,Coffee Maker,2,142.9,285.8,Web,Desktop,Refunded,4
2026-05-28 13:02:27,c2495,Brazil,-14.288,-54.3944,Apparel,Running Shoes,5,93.42,467.1,Marketplace,Mobile,Completed,5
2026-05-28 13:33:25,c9516,South Africa,-29.762,23.2733,Apparel,Running Shoes,3,68.28,204.84,Affiliate,Mobile,Completed,5
2026-05-28 13:40:06,c6929,Singapore,-0.4744,105.6302,Beauty,Makeup Brush Kit,2,99.5,199.0,Web,Mobile,Pending,5
2026-05-28 13:54:48,c8386,Japan,36.769,135.7917,Beauty,Makeup Brush Kit,5,113.86,569.3,Affiliate,Tablet,Completed,5
2026-05-28 14:11:35,c4812,United States,39.3669,-93.4369,Home,Air Purifier,1,217.34,217.34,Web,Tablet,Completed,5
2026-05-28 14:12:22,c4611,United States,34.7586,-92.849,Beauty,Lip Balm Set,4,59.02,236.08,Marketplace,Tablet,Completed,4
2026-05-28 14:20:58,c9074,Japan,36.5463,137.8829,Sports,Yoga Mat,5,210.34,1051.7,Web,Tablet,Completed,4
2026-05-28 14:21:53,c9501,United States,34.5062,-94.0732,Electronics,Bluetooth Speaker,1,108.82,108.82,Mobile App,Desktop,Completed,3
2026-05-28 14:49:38,c3238,United Kingdom,57.7116,-4.95,Beauty,Perfume,2,134.87,269.74,Affiliate,Desktop,Completed,3
2026-05-28 15:17:00,c8300,Mexico,25.7528,-103.3322,Home,Coffee Maker,3,82.49,247.47,Web,Desktop,Completed,5
2026-05-28 15:29:33,c6028,Japan,36.108,137.7293,Home,Coffee Maker,2,206.37,412.74,Mobile App,Desktop,Completed,5
2026-05-28 15:43:06,c5023,Japan,38.3319,138.7354,Sports,Water Bottle,2,140.24,280.48,Mobile App,Desktop,Completed,4
2026-05-28 16:13:46,c1206,United States,37.9697,-93.7825,Electronics,Wireless Headphones,1,132.62,132.62,Marketplace,Mobile,Refunded,2
2026-05-28 16:41:50,c3923,Singapore,1.4561,103.9712,Sports,Camping Tent,3,89.42,268.26,Mobile App,Desktop,Completed,4
2026-05-28 16:50:12,c2650,United States,34.0932,-94.7474,Home,Desk Lamp,4,67.39,269.56,Affiliate,Desktop,Completed,5
2026-05-28 17:23:36,c6099,Brazil,-11.2952,-52.0949,Apparel,Winter Coat,3,105.7,317.1,Affiliate,Desktop,Completed,5
2026-05-28 18:21:30,c7104,United States,34.3035,-95.2608,Books,Cookbook,4,219.51,878.04,Mobile App,Desktop,Completed,3
2026-05-28 18:41:12,c1783,France,46.0704,-0.5703,Beauty,Shampoo Bar,3,190.77,572.31,Marketplace,Mobile,Completed,5
2026-05-28 19:23:54,c3062,Japan,38.2769,139.8886,Sports,Camping Tent,1,22.56,22.56,Affiliate,Mobile,Completed,4
2026-05-28 19:31:18,c3871,Mexico,22.936,-99.6433,Sports,Water Bottle,5,20.18,100.9,Affiliate,Mobile,Completed,4
2026-05-28 19:31:59,c1374,Brazil,-15.6107,-52.6808,Books,Sci-Fi Anthology,5,111.04,555.2,Mobile App,Tablet,Completed,5
2026-05-28 19:33:53,c7939,Japan,33.439,135.6128,Books,Kids Picture Book,5,170.63,853.15,Affiliate,Desktop,Completed,3
2026-05-28 20:13:13,c1526,Canada,55.5991,-107.326,Beauty,Face Serum,1,41.05,41.05,Mobile App,Tablet,Completed,5
2026-05-28 20:20:32,c5509,India,19.6917,76.6619,Apparel,Denim Jacket,2,202.85,405.7,Web,Tablet,Refunded,1
2026-05-28 21:11:26,c7286,Japan,33.6142,135.9734,Home,Desk Lamp,1,162.39,162.39,Mobile App,Tablet,Completed,5
2026-05-28 21:52:59,c3047,Germany,49.5329,11.4068,Beauty,Lip Balm Set,5,101.84,509.2,Mobile App,Desktop,Completed,1
2026-05-28 22:13:30,c2697,South Africa,-27.9132,22.4776,Beauty,Face Serum,5,74.24,371.2,Mobile App,Desktop,Completed,4
2026-05-28 22:18:10,c3042,Brazil,-16.4227,-49.0877,Books,Kids Picture Book,3,60.79,182.37,Affiliate,Mobile,Completed,5
2026-05-28 22:40:37,c2467,Singapore,2.5309,102.9958,Books,Mystery Novel,2,25.87,51.74,Affiliate,Tablet,Completed,3
2026-05-28 22:42:32,c3871,South Africa,-31.9842,22.7572,Books,Business Guide,2,124.73,249.46,Web,Tablet,Completed,4
2026-05-28 22:43:44,c5981,South Africa,-29.054,20.3346,Electronics,Smart Watch,5,53.84,269.2,Web,Desktop,Completed,2
2026-05-28 22:48:26,c6635,Germany,52.0131,12.0025,Electronics,Smart Watch,5,62.17,310.85,Web,Mobile,Completed,4
2026-05-28 23:34:17,c3675,South Africa,-32.9136,24.5169,Sports,Yoga Mat,3,14.54,43.62,Web,Desktop,Completed,1
2026-05-28 23:36:38,c9484,Mexico,23.2732,-104.2284,Books,Business Guide,5,96.54,482.7,Marketplace,Mobile,Completed,5
2026-05-28 23:47:10,c3696,Australia,-27.0296,136.0964,Books,Cookbook,3,18.66,55.98,Web,Tablet,Completed,5
2026-05-29 00:07:54,c1321,France,46.0275,1.1313,Sports,Yoga Mat,1,69.29,69.29,Mobile App,Mobile,Pending,4
2026-05-29 00:27:33,c7889,Singapore,-0.75,105.4272,Apparel,Graphic T-Shirt,2,144.76,289.52,Marketplace,Mobile,Completed,4
2026-05-29 00:32:03,c8222,United Kingdom,53.3745,-5.0848,Electronics,Smart Watch,1,21.02,21.02,Marketplace,Tablet,Completed,4
2026-05-29 00:55:07,c2383,Canada,56.545,-104.4647,Apparel,Running Shoes,5,44.18,220.9,Mobile App,Mobile,Completed,4
2026-05-29 02:05:49,c4005,Canada,58.594,-105.565,Beauty,Perfume,4,156.42,625.68,Web,Desktop,Refunded,5
2026-05-29 02:20:03,c3119,Brazil,-16.7724,-49.5426,Beauty,Shampoo Bar,1,86.26,86.26,Affiliate,Desktop,Completed,4
2026-05-29 02:50:46,c4505,United Kingdom,58.3311,-1.3881,Apparel,Denim Jacket,1,64.18,64.18,Mobile App,Mobile,Completed,1
2026-05-29 02:55:52,c6448,India,19.7242,78.6518,Apparel,Graphic T-Shirt,4,58.37,233.48,Marketplace,Tablet,Completed,5
2026-05-29 03:08:44,c3618,Singapore,3.7771,103.4997,Home,Desk Lamp,3,29.52,88.56,Mobile App,Desktop,Completed,5
2026-05-29 03:47:08,c3730,India,19.3478,79.4657,Electronics,Mechanical Keyboard,3,10.09,30.27,Affiliate,Desktop,Completed,3
2026-05-29 04:34:41,c8259,United Kingdom,54.2103,-2.4491,Beauty,Face Serum,5,84.13,420.65,Affiliate,Desktop,Completed,4
2026-05-29 04:36:07,c2277,France,46.5069,4.986,Beauty,Shampoo Bar,1,189.23,189.23,Affiliate,Tablet,Completed,4
2026-05-29 05:43:14,c6232,South Africa,-30.0208,24.2622,Beauty,Shampoo Bar,1,125.87,125.87,Marketplace,Desktop,Completed,4
2026-05-29 05:55:08,c1701,United States,35.0888,-95.8843,Home,Cutting Board Set,2,84.1,168.2,Web,Mobile,Completed,5
2026-05-29 06:38:06,c7657,United Kingdom,53.9656,-2.5037,Books,Business Guide,4,27.73,110.92,Marketplace,Mobile,Completed,4
2026-05-29 07:24:02,c3704,United States,34.2831,-95.2762,Sports,Tennis Racket,2,138.09,276.18,Mobile App,Desktop,Completed,4
2026-05-29 07:27:56,c4974,Brazil,-16.7217,-52.1895,Home,Desk Lamp,5,174.32,871.6,Affiliate,Mobile,Completed,5
2026-05-29 07:45:30,c7002,Australia,-27.592,135.4514,Apparel,Winter Coat,1,207.53,207.53,Web,Desktop,Completed,4
2026-05-29 07:49:58,c9321,Canada,57.4546,-108.1001,Apparel,Baseball Cap,1,55.23,55.23,Web,Mobile,Completed,4
2026-05-29 08:43:39,c9042,Mexico,23.8348,-103.9041,Electronics,Bluetooth Speaker,2,143.23,286.46,Web,Desktop,Completed,5
2026-05-29 08:46:39,c8284,Canada,58.6066,-105.767,Electronics,Wireless Headphones,2,164.66,329.32,Mobile App,Desktop,Pending,2
2026-05-29 08:49:26,c3072,United States,39.0202,-93.6639,Beauty,Makeup Brush Kit,5,202.64,1013.2,Affiliate,Mobile,Completed,4
2026-05-29 09:21:56,c1290,Brazil,-13.453,-51.3989,Beauty,Makeup Brush Kit,4,168.24,672.96,Affiliate,Mobile,Completed,5
2026-05-29 09:22:15,c8843,Germany,49.8656,9.3348,Sports,Dumbbell Set,2,136.5,273.0,Web,Tablet,Completed,4
2026-05-29 11:08:03,c9870,Canada,54.033,-108.1245,Beauty,Face Serum,4,213.55,854.2,Mobile App,Mobile,Completed,5
2026-05-29 11:17:33,c5544,United Kingdom,55.8518,-6.23,Home,Air Purifier,3,81.85,245.55,Web,Mobile,Completed,2
2026-05-29 11:46:14,c4268,Germany,48.5486,12.1071,Books,Mystery Novel,2,17.29,34.58,Web,Mobile,Cancelled,5
2026-05-29 11:47:32,c2319,India,22.7038,78.612,Home,Cutting Board Set,4,107.02,428.08,Mobile App,Tablet,Completed,4
2026-05-29 12:32:53,c2950,Australia,-28.1634,131.7363,Sports,Dumbbell Set,4,73.42,293.68,Mobile App,Mobile,Completed,5
2026-05-29 13:05:00,c5520,United Kingdom,52.6748,-4.1449,Books,Cookbook,2,93.37,186.74,Affiliate,Tablet,Completed,1
2026-05-29 13:12:59,c7034,Brazil,-11.3894,-49.5456,Home,Air Purifier,5,14.61,73.05,Web,Mobile,Cancelled,1
2026-05-29 13:24:29,c4410,Mexico,20.8374,-103.5856,Electronics,Mechanical Keyboard,1,131.35,131.35,Marketplace,Desktop,Cancelled,2
2026-05-29 13:51:22,c3200,United States,40.0781,-98.4011,Sports,Tennis Racket,3,29.84,89.52,Mobile App,Mobile,Completed,3
2026-05-29 14:20:54,c6069,United Kingdom,56.4628,-1.5003,Books,Mystery Novel,5,208.84,1044.2,Web,Mobile,Cancelled,5
2026-05-29 15:14:54,c3121,Canada,57.2894,-104.9612,Beauty,Face Serum,4,207.94,831.76,Marketplace,Tablet,Completed,5
2026-05-29 15:17:49,c7620,Japan,37.4356,140.2419,Electronics,Mechanical Keyboard,1,167.25,167.25,Affiliate,Mobile,Completed,3
2026-05-29 15:30:18,c8267,Canada,57.6889,-108.9417,Electronics,4K Monitor,4,30.4,121.6,Marketplace,Tablet,Completed,1
2026-05-29 16:02:32,c5478,United States,34.8883,-92.908,Home,Air Purifier,3,62.65,187.95,Mobile App,Desktop,Completed,4
2026-05-29 16:42:20,c4146,Japan,34.1664,140.4806,Sports,Tennis Racket,1,57.38,57.38,Marketplace,Tablet,Completed,3
2026-05-29 17:00:34,c6750,Brazil,-15.7285,-52.1582,Sports,Dumbbell Set,5,179.66,898.3,Mobile App,Mobile,Completed,4
2026-05-29 17:14:46,c6841,France,43.3294,5.0735,Beauty,Perfume,3,186.96,560.88,Marketplace,Mobile,Completed,3
2026-05-29 17:19:19,c1632,South Africa,-27.8542,20.4532,Apparel,Baseball Cap,3,129.07,387.21,Marketplace,Mobile,Completed,4
2026-05-29 18:20:58,c1929,Canada,55.9944,-107.7142,Beauty,Lip Balm Set,4,162.0,648.0,Mobile App,Tablet,Refunded,2
2026-05-29 19:17:45,c7761,Australia,-26.4152,134.1825,Sports,Water Bottle,2,176.84,353.68,Mobile App,Mobile,Completed,1
2026-05-29 19:29:45,c7850,Mexico,22.2436,-100.2258,Home,Desk Lamp,5,29.96,149.8,Mobile App,Mobile,Completed,5
2026-05-29 19:34:56,c9852,South Africa,-31.7172,22.3755,Sports,Tennis Racket,3,197.83,593.49,Marketplace,Desktop,Completed,5
2026-05-29 19:35:38,c2773,Brazil,-14.4015,-54.5936,Books,Kids Picture Book,2,38.8,77.6,Mobile App,Desktop,Completed,3
2026-05-29 19:40:12,c9729,United Kingdom,54.3044,-6.2061,Electronics,Mechanical Keyboard,1,103.35,103.35,Web,Tablet,Completed,1
2026-05-29 19:42:50,c3479,Australia,-27.3114,135.4954,Beauty,Shampoo Bar,1,77.86,77.86,Web,Tablet,Completed,5
2026-05-29 20:32:27,c2645,Mexico,23.9236,-102.0858,Beauty,Makeup Brush Kit,5,147.47,737.35,Affiliate,Desktop,Completed,5
2026-05-29 20:48:35,c8344,Mexico,20.8252,-104.1249,Electronics,Mechanical Keyboard,5,69.03,345.15,Mobile App,Tablet,Completed,5
2026-05-29 21:12:14,c8641,India,17.6491,75.9865,Electronics,Mechanical Keyboard,1,146.3,146.3,Affiliate,Desktop,Refunded,2
2026-05-29 21:18:23,c5391,South Africa,-30.5647,23.0756,Apparel,Baseball Cap,4,186.32,745.28,Affiliate,Tablet,Completed,2
2026-05-29 22:46:13,c4570,United States,39.5799,-92.7719,Books,Business Guide,1,22.08,22.08,Mobile App,Tablet,Completed,4
2026-05-29 23:18:15,c6489,Mexico,26.4028,-99.9938,Electronics,Wireless Headphones,5,135.79,678.95,Marketplace,Mobile,Pending,5
2026-05-29 23:20:51,c6943,Mexico,20.8255,-100.4434,Beauty,Face Serum,3,164.48,493.44,Web,Tablet,Refunded,5
2026-05-29 23:25:09,c1803,United States,34.9622,-98.5154,Sports,Water Bottle,3,203.12,609.36,Web,Mobile,Pending,3
2026-05-29 23:27:28,c6897,Singapore,3.5016,101.1426,Books,Cookbook,1,81.3,81.3,Affiliate,Mobile,Completed,1
2026-05-30 00:02:15,c9682,Germany,53.2659,9.5792,Books,Mystery Novel,2,123.43,246.86,Mobile App,Desktop,Completed,3
2026-05-30 01:15:29,c6216,United Kingdom,55.846,-2.9422,Sports,Water Bottle,5,121.25,606.25,Web,Desktop,Cancelled,4
2026-05-30 01:18:00,c2620,United Kingdom,55.1527,-0.8826,Sports,Water Bottle,3,204.19,612.57,Marketplace,Desktop,Completed,3
2026-05-30 01:55:38,c8982,Australia,-27.5768,136.205,Books,Business Guide,3,13.06,39.18,Mobile App,Desktop,Completed,3
2026-05-30 02:25:03,c3410,United Kingdom,55.9773,-4.819,Books,Mystery Novel,3,20.36,61.08,Marketplace,Desktop,Completed,5
2026-05-30 03:15:03,c7108,South Africa,-32.5779,24.8699,Apparel,Denim Jacket,1,87.69,87.69,Web,Tablet,Completed,4
2026-05-30 03:51:46,c7691,India,22.1668,77.4134,Apparel,Denim Jacket,4,101.85,407.4,Mobile App,Desktop,Cancelled,3
2026-05-30 04:13:22,c8069,Brazil,-15.07,-53.1108,Home,Throw Blanket,1,101.49,101.49,Affiliate,Desktop,Completed,4
2026-05-30 04:22:38,c2427,India,20.9734,78.2004,Electronics,Bluetooth Speaker,5,165.0,825.0,Affiliate,Tablet,Cancelled,4
2026-05-30 04:24:30,c9586,Singapore,0.7545,100.9913,Sports,Dumbbell Set,5,212.63,1063.15,Mobile App,Tablet,Completed,3
2026-05-30 05:06:33,c3065,India,20.9418,81.5348,Home,Desk Lamp,1,88.1,88.1,Web,Mobile,Cancelled,5
2026-05-30 05:10:15,c4105,France,48.8675,0.4654,Electronics,Mechanical Keyboard,3,84.66,253.98,Web,Tablet,Completed,2
2026-05-30 05:40:26,c3507,India,20.2705,79.7044,Electronics,Smart Watch,1,173.83,173.83,Affiliate,Desktop,Completed,5
2026-05-30 05:41:35,c8935,South Africa,-30.641,22.1257,Electronics,Mechanical Keyboard,3,196.97,590.91,Web,Mobile,Completed,1
2026-05-30 05:47:06,c4393,South Africa,-31.9783,23.4371,Electronics,Wireless Headphones,4,90.02,360.08,Affiliate,Desktop,Completed,2
2026-05-30 06:28:03,c5051,France,45.6176,2.1194,Apparel,Graphic T-Shirt,1,56.76,56.76,Web,Mobile,Completed,5
2026-05-30 06:41:06,c7628,Brazil,-16.3523,-52.2394,Apparel,Baseball Cap,1,203.13,203.13,Affiliate,Desktop,Cancelled,5
2026-05-30 06:50:58,c1510,Canada,56.153,-103.6775,Electronics,Bluetooth Speaker,4,144.39,577.56,Web,Mobile,Refunded,5
2026-05-30 07:48:31,c1303,Mexico,23.8675,-104.377,Home,Throw Blanket,4,193.97,775.88,Marketplace,Tablet,Refunded,5
2026-05-30 08:45:03,c4335,India,19.4506,81.1624,Books,Business Guide,1,51.2,51.2,Marketplace,Desktop,Completed,4
2026-05-30 09:10:36,c7519,Mexico,24.0439,-105.4416,Home,Cutting Board Set,5,142.51,712.55,Web,Tablet,Pending,2
2026-05-30 09:26:58,c3371,Canada,55.4754,-107.4122,Sports,Tennis Racket,3,40.92,122.76,Mobile App,Mobile,Completed,3
2026-05-30 09:54:54,c9810,South Africa,-31.6781,20.2277,Electronics,Wireless Headphones,4,47.91,191.64,Web,Tablet,Refunded,3
2026-05-30 09:55:43,c9091,South Africa,-30.3509,23.3739,Sports,Water Bottle,1,155.12,155.12,Mobile App,Mobile,Completed,5
2026-05-30 10:31:32,c5373,India,19.1179,81.2941,Apparel,Winter Coat,4,36.76,147.04,Mobile App,Tablet,Completed,3
2026-05-30 10:45:32,c5937,Brazil,-17.1497,-52.4533,Electronics,Bluetooth Speaker,5,127.91,639.55,Mobile App,Desktop,Completed,4
2026-05-30 10:51:08,c5485,Mexico,20.8069,-103.6379,Books,Business Guide,4,166.07,664.28,Mobile App,Desktop,Completed,3
2026-05-30 10:56:58,c6273,Mexico,22.5528,-102.8955,Sports,Water Bottle,5,143.38,716.9,Marketplace,Desktop,Completed,5
2026-05-30 11:00:57,c1906,Canada,56.1756,-105.448,Books,Business Guide,2,12.55,25.1,Web,Desktop,Completed,5
2026-05-30 11:02:37,c6083,Singapore,1.0245,105.4508,Beauty,Perfume,4,9.48,37.92,Affiliate,Tablet,Completed,5
2026-05-30 11:07:27,c7258,United States,36.1624,-95.7081,Electronics,Bluetooth Speaker,1,35.47,35.47,Web,Mobile,Completed,5
2026-05-30 11:22:34,c3233,United Kingdom,55.0312,-4.2453,Home,Desk Lamp,1,8.02,8.02,Marketplace,Mobile,Completed,1
2026-05-30 11:34:52,c4679,France,45.8754,-0.2844,Beauty,Lip Balm Set,3,55.46,166.38,Affiliate,Desktop,Completed,1
2026-05-30 11:49:37,c7472,Australia,-25.5454,135.606,Home,Cutting Board Set,5,83.28,416.4,Marketplace,Mobile,Pending,2
2026-05-30 11:52:26,c8838,Mexico,24.2154,-103.491,Home,Desk Lamp,4,139.28,557.12,Web,Tablet,Completed,1
2026-05-30 11:59:31,c4895,United States,38.6754,-92.9246,Sports,Yoga Mat,2,143.11,286.22,Marketplace,Desktop,Completed,4
2026-05-30 12:28:38,c8115,Japan,34.6719,140.4001,Electronics,Smart Watch,4,200.49,801.96,Marketplace,Desktop,Refunded,5
2026-05-30 12:45:26,c1652,United Kingdom,55.1527,-4.2539,Apparel,Running Shoes,4,110.42,441.68,Marketplace,Tablet,Completed,1
2026-05-30 13:19:51,c3571,South Africa,-33.0032,21.6473,Apparel,Winter Coat,1,165.08,165.08,Mobile App,Desktop,Completed,4
2026-05-30 14:31:57,c3572,France,48.7881,-0.6611,Apparel,Baseball Cap,3,111.87,335.61,Web,Mobile,Completed,5
2026-05-30 14:52:12,c7100,India,21.5192,81.2701,Home,Desk Lamp,4,58.91,235.64,Mobile App,Tablet,Pending,5
2026-05-30 15:22:37,c8074,South Africa,-31.9062,20.3102,Books,Cookbook,4,190.5,762.0,Mobile App,Tablet,Completed,3
2026-05-30 16:26:49,c7760,South Africa,-28.8055,20.1985,Home,Air Purifier,1,165.09,165.09,Affiliate,Mobile,Completed,5
2026-05-30 16:46:40,c6109,Brazil,-16.386,-50.1993,Sports,Camping Tent,3,158.06,474.18,Marketplace,Desktop,Completed,5
2026-05-30 16:49:08,c9042,India,21.4749,80.5974,Sports,Camping Tent,4,13.97,55.88,Affiliate,Desktop,Completed,5
2026-05-30 16:54:03,c3823,Mexico,25.1887,-105.2208,Home,Cutting Board Set,2,97.6,195.2,Mobile App,Tablet,Completed,5
2026-05-30 17:15:01,c7387,Australia,-24.5798,134.5419,Apparel,Graphic T-Shirt,3,208.13,624.39,Mobile App,Tablet,Completed,4
2026-05-30 17:26:08,c5057,United States,36.813,-95.7588,Books,Sci-Fi Anthology,5,87.76,438.8,Mobile App,Desktop,Completed,2
2026-05-30 17:30:42,c9698,United States,34.6483,-97.3804,Beauty,Shampoo Bar,5,86.23,431.15,Marketplace,Mobile,Pending,5
2026-05-30 17:50:31,c6692,United States,38.5338,-97.8825,Books,Sci-Fi Anthology,5,158.36,791.8,Web,Mobile,Completed,1
2026-05-30 18:37:50,c2270,Brazil,-14.5502,-49.2105,Apparel,Baseball Cap,5,196.2,981.0,Web,Desktop,Completed,5
2026-05-30 18:59:18,c4356,Australia,-23.6268,134.3943,Apparel,Graphic T-Shirt,2,101.61,203.22,Affiliate,Mobile,Completed,1
2026-05-30 19:20:48,c6766,Canada,53.2596,-109.3269,Sports,Camping Tent,4,62.04,248.16,Marketplace,Mobile,Completed,4
2026-05-30 19:28:24,c1279,Germany,48.575,12.2421,Apparel,Running Shoes,1,125.72,125.72,Marketplace,Tablet,Completed,5
2026-05-30 19:57:32,c6998,Brazil,-15.3889,-54.3735,Books,Business Guide,3,107.98,323.94,Mobile App,Mobile,Completed,4
2026-05-30 20:08:01,c3443,Canada,55.9898,-107.2499,Electronics,4K Monitor,3,170.12,510.36,Web,Desktop,Completed,3
2026-05-30 20:53:26,c3916,United States,36.7711,-93.5186,Apparel,Running Shoes,1,59.59,59.59,Marketplace,Desktop,Completed,1
2026-05-30 20:56:28,c5350,United States,36.3001,-94.6672,Books,Kids Picture Book,1,134.54,134.54,Mobile App,Tablet,Completed,5
2026-05-30 21:46:17,c5418,South Africa,-30.3693,22.5264,Apparel,Winter Coat,2,168.97,337.94,Mobile App,Mobile,Completed,3
2026-05-30 22:24:32,c2964,United Kingdom,55.5955,-0.6522,Apparel,Winter Coat,4,64.18,256.72,Web,Desktop,Completed,4
2026-05-30 22:48:51,c9739,Mexico,25.8335,-104.6344,Apparel,Denim Jacket,2,29.39,58.78,Web,Desktop,Completed,2
2026-05-30 23:06:28,c1079,Australia,-25.8746,136.6633,Books,Kids Picture Book,5,55.06,275.3,Marketplace,Desktop,Completed,3
2026-05-30 23:17:48,c4212,Germany,49.6693,10.6541,Electronics,4K Monitor,4,53.98,215.92,Mobile App,Tablet,Completed,3
2026-05-30 23:43:27,c8170,Mexico,24.1775,-101.1726,Beauty,Perfume,3,49.76,149.28,Web,Tablet,Completed,5
2026-05-31 00:12:24,c1608,Singapore,0.4779,103.809,Beauty,Makeup Brush Kit,4,67.38,269.52,Web,Tablet,Completed,5
2026-05-31 00:27:27,c8131,Germany,50.6952,10.8176,Books,Sci-Fi Anthology,5,149.06,745.3,Affiliate,Mobile,Completed,5
2026-05-31 00:55:34,c5881,Singapore,2.7385,101.8172,Sports,Water Bottle,1,8.4,8.4,Web,Tablet,Completed,3
2026-05-31 01:10:41,c1712,Germany,50.0971,8.6628,Beauty,Shampoo Bar,5,104.38,521.9,Affiliate,Tablet,Completed,5
2026-05-31 01:49:08,c8734,France,45.9605,-0.71,Sports,Camping Tent,5,218.75,1093.75,Mobile App,Mobile,Cancelled,4
2026-05-31 02:07:02,c7159,United States,37.8114,-96.2451,Books,Cookbook,5,34.35,171.75,Web,Mobile,Completed,5
2026-05-31 02:17:23,c4082,United Kingdom,54.6913,-2.9245,Home,Throw Blanket,2,144.99,289.98,Affiliate,Desktop,Cancelled,3
2026-05-31 02:18:59,c5720,Canada,55.2718,-103.6679,Home,Throw Blanket,5,204.47,1022.35,Affiliate,Desktop,Completed,5
2026-05-31 02:34:31,c2128,United Kingdom,57.0265,-5.4019,Home,Air Purifier,5,35.3,176.5,Mobile App,Tablet,Completed,1
2026-05-31 03:02:11,c7251,India,18.1305,79.6249,Beauty,Shampoo Bar,5,112.82,564.1,Web,Desktop,Completed,1
2026-05-31 03:02:29,c2341,Germany,50.5129,9.319,Apparel,Winter Coat,1,70.89,70.89,Mobile App,Desktop,Completed,5
2026-05-31 04:00:49,c5386,Japan,34.5572,140.2238,Books,Kids Picture Book,2,12.22,24.44,Marketplace,Mobile,Completed,5
2026-05-31 04:17:30,c2979,France,45.8876,1.1566,Electronics,Mechanical Keyboard,1,78.93,78.93,Web,Tablet,Completed,5
2026-05-31 04:49:04,c8672,United Kingdom,55.6531,-3.7409,Sports,Tennis Racket,2,63.81,127.62,Affiliate,Tablet,Completed,1
2026-05-31 04:56:50,c4155,Japan,39.0075,137.9506,Books,Business Guide,2,217.47,434.94,Marketplace,Desktop,Completed,5
2026-05-31 05:12:48,c3018,Brazil,-13.5815,-52.8552,Electronics,Wireless Headphones,5,23.03,115.15,Marketplace,Desktop,Completed,4
2026-05-31 05:31:45,c8969,Australia,-25.4794,136.4835,Books,Cookbook,3,76.37,229.11,Affiliate,Tablet,Completed,5
2026-05-31 05:35:15,c5181,United Kingdom,55.7194,-0.5544,Electronics,Wireless Headphones,5,204.92,1024.6,Affiliate,Desktop,Refunded,2
2026-05-31 05:39:08,c7809,Brazil,-13.3414,-54.5228,Sports,Yoga Mat,3,123.53,370.59,Mobile App,Tablet,Completed,5
2026-05-31 06:04:20,c5652,Germany,51.2549,7.5357,Apparel,Winter Coat,5,18.41,92.05,Affiliate,Mobile,Completed,2
2026-05-31 06:04:36,c4798,India,19.2611,81.4558,Apparel,Winter Coat,2,118.35,236.7,Web,Tablet,Completed,3
2026-05-31 06:14:11,c6861,Germany,49.6289,12.2322,Electronics,4K Monitor,5,100.4,502.0,Marketplace,Tablet,Refunded,3
2026-05-31 07:03:32,c6317,Mexico,24.8103,-102.6675,Apparel,Running Shoes,2,131.45,262.9,Web,Desktop,Completed,5
2026-05-31 07:09:25,c7786,Mexico,22.6657,-101.2202,Beauty,Shampoo Bar,5,175.77,878.85,Marketplace,Tablet,Completed,3
2026-05-31 07:27:39,c1406,India,19.1006,78.0603,Electronics,Mechanical Keyboard,4,43.69,174.76,Marketplace,Tablet,Completed,4
2026-05-31 08:01:15,c9827,India,18.4346,78.1715,Apparel,Winter Coat,3,23.53,70.59,Affiliate,Mobile,Completed,4
2026-05-31 08:17:25,c5176,India,19.6236,78.681,Books,Mystery Novel,4,74.25,297.0,Marketplace,Desktop,Completed,5
2026-05-31 10:03:39,c5639,Singapore,4.111,103.7872,Books,Sci-Fi Anthology,4,204.79,819.16,Marketplace,Desktop,Refunded,4
2026-05-31 10:09:42,c3246,United Kingdom,53.7537,-5.904,Electronics,Wireless Headphones,3,194.77,584.31,Affiliate,Desktop,Completed,3
2026-05-31 12:11:59,c3312,Japan,34.2601,141.1866,Home,Coffee Maker,1,17.73,17.73,Affiliate,Mobile,Completed,5
2026-05-31 12:23:34,c9947,United Kingdom,55.2313,-1.1915,Beauty,Perfume,5,131.39,656.95,Marketplace,Desktop,Completed,5
2026-05-31 12:45:13,c3678,Mexico,25.4359,-103.0711,Books,Kids Picture Book,5,201.92,1009.6,Affiliate,Desktop,Completed,4
2026-05-31 13:14:50,c5875,France,45.1357,0.7737,Books,Sci-Fi Anthology,1,166.25,166.25,Web,Mobile,Completed,4
2026-05-31 13:22:45,c6658,Canada,54.4937,-104.9202,Apparel,Baseball Cap,3,142.61,427.83,Web,Desktop,Completed,1
2026-05-31 14:16:13,c6387,Australia,-25.201,132.3613,Books,Mystery Novel,1,35.89,35.89,Marketplace,Mobile,Completed,4
2026-05-31 14:19:05,c5166,India,21.9034,78.0606,Books,Cookbook,4,201.19,804.76,Mobile App,Mobile,Completed,4
2026-05-31 14:30:00,c1084,Mexico,26.3826,-103.0541,Apparel,Denim Jacket,1,203.68,203.68,Affiliate,Mobile,Completed,2
2026-05-31 15:03:56,c9709,Japan,39.0788,138.3012,Beauty,Face Serum,4,191.76,767.04,Web,Desktop,Completed,5
2026-05-31 15:16:29,c4964,Singapore,2.5762,103.7983,Home,Coffee Maker,3,185.69,557.07,Affiliate,Desktop,Cancelled,2
2026-05-31 15:24:21,c5916,Germany,52.1944,10.5987,Apparel,Denim Jacket,5,76.19,380.95,Marketplace,Tablet,Completed,4
2026-05-31 15:40:44,c5276,India,17.6661,79.2969,Electronics,Bluetooth Speaker,5,41.15,205.75,Mobile App,Tablet,Completed,2
2026-05-31 15:42:16,c1328,Canada,55.6793,-105.6843,Books,Sci-Fi Anthology,3,136.53,409.59,Mobile App,Mobile,Completed,5
2026-05-31 15:59:03,c7834,Japan,37.4857,138.4199,Books,Kids Picture Book,5,21.46,107.3,Affiliate,Desktop,Completed,5
2026-05-31 16:18:23,c2054,United Kingdom,57.3659,-2.0325,Apparel,Baseball Cap,4,96.14,384.56,Marketplace,Tablet,Refunded,3
2026-05-31 16:33:21,c5926,France,47.2032,4.265,Home,Desk Lamp,3,148.77,446.31,Mobile App,Mobile,Completed,5
2026-05-31 16:37:31,c9653,Canada,58.9008,-108.9848,Apparel,Graphic T-Shirt,5,171.78,858.9,Affiliate,Mobile,Completed,5
2026-05-31 16:47:58,c7726,Japan,36.7012,137.9383,Beauty,Makeup Brush Kit,3,14.59,43.77,Mobile App,Tablet,Completed,5
2026-05-31 17:51:44,c7466,Mexico,20.9666,-102.1457,Beauty,Lip Balm Set,1,160.17,160.17,Affiliate,Mobile,Completed,5
2026-05-31 18:02:21,c3649,South Africa,-29.0978,25.447,Electronics,Wireless Headphones,2,211.22,422.44,Affiliate,Desktop,Refunded,4
2026-05-31 18:38:12,c7746,Canada,53.8264,-104.8201,Apparel,Baseball Cap,2,204.43,408.86,Web,Mobile,Completed,4
2026-05-31 18:48:43,c7565,Singapore,-0.7973,101.3661,Sports,Water Bottle,4,122.68,490.72,Marketplace,Tablet,Completed,4
2026-05-31 19:00:39,c4347,Japan,35.9159,135.7624,Sports,Dumbbell Set,5,189.64,948.2,Web,Tablet,Completed,5
2026-05-31 19:06:19,c6131,United Kingdom,57.3591,-3.9495,Home,Throw Blanket,3,92.87,278.61,Affiliate,Tablet,Completed,4
2026-05-31 19:37:47,c2654,Mexico,25.0231,-100.991,Beauty,Shampoo Bar,3,142.49,427.47,Marketplace,Desktop,Completed,4
2026-05-31 19:50:53,c7223,South Africa,-30.7603,25.802,Home,Desk Lamp,4,102.18,408.72,Affiliate,Tablet,Completed,4
2026-05-31 19:51:13,c6423,United Kingdom,54.8523,-3.7124,Books,Business Guide,2,151.14,302.28,Marketplace,Desktop,Completed,5
2026-05-31 20:07:52,c7293,Mexico,23.3696,-100.5882,Apparel,Winter Coat,4,211.82,847.28,Marketplace,Desktop,Completed,5
2026-05-31 20:38:41,c3067,United Kingdom,55.327,-3.981,Apparel,Denim Jacket,1,166.88,166.88,Affiliate,Tablet,Cancelled,5
2026-05-31 22:18:58,c4912,France,44.9115,2.3326,Electronics,Smart Watch,2,19.03,38.06,Marketplace,Mobile,Completed,5
2026-05-31 22:38:39,c3843,United States,34.5813,-98.5034,Beauty,Face Serum,2,93.76,187.52,Web,Mobile,Completed,5
2026-05-31 22:44:16,c8660,South Africa,-30.0884,21.0625,Electronics,4K Monitor,2,74.24,148.48,Web,Mobile,Completed,5
2026-06-01 00:07:06,c9904,South Africa,-30.6503,21.0876,Electronics,Smart Watch,1,94.31,94.31,Web,Mobile,Completed,5
2026-06-01 00:07:08,c3974,United Kingdom,53.0749,-4.4623,Apparel,Graphic T-Shirt,5,153.39,766.95,Affiliate,Mobile,Completed,3
2026-06-01 01:47:15,c6520,Canada,56.1634,-104.4997,Books,Mystery Novel,4,60.32,241.28,Marketplace,Tablet,Completed,2
2026-06-01 01:47:41,c1024,United States,38.573,-96.6795,Electronics,Wireless Headphones,5,10.23,51.15,Affiliate,Mobile,Completed,4
2026-06-01 01:51:03,c1191,Canada,54.7977,-108.0223,Electronics,Bluetooth Speaker,5,12.12,60.6,Web,Tablet,Completed,5
2026-06-01 02:09:24,c4034,United States,37.7266,-96.6971,Books,Cookbook,3,100.55,301.65,Mobile App,Desktop,Completed,5
2026-06-01 02:47:28,c7944,India,21.5454,76.3357,Sports,Dumbbell Set,4,167.73,670.92,Marketplace,Desktop,Completed,2
2026-06-01 03:16:09,c2879,South Africa,-27.6721,22.8429,Electronics,Wireless Headphones,1,94.5,94.5,Affiliate,Tablet,Completed,5
2026-06-01 03:21:52,c6683,Japan,38.7353,139.1224,Sports,Water Bottle,1,105.57,105.57,Mobile App,Desktop,Refunded,2
2026-06-01 03:22:28,c1396,United Kingdom,56.4105,-3.8988,Home,Desk Lamp,3,133.9,401.7,Marketplace,Desktop,Pending,5
2026-06-01 03:53:17,c3472,Mexico,23.623,-103.0758,Beauty,Lip Balm Set,1,104.43,104.43,Mobile App,Desktop,Completed,2
2026-06-01 03:56:34,c1321,France,45.4166,-0.5346,Electronics,Mechanical Keyboard,2,126.1,252.2,Affiliate,Mobile,Completed,5
2026-06-01 04:04:43,c6861,Singapore,2.6754,104.3746,Apparel,Baseball Cap,4,123.99,495.96,Mobile App,Desktop,Completed,1
2026-06-01 04:12:49,c1115,United Kingdom,53.7862,-3.7764,Beauty,Lip Balm Set,4,195.06,780.24,Marketplace,Desktop,Cancelled,5
2026-06-01 04:15:07,c3996,Mexico,25.2871,-104.9405,Books,Business Guide,3,95.75,287.25,Marketplace,Desktop,Completed,4
2026-06-01 04:28:36,c5843,India,21.2047,80.894,Sports,Tennis Racket,1,24.97,24.97,Marketplace,Mobile,Completed,5
2026-06-01 05:21:31,c3841,Brazil,-16.5152,-50.8255,Sports,Dumbbell Set,2,170.02,340.04,Marketplace,Desktop,Completed,3
2026-06-01 05:23:33,c1427,Canada,56.3971,-106.4419,Sports,Water Bottle,4,65.33,261.32,Marketplace,Tablet,Completed,4
2026-06-01 05:24:47,c4051,United Kingdom,58.2666,-1.9544,Books,Sci-Fi Anthology,3,209.4,628.2,Web,Desktop,Completed,4
2026-06-01 05:30:37,c8580,Brazil,-14.1742,-54.3565,Apparel,Baseball Cap,1,120.2,120.2,Marketplace,Desktop,Completed,4
2026-06-01 05:36:21,c6536,South Africa,-30.8911,23.1829,Apparel,Winter Coat,2,136.91,273.82,Web,Mobile,Completed,5
2026-06-01 06:19:04,c9257,Germany,51.8714,7.7789,Home,Throw Blanket,2,59.02,118.04,Mobile App,Tablet,Completed,4
2026-06-01 06:30:12,c8294,Germany,50.1262,11.2958,Home,Air Purifier,2,134.46,268.92,Affiliate,Mobile,Completed,5
2026-06-01 07:11:15,c5815,South Africa,-28.8702,22.5198,Apparel,Winter Coat,1,79.09,79.09,Mobile App,Desktop,Cancelled,5
2026-06-01 07:21:13,c9098,South Africa,-33.2758,21.4495,Books,Mystery Novel,1,14.21,14.21,Affiliate,Desktop,Completed,5
2026-06-01 08:47:30,c1691,France,47.226,0.4607,Books,Sci-Fi Anthology,2,141.38,282.76,Web,Mobile,Completed,4
2026-06-01 08:49:36,c9133,Germany,48.5604,10.6262,Electronics,Wireless Headphones,4,187.0,748.0,Web,Mobile,Completed,2
2026-06-01 09:03:46,c8699,Singapore,-0.2954,106.5266,Beauty,Lip Balm Set,4,17.74,70.96,Affiliate,Desktop,Completed,5
2026-06-01 09:07:47,c2118,South Africa,-28.0151,23.327,Beauty,Makeup Brush Kit,3,40.0,120.0,Affiliate,Mobile,Completed,4
2026-06-01 10:04:58,c2964,Germany,50.0956,9.3627,Apparel,Graphic T-Shirt,5,128.95,644.75,Marketplace,Mobile,Completed,4
2026-06-01 10:06:38,c8624,Australia,-23.7123,133.6129,Apparel,Winter Coat,3,167.14,501.42,Web,Desktop,Cancelled,4
2026-06-01 10:10:38,c9413,France,46.0836,1.9557,Electronics,4K Monitor,5,53.74,268.7,Web,Desktop,Cancelled,4
2026-06-01 10:10:51,c4876,Japan,33.7792,135.8873,Beauty,Perfume,2,216.04,432.08,Web,Desktop,Completed,5
2026-06-01 10:20:11,c3825,Brazil,-16.9058,-49.7568,Apparel,Baseball Cap,4,98.7,394.8,Affiliate,Mobile,Completed,2
2026-06-01 10:32:16,c1033,India,21.7492,78.9334,Electronics,Bluetooth Speaker,2,159.52,319.04,Web,Mobile,Completed,4
2026-06-01 11:21:04,c6212,Canada,55.3967,-104.7146,Beauty,Face Serum,5,203.16,1015.8,Affiliate,Desktop,Completed,5
2026-06-01 11:23:50,c3929,France,46.5702,-0.7502,Electronics,Wireless Headphones,1,156.74,156.74,Affiliate,Mobile,Completed,2
2026-06-01 12:01:00,c4322,Mexico,22.4372,-101.1784,Apparel,Winter Coat,1,17.05,17.05,Mobile App,Tablet,Completed,1
2026-06-01 12:56:29,c4173,France,45.4359,3.9266,Electronics,Bluetooth Speaker,4,12.55,50.2,Marketplace,Desktop,Completed,2
2026-06-01 13:55:01,c3844,France,48.0778,1.8755,Sports,Camping Tent,2,74.24,148.48,Affiliate,Tablet,Completed,5
2026-06-01 15:34:13,c6336,United Kingdom,57.7505,-2.1116,Sports,Water Bottle,4,50.14,200.56,Mobile App,Desktop,Completed,2
2026-06-01 15:35:59,c5298,Singapore,-1.0395,106.0519,Apparel,Graphic T-Shirt,2,105.0,210.0,Affiliate,Tablet,Pending,5
2026-06-01 15:59:06,c8129,Australia,-24.5695,134.3391,Apparel,Graphic T-Shirt,2,135.7,271.4,Web,Mobile,Completed,3
2026-06-01 16:43:43,c3647,Canada,57.2072,-106.4301,Beauty,Shampoo Bar,5,20.51,102.55,Marketplace,Tablet,Completed,2
2026-06-01 17:00:22,c2656,Mexico,25.5529,-102.1356,Electronics,Wireless Headphones,3,16.12,48.36,Affiliate,Tablet,Pending,2
2026-06-01 17:20:38,c1470,Mexico,26.4855,-101.6808,Home,Coffee Maker,1,192.7,192.7,Marketplace,Tablet,Completed,4
2026-06-01 17:55:00,c6475,South Africa,-29.0996,25.3725,Electronics,Bluetooth Speaker,3,130.81,392.43,Affiliate,Desktop,Completed,3
2026-06-01 18:13:20,c2117,India,17.8166,77.4636,Beauty,Shampoo Bar,4,110.77,443.08,Web,Tablet,Completed,5
2026-06-01 18:14:05,c5523,Brazil,-12.4182,-50.4643,Apparel,Running Shoes,2,115.5,231.0,Affiliate,Tablet,Completed,2
2026-06-01 18:47:36,c3547,India,20.613,79.9617,Books,Sci-Fi Anthology,5,150.18,750.9,Mobile App,Mobile,Completed,5
2026-06-01 18:54:59,c2007,United Kingdom,55.9696,-2.3269,Sports,Camping Tent,4,144.74,578.96,Web,Desktop,Completed,1
2026-06-01 18:56:11,c7924,Brazil,-12.4171,-54.0487,Apparel,Graphic T-Shirt,1,184.29,184.29,Web,Tablet,Completed,5
2026-06-01 19:04:10,c8334,Canada,53.2412,-103.8784,Electronics,Bluetooth Speaker,5,92.34,461.7,Marketplace,Tablet,Completed,5
2026-06-01 19:14:20,c8590,South Africa,-32.2571,25.4005,Apparel,Denim Jacket,2,208.24,416.48,Marketplace,Tablet,Completed,5
2026-06-01 19:21:05,c6375,South Africa,-31.7593,22.8463,Home,Coffee Maker,1,177.03,177.03,Web,Mobile,Completed,1
2026-06-01 19:32:18,c9946,France,47.9183,0.8468,Beauty,Perfume,1,161.51,161.51,Web,Tablet,Cancelled,5
2026-06-01 19:57:52,c6333,Canada,56.1387,-109.0413,Home,Throw Blanket,5,89.63,448.15,Affiliate,Tablet,Completed,5
2026-06-01 19:59:19,c1948,South Africa,-32.5533,20.6536,Sports,Water Bottle,3,193.89,581.67,Marketplace,Tablet,Refunded,2
2026-06-01 20:18:34,c8648,France,46.2467,0.2255,Electronics,Wireless Headphones,1,66.63,66.63,Affiliate,Mobile,Completed,2
2026-06-01 20:31:28,c2457,Canada,59.0813,-106.3314,Sports,Water Bottle,3,9.07,27.21,Affiliate,Tablet,Completed,3
2026-06-01 22:01:04,c6234,Germany,51.2773,13.3331,Sports,Yoga Mat,4,155.69,622.76,Web,Mobile,Completed,2
2026-06-01 22:28:29,c1948,Canada,56.7875,-108.0216,Beauty,Makeup Brush Kit,5,55.34,276.7,Mobile App,Desktop,Completed,2
2026-06-01 23:05:11,c5904,Australia,-23.5373,132.7677,Electronics,Wireless Headphones,1,111.84,111.84,Mobile App,Tablet,Cancelled,3
2026-06-01 23:14:52,c3844,Brazil,-15.3071,-51.304,Beauty,Face Serum,1,139.68,139.68,Affiliate,Desktop,Completed,2
2026-06-01 23:20:49,c6888,India,21.9291,78.5855,Home,Throw Blanket,2,47.36,94.72,Marketplace,Desktop,Completed,4
2026-06-01 23:23:31,c7218,United States,34.7548,-93.0271,Electronics,Mechanical Keyboard,5,175.83,879.15,Marketplace,Tablet,Completed,3
2026-06-01 23:25:26,c7381,Singapore,3.0723,102.8198,Home,Desk Lamp,3,28.68,86.04,Marketplace,Mobile,Completed,4
2026-06-01 23:42:30,c1376,Japan,39.0135,137.0585,Beauty,Face Serum,4,94.11,376.44,Affiliate,Desktop,Cancelled,3
2026-06-01 23:48:11,c8285,Canada,57.9909,-107.697,Electronics,Smart Watch,2,11.78,23.56,Affiliate,Desktop,Completed,5
2026-06-01 23:49:38,c7096,Germany,51.4461,7.9082,Books,Business Guide,1,36.41,36.41,Affiliate,Tablet,Completed,5
2026-06-02 00:24:10,c5785,France,43.5995,3.9481,Apparel,Winter Coat,2,68.22,136.44,Web,Tablet,Completed,4
2026-06-02 02:09:15,c7504,France,44.9896,3.2099,Books,Business Guide,1,74.67,74.67,Affiliate,Desktop,Completed,5
2026-06-02 02:12:16,c9942,South Africa,-33.2298,23.907,Apparel,Winter Coat,5,95.84,479.2,Marketplace,Tablet,Completed,5
2026-06-02 02:21:44,c2458,United States,37.3788,-93.2479,Beauty,Perfume,2,8.58,17.16,Web,Tablet,Completed,3
2026-06-02 02:32:59,c5215,Germany,53.2764,10.2581,Apparel,Running Shoes,2,163.0,326.0,Mobile App,Desktop,Completed,4
2026-06-02 03:39:43,c9510,Canada,53.5046,-104.2042,Sports,Water Bottle,2,191.62,383.24,Affiliate,Desktop,Refunded,5
2026-06-02 04:26:35,c5805,Mexico,26.539,-103.6711,Beauty,Shampoo Bar,5,191.1,955.5,Web,Mobile,Completed,4
2026-06-02 04:49:31,c2940,India,21.2134,77.2815,Books,Mystery Novel,5,20.42,102.1,Web,Mobile,Completed,5
2026-06-02 04:52:41,c6666,United Kingdom,52.4963,-2.4186,Home,Desk Lamp,4,193.58,774.32,Marketplace,Desktop,Completed,5
2026-06-02 05:01:57,c6410,Canada,54.8049,-106.4079,Apparel,Graphic T-Shirt,4,32.24,128.96,Marketplace,Mobile,Completed,5
2026-06-02 05:07:37,c7611,Germany,48.3469,13.023,Beauty,Face Serum,1,27.96,27.96,Affiliate,Mobile,Completed,5
2026-06-02 06:37:50,c2370,Japan,35.8825,138.1108,Electronics,Mechanical Keyboard,2,179.65,359.3,Web,Tablet,Completed,5
2026-06-02 06:58:39,c1771,United States,34.5546,-96.0524,Beauty,Lip Balm Set,2,200.48,400.96,Marketplace,Tablet,Completed,2
2026-06-02 07:04:58,c1950,Germany,50.0683,11.744,Electronics,Smart Watch,2,74.44,148.88,Web,Mobile,Completed,3
2026-06-02 07:34:19,c4106,United Kingdom,55.2389,-6.1899,Home,Coffee Maker,5,51.96,259.8,Marketplace,Mobile,Completed,2
2026-06-02 07:38:47,c4420,Mexico,22.5998,-101.9376,Apparel,Winter Coat,1,217.43,217.43,Marketplace,Mobile,Refunded,1
2026-06-02 07:38:56,c6323,Singapore,-1.171,106.4837,Home,Air Purifier,1,149.04,149.04,Marketplace,Tablet,Completed,4
2026-06-02 08:06:55,c3727,Germany,52.8421,8.3019,Books,Kids Picture Book,3,189.96,569.88,Affiliate,Tablet,Completed,1
2026-06-02 08:29:49,c8758,France,47.7932,4.6462,Books,Cookbook,2,50.97,101.94,Web,Desktop,Completed,5
2026-06-02 08:41:17,c9663,United Kingdom,53.1982,-5.7512,Beauty,Perfume,4,191.24,764.96,Affiliate,Desktop,Completed,5
2026-06-02 08:47:23,c3317,Australia,-26.758,135.8894,Sports,Dumbbell Set,1,131.54,131.54,Marketplace,Mobile,Pending,5
2026-06-02 09:10:13,c5533,Singapore,1.7924,103.5903,Apparel,Baseball Cap,3,155.23,465.69,Web,Mobile,Completed,4
2026-06-02 09:14:35,c5291,United Kingdom,56.1857,-1.4639,Electronics,Wireless Headphones,2,143.07,286.14,Mobile App,Tablet,Completed,5
2026-06-02 10:56:22,c7726,Australia,-22.5452,133.9975,Home,Cutting Board Set,1,82.2,82.2,Affiliate,Mobile,Completed,3
2026-06-02 11:00:14,c1003,United States,34.6539,-98.218,Sports,Yoga Mat,3,119.45,358.35,Marketplace,Mobile,Completed,4
2026-06-02 11:21:45,c1191,Japan,36.1894,140.861,Books,Mystery Novel,5,173.04,865.2,Affiliate,Tablet,Completed,1
2026-06-02 12:14:09,c2084,France,44.4424,-0.3027,Apparel,Baseball Cap,1,18.16,18.16,Affiliate,Tablet,Completed,4
2026-06-02 13:14:21,c7619,India,20.5355,76.874,Beauty,Shampoo Bar,3,141.78,425.34,Web,Mobile,Completed,2
2026-06-02 13:25:03,c9459,Germany,49.2846,8.0948,Sports,Camping Tent,1,156.29,156.29,Marketplace,Desktop,Completed,5
2026-06-02 13:36:38,c5208,France,46.3547,4.3557,Home,Coffee Maker,5,191.08,955.4,Mobile App,Mobile,Completed,4
2026-06-02 14:23:02,c3376,Brazil,-12.82,-54.4887,Books,Sci-Fi Anthology,1,175.63,175.63,Affiliate,Mobile,Completed,4
2026-06-02 14:28:34,c4813,Singapore,-0.7623,105.0798,Home,Cutting Board Set,1,108.88,108.88,Affiliate,Tablet,Completed,4
2026-06-02 14:57:41,c8238,Australia,-27.8973,136.2201,Sports,Tennis Racket,5,85.88,429.4,Affiliate,Tablet,Completed,2
2026-06-02 14:59:59,c9094,Japan,33.3211,140.3145,Sports,Water Bottle,1,100.4,100.4,Web,Mobile,Completed,5
2026-06-02 15:06:46,c3042,United Kingdom,54.1498,-4.5234,Books,Mystery Novel,1,64.53,64.53,Affiliate,Mobile,Completed,5
2026-06-02 15:46:57,c1132,United Kingdom,56.3898,-3.3515,Beauty,Face Serum,4,217.81,871.24,Marketplace,Desktop,Completed,5
2026-06-02 15:53:26,c9638,France,43.3815,-0.5136,Apparel,Graphic T-Shirt,3,56.85,170.55,Mobile App,Tablet,Pending,3
2026-06-02 16:31:00,c3161,Japan,34.9224,139.5085,Books,Sci-Fi Anthology,4,177.67,710.68,Mobile App,Desktop,Completed,1
2026-06-02 17:02:11,c7035,United Kingdom,53.2494,-1.8963,Electronics,Mechanical Keyboard,5,83.64,418.2,Mobile App,Mobile,Completed,5
2026-06-02 17:18:08,c1947,Germany,49.7457,7.7955,Home,Throw Blanket,3,13.04,39.12,Marketplace,Mobile,Completed,1
2026-06-02 17:50:02,c4968,Singapore,3.8088,104.9677,Books,Business Guide,2,197.48,394.96,Affiliate,Desktop,Completed,5
2026-06-02 17:55:26,c4136,United States,36.9374,-94.7433,Home,Desk Lamp,1,111.23,111.23,Web,Mobile,Completed,2
2026-06-02 18:04:59,c4052,France,45.8692,3.6798,Beauty,Makeup Brush Kit,3,219.3,657.9,Marketplace,Mobile,Completed,5
2026-06-02 18:33:05,c4314,United States,34.2307,-96.3541,Books,Sci-Fi Anthology,3,102.69,308.07,Affiliate,Mobile,Completed,2
2026-06-02 18:40:29,c4869,Canada,56.2028,-105.0324,Apparel,Baseball Cap,2,31.0,62.0,Marketplace,Desktop,Completed,4
2026-06-02 18:48:59,c2844,France,48.2608,0.0582,Home,Cutting Board Set,3,83.49,250.47,Mobile App,Tablet,Completed,5
2026-06-02 18:56:48,c2081,France,49.0444,3.1002,Home,Cutting Board Set,5,116.59,582.95,Web,Mobile,Completed,5
2026-06-02 18:58:44,c4714,Germany,53.1377,12.8167,Electronics,Wireless Headphones,4,32.16,128.64,Web,Tablet,Completed,4
2026-06-02 19:01:02,c9539,United States,38.6698,-92.8842,Home,Throw Blanket,3,200.55,601.65,Mobile App,Tablet,Completed,5
2026-06-02 19:11:06,c3175,United States,36.5955,-95.2716,Sports,Camping Tent,4,108.75,435.0,Mobile App,Tablet,Completed,5
2026-06-02 19:18:47,c2051,United Kingdom,54.5291,-3.6641,Beauty,Perfume,1,130.29,130.29,Affiliate,Desktop,Refunded,5
2026-06-02 20:10:55,c2581,Germany,53.5109,11.7444,Apparel,Baseball Cap,3,30.6,91.8,Affiliate,Tablet,Completed,3
2026-06-02 20:11:47,c7568,Germany,51.0394,7.8556,Beauty,Shampoo Bar,2,162.05,324.1,Affiliate,Mobile,Completed,5
2026-06-02 20:36:30,c6585,United Kingdom,57.0363,-1.1158,Sports,Yoga Mat,5,171.74,858.7,Web,Desktop,Completed,2
2026-06-02 20:51:12,c2256,Australia,-26.437,132.9846,Beauty,Perfume,2,192.41,384.82,Web,Desktop,Cancelled,3
2026-06-02 20:58:06,c3807,Germany,51.9409,10.7559,Sports,Dumbbell Set,2,24.12,48.24,Affiliate,Mobile,Completed,5
2026-06-02 21:16:16,c3083,Germany,53.3698,8.9868,Home,Air Purifier,2,52.97,105.94,Web,Mobile,Completed,4
2026-06-02 21:49:18,c7313,India,19.4446,80.0556,Electronics,Wireless Headphones,1,218.87,218.87,Marketplace,Tablet,Completed,4
2026-06-02 21:58:43,c5038,India,22.7196,79.3081,Books,Cookbook,4,169.65,678.6,Mobile App,Desktop,Completed,3
2026-06-02 22:12:15,c9761,Germany,50.7971,9.7864,Electronics,Smart Watch,5,212.33,1061.65,Affiliate,Tablet,Completed,5
2026-06-02 22:24:28,c1902,United States,36.6953,-96.7389,Books,Kids Picture Book,5,16.15,80.75,Mobile App,Mobile,Cancelled,5
2026-06-02 22:39:06,c3608,France,44.5942,5.0259,Sports,Dumbbell Set,5,21.87,109.35,Affiliate,Mobile,Refunded,5
2026-06-02 22:58:38,c8665,Singapore,4.165,101.1916,Home,Air Purifier,2,172.92,345.84,Marketplace,Mobile,Completed,4
2026-06-02 23:17:18,c5902,France,46.7747,-0.2483,Books,Kids Picture Book,2,63.36,126.72,Marketplace,Desktop,Completed,5
2026-06-02 23:25:27,c2752,Brazil,-13.2605,-51.189,Electronics,Bluetooth Speaker,1,49.24,49.24,Mobile App,Tablet,Completed,1
2026-06-03 00:41:27,c2304,Japan,36.4771,140.6591,Sports,Yoga Mat,4,42.86,171.44,Marketplace,Desktop,Completed,5
2026-06-03 00:48:00,c4516,Japan,37.8612,139.4674,Sports,Camping Tent,3,119.71,359.13,Affiliate,Mobile,Completed,3
2026-06-03 00:52:18,c6214,South Africa,-28.1672,21.2481,Home,Throw Blanket,1,152.45,152.45,Affiliate,Tablet,Cancelled,5
2026-06-03 01:03:44,c5390,Singapore,-1.1719,106.2539,Sports,Yoga Mat,2,169.64,339.28,Marketplace,Tablet,Completed,5
2026-06-03 01:19:13,c3011,Japan,35.6859,136.6657,Apparel,Winter Coat,2,200.02,400.04,Mobile App,Tablet,Completed,5
2026-06-03 01:23:26,c2436,France,47.0528,-0.5501,Home,Air Purifier,5,73.19,365.95,Affiliate,Tablet,Completed,4
2026-06-03 01:35:24,c8286,United States,35.1445,-96.5959,Books,Sci-Fi Anthology,2,58.6,117.2,Marketplace,Desktop,Completed,4
2026-06-03 01:47:46,c3609,South Africa,-31.7569,23.0101,Electronics,Wireless Headphones,4,177.55,710.2,Mobile App,Desktop,Completed,5
2026-06-03 01:49:50,c1080,Canada,57.0278,-106.256,Books,Sci-Fi Anthology,5,79.67,398.35,Marketplace,Tablet,Completed,4
2026-06-03 01:54:31,c4304,Canada,58.4637,-108.0217,Beauty,Makeup Brush Kit,1,157.92,157.92,Affiliate,Mobile,Completed,5
2026-06-03 01:58:07,c8688,Germany,49.3715,10.7392,Home,Throw Blanket,3,37.18,111.54,Affiliate,Tablet,Completed,5
2026-06-03 02:34:06,c4877,United Kingdom,52.4579,-3.6423,Books,Sci-Fi Anthology,1,94.04,94.04,Web,Desktop,Completed,1
2026-06-03 02:34:07,c3846,Singapore,4.0296,104.3712,Beauty,Lip Balm Set,5,153.8,769.0,Marketplace,Mobile,Completed,5
2026-06-03 04:12:04,c5987,United States,35.6732,-96.4268,Home,Desk Lamp,3,54.61,163.83,Web,Tablet,Completed,3
2026-06-03 04:58:13,c3653,Mexico,22.2166,-104.0975,Home,Cutting Board Set,1,102.05,102.05,Affiliate,Tablet,Completed,5
2026-06-03 05:04:14,c3734,India,21.5563,77.8449,Apparel,Baseball Cap,3,59.83,179.49,Marketplace,Mobile,Refunded,2
2026-06-03 05:28:43,c8541,India,20.5026,77.5673,Beauty,Makeup Brush Kit,5,157.18,785.9,Web,Desktop,Completed,2
2026-06-03 05:40:47,c5331,France,45.4909,4.9501,Books,Kids Picture Book,5,83.11,415.55,Affiliate,Desktop,Cancelled,4
2026-06-03 05:46:22,c4675,Germany,51.074,9.7292,Beauty,Face Serum,2,73.57,147.14,Mobile App,Mobile,Completed,2
2026-06-03 06:11:22,c1909,Mexico,24.2319,-100.3483,Beauty,Shampoo Bar,4,36.02,144.08,Mobile App,Tablet,Pending,4
2026-06-03 06:46:27,c6951,Mexico,24.668,-104.7439,Electronics,Mechanical Keyboard,2,114.69,229.38,Marketplace,Mobile,Completed,5
2026-06-03 07:39:50,c5819,Japan,34.9933,139.9346,Books,Kids Picture Book,1,15.81,15.81,Affiliate,Tablet,Completed,5
2026-06-03 08:48:41,c7094,Canada,56.6429,-106.3169,Sports,Yoga Mat,5,212.51,1062.55,Marketplace,Desktop,Completed,4
2026-06-03 09:05:18,c8170,Mexico,21.9894,-100.0472,Books,Kids Picture Book,2,48.43,96.86,Affiliate,Mobile,Completed,4
2026-06-03 09:37:29,c4603,Singapore,-0.2571,101.3826,Books,Sci-Fi Anthology,3,74.28,222.84,Affiliate,Tablet,Completed,5
2026-06-03 09:42:01,c4706,Japan,35.3451,135.4944,Home,Throw Blanket,1,32.07,32.07,Marketplace,Mobile,Completed,1
2026-06-03 09:51:03,c2882,Brazil,-14.7181,-52.0943,Sports,Camping Tent,3,90.57,271.71,Mobile App,Mobile,Completed,2
2026-06-03 09:53:51,c3964,Canada,54.229,-107.3343,Electronics,Mechanical Keyboard,2,139.76,279.52,Affiliate,Mobile,Refunded,5
2026-06-03 10:05:53,c8046,Australia,-23.7442,131.1679,Electronics,Smart Watch,1,139.41,139.41,Web,Tablet,Completed,5
2026-06-03 10:50:32,c8272,Japan,36.9956,135.3975,Beauty,Makeup Brush Kit,3,107.55,322.65,Mobile App,Mobile,Completed,4
2026-06-03 10:54:42,c8628,Japan,37.3272,140.6512,Books,Mystery Novel,2,61.99,123.98,Mobile App,Tablet,Refunded,5
2026-06-03 11:09:15,c1686,United States,37.601,-94.4478,Home,Throw Blanket,4,217.18,868.72,Mobile App,Desktop,Completed,2
2026-06-03 12:21:46,c6725,India,18.6845,80.2886,Home,Desk Lamp,4,97.26,389.04,Web,Tablet,Completed,4
2026-06-03 12:23:27,c8877,Germany,48.4015,8.8179,Books,Sci-Fi Anthology,2,129.92,259.84,Affiliate,Desktop,Completed,5
2026-06-03 12:24:14,c2639,Singapore,1.7394,104.6555,Sports,Tennis Racket,2,43.21,86.42,Web,Mobile,Completed,4
2026-06-03 12:37:58,c9238,Australia,-26.1697,132.7217,Apparel,Winter Coat,3,145.29,435.87,Mobile App,Desktop,Completed,5
2026-06-03 14:03:11,c7829,France,45.6248,5.1306,Books,Mystery Novel,3,63.38,190.14,Web,Mobile,Completed,3
2026-06-03 16:03:36,c3869,Canada,56.5868,-104.9263,Home,Air Purifier,3,90.91,272.73,Affiliate,Desktop,Completed,5
2026-06-03 16:23:44,c7028,United States,36.7802,-96.7058,Sports,Camping Tent,5,77.23,386.15,Web,Tablet,Completed,5
2026-06-03 16:37:23,c1150,United States,34.7404,-94.9143,Sports,Water Bottle,2,204.17,408.34,Affiliate,Desktop,Refunded,2
2026-06-03 17:03:14,c3963,Japan,36.6369,138.3735,Home,Throw Blanket,1,141.02,141.02,Affiliate,Mobile,Completed,1
2026-06-03 18:51:14,c6675,United States,34.2418,-95.0388,Sports,Yoga Mat,3,120.31,360.93,Mobile App,Tablet,Refunded,3
2026-06-03 18:57:36,c7072,Brazil,-13.4588,-50.1143,Home,Throw Blanket,2,132.18,264.36,Mobile App,Mobile,Completed,4
2026-06-03 19:15:30,c6698,United Kingdom,55.0642,-6.0741,Books,Business Guide,3,103.7,311.1,Web,Desktop,Completed,5
2026-06-03 19:21:29,c7390,United States,38.107,-93.5195,Home,Desk Lamp,1,76.27,76.27,Mobile App,Desktop,Completed,5
2026-06-03 19:29:00,c6336,Japan,36.2588,140.5147,Books,Mystery Novel,3,126.56,379.68,Web,Desktop,Completed,2
2026-06-03 19:50:54,c1208,Japan,35.1185,140.3675,Electronics,Wireless Headphones,4,182.26,729.04,Affiliate,Tablet,Refunded,5
2026-06-03 20:52:58,c5006,United Kingdom,58.341,-1.261,Electronics,Wireless Headphones,5,208.74,1043.7,Web,Tablet,Completed,4
2026-06-03 21:08:59,c5713,Australia,-27.4467,131.9803,Electronics,Smart Watch,3,198.78,596.34,Web,Tablet,Completed,3
2026-06-03 21:29:40,c2464,Brazil,-12.0967,-53.5482,Beauty,Shampoo Bar,4,107.62,430.48,Web,Tablet,Completed,5
2026-06-03 21:54:14,c3192,Brazil,-13.8366,-54.8248,Electronics,Smart Watch,5,25.75,128.75,Web,Tablet,Completed,3
2026-06-03 21:55:11,c6080,Japan,38.1338,139.6466,Home,Coffee Maker,2,162.6,325.2,Marketplace,Desktop,Completed,5
2026-06-03 21:59:32,c2037,United Kingdom,56.4182,-1.3451,Beauty,Shampoo Bar,2,105.75,211.5,Affiliate,Mobile,Completed,1
2026-06-03 22:32:16,c7989,Singapore,4.2586,102.6642,Beauty,Lip Balm Set,1,59.59,59.59,Web,Tablet,Completed,5
2026-06-03 22:39:16,c2411,Canada,56.1052,-105.4958,Electronics,Smart Watch,1,55.86,55.86,Mobile App,Desktop,Completed,5
2026-06-03 22:53:34,c9337,United Kingdom,54.1314,-6.3109,Apparel,Running Shoes,2,218.57,437.14,Web,Mobile,Completed,5
2026-06-03 23:30:05,c2081,Germany,48.2727,12.3894,Apparel,Graphic T-Shirt,4,186.0,744.0,Web,Desktop,Completed,5
2026-06-03 23:46:53,c6939,United States,35.128,-96.4607,Sports,Tennis Racket,1,191.34,191.34,Marketplace,Tablet,Completed,5
2026-06-04 01:13:38,c8918,Canada,59.0994,-108.0235,Apparel,Running Shoes,4,170.01,680.04,Web,Mobile,Completed,4
2026-06-04 01:18:22,c5920,France,46.9048,-0.1668,Beauty,Shampoo Bar,5,145.57,727.85,Affiliate,Desktop,Completed,4
2026-06-04 02:04:52,c3130,Canada,59.0512,-106.2937,Books,Business Guide,4,209.97,839.88,Marketplace,Desktop,Cancelled,5
2026-06-04 02:09:58,c9856,Mexico,21.0741,-100.3668,Sports,Yoga Mat,5,83.35,416.75,Web,Desktop,Completed,5
2026-06-04 02:14:01,c9236,Japan,37.5621,140.1469,Books,Sci-Fi Anthology,5,175.19,875.95,Web,Tablet,Completed,1
2026-06-04 03:05:33,c5127,United Kingdom,52.4518,-5.8538,Electronics,Smart Watch,2,161.75,323.5,Mobile App,Desktop,Completed,2
2026-06-04 03:08:25,c8144,Singapore,1.8522,106.6168,Books,Cookbook,4,150.43,601.72,Marketplace,Desktop,Completed,5
2026-06-04 03:16:44,c3413,United Kingdom,58.031,-5.6462,Beauty,Makeup Brush Kit,3,63.95,191.85,Marketplace,Tablet,Completed,2
2026-06-04 04:11:03,c5873,Singapore,0.6818,103.1753,Electronics,Mechanical Keyboard,4,138.88,555.52,Web,Tablet,Completed,2
2026-06-04 04:41:35,c4962,Germany,53.2452,13.1011,Sports,Tennis Racket,2,189.29,378.58,Web,Desktop,Completed,1
2026-06-04 04:57:08,c4315,India,21.5508,78.3426,Home,Cutting Board Set,2,28.03,56.06,Marketplace,Tablet,Cancelled,4
2026-06-04 06:20:37,c1325,South Africa,-31.0674,24.1012,Books,Mystery Novel,2,190.97,381.94,Mobile App,Desktop,Completed,3
2026-06-04 07:05:06,c1988,France,47.5537,1.6157,Apparel,Denim Jacket,2,177.28,354.56,Web,Tablet,Completed,5
2026-06-04 07:54:20,c2001,France,48.6371,1.3802,Beauty,Shampoo Bar,4,129.19,516.76,Web,Mobile,Cancelled,5
2026-06-04 08:07:51,c7658,United States,39.4835,-97.4495,Apparel,Running Shoes,5,195.44,977.2,Mobile App,Desktop,Refunded,3
2026-06-04 08:24:19,c2624,Canada,58.3511,-109.0122,Home,Air Purifier,5,105.43,527.15,Mobile App,Tablet,Completed,5
2026-06-04 08:46:35,c9349,Brazil,-13.3051,-49.0037,Beauty,Makeup Brush Kit,1,52.57,52.57,Marketplace,Desktop,Completed,2
2026-06-04 09:23:39,c1434,South Africa,-27.5758,22.5093,Beauty,Lip Balm Set,1,119.54,119.54,Web,Mobile,Refunded,1
2026-06-04 09:36:34,c8976,France,47.9276,4.4002,Apparel,Graphic T-Shirt,4,10.81,43.24,Affiliate,Desktop,Completed,3
2026-06-04 09:41:21,c1079,United Kingdom,54.9103,-4.4295,Home,Coffee Maker,1,151.44,151.44,Marketplace,Mobile,Completed,3
2026-06-04 10:21:21,c8735,Germany,51.779,12.9173,Sports,Water Bottle,2,115.61,231.22,Web,Mobile,Completed,1
2026-06-04 10:29:35,c1162,India,20.4798,79.173,Apparel,Winter Coat,5,90.5,452.5,Mobile App,Desktop,Completed,3
2026-06-04 10:34:24,c8509,South Africa,-29.6575,23.8831,Books,Mystery Novel,2,107.2,214.4,Marketplace,Desktop,Pending,5
2026-06-04 10:44:56,c4753,Mexico,25.8869,-101.2808,Home,Coffee Maker,1,26.68,26.68,Mobile App,Tablet,Completed,1
2026-06-04 11:05:56,c9513,Japan,34.5026,136.7972,Apparel,Baseball Cap,4,41.78,167.12,Mobile App,Mobile,Completed,4
2026-06-04 11:27:50,c8987,Singapore,1.8054,104.7148,Apparel,Graphic T-Shirt,3,150.72,452.16,Affiliate,Desktop,Completed,4
2026-06-04 12:54:09,c6359,India,20.4388,78.1884,Home,Cutting Board Set,4,174.35,697.4,Marketplace,Desktop,Completed,5
2026-06-04 13:04:50,c7857,United States,35.1432,-97.5025,Electronics,Smart Watch,3,116.16,348.48,Mobile App,Mobile,Completed,5
2026-06-04 13:36:14,c2964,Australia,-27.0293,131.9966,Apparel,Baseball Cap,2,173.13,346.26,Web,Tablet,Cancelled,5
2026-06-04 14:08:37,c7355,France,43.9626,3.218,Home,Coffee Maker,1,82.89,82.89,Mobile App,Tablet,Cancelled,1
2026-06-04 14:47:17,c3093,Germany,48.3134,9.2299,Books,Cookbook,5,131.29,656.45,Web,Mobile,Completed,5
2026-06-04 14:57:35,c8435,Japan,34.8057,139.7225,Beauty,Makeup Brush Kit,2,100.7,201.4,Affiliate,Tablet,Cancelled,4
2026-06-04 14:59:44,c5874,Canada,58.5341,-107.0078,Books,Business Guide,2,187.53,375.06,Mobile App,Desktop,Pending,4
2026-06-04 15:21:46,c9243,United Kingdom,53.5251,-1.0026,Electronics,Wireless Headphones,1,134.11,134.11,Mobile App,Tablet,Completed,4
2026-06-04 15:28:41,c2081,Canada,57.7138,-107.8217,Sports,Tennis Racket,3,163.93,491.79,Mobile App,Tablet,Cancelled,3
2026-06-04 16:14:39,c5315,Germany,49.5627,13.2911,Beauty,Lip Balm Set,4,116.62,466.48,Affiliate,Mobile,Completed,4
2026-06-04 16:19:23,c8056,Germany,54.0418,12.5876,Beauty,Shampoo Bar,4,14.55,58.2,Marketplace,Desktop,Completed,4
2026-06-04 16:23:51,c7435,India,21.8901,81.0876,Books,Cookbook,3,151.42,454.26,Web,Mobile,Completed,2
2026-06-04 16:32:33,c7949,Brazil,-15.2026,-54.3835,Home,Cutting Board Set,3,43.5,130.5,Marketplace,Desktop,Completed,3
2026-06-04 16:35:15,c2939,Canada,54.1474,-108.6892,Electronics,Mechanical Keyboard,1,138.53,138.53,Marketplace,Desktop,Refunded,3
2026-06-04 17:23:49,c3696,Japan,37.1236,136.8305,Apparel,Denim Jacket,3,116.38,349.14,Mobile App,Tablet,Completed,5
2026-06-04 17:27:33,c8018,South Africa,-28.7295,25.0072,Sports,Yoga Mat,4,48.55,194.2,Marketplace,Tablet,Completed,5
2026-06-04 18:25:26,c6625,Australia,-27.7976,131.863,Apparel,Winter Coat,4,209.4,837.6,Marketplace,Mobile,Refunded,2
2026-06-04 18:29:59,c8755,Japan,35.3643,139.9802,Home,Desk Lamp,2,67.47,134.94,Affiliate,Mobile,Completed,4
2026-06-04 18:43:58,c4530,France,46.1988,1.9643,Beauty,Perfume,1,30.54,30.54,Mobile App,Mobile,Completed,5
2026-06-04 19:31:36,c4628,United States,39.1292,-97.6352,Sports,Tennis Racket,5,30.13,150.65,Web,Tablet,Refunded,4
2026-06-04 19:44:58,c1297,France,43.2516,-0.0124,Electronics,Wireless Headphones,1,75.38,75.38,Affiliate,Tablet,Completed,5
2026-06-04 20:20:25,c7563,Mexico,25.5379,-102.6576,Sports,Water Bottle,3,152.55,457.65,Web,Tablet,Pending,2
2026-06-04 20:28:17,c9145,Japan,34.0952,135.6474,Apparel,Winter Coat,3,207.82,623.46,Marketplace,Mobile,Completed,4
2026-06-04 20:44:49,c9220,United States,35.1674,-97.3073,Beauty,Face Serum,1,70.44,70.44,Web,Mobile,Cancelled,2
2026-06-04 21:06:54,c7609,India,22.9178,81.9328,Home,Air Purifier,2,42.96,85.92,Web,Desktop,Completed,3
2026-06-04 21:53:11,c8712,South Africa,-32.3516,25.1146,Books,Mystery Novel,4,88.08,352.32,Affiliate,Mobile,Completed,5
2026-06-04 22:01:57,c8635,India,20.3875,79.8523,Home,Throw Blanket,5,195.16,975.8,Web,Tablet,Completed,5
2026-06-04 22:44:16,c4696,India,20.7992,81.37,Apparel,Winter Coat,5,108.15,540.75,Affiliate,Mobile,Completed,2
2026-06-04 22:45:01,c8219,Canada,57.7214,-103.3716,Home,Cutting Board Set,2,219.91,439.82,Affiliate,Tablet,Completed,2
2026-06-04 22:58:23,c5359,United States,35.771,-95.7041,Beauty,Makeup Brush Kit,2,63.88,127.76,Mobile App,Tablet,Completed,5
2026-06-04 23:22:10,c5146,Australia,-22.2971,134.8597,Sports,Camping Tent,5,158.18,790.9,Web,Desktop,Completed,4
2026-06-04 23:32:46,c7802,United States,35.5628,-94.8044,Beauty,Face Serum,4,134.88,539.52,Mobile App,Mobile,Completed,5
2026-06-04 23:54:38,c9353,India,19.49,76.7594,Books,Business Guide,3,27.04,81.12,Mobile App,Tablet,Completed,4
2026-06-05 00:33:29,c7058,Japan,34.3027,137.4727,Apparel,Baseball Cap,1,75.76,75.76,Web,Desktop,Completed,3
2026-06-05 00:49:50,c8100,Canada,53.6392,-103.4595,Books,Business Guide,4,98.36,393.44,Mobile App,Mobile,Completed,5
2026-06-05 01:01:46,c7747,India,21.0033,78.2796,Beauty,Makeup Brush Kit,5,94.58,472.9,Web,Desktop,Completed,4
2026-06-05 01:12:17,c2812,Germany,53.9968,10.774,Books,Sci-Fi Anthology,5,185.97,929.85,Affiliate,Mobile,Completed,3
2026-06-05 01:14:06,c3214,Singapore,1.4252,106.1338,Home,Throw Blanket,2,159.39,318.78,Marketplace,Mobile,Completed,4
2026-06-05 01:28:23,c9061,Mexico,22.0051,-105.0718,Electronics,Mechanical Keyboard,5,210.22,1051.1,Marketplace,Desktop,Completed,3
2026-06-05 01:54:18,c2093,Australia,-22.7586,136.1311,Electronics,Bluetooth Speaker,4,49.17,196.68,Affiliate,Mobile,Completed,1
2026-06-05 02:00:34,c4433,United Kingdom,55.7167,-5.1081,Beauty,Makeup Brush Kit,1,108.98,108.98,Mobile App,Mobile,Completed,4
2026-06-05 02:11:31,c5731,India,18.5612,78.5187,Beauty,Shampoo Bar,1,170.2,170.2,Marketplace,Tablet,Completed,2
2026-06-05 02:22:55,c4929,Brazil,-13.6514,-54.4078,Books,Cookbook,2,63.91,127.82,Web,Desktop,Completed,5
2026-06-05 02:25:42,c6294,Brazil,-13.8921,-53.9909,Apparel,Graphic T-Shirt,2,154.45,308.9,Affiliate,Tablet,Completed,5
2026-06-05 02:37:32,c8741,Brazil,-12.2455,-50.1605,Books,Mystery Novel,1,176.03,176.03,Marketplace,Mobile,Completed,5
2026-06-05 02:42:51,c8875,Canada,54.3514,-104.3885,Books,Mystery Novel,4,178.77,715.08,Mobile App,Mobile,Completed,1
2026-06-05 02:44:01,c4227,United States,34.6812,-95.4975,Sports,Dumbbell Set,2,44.85,89.7,Web,Tablet,Completed,2
2026-06-05 03:03:32,c9523,France,46.8704,1.1647,Beauty,Makeup Brush Kit,2,198.49,396.98,Mobile App,Tablet,Refunded,1
2026-06-05 03:05:27,c3788,Germany,49.1697,10.0367,Beauty,Makeup Brush Kit,1,95.8,95.8,Affiliate,Tablet,Completed,5
2026-06-05 03:15:28,c7105,Australia,-27.9718,133.0626,Books,Cookbook,3,61.67,185.01,Mobile App,Mobile,Completed,2
2026-06-05 04:02:26,c2938,France,47.0909,0.4791,Apparel,Denim Jacket,5,160.07,800.35,Mobile App,Mobile,Completed,2
2026-06-05 04:08:17,c9607,United Kingdom,58.129,-5.921,Sports,Tennis Racket,2,93.23,186.46,Mobile App,Desktop,Completed,5
2026-06-05 04:16:17,c3516,South Africa,-28.721,23.2121,Apparel,Baseball Cap,4,214.3,857.2,Mobile App,Mobile,Completed,1
2026-06-05 04:21:56,c3221,Singapore,-1.3732,104.3429,Beauty,Lip Balm Set,5,122.14,610.7,Marketplace,Tablet,Completed,3
2026-06-05 05:23:20,c5215,Japan,38.2157,138.6019,Beauty,Shampoo Bar,1,128.29,128.29,Mobile App,Tablet,Cancelled,5
2026-06-05 06:51:30,c2881,Brazil,-15.2479,-50.8234,Electronics,Wireless Headphones,1,14.86,14.86,Marketplace,Tablet,Completed,4
2026-06-05 06:53:54,c6412,Canada,54.5202,-108.0072,Sports,Tennis Racket,4,46.87,187.48,Marketplace,Mobile,Completed,2
2026-06-05 07:11:37,c7849,France,45.7924,-0.4801,Electronics,Mechanical Keyboard,3,207.92,623.76,Mobile App,Mobile,Refunded,3
2026-06-05 07:11:52,c3020,Mexico,24.3798,-100.0138,Apparel,Graphic T-Shirt,2,24.82,49.64,Marketplace,Mobile,Completed,3
2026-06-05 07:30:20,c7623,Mexico,24.1733,-104.9397,Apparel,Running Shoes,2,79.79,159.58,Web,Desktop,Refunded,5
2026-06-05 07:40:51,c5912,Germany,49.854,12.5484,Electronics,Bluetooth Speaker,1,113.64,113.64,Affiliate,Desktop,Completed,4
2026-06-05 08:20:28,c2416,Mexico,21.7265,-99.584,Sports,Water Bottle,4,165.14,660.56,Web,Desktop,Refunded,1
2026-06-05 08:32:28,c9140,India,19.3759,78.5663,Beauty,Perfume,3,178.09,534.27,Affiliate,Tablet,Completed,5
2026-06-05 08:41:51,c6409,Mexico,23.2463,-102.4305,Sports,Dumbbell Set,4,22.83,91.32,Marketplace,Tablet,Refunded,4
2026-06-05 08:47:21,c8202,United Kingdom,53.3233,-2.2297,Sports,Tennis Racket,3,212.82,638.46,Mobile App,Desktop,Cancelled,4
2026-06-05 09:12:00,c5520,France,46.5696,0.3017,Apparel,Denim Jacket,4,14.82,59.28,Marketplace,Mobile,Completed,2
2026-06-05 09:15:24,c1117,Germany,53.5369,8.3903,Beauty,Lip Balm Set,1,155.57,155.57,Affiliate,Tablet,Refunded,4
2026-06-05 09:31:43,c2221,Japan,33.909,139.172,Sports,Yoga Mat,1,116.68,116.68,Mobile App,Mobile,Completed,1
2026-06-05 10:07:50,c5297,United States,38.923,-97.2865,Electronics,4K Monitor,2,12.94,25.88,Marketplace,Desktop,Completed,5
2026-06-05 10:08:08,c9662,Australia,-25.3619,135.1042,Books,Business Guide,2,138.17,276.34,Marketplace,Tablet,Completed,4
2026-06-05 11:01:56,c9520,Japan,37.3469,136.3816,Electronics,4K Monitor,1,74.0,74.0,Marketplace,Mobile,Completed,1
2026-06-05 11:12:35,c2092,Canada,54.8442,-106.7293,Home,Cutting Board Set,1,147.14,147.14,Affiliate,Tablet,Completed,3
2026-06-05 11:50:33,c2097,United States,34.7558,-96.5165,Sports,Yoga Mat,3,45.16,135.48,Mobile App,Desktop,Pending,4
2026-06-05 12:09:58,c3830,Brazil,-14.9513,-49.7085,Apparel,Winter Coat,1,100.09,100.09,Mobile App,Tablet,Cancelled,4
2026-06-05 12:41:45,c4189,India,18.3936,77.5468,Home,Air Purifier,1,92.92,92.92,Marketplace,Tablet,Completed,5
2026-06-05 12:54:19,c3663,India,20.2768,76.7231,Electronics,Mechanical Keyboard,3,175.08,525.24,Marketplace,Desktop,Completed,4
2026-06-05 13:04:33,c4901,Australia,-27.9026,136.6814,Electronics,Smart Watch,3,13.21,39.63,Marketplace,Mobile,Completed,4
2026-06-05 13:37:32,c9200,United States,35.1824,-96.9892,Electronics,Bluetooth Speaker,3,106.69,320.07,Web,Desktop,Completed,4
2026-06-05 14:12:45,c1558,Japan,35.3043,140.4578,Beauty,Face Serum,4,145.08,580.32,Mobile App,Tablet,Completed,3
2026-06-05 14:13:11,c5190,Japan,37.6045,138.7882,Apparel,Running Shoes,1,87.54,87.54,Web,Tablet,Pending,2
2026-06-05 15:05:46,c1743,Germany,53.2746,11.0664,Books,Mystery Novel,4,50.12,200.48,Affiliate,Desktop,Completed,2
2026-06-05 15:26:04,c9289,United Kingdom,55.5668,-3.7437,Home,Cutting Board Set,4,8.15,32.6,Affiliate,Tablet,Completed,1
2026-06-05 16:07:40,c5996,South Africa,-30.5243,23.3966,Sports,Yoga Mat,2,38.07,76.14,Mobile App,Mobile,Completed,5
2026-06-05 16:11:45,c8081,Japan,38.1584,138.6273,Beauty,Face Serum,5,209.83,1049.15,Affiliate,Tablet,Completed,3
2026-06-05 16:23:01,c6509,Japan,36.7552,140.1448,Books,Cookbook,5,10.69,53.45,Mobile App,Tablet,Cancelled,4
2026-06-05 16:36:02,c4757,United States,39.552,-98.5381,Beauty,Perfume,2,219.95,439.9,Marketplace,Mobile,Completed,5
2026-06-05 17:22:07,c5353,United States,36.8092,-92.825,Apparel,Denim Jacket,5,217.31,1086.55,Mobile App,Mobile,Completed,4
2026-06-05 17:23:49,c1288,Germany,49.0161,11.386,Apparel,Running Shoes,3,195.26,585.78,Web,Desktop,Completed,4
2026-06-05 18:01:07,c7709,Canada,55.959,-104.8409,Apparel,Running Shoes,5,175.5,877.5,Marketplace,Tablet,Completed,1
2026-06-05 19:26:46,c2140,Brazil,-12.1642,-49.0213,Beauty,Shampoo Bar,3,52.34,157.02,Mobile App,Desktop,Completed,2
2026-06-05 19:52:31,c7299,India,17.7561,80.1815,Electronics,Bluetooth Speaker,3,163.55,490.65,Marketplace,Desktop,Refunded,5
2026-06-05 20:10:38,c5432,Japan,35.8461,136.5703,Apparel,Baseball Cap,1,176.49,176.49,Web,Tablet,Completed,5
2026-06-05 20:46:05,c5313,United Kingdom,56.2312,-4.1148,Home,Air Purifier,2,102.5,205.0,Affiliate,Mobile,Completed,4
2026-06-05 20:52:02,c6799,United States,35.5581,-98.2358,Home,Air Purifier,4,213.35,853.4,Affiliate,Tablet,Cancelled,2
2026-06-05 20:52:41,c2819,United States,34.6986,-94.8722,Home,Cutting Board Set,4,203.8,815.2,Affiliate,Desktop,Refunded,2
2026-06-05 21:02:47,c8610,France,43.7391,4.5599,Apparel,Running Shoes,3,91.37,274.11,Marketplace,Mobile,Refunded,5
2026-06-05 21:05:30,c7987,France,46.4575,0.3808,Books,Mystery Novel,2,67.75,135.5,Affiliate,Tablet,Completed,5
2026-06-05 21:26:31,c1673,United States,36.2523,-95.5128,Beauty,Shampoo Bar,5,49.59,247.95,Web,Mobile,Completed,4
2026-06-05 22:39:31,c5157,Japan,35.6794,139.9527,Books,Cookbook,5,125.64,628.2,Marketplace,Tablet,Completed,5
2026-06-05 23:13:29,c3327,Singapore,0.6484,103.1053,Apparel,Denim Jacket,5,95.93,479.65,Affiliate,Mobile,Completed,3
2026-06-06 00:26:32,c6572,France,47.3998,0.7,Electronics,Mechanical Keyboard,3,76.65,229.95,Marketplace,Desktop,Completed,5
2026-06-06 00:47:12,c9716,Australia,-27.0105,134.3571,Books,Cookbook,4,163.56,654.24,Affiliate,Tablet,Completed,4
2026-06-06 00:57:02,c5501,Singapore,-1.6103,105.9625,Electronics,Smart Watch,5,74.87,374.35,Affiliate,Desktop,Pending,4
2026-06-06 01:08:47,c2674,Japan,36.2433,139.9432,Apparel,Baseball Cap,1,159.8,159.8,Affiliate,Desktop,Completed,5
2026-06-06 01:43:43,c9677,Germany,53.2305,8.7318,Beauty,Face Serum,1,216.13,216.13,Web,Mobile,Completed,3
2026-06-06 02:06:42,c4675,Canada,54.0447,-108.168,Apparel,Denim Jacket,5,39.82,199.1,Marketplace,Desktop,Completed,2
2026-06-06 02:32:15,c7318,Australia,-25.5393,132.4999,Electronics,Mechanical Keyboard,1,77.74,77.74,Mobile App,Desktop,Completed,5
2026-06-06 02:38:06,c5871,Australia,-22.2727,136.5996,Sports,Yoga Mat,4,136.47,545.88,Mobile App,Desktop,Completed,5
2026-06-06 03:50:07,c1341,United States,39.6773,-93.4346,Electronics,Wireless Headphones,3,70.91,212.73,Mobile App,Mobile,Completed,1
2026-06-06 04:27:46,c3083,Japan,37.2241,140.4636,Beauty,Makeup Brush Kit,1,24.52,24.52,Mobile App,Desktop,Completed,3
2026-06-06 04:43:49,c6992,South Africa,-32.621,24.5317,Books,Cookbook,3,194.61,583.83,Marketplace,Tablet,Completed,1
2026-06-06 05:37:14,c8916,United Kingdom,56.623,-6.3852,Sports,Camping Tent,1,138.98,138.98,Affiliate,Desktop,Completed,5
2026-06-06 05:53:28,c2094,United Kingdom,55.8025,-2.4522,Books,Kids Picture Book,5,63.76,318.8,Mobile App,Tablet,Completed,1
2026-06-06 06:35:51,c7586,Australia,-23.6693,131.9172,Sports,Water Bottle,1,200.91,200.91,Mobile App,Desktop,Cancelled,4
2026-06-06 07:01:39,c5317,Japan,33.8449,140.5587,Books,Mystery Novel,5,198.24,991.2,Affiliate,Mobile,Completed,4
2026-06-06 07:16:33,c6431,France,44.0256,3.9971,Beauty,Perfume,2,57.91,115.82,Mobile App,Mobile,Completed,1
2026-06-06 07:30:11,c4149,United Kingdom,52.8702,-3.9725,Apparel,Baseball Cap,5,193.97,969.85,Affiliate,Mobile,Completed,5
2026-06-06 08:00:09,c4754,Australia,-23.7593,134.6105,Home,Air Purifier,4,167.1,668.4,Affiliate,Mobile,Completed,4
2026-06-06 08:12:15,c3984,Germany,52.7867,8.9508,Books,Business Guide,3,85.27,255.81,Marketplace,Desktop,Pending,5
2026-06-06 08:33:25,c7184,United States,35.8125,-97.6301,Apparel,Winter Coat,4,103.09,412.36,Affiliate,Desktop,Completed,3
2026-06-06 09:00:52,c6900,Japan,37.1109,138.9806,Sports,Camping Tent,5,180.14,900.7,Mobile App,Desktop,Completed,5
2026-06-06 09:45:24,c2546,India,20.7651,78.6841,Sports,Camping Tent,1,83.18,83.18,Affiliate,Tablet,Completed,4
2026-06-06 09:58:34,c4630,United Kingdom,55.8809,-5.2641,Books,Cookbook,2,27.25,54.5,Marketplace,Tablet,Completed,1
2026-06-06 10:49:17,c6051,South Africa,-28.9937,19.9446,Home,Desk Lamp,3,36.19,108.57,Web,Mobile,Completed,5
2026-06-06 11:00:32,c4925,United Kingdom,54.3002,-3.9631,Home,Throw Blanket,1,19.0,19.0,Mobile App,Mobile,Completed,5
2026-06-06 11:16:45,c5892,Singapore,2.8976,104.6562,Books,Business Guide,3,180.12,540.36,Web,Desktop,Completed,5
2026-06-06 12:11:55,c6826,India,19.2994,77.6267,Books,Business Guide,3,106.27,318.81,Affiliate,Desktop,Completed,1
2026-06-06 12:11:57,c6733,United States,39.1741,-97.17,Sports,Tennis Racket,2,75.17,150.34,Web,Mobile,Completed,4
2026-06-06 12:17:17,c4061,Brazil,-15.7996,-53.9468,Books,Business Guide,5,190.21,951.05,Marketplace,Desktop,Completed,4
2026-06-06 12:30:04,c3283,Germany,52.7389,8.3687,Electronics,Bluetooth Speaker,1,153.19,153.19,Web,Desktop,Refunded,5
2026-06-06 12:33:46,c5806,South Africa,-29.1172,24.5174,Apparel,Running Shoes,2,54.97,109.94,Mobile App,Desktop,Completed,5
2026-06-06 12:36:19,c8118,United Kingdom,56.4471,-2.9446,Books,Mystery Novel,3,158.47,475.41,Marketplace,Mobile,Completed,5
2026-06-06 13:04:18,c7077,France,48.3063,1.5025,Sports,Camping Tent,1,212.69,212.69,Affiliate,Mobile,Completed,1
2026-06-06 13:33:25,c9631,France,46.1282,3.5895,Apparel,Running Shoes,5,200.08,1000.4,Web,Mobile,Completed,4
2026-06-06 13:43:35,c9624,Germany,51.7402,13.078,Home,Cutting Board Set,3,180.4,541.2,Web,Tablet,Completed,5
2026-06-06 13:47:43,c6342,Brazil,-13.5045,-51.8661,Sports,Camping Tent,2,82.97,165.94,Marketplace,Desktop,Completed,1
2026-06-06 14:03:35,c4384,Japan,38.7304,137.0452,Beauty,Lip Balm Set,2,153.89,307.78,Mobile App,Desktop,Completed,5
2026-06-06 14:30:48,c5575,India,17.8388,80.3207,Apparel,Graphic T-Shirt,4,212.83,851.32,Marketplace,Desktop,Completed,5
2026-06-06 14:31:18,c2981,Mexico,20.7501,-105.1824,Apparel,Graphic T-Shirt,1,17.91,17.91,Mobile App,Desktop,Completed,5
2026-06-06 14:33:33,c3781,Mexico,25.8622,-100.0685,Electronics,Bluetooth Speaker,5,161.17,805.85,Mobile App,Desktop,Completed,4
2026-06-06 14:50:01,c7240,United States,36.7487,-94.4802,Apparel,Baseball Cap,5,210.93,1054.65,Marketplace,Desktop,Refunded,4
2026-06-06 15:21:47,c6655,Brazil,-12.1323,-52.0499,Home,Throw Blanket,5,54.15,270.75,Web,Desktop,Refunded,2
2026-06-06 15:24:58,c4790,Singapore,1.4131,103.7182,Electronics,4K Monitor,5,126.45,632.25,Web,Desktop,Completed,4
2026-06-06 16:11:32,c2601,Australia,-28.1476,133.5982,Electronics,Mechanical Keyboard,5,90.74,453.7,Affiliate,Desktop,Completed,4
2026-06-06 16:25:02,c8575,Singapore,0.5637,104.842,Sports,Tennis Racket,5,182.8,914.0,Marketplace,Mobile,Completed,2
2026-06-06 16:33:39,c2453,United States,37.6853,-98.6932,Home,Desk Lamp,3,142.97,428.91,Marketplace,Tablet,Completed,3
2026-06-06 16:58:12,c8899,Japan,37.2775,135.3276,Books,Mystery Novel,4,111.63,446.52,Web,Tablet,Refunded,3
2026-06-06 17:01:25,c9284,France,48.8183,1.6634,Electronics,Wireless Headphones,4,193.23,772.92,Affiliate,Tablet,Completed,4
2026-06-06 17:14:33,c8261,Australia,-26.1919,133.0674,Beauty,Makeup Brush Kit,4,201.0,804.0,Web,Mobile,Completed,5
2026-06-06 17:44:22,c9260,India,20.8567,79.4039,Electronics,Wireless Headphones,4,188.95,755.8,Web,Desktop,Completed,1
2026-06-06 17:58:26,c5806,South Africa,-29.9303,21.1428,Home,Cutting Board Set,4,190.74,762.96,Mobile App,Tablet,Cancelled,5
2026-06-06 18:40:10,c1866,South Africa,-30.4786,20.8729,Apparel,Denim Jacket,5,163.91,819.55,Marketplace,Tablet,Completed,5
2026-06-06 18:53:06,c3327,Japan,36.5437,139.5695,Sports,Yoga Mat,3,46.27,138.81,Mobile App,Mobile,Completed,4
2026-06-06 18:56:35,c7846,Australia,-25.9448,132.3606,Electronics,Smart Watch,5,117.2,586.0,Affiliate,Mobile,Completed,5
2026-06-06 19:18:21,c7585,Canada,57.6848,-103.4617,Books,Kids Picture Book,1,217.23,217.23,Web,Tablet,Completed,4
2026-06-06 20:04:18,c1488,United States,34.4682,-95.5779,Books,Business Guide,1,17.61,17.61,Affiliate,Tablet,Completed,1
2026-06-06 20:24:19,c5131,Canada,58.1029,-106.9089,Beauty,Face Serum,3,190.27,570.81,Web,Tablet,Completed,1
2026-06-06 20:33:19,c6844,United States,34.7503,-96.4076,Books,Cookbook,2,22.09,44.18,Affiliate,Tablet,Completed,5
2026-06-06 20:41:22,c5437,Singapore,0.98,101.2234,Apparel,Winter Coat,4,28.05,112.2,Web,Mobile,Completed,3
2026-06-06 20:44:38,c9720,United States,40.0121,-96.0617,Books,Business Guide,4,158.22,632.88,Mobile App,Tablet,Completed,5
2026-06-06 21:04:12,c1697,Singapore,-0.5344,102.9003,Electronics,Wireless Headphones,3,60.17,180.51,Mobile App,Tablet,Cancelled,5
2026-06-06 21:55:07,c6092,Mexico,26.282,-102.113,Apparel,Graphic T-Shirt,5,164.23,821.15,Web,Tablet,Completed,5
2026-06-06 22:17:09,c4791,Germany,50.7278,11.1488,Electronics,Wireless Headphones,4,119.29,477.16,Mobile App,Mobile,Completed,1
2026-06-06 23:43:41,c7030,Canada,54.1242,-104.7483,Electronics,Mechanical Keyboard,3,136.93,410.79,Affiliate,Tablet,Cancelled,4
2026-06-06 23:51:14,c9347,Japan,39.1571,136.5251,Books,Kids Picture Book,1,208.76,208.76,Mobile App,Tablet,Completed,5
2026-06-06 23:55:20,c8430,United States,36.577,-98.5642,Home,Coffee Maker,3,35.62,106.86,Mobile App,Mobile,Completed,2
2026-06-07 00:14:18,c5148,Canada,57.4727,-105.5212,Beauty,Shampoo Bar,1,188.59,188.59,Marketplace,Mobile,Refunded,3
2026-06-07 00:16:54,c7335,Mexico,22.9055,-105.1393,Books,Kids Picture Book,1,29.62,29.62,Web,Desktop,Refunded,2
2026-06-07 00:27:45,c8318,Singapore,-0.7944,105.5392,Home,Cutting Board Set,4,72.04,288.16,Mobile App,Desktop,Refunded,4
2026-06-07 00:39:45,c9851,South Africa,-29.8778,23.6668,Electronics,Mechanical Keyboard,1,89.81,89.81,Marketplace,Desktop,Cancelled,5
2026-06-07 01:16:28,c5800,Japan,37.6748,140.7578,Apparel,Winter Coat,5,100.53,502.65,Mobile App,Mobile,Cancelled,5
2026-06-07 01:34:01,c5909,Japan,35.1807,137.112,Sports,Tennis Racket,4,8.15,32.6,Web,Desktop,Completed,4
2026-06-07 01:39:43,c2286,India,22.7055,78.776,Electronics,4K Monitor,2,80.05,160.1,Web,Mobile,Pending,3
2026-06-07 02:09:00,c2627,Brazil,-14.6179,-52.4404,Sports,Tennis Racket,3,27.3,81.9,Mobile App,Mobile,Completed,4
2026-06-07 03:04:04,c3138,United States,37.7986,-95.448,Electronics,Bluetooth Speaker,1,165.38,165.38,Affiliate,Tablet,Completed,5
2026-06-07 03:34:55,c7680,Brazil,-15.51,-51.2576,Home,Cutting Board Set,4,66.11,264.44,Marketplace,Mobile,Pending,2
2026-06-07 04:46:39,c2008,United Kingdom,57.805,-1.2855,Books,Business Guide,4,10.57,42.28,Affiliate,Desktop,Completed,5
2026-06-07 04:52:49,c7144,Brazil,-16.371,-49.6468,Apparel,Denim Jacket,5,71.09,355.45,Marketplace,Desktop,Completed,3
2026-06-07 05:35:45,c5220,United Kingdom,54.9894,-2.1454,Apparel,Graphic T-Shirt,3,54.72,164.16,Affiliate,Tablet,Completed,3
2026-06-07 06:30:01,c6291,Germany,52.9278,11.4821,Beauty,Perfume,4,100.31,401.24,Marketplace,Tablet,Completed,4
2026-06-07 06:50:44,c3229,France,44.7497,-0.7063,Electronics,Wireless Headphones,4,102.14,408.56,Web,Mobile,Refunded,5
2026-06-07 07:34:12,c8063,Mexico,22.7084,-101.3292,Sports,Camping Tent,2,215.01,430.02,Mobile App,Desktop,Completed,5
2026-06-07 07:40:16,c1703,Germany,52.2694,11.9748,Apparel,Winter Coat,2,84.52,169.04,Mobile App,Desktop,Completed,2
2026-06-07 07:48:51,c1223,Singapore,-0.3851,101.5344,Sports,Yoga Mat,2,195.92,391.84,Affiliate,Tablet,Completed,3
2026-06-07 07:53:06,c6798,Mexico,22.9747,-103.3382,Books,Kids Picture Book,2,137.67,275.34,Web,Desktop,Completed,4
2026-06-07 08:17:10,c2439,Singapore,4.2779,100.9157,Apparel,Denim Jacket,4,189.87,759.48,Web,Mobile,Completed,2
2026-06-07 08:31:27,c5815,Mexico,20.7975,-101.6908,Home,Desk Lamp,4,77.19,308.76,Marketplace,Desktop,Completed,3
2026-06-07 08:38:38,c1549,India,22.5595,76.6918,Beauty,Shampoo Bar,4,60.4,241.6,Mobile App,Mobile,Completed,2
2026-06-07 08:44:12,c4770,United States,39.1455,-98.3087,Sports,Yoga Mat,4,209.21,836.84,Affiliate,Tablet,Completed,4
2026-06-07 08:49:45,c5622,Brazil,-11.8437,-49.217,Electronics,4K Monitor,3,55.76,167.28,Mobile App,Desktop,Completed,4
2026-06-07 08:54:08,c1463,France,48.2183,2.7399,Home,Cutting Board Set,2,125.72,251.44,Marketplace,Desktop,Completed,4
2026-06-07 09:08:25,c5343,Mexico,22.6387,-102.8833,Beauty,Perfume,5,62.97,314.85,Affiliate,Tablet,Completed,5
2026-06-07 09:15:06,c4869,France,45.0784,-0.5439,Books,Kids Picture Book,1,69.49,69.49,Marketplace,Mobile,Completed,5
2026-06-07 09:33:03,c6916,South Africa,-31.6078,21.85,Apparel,Baseball Cap,2,76.52,153.04,Affiliate,Desktop,Completed,2
2026-06-07 10:00:27,c5699,Germany,48.1773,8.7959,Apparel,Winter Coat,2,82.9,165.8,Mobile App,Tablet,Completed,2
2026-06-07 10:47:00,c2386,Canada,56.4452,-108.9629,Sports,Tennis Racket,4,15.93,63.72,Marketplace,Tablet,Pending,3
2026-06-07 11:10:42,c2163,Mexico,22.9805,-101.673,Apparel,Winter Coat,1,59.11,59.11,Web,Mobile,Cancelled,3
2026-06-07 11:41:26,c8648,France,43.5405,-0.7052,Electronics,Mechanical Keyboard,1,184.38,184.38,Web,Desktop,Completed,1
2026-06-07 11:42:22,c9045,Germany,53.8085,10.4617,Sports,Yoga Mat,4,26.24,104.96,Affiliate,Tablet,Completed,1
2026-06-07 11:55:34,c9193,Japan,34.1839,138.4686,Beauty,Lip Balm Set,1,51.02,51.02,Mobile App,Desktop,Refunded,3
2026-06-07 12:51:09,c5180,United Kingdom,53.7476,-1.8608,Home,Air Purifier,1,157.51,157.51,Mobile App,Tablet,Completed,5
2026-06-07 13:19:24,c7777,Japan,36.1158,138.598,Home,Coffee Maker,1,51.2,51.2,Affiliate,Mobile,Completed,5
2026-06-07 13:29:01,c1331,United Kingdom,54.313,-3.2131,Apparel,Baseball Cap,2,17.77,35.54,Mobile App,Tablet,Completed,3
2026-06-07 13:30:24,c3967,South Africa,-27.6698,23.5116,Books,Business Guide,3,33.32,99.96,Web,Mobile,Completed,1
2026-06-07 13:47:24,c8978,South Africa,-30.3474,24.194,Books,Business Guide,1,19.96,19.96,Marketplace,Tablet,Completed,2
2026-06-07 14:03:58,c8040,South Africa,-29.4584,20.0486,Books,Mystery Novel,4,155.43,621.72,Affiliate,Tablet,Completed,5
2026-06-07 14:15:03,c8032,Japan,33.9027,135.499,Home,Desk Lamp,3,75.27,225.81,Mobile App,Tablet,Cancelled,5
2026-06-07 14:15:55,c8195,Brazil,-12.0014,-52.7725,Sports,Yoga Mat,5,64.87,324.35,Affiliate,Desktop,Refunded,5
2026-06-07 15:13:30,c4784,Japan,36.0863,136.1304,Sports,Dumbbell Set,5,136.62,683.1,Mobile App,Mobile,Cancelled,5
2026-06-07 15:56:56,c2262,United States,36.069,-95.4301,Home,Coffee Maker,5,18.49,92.45,Mobile App,Tablet,Completed,5
2026-06-07 15:58:52,c1852,United States,37.6086,-97.529,Beauty,Shampoo Bar,2,61.32,122.64,Mobile App,Mobile,Completed,4
2026-06-07 16:01:48,c4051,Brazil,-14.7173,-52.0749,Home,Air Purifier,5,76.94,384.7,Marketplace,Desktop,Pending,4
2026-06-07 16:06:42,c8898,Canada,55.7957,-107.8459,Beauty,Shampoo Bar,3,120.79,362.37,Marketplace,Desktop,Completed,2
2026-06-07 16:20:11,c6343,Singapore,-0.1027,106.2848,Electronics,Wireless Headphones,5,92.24,461.2,Marketplace,Tablet,Completed,1
2026-06-07 16:25:10,c5015,United Kingdom,54.6423,-2.1218,Beauty,Makeup Brush Kit,3,93.71,281.13,Mobile App,Tablet,Refunded,5
2026-06-07 17:23:11,c8938,Australia,-27.9412,131.1834,Electronics,Bluetooth Speaker,4,14.83,59.32,Marketplace,Mobile,Refunded,4
2026-06-07 17:28:52,c5230,Australia,-27.2982,131.224,Electronics,Smart Watch,3,219.14,657.42,Marketplace,Desktop,Completed,5
2026-06-07 17:57:50,c6335,Canada,57.8888,-107.7983,Home,Air Purifier,3,122.73,368.19,Marketplace,Tablet,Completed,5
2026-06-07 18:08:47,c9264,Germany,54.1505,8.57,Electronics,Mechanical Keyboard,1,182.38,182.38,Affiliate,Desktop,Completed,1
2026-06-07 18:24:53,c2439,Germany,51.177,10.8856,Beauty,Lip Balm Set,4,81.09,324.36,Mobile App,Mobile,Completed,4
2026-06-07 19:01:59,c7186,Australia,-24.4786,130.8595,Books,Kids Picture Book,1,161.78,161.78,Affiliate,Desktop,Completed,4
2026-06-07 19:24:50,c7220,Germany,48.6924,7.9816,Home,Desk Lamp,2,148.62,297.24,Marketplace,Tablet,Completed,2
2026-06-07 19:32:12,c8110,South Africa,-30.8392,24.6485,Apparel,Baseball Cap,4,75.2,300.8,Affiliate,Tablet,Completed,1
2026-06-07 19:33:52,c7877,South Africa,-33.1978,25.1381,Home,Cutting Board Set,1,139.93,139.93,Marketplace,Desktop,Completed,5
2026-06-07 19:40:54,c5323,Australia,-26.0271,136.2393,Electronics,Wireless Headphones,1,100.41,100.41,Affiliate,Desktop,Completed,4
2026-06-07 20:14:07,c8807,Japan,34.8705,141.0043,Books,Sci-Fi Anthology,5,214.07,1070.35,Affiliate,Mobile,Completed,4
2026-06-07 20:31:52,c6573,Brazil,-12.9306,-51.5283,Electronics,Mechanical Keyboard,4,219.48,877.92,Mobile App,Tablet,Completed,5
2026-06-07 20:35:43,c9804,France,45.8424,1.4267,Sports,Tennis Racket,2,131.17,262.34,Affiliate,Mobile,Completed,4
2026-06-07 20:55:30,c2935,Japan,39.193,135.62,Books,Cookbook,2,158.73,317.46,Web,Mobile,Completed,5
2026-06-07 21:06:04,c4009,United States,36.6246,-93.7684,Books,Kids Picture Book,5,55.8,279.0,Marketplace,Tablet,Completed,3
2026-06-07 21:45:34,c3586,Singapore,1.5932,100.9553,Home,Throw Blanket,3,22.41,67.23,Marketplace,Desktop,Completed,4
2026-06-07 21:52:54,c2769,Mexico,25.6515,-100.5239,Home,Cutting Board Set,1,103.95,103.95,Marketplace,Desktop,Completed,3
2026-06-07 22:12:24,c1076,Mexico,20.9165,-101.7413,Sports,Yoga Mat,3,102.13,306.39,Web,Mobile,Completed,4
2026-06-07 22:13:14,c3480,France,48.365,2.2292,Home,Cutting Board Set,5,21.31,106.55,Marketplace,Tablet,Completed,5
2026-06-07 22:25:45,c5913,Japan,34.4258,138.0925,Sports,Camping Tent,1,204.32,204.32,Affiliate,Mobile,Pending,4
2026-06-07 22:31:25,c9055,Canada,58.8108,-107.0186,Home,Air Purifier,5,167.82,839.1,Affiliate,Tablet,Completed,4
2026-06-07 22:43:18,c5945,Canada,54.9385,-105.7338,Apparel,Denim Jacket,5,58.09,290.45,Affiliate,Desktop,Completed,3
2026-06-07 23:27:15,c8352,Brazil,-14.1358,-54.6595,Apparel,Running Shoes,2,183.56,367.12,Marketplace,Desktop,Completed,4
2026-06-07 23:49:21,c5780,Germany,50.2707,8.6539,Beauty,Face Serum,4,40.46,161.84,Web,Desktop,Completed,4
2026-06-08 00:12:42,c5552,Germany,50.9456,7.7639,Books,Cookbook,3,106.2,318.6,Affiliate,Desktop,Completed,3
2026-06-08 00:15:47,c5801,India,23.4717,81.6131,Apparel,Denim Jacket,1,142.58,142.58,Mobile App,Desktop,Completed,5
2026-06-08 00:17:02,c4726,Singapore,-1.5531,102.2493,Apparel,Graphic T-Shirt,3,69.82,209.46,Web,Tablet,Completed,4
2026-06-08 01:54:11,c6931,United Kingdom,52.6873,-0.7198,Sports,Camping Tent,3,194.8,584.4,Marketplace,Tablet,Completed,5
2026-06-08 02:01:13,c1970,France,44.7752,-0.0788,Beauty,Perfume,2,10.99,21.98,Affiliate,Tablet,Completed,5
2026-06-08 02:05:07,c3870,Japan,37.0253,137.7934,Books,Cookbook,5,72.39,361.95,Web,Tablet,Completed,5
2026-06-08 02:05:29,c8756,South Africa,-28.0857,20.8952,Electronics,Bluetooth Speaker,3,97.56,292.68,Marketplace,Mobile,Completed,4
2026-06-08 02:07:46,c7997,India,18.6321,80.8646,Books,Kids Picture Book,3,71.69,215.07,Web,Desktop,Completed,3
2026-06-08 02:16:38,c3990,Mexico,25.5119,-104.383,Sports,Dumbbell Set,1,82.56,82.56,Affiliate,Mobile,Completed,5
2026-06-08 02:33:50,c4797,United States,36.7945,-95.5957,Home,Throw Blanket,4,202.55,810.2,Marketplace,Tablet,Completed,4
2026-06-08 02:34:51,c3976,India,22.9879,79.2828,Beauty,Face Serum,1,124.47,124.47,Affiliate,Desktop,Completed,3
2026-06-08 02:54:28,c8443,South Africa,-31.9205,23.6764,Beauty,Makeup Brush Kit,1,63.85,63.85,Affiliate,Mobile,Completed,4
2026-06-08 03:02:47,c5529,Brazil,-16.4394,-53.1927,Apparel,Baseball Cap,1,80.84,80.84,Mobile App,Mobile,Completed,4
2026-06-08 03:09:27,c3597,Germany,53.3065,8.6497,Sports,Dumbbell Set,5,166.18,830.9,Marketplace,Mobile,Completed,5
2026-06-08 03:27:20,c1483,Brazil,-12.9798,-50.7124,Electronics,4K Monitor,1,58.36,58.36,Affiliate,Desktop,Completed,3
2026-06-08 03:50:42,c3094,United States,36.512,-94.2881,Sports,Dumbbell Set,5,211.93,1059.65,Mobile App,Mobile,Pending,4
2026-06-08 05:20:51,c7279,France,45.8994,4.5343,Apparel,Baseball Cap,5,218.02,1090.1,Mobile App,Tablet,Completed,5
2026-06-08 05:46:37,c7780,South Africa,-30.9794,25.7593,Books,Kids Picture Book,5,155.49,777.45,Affiliate,Desktop,Completed,5
2026-06-08 05:55:13,c8925,Canada,57.4211,-104.6298,Home,Throw Blanket,1,202.23,202.23,Affiliate,Mobile,Completed,3
2026-06-08 06:53:32,c1662,South Africa,-30.474,21.0479,Beauty,Makeup Brush Kit,1,177.32,177.32,Mobile App,Desktop,Completed,4
2026-06-08 07:03:46,c8264,Singapore,-1.5813,100.9007,Beauty,Perfume,2,184.27,368.54,Web,Desktop,Completed,1
2026-06-08 07:24:31,c6892,United States,35.357,-94.7241,Books,Business Guide,3,199.04,597.12,Web,Tablet,Cancelled,5
2026-06-08 08:15:18,c2825,Mexico,24.2412,-105.5084,Books,Cookbook,5,190.05,950.25,Mobile App,Tablet,Completed,4
2026-06-08 08:19:28,c7435,Canada,53.8315,-104.9589,Home,Cutting Board Set,5,147.26,736.3,Mobile App,Tablet,Completed,5
2026-06-08 08:55:48,c9368,Mexico,25.886,-101.8855,Beauty,Shampoo Bar,5,192.9,964.5,Mobile App,Desktop,Completed,1
2026-06-08 08:56:04,c8794,Australia,-24.2169,135.5407,Apparel,Denim Jacket,5,151.38,756.9,Marketplace,Desktop,Completed,5
2026-06-08 09:18:17,c3984,Canada,56.7768,-103.5434,Sports,Dumbbell Set,3,150.34,451.02,Affiliate,Desktop,Completed,5
2026-06-08 10:14:52,c5915,Australia,-27.0444,135.0772,Apparel,Graphic T-Shirt,2,150.4,300.8,Affiliate,Mobile,Cancelled,2
2026-06-08 10:20:48,c6687,United Kingdom,56.1244,-3.6801,Electronics,Mechanical Keyboard,1,29.02,29.02,Marketplace,Mobile,Completed,1
2026-06-08 10:35:54,c7623,Japan,34.8387,141.2399,Apparel,Baseball Cap,4,217.9,871.6,Affiliate,Mobile,Cancelled,4
2026-06-08 11:44:20,c4641,India,17.8214,76.045,Electronics,4K Monitor,1,83.09,83.09,Mobile App,Tablet,Completed,5
2026-06-08 13:03:20,c7508,Germany,49.596,10.1566,Apparel,Graphic T-Shirt,3,171.58,514.74,Web,Mobile,Completed,5
2026-06-08 13:14:26,c6279,Singapore,-0.7163,101.4077,Sports,Dumbbell Set,5,198.78,993.9,Affiliate,Desktop,Completed,5
2026-06-08 13:39:58,c8300,Germany,51.3183,7.8621,Sports,Dumbbell Set,2,78.25,156.5,Affiliate,Desktop,Completed,5
2026-06-08 13:46:10,c5172,France,43.3397,4.9554,Apparel,Winter Coat,4,96.63,386.52,Affiliate,Desktop,Completed,1
2026-06-08 14:50:32,c2640,Australia,-24.4418,136.0314,Books,Business Guide,1,17.75,17.75,Marketplace,Tablet,Completed,5
2026-06-08 15:20:43,c3575,South Africa,-33.2218,23.7155,Apparel,Winter Coat,5,58.66,293.3,Affiliate,Tablet,Completed,5
2026-06-08 16:06:20,c8825,Japan,38.5439,139.3039,Electronics,Smart Watch,5,156.78,783.9,Web,Desktop,Completed,5
2026-06-08 16:20:37,c1983,Canada,54.9302,-105.9772,Sports,Yoga Mat,1,154.4,154.4,Mobile App,Mobile,Completed,2
2026-06-08 16:47:26,c7539,Japan,36.3507,140.4175,Electronics,Smart Watch,1,40.0,40.0,Web,Desktop,Completed,1
2026-06-08 16:59:26,c5396,South Africa,-31.6543,22.2883,Books,Business Guide,3,201.42,604.26,Affiliate,Tablet,Completed,1
2026-06-08 17:23:41,c1225,United Kingdom,56.3585,-3.701,Beauty,Lip Balm Set,5,155.87,779.35,Web,Tablet,Completed,2
2026-06-08 18:10:20,c8643,United States,34.3255,-97.4787,Apparel,Winter Coat,4,188.01,752.04,Web,Tablet,Completed,5
2026-06-08 18:53:24,c3615,France,48.851,1.2614,Apparel,Graphic T-Shirt,1,75.28,75.28,Web,Mobile,Completed,1
2026-06-08 19:23:47,c3050,France,45.287,3.0938,Home,Air Purifier,4,86.04,344.16,Marketplace,Tablet,Completed,5
2026-06-08 19:29:21,c6192,France,48.7775,5.0498,Home,Throw Blanket,1,27.33,27.33,Marketplace,Tablet,Completed,5
2026-06-08 20:12:21,c5164,United Kingdom,55.6791,-4.876,Beauty,Shampoo Bar,4,25.65,102.6,Affiliate,Tablet,Completed,4
2026-06-08 20:27:08,c6707,Mexico,22.5832,-102.8842,Sports,Camping Tent,5,176.32,881.6,Affiliate,Mobile,Pending,2
2026-06-08 21:00:18,c7427,France,45.4954,4.9164,Beauty,Shampoo Bar,5,19.87,99.35,Mobile App,Tablet,Pending,2
2026-06-08 21:06:34,c8284,Canada,53.1413,-109.2405,Electronics,Mechanical Keyboard,5,219.38,1096.9,Web,Mobile,Completed,5
2026-06-08 21:11:40,c9712,United Kingdom,57.1858,-3.3901,Beauty,Face Serum,3,61.34,184.02,Marketplace,Mobile,Completed,5
2026-06-08 22:01:11,c1726,Australia,-22.332,131.4862,Electronics,Wireless Headphones,4,91.39,365.56,Mobile App,Tablet,Completed,5
2026-06-08 23:13:05,c5458,Germany,50.2694,12.0901,Electronics,Wireless Headphones,2,128.35,256.7,Web,Desktop,Completed,4
2026-06-08 23:33:47,c3968,South Africa,-33.3432,21.5914,Sports,Yoga Mat,5,81.06,405.3,Mobile App,Desktop,Refunded,5
2026-06-08 23:51:50,c8969,South Africa,-33.3319,20.2233,Home,Desk Lamp,1,81.35,81.35,Web,Desktop,Completed,4
2026-06-09 00:00:19,c5821,India,21.8309,76.6907,Books,Sci-Fi Anthology,1,161.35,161.35,Web,Tablet,Completed,4
2026-06-09 00:25:24,c7564,France,46.7646,0.594,Electronics,Wireless Headphones,3,86.56,259.68,Affiliate,Tablet,Cancelled,5
2026-06-09 00:47:29,c2506,France,44.5145,0.8009,Home,Cutting Board Set,2,140.41,280.82,Web,Tablet,Completed,2
2026-06-09 02:00:08,c9884,France,48.5254,-0.7182,Electronics,Smart Watch,4,17.21,68.84,Web,Desktop,Completed,3
2026-06-09 02:42:37,c7046,South Africa,-31.0746,22.652,Beauty,Face Serum,5,166.96,834.8,Affiliate,Mobile,Completed,1
2026-06-09 02:43:13,c7893,Mexico,26.6022,-99.5986,Sports,Dumbbell Set,5,157.71,788.55,Affiliate,Tablet,Completed,5
2026-06-09 03:02:21,c3791,Australia,-26.6074,135.88,Electronics,Smart Watch,5,199.99,999.95,Affiliate,Desktop,Completed,5
2026-06-09 03:24:37,c1742,Mexico,26.5215,-104.8343,Books,Business Guide,2,210.67,421.34,Affiliate,Tablet,Refunded,5
2026-06-09 03:35:56,c9666,Japan,38.9644,136.6349,Electronics,Smart Watch,4,136.12,544.48,Affiliate,Mobile,Completed,3
2026-06-09 03:45:47,c7992,Brazil,-12.5681,-52.315,Electronics,Bluetooth Speaker,4,120.23,480.92,Mobile App,Tablet,Completed,1
2026-06-09 03:57:19,c9589,France,47.9789,-0.3963,Beauty,Makeup Brush Kit,2,173.47,346.94,Web,Desktop,Completed,4
2026-06-09 05:12:40,c2878,Germany,48.1895,7.8299,Electronics,Wireless Headphones,5,61.69,308.45,Mobile App,Mobile,Completed,5
2026-06-09 05:24:59,c7780,Canada,53.177,-106.0104,Sports,Water Bottle,5,166.62,833.1,Marketplace,Mobile,Completed,3
2026-06-09 05:37:03,c1417,Japan,34.0996,139.8428,Electronics,Bluetooth Speaker,3,152.32,456.96,Affiliate,Mobile,Completed,5
2026-06-09 05:48:33,c5472,France,43.826,3.7455,Books,Business Guide,2,166.52,333.04,Mobile App,Tablet,Completed,4
2026-06-09 05:51:02,c3449,India,18.0215,78.3774,Sports,Tennis Racket,1,83.81,83.81,Affiliate,Mobile,Cancelled,1
2026-06-09 05:56:34,c9035,Brazil,-16.4271,-50.3489,Home,Air Purifier,4,87.94,351.76,Web,Mobile,Completed,5
2026-06-09 06:47:18,c1160,Australia,-24.988,132.9755,Sports,Yoga Mat,3,199.22,597.66,Web,Tablet,Completed,4
2026-06-09 07:13:13,c8499,Germany,50.1597,9.8267,Books,Kids Picture Book,1,93.49,93.49,Mobile App,Mobile,Completed,5
2026-06-09 07:23:42,c8249,Japan,36.0732,139.9344,Sports,Camping Tent,4,208.47,833.88,Mobile App,Desktop,Completed,1
2026-06-09 08:07:52,c3534,India,19.6285,80.5244,Sports,Tennis Racket,2,194.98,389.96,Marketplace,Tablet,Completed,5
2026-06-09 08:15:17,c5478,Australia,-26.6058,135.6669,Sports,Yoga Mat,3,132.04,396.12,Affiliate,Desktop,Completed,3
2026-06-09 08:19:37,c3548,Singapore,-1.1854,105.2183,Books,Business Guide,2,175.28,350.56,Affiliate,Desktop,Completed,4
2026-06-09 08:46:09,c1251,United Kingdom,58.3609,-1.762,Home,Air Purifier,5,50.47,252.35,Web,Desktop,Completed,5
2026-06-09 10:23:06,c7078,Australia,-22.9521,135.8516,Home,Air Purifier,2,191.79,383.58,Mobile App,Desktop,Completed,5
2026-06-09 11:04:10,c5669,Mexico,21.8413,-100.3467,Home,Coffee Maker,2,195.31,390.62,Affiliate,Desktop,Completed,5
2026-06-09 11:23:53,c6107,Mexico,26.4583,-105.2164,Home,Air Purifier,1,191.31,191.31,Marketplace,Desktop,Completed,5
2026-06-09 12:29:23,c8775,Germany,51.7235,7.9167,Apparel,Denim Jacket,2,216.25,432.5,Mobile App,Mobile,Refunded,2
2026-06-09 12:31:26,c3370,Canada,58.1354,-106.6213,Home,Desk Lamp,1,216.45,216.45,Mobile App,Mobile,Completed,3
2026-06-09 13:33:45,c7025,United States,39.0178,-95.0732,Sports,Dumbbell Set,4,101.03,404.12,Web,Mobile,Cancelled,5
2026-06-09 13:40:36,c1213,Germany,48.4442,9.7775,Electronics,Wireless Headphones,4,128.71,514.84,Web,Mobile,Completed,1
2026-06-09 14:39:09,c4615,Brazil,-15.6161,-50.5712,Apparel,Denim Jacket,1,70.53,70.53,Marketplace,Desktop,Completed,4
2026-06-09 14:59:44,c8221,Australia,-27.6552,132.7968,Books,Sci-Fi Anthology,4,169.82,679.28,Marketplace,Mobile,Completed,5
2026-06-09 15:54:53,c8699,Germany,49.6092,10.762,Apparel,Running Shoes,4,154.15,616.6,Marketplace,Desktop,Completed,4
2026-06-09 16:18:22,c6408,South Africa,-29.0455,23.6391,Books,Cookbook,1,54.23,54.23,Marketplace,Desktop,Completed,3
2026-06-09 16:27:21,c8689,Singapore,-0.3053,102.6375,Apparel,Graphic T-Shirt,2,190.26,380.52,Web,Desktop,Completed,4
2026-06-09 17:21:39,c8370,Japan,35.4253,135.4697,Electronics,Bluetooth Speaker,1,218.16,218.16,Mobile App,Desktop,Completed,4
2026-06-09 17:43:21,c9385,Singapore,1.8237,106.0487,Books,Business Guide,2,116.6,233.2,Affiliate,Tablet,Completed,3
2026-06-09 19:05:27,c5956,Mexico,22.5497,-104.1145,Books,Business Guide,1,205.13,205.13,Mobile App,Mobile,Completed,5
2026-06-09 19:23:22,c8526,Mexico,20.9287,-101.7573,Apparel,Graphic T-Shirt,3,209.54,628.62,Mobile App,Desktop,Refunded,4
2026-06-09 19:36:24,c6515,Singapore,4.1577,101.6704,Books,Cookbook,4,166.53,666.12,Affiliate,Mobile,Completed,1
2026-06-09 19:44:58,c4075,United States,37.0674,-94.9935,Apparel,Running Shoes,2,114.82,229.64,Marketplace,Mobile,Completed,5
2026-06-09 20:37:56,c8845,United Kingdom,54.8482,-1.7158,Home,Air Purifier,5,66.24,331.2,Web,Desktop,Completed,1
2026-06-09 21:01:00,c8278,Japan,35.8295,138.3208,Books,Cookbook,5,61.44,307.2,Web,Mobile,Completed,2
2026-06-09 21:37:08,c9084,Japan,37.661,137.9275,Electronics,Smart Watch,4,152.39,609.56,Web,Tablet,Refunded,5
2026-06-09 22:00:09,c1061,Australia,-28.2317,130.888,Books,Business Guide,3,93.27,279.81,Affiliate,Mobile,Pending,3
2026-06-09 22:04:39,c4808,Germany,50.608,11.8367,Beauty,Makeup Brush Kit,1,93.6,93.6,Mobile App,Tablet,Completed,2
2026-06-09 22:15:45,c8693,India,18.0411,77.5131,Beauty,Perfume,3,154.89,464.67,Web,Mobile,Completed,3
2026-06-09 23:24:43,c2967,France,45.7241,2.0109,Beauty,Lip Balm Set,5,189.67,948.35,Marketplace,Desktop,Completed,4
2026-06-09 23:51:55,c5001,South Africa,-31.5125,20.5241,Home,Throw Blanket,3,19.97,59.91,Mobile App,Desktop,Completed,2
2026-06-10 00:08:07,c6666,Germany,49.9642,12.3142,Apparel,Baseball Cap,2,89.72,179.44,Web,Tablet,Cancelled,4
2026-06-10 01:24:27,c2384,Germany,50.3658,11.0134,Electronics,4K Monitor,5,56.96,284.8,Marketplace,Tablet,Pending,2
2026-06-10 01:32:32,c8502,Australia,-26.9891,135.6376,Books,Kids Picture Book,2,147.45,294.9,Mobile App,Desktop,Pending,1
2026-06-10 01:44:28,c6584,United Kingdom,55.3253,-3.1175,Beauty,Perfume,3,128.87,386.61,Mobile App,Tablet,Completed,2
2026-06-10 01:57:50,c6085,Singapore,2.197,102.6981,Apparel,Graphic T-Shirt,5,104.75,523.75,Mobile App,Mobile,Completed,5
2026-06-10 02:27:44,c4323,Japan,33.3934,139.8372,Electronics,Mechanical Keyboard,2,165.38,330.76,Mobile App,Desktop,Completed,5
2026-06-10 02:29:31,c2391,Mexico,22.309,-105.2866,Apparel,Baseball Cap,3,105.19,315.57,Web,Tablet,Completed,5
2026-06-10 02:39:17,c6278,Brazil,-14.5285,-50.8129,Books,Kids Picture Book,2,8.66,17.32,Web,Tablet,Completed,1
2026-06-10 02:44:22,c9011,Singapore,1.2092,106.2287,Beauty,Shampoo Bar,5,197.8,989.0,Affiliate,Tablet,Completed,2
2026-06-10 03:05:40,c9597,Singapore,1.5557,106.0715,Apparel,Running Shoes,3,8.58,25.74,Web,Mobile,Completed,5
2026-06-10 03:16:50,c5074,Mexico,22.006,-100.7423,Home,Throw Blanket,2,125.23,250.46,Web,Desktop,Refunded,2
2026-06-10 04:31:44,c3728,Japan,35.5998,135.7594,Home,Air Purifier,3,37.19,111.57,Mobile App,Tablet,Cancelled,5
2026-06-10 04:31:49,c6466,Brazil,-14.7389,-52.5095,Sports,Camping Tent,5,15.22,76.1,Web,Desktop,Completed,5
2026-06-10 04:48:59,c5701,Mexico,21.3459,-102.9254,Sports,Dumbbell Set,1,21.86,21.86,Affiliate,Mobile,Cancelled,3
2026-06-10 04:53:17,c2372,South Africa,-30.4591,21.6469,Sports,Tennis Racket,2,201.26,402.52,Web,Mobile,Refunded,4
2026-06-10 05:00:53,c6018,United Kingdom,57.0981,-3.4437,Home,Cutting Board Set,3,79.26,237.78,Marketplace,Tablet,Completed,5
2026-06-10 05:11:25,c8734,Australia,-23.941,134.6415,Books,Business Guide,2,136.91,273.82,Marketplace,Tablet,Cancelled,5
2026-06-10 05:13:42,c1596,Australia,-24.4351,136.4238,Home,Desk Lamp,2,43.11,86.22,Marketplace,Mobile,Completed,5
2026-06-10 05:23:14,c5037,Brazil,-16.6288,-49.4309,Electronics,Bluetooth Speaker,2,48.07,96.14,Marketplace,Mobile,Completed,5
2026-06-10 05:43:14,c2641,Mexico,24.3683,-102.4146,Books,Mystery Novel,2,39.42,78.84,Web,Tablet,Completed,4
2026-06-10 05:52:38,c9228,France,43.9438,-0.2265,Electronics,Mechanical Keyboard,2,105.65,211.3,Marketplace,Mobile,Completed,5
2026-06-10 05:59:25,c4553,Australia,-24.8386,131.261,Sports,Camping Tent,3,45.86,137.58,Web,Desktop,Completed,1
2026-06-10 06:43:28,c1817,South Africa,-28.5051,21.9678,Beauty,Perfume,3,58.64,175.92,Mobile App,Mobile,Completed,5
2026-06-10 06:57:56,c9030,United States,34.6742,-96.5386,Electronics,Wireless Headphones,1,188.49,188.49,Marketplace,Tablet,Completed,1
2026-06-10 07:02:37,c3614,Singapore,3.9982,101.9814,Home,Throw Blanket,4,214.92,859.68,Web,Tablet,Completed,5
2026-06-10 07:11:56,c1011,United Kingdom,54.8993,-6.042,Books,Business Guide,5,101.37,506.85,Marketplace,Mobile,Completed,4
2026-06-10 07:19:01,c4750,Singapore,-0.8157,101.6976,Electronics,Smart Watch,2,51.74,103.48,Marketplace,Desktop,Cancelled,1
2026-06-10 07:27:00,c6864,Singapore,2.102,101.8934,Beauty,Makeup Brush Kit,1,170.45,170.45,Affiliate,Tablet,Completed,2
2026-06-10 07:54:52,c8795,Brazil,-16.5667,-51.9851,Sports,Yoga Mat,3,132.26,396.78,Web,Desktop,Completed,3
2026-06-10 07:55:55,c6090,United Kingdom,55.795,-1.3791,Books,Business Guide,1,97.93,97.93,Affiliate,Tablet,Completed,5
2026-06-10 08:09:24,c2277,India,20.3045,76.6987,Beauty,Perfume,4,100.33,401.32,Web,Desktop,Pending,5
2026-06-10 08:20:39,c7020,United States,37.478,-93.3101,Beauty,Perfume,4,214.53,858.12,Mobile App,Desktop,Completed,5
2026-06-10 08:22:54,c9189,United States,37.7625,-97.532,Electronics,Bluetooth Speaker,4,25.52,102.08,Web,Tablet,Pending,3
2026-06-10 08:29:20,c2354,France,46.2626,2.1798,Beauty,Perfume,4,111.6,446.4,Web,Desktop,Completed,4
2026-06-10 08:32:12,c6607,Canada,58.722,-105.4977,Home,Air Purifier,1,32.51,32.51,Marketplace,Tablet,Cancelled,5
2026-06-10 08:37:06,c5764,United States,36.0931,-98.094,Beauty,Perfume,4,164.26,657.04,Web,Mobile,Completed,5
2026-06-10 09:06:01,c5303,South Africa,-29.3232,20.3377,Beauty,Shampoo Bar,4,130.99,523.96,Mobile App,Mobile,Completed,1
2026-06-10 09:30:09,c9869,United Kingdom,54.9265,-1.958,Beauty,Makeup Brush Kit,4,48.1,192.4,Web,Tablet,Completed,2
2026-06-10 09:52:35,c3914,Australia,-23.277,132.7859,Home,Throw Blanket,2,8.69,17.38,Web,Desktop,Completed,4
2026-06-10 10:01:10,c9087,United Kingdom,57.3006,-1.0236,Apparel,Denim Jacket,1,202.13,202.13,Marketplace,Desktop,Completed,2
2026-06-10 10:42:06,c2747,Brazil,-11.8666,-52.5801,Sports,Camping Tent,5,160.73,803.65,Marketplace,Desktop,Completed,4
2026-06-10 10:47:37,c1168,France,46.3272,1.0115,Electronics,Smart Watch,4,61.14,244.56,Affiliate,Tablet,Refunded,4
2026-06-10 10:50:27,c8814,France,47.768,4.7416,Books,Sci-Fi Anthology,5,23.27,116.35,Marketplace,Desktop,Pending,1
2026-06-10 11:10:45,c7074,France,44.0626,4.6951,Books,Cookbook,3,54.12,162.36,Affiliate,Mobile,Completed,4
2026-06-10 11:34:40,c5346,Mexico,25.9162,-102.6036,Electronics,Bluetooth Speaker,1,145.11,145.11,Affiliate,Desktop,Completed,4
2026-06-10 11:42:26,c5923,France,46.0708,5.0444,Home,Desk Lamp,2,170.66,341.32,Mobile App,Desktop,Completed,5
2026-06-10 12:39:20,c8159,Singapore,0.9444,101.0077,Sports,Camping Tent,4,191.8,767.2,Mobile App,Tablet,Completed,3
2026-06-10 12:57:44,c7419,Mexico,25.78,-99.7305,Home,Coffee Maker,2,141.8,283.6,Affiliate,Desktop,Completed,5
2026-06-10 13:02:05,c9846,Singapore,0.5914,103.4435,Apparel,Baseball Cap,1,218.69,218.69,Marketplace,Tablet,Completed,3
2026-06-10 13:17:44,c6296,France,45.8005,1.0804,Books,Business Guide,5,83.92,419.6,Affiliate,Mobile,Completed,5
2026-06-10 13:27:27,c1450,Germany,48.5761,10.4474,Home,Air Purifier,5,218.8,1094.0,Web,Mobile,Completed,3
2026-06-10 13:31:04,c2992,South Africa,-32.7725,24.8858,Apparel,Denim Jacket,3,24.14,72.42,Marketplace,Tablet,Completed,3
2026-06-10 13:35:45,c5912,Australia,-23.8229,134.9424,Home,Coffee Maker,4,117.76,471.04,Mobile App,Mobile,Completed,4
2026-06-10 13:50:49,c2023,France,47.4887,4.8219,Sports,Dumbbell Set,5,44.23,221.15,Web,Mobile,Completed,5
2026-06-10 13:56:23,c6067,Brazil,-11.5298,-53.0916,Beauty,Perfume,2,176.38,352.76,Marketplace,Desktop,Completed,3
2026-06-10 14:09:44,c2354,Brazil,-15.1276,-54.1321,Beauty,Shampoo Bar,2,168.22,336.44,Affiliate,Mobile,Completed,1
2026-06-10 14:17:31,c7003,France,44.7321,-0.5821,Electronics,4K Monitor,1,91.96,91.96,Marketplace,Tablet,Completed,5
2026-06-10 14:38:08,c1378,Mexico,26.1618,-104.1027,Electronics,4K Monitor,5,119.83,599.15,Marketplace,Desktop,Completed,5
2026-06-10 14:46:54,c3391,Singapore,-0.3566,105.7645,Beauty,Shampoo Bar,2,94.61,189.22,Web,Mobile,Pending,4
2026-06-10 14:57:41,c2286,United States,34.9381,-95.6253,Apparel,Graphic T-Shirt,3,121.32,363.96,Marketplace,Desktop,Cancelled,5
2026-06-10 15:49:52,c3158,South Africa,-29.0173,20.0969,Sports,Tennis Racket,5,204.08,1020.4,Web,Tablet,Completed,1
2026-06-10 16:38:10,c3531,India,20.3119,79.9829,Beauty,Makeup Brush Kit,5,165.36,826.8,Affiliate,Tablet,Completed,5
2026-06-10 17:01:12,c2329,Mexico,23.8833,-103.372,Beauty,Perfume,5,78.22,391.1,Mobile App,Desktop,Completed,2
2026-06-10 17:40:29,c2021,Mexico,25.0472,-100.3245,Apparel,Running Shoes,1,19.88,19.88,Marketplace,Desktop,Refunded,4
2026-06-10 17:41:46,c8311,Germany,53.3829,8.5232,Beauty,Face Serum,3,73.62,220.86,Marketplace,Tablet,Completed,3
2026-06-10 18:31:59,c4757,Mexico,23.1619,-100.2913,Sports,Dumbbell Set,4,36.5,146.0,Marketplace,Tablet,Completed,2
2026-06-10 19:45:15,c2805,Brazil,-15.3168,-49.1563,Sports,Camping Tent,2,181.42,362.84,Marketplace,Tablet,Completed,5
2026-06-10 20:19:55,c7031,Mexico,26.4443,-99.7003,Home,Throw Blanket,5,169.25,846.25,Web,Tablet,Completed,2
2026-06-10 20:36:01,c3215,United Kingdom,54.7503,-1.9928,Home,Air Purifier,5,22.44,112.2,Mobile App,Mobile,Pending,4
2026-06-10 21:00:36,c8483,Germany,52.065,12.9917,Apparel,Running Shoes,3,60.19,180.57,Mobile App,Tablet,Pending,1
2026-06-10 21:02:19,c5827,Canada,55.8542,-103.9137,Sports,Tennis Racket,3,211.64,634.92,Marketplace,Desktop,Completed,4
2026-06-10 21:19:39,c4194,Singapore,1.412,101.1042,Books,Sci-Fi Anthology,5,144.0,720.0,Marketplace,Mobile,Completed,5
2026-06-10 21:57:04,c2641,Brazil,-13.0323,-51.1532,Electronics,4K Monitor,4,78.96,315.84,Mobile App,Mobile,Completed,5
2026-06-10 22:21:19,c3572,Germany,51.8353,11.7997,Sports,Camping Tent,4,85.74,342.96,Web,Mobile,Completed,1
2026-06-10 22:22:47,c4966,United Kingdom,54.7141,-1.6251,Beauty,Shampoo Bar,1,178.09,178.09,Web,Mobile,Completed,5
2026-06-10 22:32:01,c5065,France,43.9452,0.6273,Home,Cutting Board Set,2,216.67,433.34,Marketplace,Tablet,Completed,1
2026-06-10 22:34:18,c5590,Japan,38.4162,139.2395,Beauty,Perfume,1,143.27,143.27,Marketplace,Mobile,Completed,5
2026-06-10 22:34:35,c8398,Singapore,0.6482,102.1287,Electronics,Bluetooth Speaker,4,74.48,297.92,Web,Desktop,Completed,4
2026-06-10 22:38:27,c7593,Brazil,-14.6048,-54.2598,Home,Desk Lamp,1,34.97,34.97,Affiliate,Mobile,Completed,3
2026-06-10 22:54:13,c2168,Canada,56.9203,-108.4809,Apparel,Graphic T-Shirt,5,129.19,645.95,Web,Desktop,Completed,5
2026-06-10 23:37:15,c8347,United States,35.0702,-93.8196,Sports,Tennis Racket,4,79.73,318.92,Marketplace,Tablet,Refunded,3
2026-06-10 23:54:35,c3754,United Kingdom,56.7921,-6.3206,Apparel,Winter Coat,4,12.44,49.76,Web,Desktop,Completed,4
2026-06-10 23:58:23,c3434,Canada,54.0238,-106.2266,Beauty,Face Serum,1,35.06,35.06,Web,Desktop,Completed,2
2026-06-11 00:12:39,c7297,United States,38.0057,-98.2506,Beauty,Makeup Brush Kit,1,153.48,153.48,Affiliate,Tablet,Completed,3
2026-06-11 00:38:47,c4604,United States,37.0324,-93.2393,Electronics,Bluetooth Speaker,1,40.58,40.58,Mobile App,Desktop,Completed,4
2026-06-11 01:18:55,c1600,India,22.1403,81.0155,Home,Throw Blanket,4,107.34,429.36,Marketplace,Desktop,Completed,1
2026-06-11 01:55:07,c5404,France,47.1082,3.2242,Sports,Camping Tent,2,31.74,63.48,Affiliate,Desktop,Completed,5
2026-06-11 02:01:20,c2526,France,47.3671,3.3811,Apparel,Winter Coat,5,96.46,482.3,Mobile App,Mobile,Completed,4
2026-06-11 02:06:07,c7076,Canada,56.5166,-104.7395,Books,Sci-Fi Anthology,3,140.06,420.18,Affiliate,Tablet,Completed,5
2026-06-11 02:18:48,c3870,Singapore,-1.0865,104.9524,Electronics,Wireless Headphones,5,48.05,240.25,Marketplace,Mobile,Completed,4
2026-06-11 02:52:15,c6631,India,20.2986,76.2209,Sports,Dumbbell Set,4,38.37,153.48,Web,Tablet,Completed,1
2026-06-11 03:01:20,c9891,Singapore,-1.077,104.7429,Sports,Yoga Mat,1,149.87,149.87,Web,Desktop,Completed,1
2026-06-11 04:05:08,c1565,South Africa,-29.4291,24.1187,Beauty,Perfume,2,59.38,118.76,Marketplace,Tablet,Completed,1
2026-06-11 04:15:14,c9704,Germany,51.0585,9.1081,Books,Mystery Novel,3,204.32,612.96,Affiliate,Tablet,Completed,4
2026-06-11 04:18:00,c8531,United Kingdom,56.3833,-1.9409,Electronics,Mechanical Keyboard,1,96.04,96.04,Mobile App,Tablet,Completed,4
2026-06-11 04:33:47,c7517,United States,36.1396,-93.5159,Electronics,Bluetooth Speaker,1,78.95,78.95,Web,Desktop,Completed,5
2026-06-11 04:55:31,c5394,Mexico,24.5415,-100.8105,Sports,Camping Tent,3,78.94,236.82,Affiliate,Mobile,Completed,2
2026-06-11 06:07:12,c5151,France,43.6892,-0.5194,Electronics,Bluetooth Speaker,4,28.03,112.12,Marketplace,Mobile,Completed,1
2026-06-11 06:16:40,c2899,South Africa,-27.8005,22.3502,Electronics,Mechanical Keyboard,3,165.32,495.96,Affiliate,Tablet,Completed,5
2026-06-11 06:19:09,c7914,France,46.7158,0.0618,Home,Air Purifier,2,75.05,150.1,Web,Desktop,Pending,1
2026-06-11 07:38:05,c6412,United States,34.2825,-92.8311,Books,Business Guide,1,73.85,73.85,Web,Desktop,Completed,1
2026-06-11 07:56:41,c7438,India,23.3691,78.6963,Apparel,Baseball Cap,2,211.8,423.6,Affiliate,Mobile,Completed,3
2026-06-11 08:09:25,c8437,Canada,57.3662,-107.5009,Electronics,Mechanical Keyboard,3,39.87,119.61,Web,Desktop,Cancelled,5
2026-06-11 08:38:26,c1751,United States,39.2035,-96.5487,Beauty,Lip Balm Set,1,28.14,28.14,Web,Desktop,Completed,3
2026-06-11 08:51:05,c9515,United Kingdom,54.2347,-0.6134,Apparel,Running Shoes,3,13.15,39.45,Web,Mobile,Completed,5
2026-06-11 08:53:25,c7700,Japan,36.7038,138.0415,Sports,Tennis Racket,4,107.12,428.48,Marketplace,Mobile,Completed,5
2026-06-11 09:31:14,c8851,Australia,-24.0238,135.705,Apparel,Winter Coat,3,144.69,434.07,Mobile App,Tablet,Cancelled,5
2026-06-11 09:34:20,c7594,India,21.7142,77.0871,Apparel,Running Shoes,2,104.47,208.94,Web,Tablet,Completed,1
2026-06-11 10:15:56,c5021,Germany,49.1294,11.3921,Books,Sci-Fi Anthology,1,192.46,192.46,Affiliate,Desktop,Completed,5
2026-06-11 10:46:33,c4450,Germany,49.337,10.8658,Books,Cookbook,5,128.46,642.3,Web,Desktop,Completed,1
2026-06-11 10:48:13,c8022,United Kingdom,53.3277,-1.8899,Sports,Water Bottle,4,188.71,754.84,Mobile App,Mobile,Completed,1
2026-06-11 11:54:28,c5918,Germany,53.0876,12.2114,Electronics,Smart Watch,1,168.88,168.88,Mobile App,Tablet,Completed,4
2026-06-11 12:08:51,c6057,Japan,33.8953,136.5107,Sports,Water Bottle,4,116.49,465.96,Mobile App,Mobile,Completed,5
2026-06-11 12:16:37,c7232,Singapore,1.2897,102.7694,Books,Cookbook,4,172.56,690.24,Marketplace,Mobile,Completed,1
2026-06-11 12:32:33,c8997,Brazil,-13.7828,-53.8664,Books,Business Guide,5,112.38,561.9,Marketplace,Tablet,Completed,5
2026-06-11 13:07:54,c5322,Germany,50.1629,10.1813,Electronics,Smart Watch,3,12.42,37.26,Web,Desktop,Completed,1
2026-06-11 13:47:17,c9849,United States,35.3194,-93.1247,Beauty,Face Serum,3,203.17,609.51,Web,Tablet,Completed,2
2026-06-11 14:07:03,c5507,Germany,51.1677,9.2807,Sports,Tennis Racket,3,80.67,242.01,Web,Desktop,Refunded,1
2026-06-11 14:15:48,c5656,United States,35.7546,-97.9537,Electronics,4K Monitor,1,115.37,115.37,Web,Desktop,Completed,2
2026-06-11 14:16:09,c1700,Canada,57.6245,-105.7949,Home,Air Purifier,4,47.05,188.2,Web,Mobile,Completed,4
2026-06-11 14:37:19,c6871,United Kingdom,57.605,-1.467,Sports,Water Bottle,2,38.17,76.34,Web,Tablet,Completed,5
2026-06-11 14:42:03,c3569,South Africa,-28.4103,25.5499,Home,Coffee Maker,4,128.06,512.24,Web,Desktop,Completed,2
2026-06-11 16:12:37,c7527,United Kingdom,56.4038,-3.6374,Home,Air Purifier,4,26.94,107.76,Mobile App,Desktop,Completed,4
2026-06-11 16:27:05,c7482,Singapore,-1.2967,103.367,Home,Cutting Board Set,4,188.27,753.08,Affiliate,Mobile,Refunded,5
2026-06-11 16:48:12,c5501,South Africa,-29.502,20.9384,Home,Cutting Board Set,1,83.88,83.88,Affiliate,Tablet,Completed,4
2026-06-11 18:32:29,c4578,South Africa,-29.4948,22.7681,Electronics,Bluetooth Speaker,1,203.61,203.61,Web,Mobile,Completed,4
2026-06-11 19:24:30,c6253,Singapore,0.6293,105.9932,Books,Sci-Fi Anthology,5,36.86,184.3,Mobile App,Mobile,Completed,5
2026-06-11 19:40:04,c5354,France,45.0972,1.7365,Home,Cutting Board Set,4,208.07,832.28,Web,Mobile,Completed,2
2026-06-11 20:15:18,c9395,Brazil,-12.6719,-54.3166,Electronics,4K Monitor,4,126.08,504.32,Affiliate,Desktop,Completed,5
2026-06-11 20:23:52,c6233,India,22.0568,76.5753,Electronics,Bluetooth Speaker,4,152.94,611.76,Mobile App,Desktop,Completed,4
2026-06-11 20:24:31,c1426,Germany,49.9198,12.9356,Books,Business Guide,4,116.77,467.08,Mobile App,Desktop,Completed,4
2026-06-11 20:33:10,c6987,Canada,58.4893,-108.846,Home,Throw Blanket,1,82.43,82.43,Affiliate,Desktop,Pending,4
2026-06-11 20:38:55,c6606,India,17.9864,77.2094,Beauty,Makeup Brush Kit,4,128.25,513.0,Mobile App,Desktop,Completed,2
2026-06-11 20:42:32,c4977,France,48.8716,3.346,Electronics,Bluetooth Speaker,5,179.7,898.5,Mobile App,Tablet,Completed,5
2026-06-11 21:02:09,c4845,Mexico,22.199,-100.7692,Home,Throw Blanket,3,85.28,255.84,Marketplace,Tablet,Completed,3
2026-06-11 21:16:12,c9063,Japan,33.4117,140.6535,Home,Throw Blanket,2,54.76,109.52,Affiliate,Tablet,Refunded,5
2026-06-11 21:32:22,c1383,Germany,51.9192,8.4504,Home,Cutting Board Set,4,219.12,876.48,Marketplace,Tablet,Completed,4
2026-06-11 22:34:41,c6196,United Kingdom,56.3356,-4.5214,Books,Kids Picture Book,2,61.07,122.14,Marketplace,Tablet,Cancelled,4
2026-06-11 23:07:10,c5288,United States,35.7446,-96.0694,Electronics,Mechanical Keyboard,3,67.66,202.98,Web,Mobile,Completed,2
2026-06-11 23:07:47,c4686,Australia,-27.2802,134.5915,Sports,Dumbbell Set,4,188.43,753.72,Marketplace,Mobile,Completed,5
2026-06-11 23:26:41,c3841,United States,38.8958,-94.1399,Books,Cookbook,3,55.43,166.29,Web,Mobile,Completed,5
2026-06-11 23:46:08,c1217,United Kingdom,54.7652,-4.1754,Electronics,Smart Watch,4,95.43,381.72,Web,Tablet,Completed,4
2026-06-12 00:24:58,c6899,Brazil,-16.9242,-52.5616,Home,Air Purifier,1,187.45,187.45,Web,Mobile,Completed,5
2026-06-12 00:42:17,c4543,France,48.6188,2.3328,Apparel,Winter Coat,1,113.93,113.93,Mobile App,Tablet,Completed,4
2026-06-12 00:47:57,c6132,Brazil,-11.9726,-54.1385,Home,Cutting Board Set,2,63.21,126.42,Web,Desktop,Completed,4
2026-06-12 01:28:09,c1206,Australia,-24.0416,135.0491,Apparel,Baseball Cap,1,178.8,178.8,Marketplace,Desktop,Completed,5
2026-06-12 01:28:22,c8928,France,48.6096,3.8667,Apparel,Graphic T-Shirt,2,160.98,321.96,Mobile App,Tablet,Completed,4
2026-06-12 01:31:29,c1080,Germany,52.6207,8.4629,Beauty,Makeup Brush Kit,1,97.94,97.94,Web,Tablet,Completed,4
2026-06-12 01:47:19,c7502,United Kingdom,54.4173,-1.4293,Beauty,Makeup Brush Kit,3,150.94,452.82,Web,Tablet,Completed,3
2026-06-12 02:04:48,c9531,Singapore,-0.5749,103.7922,Books,Sci-Fi Anthology,4,74.96,299.84,Affiliate,Mobile,Completed,2
2026-06-12 02:33:35,c9306,Canada,57.1116,-107.4315,Books,Business Guide,4,53.36,213.44,Web,Desktop,Cancelled,5
2026-06-12 03:18:06,c7624,Australia,-24.1227,136.3396,Beauty,Shampoo Bar,4,127.23,508.92,Marketplace,Mobile,Completed,4
2026-06-12 03:37:57,c7265,India,21.1331,78.1123,Beauty,Shampoo Bar,3,27.82,83.46,Affiliate,Mobile,Completed,2
2026-06-12 03:41:24,c3767,Mexico,24.6584,-100.1986,Books,Mystery Novel,2,34.53,69.06,Affiliate,Tablet,Refunded,5
2026-06-12 03:52:17,c7378,Germany,51.0405,8.7924,Electronics,Bluetooth Speaker,5,90.82,454.1,Web,Desktop,Completed,5
2026-06-12 04:03:31,c8961,United States,38.1599,-96.6572,Sports,Yoga Mat,4,69.37,277.48,Web,Mobile,Completed,3
2026-06-12 04:38:12,c1997,Singapore,0.4463,102.6084,Books,Mystery Novel,5,217.37,1086.85,Affiliate,Tablet,Completed,4
2026-06-12 04:49:36,c2783,Mexico,26.4531,-104.4051,Sports,Water Bottle,2,90.43,180.86,Marketplace,Mobile,Completed,2
2026-06-12 04:52:17,c4449,Singapore,-0.3141,101.1892,Books,Sci-Fi Anthology,3,69.58,208.74,Web,Mobile,Completed,3
2026-06-12 05:46:20,c8112,Australia,-23.411,132.9054,Apparel,Baseball Cap,1,27.63,27.63,Web,Tablet,Refunded,4
2026-06-12 06:09:01,c5236,France,47.522,-0.7208,Beauty,Perfume,3,55.57,166.71,Marketplace,Mobile,Completed,4
2026-06-12 06:15:05,c7386,Mexico,26.3922,-105.3899,Beauty,Face Serum,5,95.33,476.65,Affiliate,Tablet,Completed,3
2026-06-12 06:33:23,c1231,Japan,33.7434,140.2569,Beauty,Perfume,1,103.15,103.15,Marketplace,Mobile,Completed,1
2026-06-12 06:36:22,c8336,India,20.7696,78.3938,Home,Cutting Board Set,1,166.01,166.01,Mobile App,Tablet,Completed,4
2026-06-12 06:57:43,c5022,Singapore,3.1992,104.049,Books,Business Guide,5,64.9,324.5,Web,Mobile,Refunded,4
2026-06-12 07:00:18,c7649,Brazil,-16.5005,-52.3013,Books,Mystery Novel,4,40.15,160.6,Marketplace,Tablet,Refunded,4
2026-06-12 07:09:46,c8251,Japan,38.8269,136.1908,Home,Desk Lamp,4,171.52,686.08,Mobile App,Desktop,Completed,3
2026-06-12 07:21:12,c3308,Australia,-27.7186,135.0566,Books,Cookbook,3,45.53,136.59,Affiliate,Mobile,Completed,2
2026-06-12 07:27:38,c5930,United States,35.3454,-94.8183,Beauty,Shampoo Bar,5,48.47,242.35,Affiliate,Desktop,Completed,1
2026-06-12 07:44:52,c7388,Canada,58.1345,-107.3616,Beauty,Face Serum,4,214.16,856.64,Affiliate,Mobile,Completed,1
2026-06-12 07:50:27,c4446,United States,38.1362,-93.683,Apparel,Baseball Cap,5,68.11,340.55,Marketplace,Tablet,Completed,5
2026-06-12 08:52:17,c2894,United States,34.7404,-96.1026,Beauty,Lip Balm Set,5,216.66,1083.3,Affiliate,Tablet,Completed,1
2026-06-12 09:35:09,c2679,South Africa,-30.506,21.8296,Electronics,Mechanical Keyboard,4,179.25,717.0,Affiliate,Desktop,Completed,5
2026-06-12 09:36:51,c2398,Singapore,-1.1143,103.5209,Electronics,Bluetooth Speaker,1,112.19,112.19,Web,Mobile,Completed,3
2026-06-12 09:42:36,c6232,Japan,34.9069,136.297,Books,Cookbook,1,113.6,113.6,Affiliate,Mobile,Completed,2
2026-06-12 09:43:05,c3160,Australia,-28.1216,134.7167,Electronics,4K Monitor,4,182.12,728.48,Web,Mobile,Completed,4
2026-06-12 09:58:34,c4397,Brazil,-15.5809,-52.3364,Home,Coffee Maker,5,133.63,668.15,Mobile App,Mobile,Pending,5
2026-06-12 10:14:09,c7882,Mexico,25.5794,-103.7157,Sports,Camping Tent,2,30.76,61.52,Marketplace,Tablet,Pending,4
2026-06-12 10:41:29,c9041,Mexico,23.5253,-102.0934,Books,Sci-Fi Anthology,2,124.96,249.92,Mobile App,Desktop,Completed,1
2026-06-12 11:13:10,c3069,Mexico,21.6723,-100.125,Sports,Dumbbell Set,2,29.11,58.22,Web,Tablet,Completed,5
2026-06-12 11:56:48,c8410,United Kingdom,57.2562,-3.3839,Electronics,Mechanical Keyboard,4,94.07,376.28,Affiliate,Desktop,Completed,3
2026-06-12 12:06:31,c5767,Canada,57.5381,-107.9073,Sports,Water Bottle,1,145.37,145.37,Marketplace,Tablet,Completed,4
2026-06-12 12:26:08,c7832,United Kingdom,56.5187,-0.8824,Beauty,Makeup Brush Kit,2,127.36,254.72,Mobile App,Tablet,Refunded,4
2026-06-12 12:27:11,c4795,Germany,51.6051,9.4908,Books,Kids Picture Book,2,168.67,337.34,Mobile App,Desktop,Refunded,3
2026-06-12 12:52:12,c2805,Australia,-23.8532,136.4772,Home,Cutting Board Set,1,29.86,29.86,Marketplace,Tablet,Pending,5
2026-06-12 12:57:49,c6969,Brazil,-13.7048,-53.0119,Home,Coffee Maker,2,88.51,177.02,Marketplace,Desktop,Completed,2
2026-06-12 13:22:53,c8536,Singapore,2.4168,104.7743,Electronics,Wireless Headphones,1,207.3,207.3,Marketplace,Tablet,Completed,5
2026-06-12 14:25:55,c1651,Japan,35.553,139.6646,Beauty,Face Serum,3,9.36,28.08,Marketplace,Tablet,Pending,2
2026-06-12 15:07:19,c4526,Singapore,-0.0397,105.3525,Sports,Tennis Racket,1,211.69,211.69,Web,Tablet,Completed,5
2026-06-12 15:47:17,c5742,Japan,33.3217,136.27,Home,Cutting Board Set,2,118.38,236.76,Affiliate,Mobile,Cancelled,4
2026-06-12 16:50:07,c3722,France,49.0678,4.7829,Sports,Dumbbell Set,3,74.16,222.48,Mobile App,Tablet,Refunded,5
2026-06-12 17:00:49,c7089,France,46.9856,-0.7142,Books,Cookbook,1,133.6,133.6,Web,Mobile,Cancelled,5
2026-06-12 17:14:37,c5134,France,45.9644,0.2445,Home,Coffee Maker,4,171.22,684.88,Web,Mobile,Refunded,3
2026-06-12 17:17:27,c1940,Germany,53.2424,10.3106,Home,Throw Blanket,4,181.53,726.12,Marketplace,Desktop,Completed,5
2026-06-12 17:30:21,c3480,United Kingdom,55.563,-6.3892,Beauty,Shampoo Bar,3,161.16,483.48,Affiliate,Tablet,Completed,4
2026-06-12 18:06:49,c3229,Germany,53.2244,11.909,Books,Mystery Novel,5,38.38,191.9,Marketplace,Tablet,Cancelled,2
2026-06-12 18:19:27,c1678,India,18.126,79.8474,Electronics,Mechanical Keyboard,3,17.55,52.65,Marketplace,Mobile,Completed,1
2026-06-12 20:02:17,c8953,United Kingdom,58.2931,-2.9944,Beauty,Makeup Brush Kit,3,32.06,96.18,Marketplace,Mobile,Cancelled,4
2026-06-12 20:20:54,c7677,Australia,-26.5621,136.1937,Beauty,Perfume,3,102.33,306.99,Mobile App,Tablet,Completed,2
2026-06-12 20:27:38,c9393,France,44.4599,2.4371,Beauty,Lip Balm Set,5,162.92,814.6,Mobile App,Desktop,Completed,5
2026-06-12 20:48:55,c8949,Mexico,23.4328,-104.8539,Books,Mystery Novel,3,217.63,652.89,Affiliate,Mobile,Completed,3
2026-06-12 20:54:17,c7288,United Kingdom,55.4012,-6.0169,Home,Air Purifier,4,184.89,739.56,Mobile App,Desktop,Completed,4
2026-06-12 21:01:53,c2604,United States,36.3431,-98.0484,Sports,Yoga Mat,5,87.68,438.4,Web,Mobile,Completed,1
2026-06-12 22:07:20,c1091,India,19.8352,81.5592,Electronics,4K Monitor,3,119.51,358.53,Marketplace,Mobile,Completed,5
2026-06-12 22:55:17,c3795,Japan,36.2432,140.498,Apparel,Winter Coat,2,173.3,346.6,Mobile App,Desktop,Completed,4
2026-06-12 23:15:09,c2137,Australia,-24.1297,131.541,Books,Mystery Novel,3,100.52,301.56,Mobile App,Tablet,Cancelled,2
2026-06-12 23:36:31,c3838,Germany,51.1736,9.2404,Home,Cutting Board Set,4,176.13,704.52,Marketplace,Tablet,Completed,5
2026-06-12 23:56:07,c2288,Brazil,-14.7817,-53.4224,Apparel,Running Shoes,2,172.33,344.66,Web,Tablet,Completed,5
2026-06-13 00:22:14,c7466,India,22.2602,80.5378,Electronics,Smart Watch,2,50.18,100.36,Affiliate,Mobile,Completed,1
2026-06-13 00:31:19,c6972,Mexico,24.4052,-104.746,Beauty,Face Serum,1,71.68,71.68,Marketplace,Desktop,Completed,5
2026-06-13 00:34:04,c3454,Japan,34.528,136.0035,Sports,Camping Tent,2,19.68,39.36,Marketplace,Desktop,Completed,2
2026-06-13 01:31:38,c5795,France,44.4652,3.4415,Home,Desk Lamp,3,207.58,622.74,Mobile App,Tablet,Refunded,5
2026-06-13 01:50:45,c1474,Japan,37.6806,137.8538,Electronics,Wireless Headphones,2,155.13,310.26,Web,Mobile,Completed,4
2026-06-13 02:20:12,c6876,Japan,37.0993,140.1506,Sports,Water Bottle,5,173.87,869.35,Affiliate,Desktop,Completed,5
2026-06-13 02:23:15,c5420,United States,39.3374,-98.3555,Apparel,Baseball Cap,3,178.41,535.23,Web,Mobile,Completed,3
2026-06-13 02:48:02,c5476,Japan,38.4477,136.2873,Sports,Tennis Racket,1,205.37,205.37,Affiliate,Desktop,Pending,5
2026-06-13 03:03:28,c8355,Mexico,23.256,-103.0848,Beauty,Shampoo Bar,5,68.4,342.0,Mobile App,Tablet,Completed,5
2026-06-13 03:04:38,c9342,United States,36.1148,-98.491,Beauty,Shampoo Bar,3,201.95,605.85,Mobile App,Desktop,Completed,5
2026-06-13 03:07:46,c6249,United States,35.7398,-97.4752,Beauty,Makeup Brush Kit,1,179.07,179.07,Affiliate,Tablet,Completed,1
2026-06-13 03:19:38,c5140,South Africa,-28.5433,20.2294,Electronics,Smart Watch,4,34.2,136.8,Affiliate,Tablet,Completed,1
2026-06-13 03:35:48,c8588,South Africa,-32.7897,25.1163,Electronics,Bluetooth Speaker,1,114.44,114.44,Marketplace,Tablet,Completed,1
2026-06-13 03:46:31,c6567,Brazil,-13.4078,-50.4358,Books,Business Guide,1,61.55,61.55,Mobile App,Desktop,Completed,2
2026-06-13 04:46:19,c6074,United Kingdom,56.5644,-5.0513,Home,Coffee Maker,5,149.73,748.65,Marketplace,Mobile,Completed,5
2026-06-13 04:56:33,c6766,Japan,35.9349,139.7391,Electronics,4K Monitor,4,84.72,338.88,Web,Mobile,Completed,4
2026-06-13 05:16:46,c2446,Canada,55.6575,-107.2219,Home,Cutting Board Set,3,50.34,151.02,Web,Mobile,Completed,4
2026-06-13 05:19:13,c6782,South Africa,-30.2619,24.6888,Sports,Camping Tent,4,151.49,605.96,Mobile App,Mobile,Completed,4
2026-06-13 05:19:52,c7961,Germany,54.0801,9.8211,Apparel,Baseball Cap,5,130.06,650.3,Web,Tablet,Refunded,2
2026-06-13 05:49:32,c8778,United Kingdom,55.8262,-0.6941,Sports,Water Bottle,3,144.51,433.53,Mobile App,Desktop,Completed,5
2026-06-13 05:50:23,c6014,France,48.0821,3.2159,Books,Kids Picture Book,4,193.98,775.92,Mobile App,Tablet,Completed,5
2026-06-13 05:57:21,c7931,South Africa,-32.9833,22.1447,Apparel,Winter Coat,4,109.01,436.04,Web,Mobile,Completed,3
2026-06-13 07:07:40,c1120,Japan,35.2199,136.3555,Apparel,Winter Coat,3,146.02,438.06,Mobile App,Desktop,Completed,5
2026-06-13 07:16:55,c5026,Germany,50.2937,12.8998,Home,Throw Blanket,2,15.35,30.7,Marketplace,Mobile,Completed,5
2026-06-13 07:31:48,c7837,Germany,51.211,11.2822,Books,Mystery Novel,2,105.97,211.94,Web,Desktop,Completed,4
2026-06-13 07:38:25,c2343,South Africa,-31.709,23.4178,Sports,Camping Tent,2,57.22,114.44,Affiliate,Tablet,Completed,3
2026-06-13 07:44:24,c6454,Mexico,24.7899,-99.8947,Electronics,Wireless Headphones,3,143.27,429.81,Affiliate,Mobile,Completed,4
2026-06-13 07:55:24,c9858,Australia,-23.2759,136.7578,Books,Cookbook,1,110.22,110.22,Mobile App,Desktop,Completed,2
2026-06-13 08:04:15,c7561,United Kingdom,55.4916,-6.3175,Sports,Yoga Mat,5,171.81,859.05,Web,Mobile,Completed,5
2026-06-13 08:06:08,c3111,Singapore,3.7707,102.5313,Apparel,Graphic T-Shirt,3,153.35,460.05,Marketplace,Mobile,Pending,5
2026-06-13 08:20:52,c1139,South Africa,-31.3096,22.3219,Home,Desk Lamp,4,141.24,564.96,Mobile App,Mobile,Refunded,3
2026-06-13 08:38:29,c9328,Mexico,21.4584,-100.367,Electronics,4K Monitor,2,29.26,58.52,Affiliate,Mobile,Completed,1
2026-06-13 08:58:08,c9983,Australia,-27.2898,133.2183,Apparel,Running Shoes,3,90.9,272.7,Affiliate,Tablet,Completed,5
2026-06-13 09:28:53,c1443,United States,38.6635,-93.6942,Apparel,Running Shoes,3,8.62,25.86,Affiliate,Mobile,Completed,2
2026-06-13 10:07:41,c3110,Germany,53.342,11.6213,Electronics,Bluetooth Speaker,3,34.09,102.27,Mobile App,Tablet,Completed,4
2026-06-13 10:14:36,c7634,South Africa,-28.3193,22.1362,Home,Cutting Board Set,1,153.59,153.59,Mobile App,Tablet,Completed,3
2026-06-13 10:19:22,c1832,United Kingdom,54.5131,-4.0055,Beauty,Makeup Brush Kit,3,66.46,199.38,Mobile App,Tablet,Completed,5
2026-06-13 10:50:48,c2448,Singapore,2.4016,104.465,Electronics,4K Monitor,4,103.68,414.72,Web,Desktop,Completed,5
2026-06-13 10:51:30,c7474,France,48.2148,2.2993,Sports,Dumbbell Set,4,26.15,104.6,Marketplace,Desktop,Completed,1
2026-06-13 10:52:35,c8936,United States,37.8591,-93.2383,Home,Cutting Board Set,2,52.78,105.56,Marketplace,Mobile,Completed,3
2026-06-13 10:57:38,c3806,Mexico,20.9644,-105.3866,Apparel,Denim Jacket,5,206.91,1034.55,Mobile App,Mobile,Completed,5
2026-06-13 11:25:00,c5857,Canada,55.5613,-107.821,Sports,Tennis Racket,4,214.8,859.2,Mobile App,Mobile,Completed,5
2026-06-13 11:26:36,c6455,India,23.2169,80.9219,Home,Throw Blanket,1,198.09,198.09,Web,Mobile,Completed,2
2026-06-13 12:05:12,c4327,India,20.9605,81.3197,Sports,Tennis Racket,2,116.32,232.64,Web,Tablet,Cancelled,5
2026-06-13 12:09:22,c7106,Brazil,-16.4941,-49.8604,Books,Sci-Fi Anthology,1,62.78,62.78,Marketplace,Desktop,Completed,2
2026-06-13 12:25:43,c2090,India,19.1756,80.6104,Home,Throw Blanket,3,197.18,591.54,Web,Desktop,Cancelled,5
2026-06-13 12:46:11,c1301,Mexico,23.9149,-102.2338,Books,Business Guide,3,20.8,62.4,Web,Tablet,Cancelled,5
2026-06-13 12:47:23,c9826,Japan,39.0733,138.9149,Beauty,Lip Balm Set,3,42.68,128.04,Mobile App,Tablet,Completed,5
2026-06-13 12:59:06,c1348,India,20.1986,77.2058,Books,Kids Picture Book,1,15.41,15.41,Web,Desktop,Refunded,2
2026-06-13 14:15:21,c5795,Germany,51.1675,12.5521,Apparel,Winter Coat,4,160.5,642.0,Affiliate,Desktop,Completed,3
2026-06-13 14:17:39,c7327,Australia,-22.8887,135.3638,Home,Air Purifier,3,94.13,282.39,Mobile App,Desktop,Completed,5
2026-06-13 14:33:16,c8235,Singapore,3.7755,101.4597,Beauty,Perfume,3,213.35,640.05,Affiliate,Tablet,Completed,5
2026-06-13 14:34:12,c9920,Canada,53.5356,-108.7097,Apparel,Running Shoes,5,71.94,359.7,Mobile App,Tablet,Completed,5
2026-06-13 14:43:10,c8891,Mexico,24.9978,-100.6222,Electronics,4K Monitor,5,218.47,1092.35,Mobile App,Desktop,Refunded,3
2026-06-13 14:52:24,c6715,India,21.4224,81.7527,Beauty,Makeup Brush Kit,5,45.09,225.45,Marketplace,Mobile,Completed,4
2026-06-13 16:19:52,c5453,Australia,-22.4495,131.6639,Home,Cutting Board Set,5,19.15,95.75,Mobile App,Mobile,Completed,5
2026-06-13 16:20:54,c4000,France,43.8705,1.5388,Apparel,Baseball Cap,1,183.52,183.52,Affiliate,Tablet,Cancelled,4
2026-06-13 16:22:05,c4479,Canada,58.8518,-105.3049,Sports,Dumbbell Set,5,86.35,431.75,Mobile App,Tablet,Completed,5
2026-06-13 16:23:41,c2796,Germany,51.7881,11.072,Electronics,4K Monitor,1,154.0,154.0,Mobile App,Mobile,Completed,4
2026-06-13 16:43:10,c4424,Australia,-28.1876,134.9428,Electronics,Mechanical Keyboard,4,12.82,51.28,Mobile App,Desktop,Completed,4
2026-06-13 17:33:52,c1669,Singapore,1.5958,103.6513,Apparel,Baseball Cap,4,23.44,93.76,Marketplace,Desktop,Refunded,5
2026-06-13 18:16:28,c4744,India,21.7943,78.1939,Books,Sci-Fi Anthology,2,129.14,258.28,Web,Tablet,Completed,4
2026-06-13 19:52:46,c7584,Singapore,4.2925,105.0245,Home,Air Purifier,3,207.08,621.24,Mobile App,Mobile,Completed,4
2026-06-13 20:07:54,c8578,Japan,37.5811,136.7602,Apparel,Baseball Cap,1,56.74,56.74,Affiliate,Desktop,Completed,1
2026-06-13 20:09:12,c2709,France,45.5486,2.0587,Home,Cutting Board Set,3,27.77,83.31,Mobile App,Desktop,Refunded,5
2026-06-13 20:35:51,c1652,Australia,-24.756,134.9693,Books,Cookbook,3,188.95,566.85,Marketplace,Tablet,Completed,2
2026-06-13 20:36:04,c1334,Japan,35.3072,139.1334,Electronics,Mechanical Keyboard,1,119.06,119.06,Web,Tablet,Completed,5
2026-06-13 20:41:56,c7052,France,46.5107,-0.0769,Beauty,Makeup Brush Kit,4,60.74,242.96,Marketplace,Tablet,Completed,3
2026-06-13 21:01:05,c5953,Australia,-25.7868,133.7623,Apparel,Graphic T-Shirt,3,53.82,161.46,Mobile App,Desktop,Completed,1
2026-06-13 21:02:08,c5703,Singapore,-1.313,103.864,Home,Air Purifier,1,20.06,20.06,Web,Tablet,Refunded,2
2026-06-13 21:30:08,c8099,France,44.4282,3.629,Electronics,4K Monitor,1,107.07,107.07,Marketplace,Tablet,Refunded,1
2026-06-13 22:49:42,c9769,France,47.715,3.3081,Home,Throw Blanket,1,59.88,59.88,Marketplace,Mobile,Completed,5
2026-06-13 23:29:17,c7558,Mexico,25.5521,-104.2146,Books,Business Guide,2,130.39,260.78,Marketplace,Mobile,Completed,5
2026-06-13 23:32:30,c3950,India,20.5611,78.2553,Electronics,4K Monitor,1,92.17,92.17,Affiliate,Tablet,Refunded,4
2026-06-13 23:42:20,c2061,Mexico,22.219,-101.8792,Electronics,Mechanical Keyboard,5,74.23,371.15,Affiliate,Desktop,Completed,5
2026-06-14 00:06:50,c2281,Singapore,-0.7294,103.695,Books,Kids Picture Book,1,63.28,63.28,Mobile App,Mobile,Completed,2
2026-06-14 00:06:53,c9246,India,17.5982,80.429,Electronics,Smart Watch,1,70.73,70.73,Affiliate,Tablet,Completed,1
2026-06-14 00:35:56,c1039,Canada,57.819,-107.1491,Apparel,Winter Coat,4,37.2,148.8,Affiliate,Desktop,Completed,1
2026-06-14 00:51:42,c5024,Japan,33.3294,135.4235,Beauty,Shampoo Bar,3,171.86,515.58,Mobile App,Desktop,Completed,2
2026-06-14 01:08:36,c6370,Brazil,-15.9789,-53.0845,Home,Throw Blanket,1,77.27,77.27,Mobile App,Desktop,Completed,3
2026-06-14 01:25:15,c9076,Singapore,1.8191,106.4104,Home,Cutting Board Set,1,112.47,112.47,Web,Mobile,Completed,4
2026-06-14 02:01:43,c1808,Japan,37.3076,141.1749,Beauty,Lip Balm Set,5,30.59,152.95,Affiliate,Mobile,Completed,4
2026-06-14 02:41:45,c3730,Singapore,4.3028,101.1771,Electronics,4K Monitor,2,139.37,278.74,Marketplace,Desktop,Completed,5
2026-06-14 03:06:30,c6454,India,22.4268,78.9784,Sports,Camping Tent,4,119.66,478.64,Mobile App,Tablet,Completed,5
2026-06-14 03:10:59,c4060,United States,39.7496,-97.9138,Beauty,Lip Balm Set,5,130.39,651.95,Affiliate,Desktop,Completed,2
2026-06-14 03:16:20,c2401,United Kingdom,52.3806,-1.1436,Sports,Yoga Mat,4,191.97,767.88,Web,Tablet,Completed,1
2026-06-14 03:20:54,c9250,France,43.8581,2.6554,Home,Coffee Maker,4,39.87,159.48,Web,Mobile,Completed,5
2026-06-14 03:39:55,c5277,Brazil,-11.4603,-53.271,Sports,Dumbbell Set,4,129.88,519.52,Mobile App,Mobile,Completed,2
2026-06-14 03:40:08,c5539,United States,34.4893,-93.8381,Home,Air Purifier,5,131.72,658.6,Affiliate,Desktop,Completed,5
2026-06-14 04:24:23,c5004,South Africa,-27.8458,23.7288,Beauty,Face Serum,2,14.28,28.56,Marketplace,Mobile,Completed,5
2026-06-14 05:01:36,c2697,India,19.8717,77.2104,Electronics,4K Monitor,3,172.65,517.95,Mobile App,Mobile,Completed,2
2026-06-14 05:14:03,c3569,Mexico,23.7091,-102.3752,Beauty,Shampoo Bar,4,14.91,59.64,Marketplace,Desktop,Completed,5
2026-06-14 05:22:53,c9427,Singapore,2.7598,105.3604,Sports,Water Bottle,3,176.05,528.15,Web,Desktop,Refunded,4
2026-06-14 05:41:20,c5098,Germany,51.0134,10.7129,Electronics,Smart Watch,2,60.46,120.92,Affiliate,Desktop,Pending,3
2026-06-14 05:49:20,c3183,Germany,53.2804,8.5554,Beauty,Face Serum,2,90.62,181.24,Marketplace,Mobile,Completed,4
2026-06-14 05:53:28,c4330,South Africa,-31.9901,22.7524,Home,Cutting Board Set,5,202.72,1013.6,Mobile App,Mobile,Completed,4
2026-06-14 06:00:09,c5902,South Africa,-29.1692,22.1239,Apparel,Denim Jacket,1,18.42,18.42,Web,Desktop,Completed,4
2026-06-14 06:23:08,c3634,Australia,-23.6515,131.0639,Home,Throw Blanket,2,139.15,278.3,Marketplace,Desktop,Pending,3
2026-06-14 07:07:02,c8300,Canada,56.1705,-106.5011,Home,Throw Blanket,5,175.21,876.05,Mobile App,Tablet,Completed,2
2026-06-14 08:09:32,c8089,United States,35.9862,-93.5023,Books,Sci-Fi Anthology,2,53.54,107.08,Mobile App,Tablet,Refunded,5
2026-06-14 08:14:53,c9753,United Kingdom,58.2702,-5.6075,Sports,Camping Tent,5,210.44,1052.2,Marketplace,Desktop,Completed,4
2026-06-14 08:18:33,c5407,Mexico,24.9336,-100.8667,Books,Mystery Novel,1,99.94,99.94,Marketplace,Desktop,Completed,5
2026-06-14 08:27:22,c8743,Brazil,-11.6113,-51.9434,Electronics,4K Monitor,3,149.22,447.66,Marketplace,Mobile,Pending,1
2026-06-14 08:54:36,c3178,France,46.6796,0.1158,Electronics,Smart Watch,1,55.63,55.63,Mobile App,Mobile,Completed,1
2026-06-14 08:59:23,c1057,South Africa,-28.8194,20.1492,Apparel,Running Shoes,4,202.19,808.76,Marketplace,Mobile,Cancelled,5
2026-06-14 09:01:55,c2667,Germany,53.807,11.0491,Apparel,Winter Coat,3,209.28,627.84,Affiliate,Mobile,Cancelled,2
2026-06-14 09:09:06,c9189,Australia,-27.5389,132.2106,Beauty,Makeup Brush Kit,1,31.5,31.5,Web,Tablet,Completed,4
2026-06-14 09:25:54,c6247,France,45.4549,3.4051,Apparel,Running Shoes,2,197.18,394.36,Web,Tablet,Completed,4
2026-06-14 09:50:58,c8647,Australia,-26.9681,135.5202,Electronics,Smart Watch,2,43.19,86.38,Marketplace,Tablet,Cancelled,5
2026-06-14 10:23:10,c6552,Australia,-23.2153,132.7375,Electronics,Wireless Headphones,2,117.46,234.92,Mobile App,Tablet,Completed,4
2026-06-14 10:28:09,c7089,Mexico,20.9136,-101.6274,Beauty,Shampoo Bar,1,56.01,56.01,Marketplace,Tablet,Completed,2
2026-06-14 10:29:01,c7816,Canada,57.4792,-105.0108,Books,Business Guide,4,104.44,417.76,Marketplace,Mobile,Completed,5
2026-06-14 10:42:39,c9034,France,44.6531,1.0578,Electronics,4K Monitor,3,84.91,254.73,Web,Desktop,Cancelled,3
2026-06-14 11:14:01,c6021,Canada,56.6901,-105.1688,Sports,Camping Tent,3,128.26,384.78,Mobile App,Mobile,Completed,5
2026-06-14 12:11:49,c5497,United States,39.4191,-98.1964,Electronics,Wireless Headphones,1,150.3,150.3,Mobile App,Desktop,Completed,5
2026-06-14 12:21:42,c2982,Australia,-24.9126,135.8127,Beauty,Perfume,1,19.98,19.98,Mobile App,Mobile,Completed,5
2026-06-14 12:50:56,c8378,Japan,39.0616,136.5516,Sports,Tennis Racket,5,165.06,825.3,Affiliate,Tablet,Completed,4
2026-06-14 13:08:44,c5186,Singapore,1.0937,105.3305,Electronics,Mechanical Keyboard,5,53.93,269.65,Web,Desktop,Completed,5
2026-06-14 13:38:38,c5385,Canada,56.2982,-108.6748,Electronics,Mechanical Keyboard,1,115.83,115.83,Marketplace,Tablet,Completed,4
2026-06-14 13:40:38,c4059,France,48.8926,4.1898,Home,Throw Blanket,1,139.91,139.91,Affiliate,Tablet,Refunded,1
2026-06-14 14:16:26,c8722,India,21.7171,80.7989,Sports,Camping Tent,5,182.36,911.8,Web,Tablet,Completed,2
2026-06-14 14:24:21,c9558,France,47.2903,0.0063,Beauty,Face Serum,4,159.3,637.2,Web,Desktop,Completed,1
2026-06-14 14:40:28,c4716,France,44.5027,3.4132,Home,Desk Lamp,1,32.92,32.92,Affiliate,Tablet,Completed,1
2026-06-14 15:18:18,c8033,United Kingdom,54.7624,-1.9878,Books,Mystery Novel,1,190.77,190.77,Affiliate,Tablet,Completed,4
2026-06-14 15:37:18,c3603,United States,34.6167,-94.7816,Beauty,Shampoo Bar,4,44.44,177.76,Mobile App,Mobile,Completed,5
2026-06-14 15:43:09,c9871,Mexico,20.7556,-100.7173,Apparel,Running Shoes,4,158.67,634.68,Mobile App,Mobile,Completed,5
2026-06-14 16:06:12,c2734,United Kingdom,54.8102,-0.6428,Apparel,Baseball Cap,3,26.68,80.04,Mobile App,Mobile,Completed,2
2026-06-14 16:21:01,c1651,South Africa,-27.9412,21.3365,Books,Mystery Novel,5,24.82,124.1,Web,Tablet,Completed,3
2026-06-14 16:24:59,c1460,Japan,35.2113,138.5599,Books,Business Guide,2,98.42,196.84,Mobile App,Desktop,Refunded,2
2026-06-14 16:41:35,c3286,United Kingdom,56.9528,-5.5394,Beauty,Face Serum,5,78.43,392.15,Mobile App,Desktop,Completed,2
2026-06-14 17:03:12,c7455,India,20.9331,78.1714,Books,Business Guide,1,89.23,89.23,Mobile App,Desktop,Completed,5
2026-06-14 17:53:38,c6380,Singapore,0.7147,101.6185,Home,Coffee Maker,4,151.5,606.0,Mobile App,Tablet,Completed,5
2026-06-14 18:02:23,c4473,South Africa,-33.4468,22.8255,Books,Sci-Fi Anthology,3,28.88,86.64,Web,Tablet,Cancelled,4
2026-06-14 18:08:57,c4908,Brazil,-13.9031,-54.5045,Home,Cutting Board Set,4,133.19,532.76,Mobile App,Tablet,Completed,5
2026-06-14 18:25:48,c6257,Canada,58.5991,-108.3012,Sports,Dumbbell Set,5,63.13,315.65,Mobile App,Desktop,Completed,5
2026-06-14 18:27:53,c3559,Germany,50.2865,8.3715,Home,Desk Lamp,4,177.6,710.4,Web,Mobile,Completed,5
2026-06-14 18:33:40,c8436,Singapore,2.7954,105.9262,Apparel,Winter Coat,4,218.65,874.6,Web,Desktop,Completed,5
2026-06-14 18:35:54,c6607,Mexico,24.1557,-105.4063,Apparel,Running Shoes,3,100.37,301.11,Mobile App,Mobile,Completed,1
2026-06-14 19:01:00,c1893,Japan,34.9471,137.6382,Home,Throw Blanket,2,97.56,195.12,Mobile App,Mobile,Refunded,5
2026-06-14 19:14:53,c1642,Canada,54.4661,-109.2893,Beauty,Face Serum,3,172.42,517.26,Affiliate,Desktop,Completed,5
2026-06-14 20:24:56,c3785,Brazil,-15.1964,-52.8518,Books,Cookbook,4,52.66,210.64,Affiliate,Mobile,Completed,2
2026-06-14 20:38:20,c8509,Singapore,3.1619,105.9019,Electronics,Smart Watch,2,69.26,138.52,Marketplace,Desktop,Completed,2
2026-06-14 20:49:14,c5040,Germany,53.038,7.5449,Beauty,Lip Balm Set,3,198.85,596.55,Marketplace,Tablet,Completed,4
2026-06-14 20:51:41,c2440,Brazil,-12.1123,-50.6861,Beauty,Makeup Brush Kit,5,123.37,616.85,Marketplace,Desktop,Completed,4
2026-06-14 20:55:41,c8567,India,20.2956,77.4766,Sports,Yoga Mat,1,23.52,23.52,Affiliate,Mobile,Completed,4
2026-06-14 21:20:19,c5714,South Africa,-33.2736,20.6784,Home,Throw Blanket,4,190.07,760.28,Marketplace,Desktop,Completed,4
2026-06-14 21:33:58,c6212,United States,38.7823,-94.7667,Home,Throw Blanket,5,175.53,877.65,Web,Desktop,Completed,5
2026-06-14 21:45:08,c5492,France,45.7091,2.0866,Sports,Tennis Racket,1,59.16,59.16,Affiliate,Tablet,Completed,3
2026-06-14 22:19:46,c2061,France,46.4747,3.3229,Books,Cookbook,5,22.06,110.3,Marketplace,Mobile,Completed,4
2026-06-14 22:40:00,c4482,South Africa,-30.069,25.9261,Beauty,Face Serum,4,192.19,768.76,Mobile App,Mobile,Refunded,4
2026-06-14 22:55:11,c3152,Singapore,3.3286,104.0486,Apparel,Winter Coat,1,154.95,154.95,Mobile App,Mobile,Completed,2
2026-06-14 23:33:56,c1841,Canada,55.5254,-105.0727,Home,Desk Lamp,2,96.15,192.3,Mobile App,Desktop,Refunded,2
2026-06-15 00:05:28,c3540,India,21.3741,76.5177,Sports,Tennis Racket,2,145.29,290.58,Affiliate,Tablet,Completed,2
2026-06-15 00:11:25,c8128,United Kingdom,54.5859,-2.4459,Sports,Dumbbell Set,5,149.77,748.85,Marketplace,Desktop,Completed,3
2026-06-15 00:20:47,c1457,Japan,33.431,136.3952,Electronics,Smart Watch,5,186.07,930.35,Web,Desktop,Cancelled,5
2026-06-15 00:21:43,c9515,Australia,-22.8058,136.6148,Beauty,Makeup Brush Kit,2,87.2,174.4,Marketplace,Tablet,Completed,5
2026-06-15 01:06:11,c7775,United Kingdom,55.7444,-1.2706,Electronics,Smart Watch,5,162.7,813.5,Marketplace,Mobile,Completed,5
2026-06-15 01:17:18,c7187,Singapore,-0.0282,100.8991,Home,Coffee Maker,2,83.03,166.06,Affiliate,Mobile,Pending,1
2026-06-15 02:29:13,c2317,United Kingdom,52.7433,-3.1618,Electronics,Smart Watch,1,203.38,203.38,Affiliate,Desktop,Completed,1
2026-06-15 02:39:16,c1169,France,46.8253,4.7447,Electronics,Mechanical Keyboard,1,178.54,178.54,Marketplace,Tablet,Completed,5
2026-06-15 02:52:51,c2166,Brazil,-13.0478,-51.9309,Beauty,Perfume,4,96.21,384.84,Marketplace,Desktop,Completed,5
2026-06-15 03:15:43,c4396,Mexico,22.3729,-104.3887,Electronics,Wireless Headphones,1,164.34,164.34,Affiliate,Mobile,Completed,5
2026-06-15 03:49:01,c9338,Canada,57.6726,-104.5823,Books,Cookbook,4,106.83,427.32,Marketplace,Mobile,Completed,4
2026-06-15 03:59:34,c5556,South Africa,-27.5637,24.6103,Home,Desk Lamp,2,21.08,42.16,Mobile App,Mobile,Refunded,4
2026-06-15 04:11:45,c1871,Mexico,22.7201,-101.3371,Sports,Dumbbell Set,3,129.74,389.22,Affiliate,Tablet,Completed,5
2026-06-15 04:26:56,c9233,Australia,-24.3479,134.9366,Electronics,Wireless Headphones,3,41.86,125.58,Marketplace,Tablet,Completed,4
2026-06-15 04:41:51,c7478,Brazil,-14.9671,-52.2343,Home,Desk Lamp,4,15.64,62.56,Marketplace,Desktop,Completed,5
2026-06-15 05:13:54,c5610,United States,39.8638,-94.006,Books,Business Guide,4,126.21,504.84,Web,Mobile,Refunded,1
2026-06-15 05:16:16,c4324,Japan,38.4418,139.3028,Electronics,Smart Watch,5,133.63,668.15,Marketplace,Mobile,Completed,1
2026-06-15 05:20:15,c9969,Brazil,-16.1787,-52.1638,Books,Kids Picture Book,3,107.49,322.47,Marketplace,Desktop,Completed,4
2026-06-15 06:25:03,c5250,India,18.4401,76.6022,Beauty,Shampoo Bar,1,140.53,140.53,Marketplace,Mobile,Refunded,4
2026-06-15 06:25:22,c9432,Germany,50.3743,12.2919,Books,Kids Picture Book,2,97.85,195.7,Affiliate,Tablet,Completed,4
2026-06-15 06:54:26,c4254,United Kingdom,52.9203,-2.1722,Books,Kids Picture Book,1,123.41,123.41,Mobile App,Tablet,Completed,4
2026-06-15 07:10:20,c7296,France,44.7146,1.8072,Books,Mystery Novel,2,71.58,143.16,Affiliate,Tablet,Completed,3
2026-06-15 08:11:44,c5989,France,47.9741,2.2003,Beauty,Makeup Brush Kit,5,124.41,622.05,Marketplace,Tablet,Completed,5
2026-06-15 08:14:46,c2612,United Kingdom,52.9616,-3.8537,Books,Business Guide,1,150.75,150.75,Web,Mobile,Completed,2
2026-06-15 08:50:21,c5365,South Africa,-30.0714,21.1759,Home,Air Purifier,3,145.32,435.96,Affiliate,Mobile,Completed,4
2026-06-15 09:15:22,c3199,Japan,36.926,138.9702,Electronics,4K Monitor,1,75.82,75.82,Marketplace,Mobile,Pending,1
2026-06-15 09:18:13,c6159,Canada,55.3678,-104.5692,Home,Throw Blanket,5,215.24,1076.2,Mobile App,Desktop,Completed,1
2026-06-15 09:34:14,c6145,Australia,-27.6986,133.9838,Beauty,Lip Balm Set,2,139.35,278.7,Mobile App,Desktop,Refunded,5
2026-06-15 09:46:45,c8763,Germany,48.8801,12.6875,Beauty,Shampoo Bar,5,152.63,763.15,Web,Mobile,Completed,4
2026-06-15 09:53:23,c2367,Canada,57.159,-105.4199,Electronics,Wireless Headphones,1,135.24,135.24,Web,Desktop,Completed,4
2026-06-15 10:04:58,c5831,Mexico,23.8987,-103.5577,Home,Throw Blanket,4,59.56,238.24,Affiliate,Tablet,Completed,3
2026-06-15 10:39:24,c7814,United States,39.6713,-97.4576,Books,Mystery Novel,1,84.52,84.52,Marketplace,Tablet,Completed,4
2026-06-15 10:48:33,c1709,Australia,-27.3147,133.1811,Apparel,Running Shoes,4,79.05,316.2,Web,Tablet,Completed,4
2026-06-15 11:12:51,c5170,Mexico,23.8494,-104.749,Home,Throw Blanket,5,79.39,396.95,Web,Desktop,Completed,5
2026-06-15 11:42:35,c2843,Canada,53.5493,-109.0174,Apparel,Baseball Cap,5,201.06,1005.3,Mobile App,Mobile,Completed,5
2026-06-15 12:19:34,c6665,India,17.6971,76.4696,Sports,Camping Tent,4,174.6,698.4,Mobile App,Desktop,Refunded,4
2026-06-15 12:45:32,c4904,India,20.6933,79.0438,Electronics,Wireless Headphones,5,193.12,965.6,Mobile App,Desktop,Completed,5
2026-06-15 13:24:34,c9317,Canada,57.3151,-109.2252,Home,Desk Lamp,3,100.88,302.64,Mobile App,Tablet,Cancelled,5
2026-06-15 13:27:32,c8230,South Africa,-31.2065,25.5221,Books,Kids Picture Book,4,63.16,252.64,Marketplace,Tablet,Completed,3
2026-06-15 13:48:43,c7149,Canada,53.9639,-103.4675,Books,Mystery Novel,3,150.53,451.59,Marketplace,Tablet,Cancelled,3
2026-06-15 13:51:35,c1246,Singapore,3.2577,106.3178,Home,Cutting Board Set,1,118.83,118.83,Marketplace,Tablet,Completed,5
2026-06-15 14:25:25,c3369,France,44.6412,1.5298,Sports,Water Bottle,1,45.62,45.62,Web,Desktop,Completed,1
2026-06-15 14:52:49,c7390,Germany,50.1229,10.3281,Beauty,Makeup Brush Kit,1,173.62,173.62,Affiliate,Desktop,Completed,5
2026-06-15 14:54:02,c6162,Japan,37.1986,135.8419,Apparel,Winter Coat,5,22.73,113.65,Mobile App,Mobile,Refunded,2
2026-06-15 14:57:31,c5971,United Kingdom,55.4909,-4.0847,Sports,Dumbbell Set,2,92.65,185.3,Web,Desktop,Completed,2
2026-06-15 15:13:57,c9541,France,49.0966,-0.1131,Sports,Water Bottle,4,100.97,403.88,Mobile App,Tablet,Completed,5
2026-06-15 15:40:00,c7833,United States,38.5817,-94.6179,Books,Kids Picture Book,4,22.92,91.68,Marketplace,Tablet,Completed,1
2026-06-15 15:53:39,c1853,Australia,-23.7579,135.7715,Home,Coffee Maker,1,166.79,166.79,Marketplace,Desktop,Completed,1
2026-06-15 16:02:31,c4985,Mexico,20.9893,-100.4691,Books,Kids Picture Book,4,155.08,620.32,Web,Mobile,Completed,5
2026-06-15 16:05:08,c9951,United Kingdom,54.7398,-3.2096,Home,Cutting Board Set,5,143.45,717.25,Web,Mobile,Completed,4
2026-06-15 16:55:42,c7726,South Africa,-28.5479,21.2759,Books,Kids Picture Book,4,29.59,118.36,Mobile App,Desktop,Completed,4
2026-06-15 17:14:53,c8074,France,48.5754,2.255,Beauty,Makeup Brush Kit,1,185.4,185.4,Web,Mobile,Refunded,3
2026-06-15 17:45:17,c4314,India,18.8549,76.797,Electronics,Wireless Headphones,2,181.88,363.76,Web,Desktop,Refunded,5
2026-06-15 18:09:52,c7559,France,43.3483,1.85,Beauty,Face Serum,1,154.73,154.73,Affiliate,Desktop,Completed,1
2026-06-15 18:37:11,c8778,Japan,35.5156,137.716,Sports,Tennis Racket,3,58.7,176.1,Mobile App,Tablet,Completed,5
2026-06-15 18:53:07,c1067,Germany,48.6089,7.9138,Electronics,Bluetooth Speaker,1,153.53,153.53,Web,Tablet,Refunded,3
2026-06-15 18:55:13,c9498,Germany,50.6478,8.6734,Sports,Water Bottle,1,157.62,157.62,Mobile App,Tablet,Completed,5
2026-06-15 19:04:03,c2049,Germany,50.5046,11.2653,Electronics,4K Monitor,5,100.3,501.5,Marketplace,Desktop,Completed,1
2026-06-15 19:23:48,c6034,Germany,52.3735,8.1798,Books,Business Guide,1,42.38,42.38,Affiliate,Desktop,Completed,4
2026-06-15 20:05:46,c6409,Singapore,4.062,103.0475,Sports,Tennis Racket,4,52.65,210.6,Mobile App,Desktop,Completed,5
2026-06-15 20:07:26,c9617,India,22.6755,76.364,Home,Air Purifier,1,151.21,151.21,Affiliate,Mobile,Completed,5
2026-06-15 20:16:41,c9237,Japan,35.363,136.6896,Home,Cutting Board Set,3,91.32,273.96,Affiliate,Desktop,Completed,4
2026-06-15 20:33:38,c4304,Australia,-26.7099,135.399,Sports,Water Bottle,3,9.05,27.15,Mobile App,Tablet,Completed,5
2026-06-15 21:22:33,c6093,India,23.5426,80.9488,Electronics,Mechanical Keyboard,2,82.18,164.36,Affiliate,Tablet,Completed,4
2026-06-15 22:08:22,c9185,France,45.8233,1.4953,Apparel,Denim Jacket,1,45.44,45.44,Mobile App,Tablet,Completed,5
2026-06-15 22:48:03,c3705,United States,35.6881,-94.7739,Sports,Dumbbell Set,3,187.28,561.84,Mobile App,Mobile,Completed,5
2026-06-15 23:08:28,c5106,Canada,54.7816,-108.8088,Apparel,Baseball Cap,4,110.96,443.84,Marketplace,Mobile,Cancelled,2
2026-06-15 23:31:52,c5293,Germany,48.5303,8.6771,Beauty,Shampoo Bar,4,170.19,680.76,Affiliate,Desktop,Completed,3
2026-06-15 23:56:11,c1599,Brazil,-12.9651,-51.7771,Books,Business Guide,3,131.21,393.63,Mobile App,Desktop,Refunded,5
2026-06-16 00:02:08,c9238,Brazil,-14.6641,-51.0952,Apparel,Running Shoes,2,178.68,357.36,Affiliate,Tablet,Completed,2
2026-06-16 00:19:42,c1976,United States,35.3097,-93.6064,Home,Cutting Board Set,2,203.23,406.46,Marketplace,Mobile,Refunded,3
2026-06-16 00:51:04,c6766,South Africa,-32.6292,25.108,Electronics,Wireless Headphones,4,33.06,132.24,Mobile App,Mobile,Cancelled,4
2026-06-16 00:57:27,c5063,India,21.4296,77.765,Home,Throw Blanket,2,33.7,67.4,Web,Tablet,Pending,2
2026-06-16 01:02:27,c6429,France,44.6662,1.3604,Electronics,Smart Watch,2,143.6,287.2,Mobile App,Desktop,Completed,5
2026-06-16 01:14:52,c1501,Mexico,20.9042,-99.701,Electronics,Mechanical Keyboard,2,218.17,436.34,Mobile App,Tablet,Completed,2
2026-06-16 02:03:35,c5190,Australia,-25.0061,133.5737,Sports,Water Bottle,2,165.81,331.62,Affiliate,Desktop,Completed,5
2026-06-16 02:10:28,c1907,Mexico,23.7792,-101.3702,Home,Coffee Maker,2,105.22,210.44,Marketplace,Desktop,Completed,5
2026-06-16 02:24:47,c8498,Canada,58.6727,-108.4456,Electronics,Mechanical Keyboard,1,41.21,41.21,Affiliate,Desktop,Completed,4
2026-06-16 02:27:55,c5960,Japan,38.6275,136.2011,Apparel,Winter Coat,2,77.19,154.38,Web,Mobile,Pending,5
2026-06-16 02:56:57,c4296,Brazil,-17.1332,-52.3534,Apparel,Denim Jacket,2,96.08,192.16,Marketplace,Desktop,Completed,3
2026-06-16 03:20:16,c8123,France,43.6399,3.9764,Books,Kids Picture Book,2,10.04,20.08,Mobile App,Mobile,Completed,5
2026-06-16 04:09:58,c6741,France,44.7594,0.4452,Electronics,Wireless Headphones,1,186.64,186.64,Affiliate,Tablet,Completed,2
2026-06-16 04:41:32,c2729,Singapore,-1.3076,103.6116,Beauty,Shampoo Bar,2,213.87,427.74,Affiliate,Tablet,Completed,5
2026-06-16 04:42:22,c5761,South Africa,-28.6308,20.5604,Beauty,Shampoo Bar,1,205.45,205.45,Affiliate,Tablet,Refunded,4
2026-06-16 04:46:02,c3870,Canada,57.4015,-107.5845,Electronics,4K Monitor,4,204.57,818.28,Affiliate,Tablet,Completed,4
2026-06-16 06:01:54,c3120,India,18.2682,79.051,Electronics,4K Monitor,2,196.68,393.36,Marketplace,Mobile,Completed,4
2026-06-16 06:05:55,c1431,Brazil,-15.9405,-51.9497,Home,Throw Blanket,2,31.62,63.24,Marketplace,Desktop,Completed,4
2026-06-16 06:34:44,c1518,Canada,55.9492,-103.9814,Sports,Tennis Racket,4,197.59,790.36,Affiliate,Tablet,Completed,4
2026-06-16 06:55:11,c9289,Singapore,-0.3569,104.882,Beauty,Shampoo Bar,1,128.07,128.07,Mobile App,Tablet,Refunded,2
2026-06-16 06:55:38,c4909,Mexico,20.6486,-104.4395,Beauty,Makeup Brush Kit,3,188.74,566.22,Mobile App,Mobile,Completed,3
2026-06-16 07:03:37,c5546,Germany,53.7732,12.1171,Sports,Tennis Racket,3,137.54,412.62,Marketplace,Mobile,Completed,2
2026-06-16 07:41:57,c2418,Singapore,2.7448,102.9531,Beauty,Makeup Brush Kit,1,28.98,28.98,Affiliate,Tablet,Refunded,5
2026-06-16 08:18:29,c2856,India,22.484,79.283,Apparel,Running Shoes,1,75.26,75.26,Web,Desktop,Completed,4
2026-06-16 08:32:08,c5706,France,49.0975,0.1576,Beauty,Perfume,2,168.25,336.5,Marketplace,Mobile,Completed,2
2026-06-16 08:34:54,c2818,Canada,53.4084,-107.5319,Home,Air Purifier,4,202.34,809.36,Marketplace,Desktop,Completed,5
2026-06-16 08:50:22,c5271,Germany,50.8467,8.9464,Sports,Camping Tent,4,89.07,356.28,Web,Desktop,Completed,5
2026-06-16 09:19:51,c4215,Germany,50.1073,10.6899,Sports,Yoga Mat,4,166.73,666.92,Mobile App,Desktop,Completed,3
2026-06-16 09:30:28,c1739,United Kingdom,52.6993,-3.6213,Sports,Camping Tent,4,171.77,687.08,Marketplace,Desktop,Completed,5
2026-06-16 09:34:51,c2651,United Kingdom,54.0406,-4.3871,Sports,Dumbbell Set,4,150.63,602.52,Web,Desktop,Completed,1
2026-06-16 10:19:52,c4708,Singapore,1.1728,106.4258,Books,Mystery Novel,2,33.66,67.32,Marketplace,Desktop,Completed,3
2026-06-16 10:36:21,c4667,South Africa,-30.0348,23.5269,Books,Kids Picture Book,5,59.86,299.3,Mobile App,Desktop,Completed,4
2026-06-16 10:53:36,c8238,Germany,48.9623,7.8655,Electronics,Smart Watch,5,152.11,760.55,Web,Mobile,Completed,5
2026-06-16 11:24:02,c8442,Brazil,-16.155,-53.5935,Beauty,Perfume,3,90.36,271.08,Marketplace,Mobile,Completed,4
2026-06-16 11:34:07,c4538,France,46.3306,3.463,Home,Desk Lamp,5,170.3,851.5,Web,Tablet,Pending,3
2026-06-16 11:47:22,c5650,Brazil,-14.8742,-49.7013,Home,Throw Blanket,2,118.95,237.9,Web,Desktop,Completed,1
2026-06-16 11:49:32,c5053,Germany,53.3168,8.3934,Books,Sci-Fi Anthology,2,114.32,228.64,Mobile App,Desktop,Completed,4
2026-06-16 12:37:38,c7329,Mexico,23.5375,-104.594,Home,Cutting Board Set,4,69.24,276.96,Mobile App,Desktop,Cancelled,4
2026-06-16 12:46:42,c4940,Mexico,25.2416,-105.3483,Sports,Camping Tent,1,103.92,103.92,Web,Tablet,Completed,5
2026-06-16 12:47:28,c7306,Brazil,-12.3027,-52.5938,Home,Cutting Board Set,4,57.4,229.6,Web,Desktop,Completed,4
2026-06-16 12:56:55,c9418,Singapore,4.0875,103.6926,Home,Air Purifier,2,89.92,179.84,Affiliate,Tablet,Completed,2
2026-06-16 13:06:07,c1467,South Africa,-29.8988,20.2255,Electronics,Bluetooth Speaker,2,52.73,105.46,Mobile App,Mobile,Completed,5
2026-06-16 13:28:57,c5114,Brazil,-15.5297,-49.869,Apparel,Graphic T-Shirt,1,37.01,37.01,Affiliate,Mobile,Completed,1
2026-06-16 13:30:16,c1932,Brazil,-17.136,-54.4689,Electronics,Bluetooth Speaker,5,84.97,424.85,Mobile App,Mobile,Completed,4
2026-06-16 13:40:45,c9722,United States,39.863,-96.1661,Sports,Dumbbell Set,4,117.18,468.72,Web,Mobile,Completed,4
2026-06-16 14:09:55,c5230,United States,38.2005,-98.2319,Beauty,Shampoo Bar,1,29.09,29.09,Mobile App,Tablet,Completed,4
2026-06-16 14:46:36,c9820,France,49.0351,1.8647,Sports,Camping Tent,3,113.55,340.65,Affiliate,Tablet,Completed,4
2026-06-16 15:16:12,c7967,Japan,34.7958,139.0498,Beauty,Lip Balm Set,2,80.53,161.06,Mobile App,Desktop,Cancelled,3
2026-06-16 15:34:04,c2638,Germany,51.2391,11.6478,Apparel,Winter Coat,3,69.36,208.08,Affiliate,Mobile,Completed,5
2026-06-16 16:22:43,c5984,France,46.6932,4.3913,Beauty,Face Serum,3,114.56,343.68,Mobile App,Mobile,Completed,4
2026-06-16 16:24:26,c6039,Germany,52.7743,10.3616,Books,Sci-Fi Anthology,5,159.31,796.55,Affiliate,Desktop,Completed,5
2026-06-16 16:42:56,c2841,Canada,57.9105,-106.9967,Home,Cutting Board Set,3,28.47,85.41,Marketplace,Mobile,Pending,5
2026-06-16 16:52:28,c7345,Canada,54.6703,-105.5583,Beauty,Lip Balm Set,4,189.63,758.52,Mobile App,Desktop,Completed,4
2026-06-16 17:01:06,c1688,India,19.4365,81.4591,Apparel,Baseball Cap,1,180.53,180.53,Web,Desktop,Completed,1
2026-06-16 17:29:00,c6463,Germany,52.7752,9.5657,Books,Business Guide,4,135.57,542.28,Mobile App,Tablet,Cancelled,5
2026-06-16 18:27:46,c7403,Singapore,0.3834,103.8252,Home,Throw Blanket,3,44.97,134.91,Marketplace,Desktop,Completed,1
2026-06-16 18:31:54,c5529,France,47.1141,2.8643,Home,Coffee Maker,1,79.29,79.29,Marketplace,Mobile,Completed,4
2026-06-16 18:37:34,c8773,Australia,-27.223,132.2674,Books,Mystery Novel,5,202.8,1014.0,Mobile App,Desktop,Completed,2
2026-06-16 18:56:00,c6046,France,46.329,0.3808,Books,Business Guide,2,169.14,338.28,Mobile App,Tablet,Pending,2
2026-06-16 19:28:48,c2228,United States,38.327,-97.6574,Beauty,Shampoo Bar,1,30.56,30.56,Affiliate,Mobile,Completed,5
2026-06-16 19:57:02,c2226,Australia,-22.9634,133.419,Sports,Water Bottle,4,42.44,169.76,Affiliate,Mobile,Completed,4
2026-06-16 20:14:35,c6645,France,43.3175,1.8524,Home,Coffee Maker,5,50.59,252.95,Web,Tablet,Refunded,5
2026-06-16 20:25:58,c4654,Mexico,26.557,-101.9868,Beauty,Shampoo Bar,1,89.26,89.26,Marketplace,Desktop,Completed,4
2026-06-16 21:18:23,c3088,Singapore,0.0725,104.4284,Books,Sci-Fi Anthology,2,109.31,218.62,Marketplace,Desktop,Completed,3
2026-06-16 21:26:12,c6828,Canada,54.589,-106.7417,Beauty,Perfume,3,210.31,630.93,Affiliate,Mobile,Cancelled,5
2026-06-16 21:30:36,c8823,Germany,48.4314,9.2351,Electronics,Bluetooth Speaker,3,53.91,161.73,Web,Tablet,Completed,5
2026-06-16 21:45:43,c1036,France,48.3347,4.3568,Home,Throw Blanket,3,64.13,192.39,Affiliate,Desktop,Cancelled,1
2026-06-16 21:49:25,c8054,United Kingdom,54.7929,-5.6196,Sports,Tennis Racket,4,87.18,348.72,Affiliate,Tablet,Completed,1
2026-06-16 21:53:51,c2076,Canada,55.3933,-104.9072,Home,Coffee Maker,4,146.69,586.76,Affiliate,Desktop,Cancelled,5
2026-06-16 21:55:15,c8101,Brazil,-15.0645,-52.3092,Sports,Camping Tent,4,177.42,709.68,Affiliate,Mobile,Completed,2
2026-06-16 22:23:39,c9336,Singapore,3.0198,102.2918,Electronics,Smart Watch,3,77.57,232.71,Marketplace,Mobile,Pending,5
2026-06-16 22:46:16,c9114,United States,38.8747,-96.8525,Electronics,Smart Watch,1,183.67,183.67,Mobile App,Mobile,Completed,5
2026-06-16 22:49:17,c9317,United States,37.4859,-93.2204,Home,Throw Blanket,3,57.53,172.59,Mobile App,Mobile,Completed,5
2026-06-16 23:07:32,c3843,India,17.9079,76.6424,Electronics,Mechanical Keyboard,2,194.55,389.1,Mobile App,Tablet,Pending,4
2026-06-16 23:10:45,c2748,India,22.9747,79.1227,Sports,Dumbbell Set,1,100.42,100.42,Marketplace,Tablet,Cancelled,5
2026-06-16 23:31:43,c7141,India,20.4077,76.7223,Beauty,Lip Balm Set,1,96.53,96.53,Mobile App,Desktop,Completed,5
2026-06-16 23:51:28,c6889,Australia,-23.6206,134.7889,Apparel,Baseball Cap,5,200.73,1003.65,Affiliate,Desktop,Completed,2
2026-06-16 23:57:41,c9918,Brazil,-12.598,-50.2036,Beauty,Lip Balm Set,5,175.64,878.2,Web,Desktop,Completed,4
2026-06-17 00:01:30,c6271,Germany,49.5389,8.4708,Electronics,Bluetooth Speaker,2,119.03,238.06,Affiliate,Desktop,Cancelled,4
2026-06-17 00:20:41,c3950,Singapore,0.6317,104.3234,Beauty,Lip Balm Set,5,147.27,736.35,Marketplace,Desktop,Refunded,5
2026-06-17 00:23:29,c4566,Australia,-22.4272,135.0491,Beauty,Face Serum,1,10.41,10.41,Web,Tablet,Completed,5
2026-06-17 00:33:10,c6467,Canada,58.3927,-108.5485,Sports,Water Bottle,2,146.16,292.32,Affiliate,Tablet,Completed,3
2026-06-17 01:47:21,c9826,South Africa,-31.7056,24.6143,Apparel,Denim Jacket,3,77.74,233.22,Mobile App,Tablet,Completed,4
2026-06-17 02:14:27,c8364,United Kingdom,53.3766,-5.5255,Beauty,Perfume,4,12.16,48.64,Mobile App,Desktop,Completed,5
2026-06-17 02:29:30,c6478,Japan,38.5767,136.6749,Electronics,4K Monitor,2,200.9,401.8,Affiliate,Mobile,Refunded,3
2026-06-17 02:30:56,c1660,Australia,-25.3833,135.4294,Sports,Dumbbell Set,3,185.55,556.65,Affiliate,Mobile,Completed,2
2026-06-17 03:00:03,c3274,Mexico,24.3334,-105.0061,Apparel,Running Shoes,3,209.67,629.01,Mobile App,Desktop,Completed,5
2026-06-17 03:10:07,c4407,India,21.4977,79.64,Beauty,Perfume,5,140.51,702.55,Marketplace,Desktop,Completed,5
2026-06-17 03:22:11,c9615,India,18.8052,78.9808,Home,Desk Lamp,2,120.34,240.68,Mobile App,Desktop,Completed,1
2026-06-17 03:37:33,c7570,United Kingdom,57.9382,-1.3478,Apparel,Winter Coat,4,53.31,213.24,Web,Desktop,Completed,5
2026-06-17 03:40:40,c9905,United Kingdom,54.9328,-2.2678,Sports,Yoga Mat,5,29.13,145.65,Affiliate,Desktop,Completed,5
2026-06-17 04:02:22,c8015,United States,38.2576,-97.5757,Sports,Water Bottle,2,22.65,45.3,Web,Desktop,Completed,5
2026-06-17 04:08:21,c1126,India,20.839,76.314,Home,Coffee Maker,2,121.7,243.4,Affiliate,Mobile,Completed,2
2026-06-17 04:11:40,c8472,Canada,56.3392,-108.325,Electronics,Wireless Headphones,5,24.45,122.25,Web,Desktop,Completed,5
2026-06-17 04:50:56,c1151,India,18.5868,81.1522,Home,Throw Blanket,5,67.85,339.25,Mobile App,Desktop,Completed,2
2026-06-17 04:51:44,c4725,Germany,48.2309,12.7796,Home,Cutting Board Set,1,196.63,196.63,Affiliate,Tablet,Completed,4
2026-06-17 05:02:19,c3893,South Africa,-32.6312,24.9642,Apparel,Winter Coat,2,9.21,18.42,Affiliate,Desktop,Completed,4
2026-06-17 05:33:36,c2806,Germany,49.2284,8.5684,Apparel,Denim Jacket,2,114.55,229.1,Affiliate,Tablet,Completed,3
2026-06-17 05:38:07,c8175,Mexico,22.9706,-104.9094,Beauty,Lip Balm Set,1,195.67,195.67,Mobile App,Desktop,Completed,1
2026-06-17 05:39:10,c6124,India,19.969,80.815,Home,Cutting Board Set,4,14.43,57.72,Mobile App,Mobile,Completed,4
2026-06-17 05:46:31,c2835,Australia,-24.2007,136.2473,Books,Kids Picture Book,1,111.4,111.4,Marketplace,Desktop,Completed,2
2026-06-17 05:52:30,c3200,Germany,51.1125,8.734,Home,Desk Lamp,4,52.21,208.84,Web,Mobile,Completed,4
2026-06-17 07:00:00,c7425,Brazil,-11.8584,-51.2469,Electronics,Wireless Headphones,2,128.36,256.72,Affiliate,Mobile,Completed,5
2026-06-17 07:14:09,c4842,South Africa,-33.1558,20.5292,Beauty,Makeup Brush Kit,3,83.71,251.13,Web,Mobile,Completed,4
2026-06-17 07:27:52,c6105,Japan,37.4342,137.8222,Books,Business Guide,5,136.41,682.05,Mobile App,Desktop,Completed,5
2026-06-17 07:35:22,c2736,Canada,56.7709,-106.3552,Books,Cookbook,1,82.91,82.91,Web,Mobile,Completed,4
2026-06-17 07:42:36,c7466,United States,35.0001,-93.2153,Books,Sci-Fi Anthology,5,99.29,496.45,Affiliate,Mobile,Completed,4
2026-06-17 08:16:59,c8624,France,47.5031,1.6134,Home,Desk Lamp,2,73.16,146.32,Web,Desktop,Completed,5
2026-06-17 08:30:45,c7639,Germany,50.1746,11.3329,Home,Desk Lamp,4,49.58,198.32,Mobile App,Tablet,Completed,2
2026-06-17 08:39:59,c4859,France,48.1442,-0.5115,Beauty,Perfume,2,83.09,166.18,Web,Tablet,Completed,4
2026-06-17 09:21:37,c9110,United Kingdom,52.9186,-2.9139,Apparel,Running Shoes,5,29.65,148.25,Marketplace,Desktop,Completed,5
2026-06-17 09:36:59,c7157,Mexico,22.0741,-100.9232,Books,Kids Picture Book,3,211.21,633.63,Marketplace,Desktop,Completed,2
2026-06-17 09:46:10,c4029,Canada,56.0499,-107.6053,Electronics,4K Monitor,3,89.64,268.92,Web,Desktop,Completed,3
2026-06-17 10:01:09,c9123,Mexico,20.8768,-101.8645,Sports,Water Bottle,4,64.17,256.68,Marketplace,Tablet,Completed,4
2026-06-17 10:47:09,c3997,India,21.5637,77.6075,Electronics,Wireless Headphones,5,54.61,273.05,Affiliate,Mobile,Completed,3
2026-06-17 11:30:58,c2291,Germany,52.466,8.7606,Home,Desk Lamp,1,48.42,48.42,Web,Mobile,Completed,5
2026-06-17 11:50:19,c8783,United States,35.1764,-96.1232,Electronics,Smart Watch,1,89.88,89.88,Mobile App,Mobile,Completed,3
2026-06-17 11:54:45,c4053,United States,36.9206,-97.8235,Home,Cutting Board Set,4,61.99,247.96,Affiliate,Desktop,Refunded,5
2026-06-17 12:07:01,c9829,Japan,34.6574,137.0108,Beauty,Shampoo Bar,2,14.51,29.02,Affiliate,Tablet,Completed,2
2026-06-17 12:17:12,c2435,United Kingdom,57.3709,-1.4982,Home,Throw Blanket,3,213.41,640.23,Mobile App,Mobile,Completed,2
2026-06-17 12:39:41,c5214,Germany,52.7089,10.3838,Beauty,Shampoo Bar,4,83.17,332.68,Affiliate,Mobile,Completed,3
2026-06-17 12:53:52,c1172,Brazil,-15.2845,-52.2571,Beauty,Perfume,2,75.88,151.76,Affiliate,Tablet,Completed,1
2026-06-17 13:05:50,c8460,Singapore,0.2668,104.7674,Sports,Water Bottle,4,171.15,684.6,Mobile App,Tablet,Refunded,5
2026-06-17 13:36:48,c1911,United Kingdom,54.6631,-1.7394,Books,Kids Picture Book,2,65.63,131.26,Marketplace,Desktop,Completed,5
2026-06-17 13:41:17,c8939,Brazil,-12.4961,-52.0596,Books,Mystery Novel,4,87.37,349.48,Mobile App,Desktop,Completed,5
2026-06-17 13:54:53,c4429,Australia,-23.2924,131.1961,Beauty,Shampoo Bar,5,156.02,780.1,Affiliate,Mobile,Completed,5
2026-06-17 14:19:19,c2185,France,48.0219,2.5517,Home,Desk Lamp,4,155.63,622.52,Marketplace,Tablet,Cancelled,5
2026-06-17 14:57:49,c3598,Germany,49.5809,13.11,Apparel,Winter Coat,1,210.85,210.85,Marketplace,Tablet,Completed,5
2026-06-17 15:12:27,c5376,Canada,58.0035,-108.5569,Books,Cookbook,3,209.35,628.05,Marketplace,Mobile,Completed,5
2026-06-17 16:18:35,c1605,Singapore,-1.0354,105.6923,Electronics,Bluetooth Speaker,5,210.62,1053.1,Affiliate,Mobile,Completed,2
2026-06-17 16:46:56,c8316,South Africa,-31.6994,24.5828,Sports,Tennis Racket,5,37.94,189.7,Marketplace,Desktop,Completed,5
2026-06-17 16:50:25,c4300,South Africa,-27.8167,22.4713,Apparel,Graphic T-Shirt,4,98.84,395.36,Mobile App,Tablet,Pending,1
2026-06-17 17:10:12,c7465,United States,34.167,-95.7058,Beauty,Lip Balm Set,4,204.25,817.0,Marketplace,Mobile,Completed,2
2026-06-17 17:46:54,c8138,Germany,50.015,10.6228,Sports,Yoga Mat,4,134.9,539.6,Marketplace,Mobile,Completed,5
2026-06-17 17:56:43,c1517,France,43.399,2.666,Home,Coffee Maker,3,64.37,193.11,Web,Mobile,Completed,5
2026-06-17 18:24:23,c9534,United Kingdom,57.5562,-3.0201,Apparel,Denim Jacket,4,61.75,247.0,Marketplace,Tablet,Completed,4
2026-06-17 18:26:30,c1430,Germany,52.18,12.0079,Apparel,Baseball Cap,2,190.16,380.32,Affiliate,Mobile,Completed,4
2026-06-17 20:06:07,c3075,Singapore,4.0276,101.0367,Books,Kids Picture Book,3,69.33,207.99,Mobile App,Mobile,Cancelled,5
2026-06-17 20:41:33,c4038,Canada,55.3875,-104.5906,Sports,Dumbbell Set,4,162.3,649.2,Marketplace,Tablet,Completed,4
2026-06-17 20:54:27,c2315,South Africa,-28.6498,24.5385,Electronics,Bluetooth Speaker,2,123.9,247.8,Mobile App,Mobile,Completed,5
2026-06-17 20:56:56,c4854,Japan,35.726,135.5742,Apparel,Baseball Cap,2,196.66,393.32,Web,Tablet,Completed,5
2026-06-17 20:57:51,c7149,United States,36.4056,-94.3145,Apparel,Winter Coat,4,82.46,329.84,Web,Mobile,Completed,4
2026-06-17 21:10:03,c3207,South Africa,-31.2475,22.6926,Electronics,Wireless Headphones,1,116.26,116.26,Marketplace,Desktop,Completed,4
2026-06-17 21:44:47,c8261,Singapore,1.3733,103.9563,Electronics,Bluetooth Speaker,2,124.26,248.52,Marketplace,Tablet,Completed,4
2026-06-17 21:54:33,c2986,South Africa,-28.0622,24.1283,Beauty,Shampoo Bar,4,218.39,873.56,Marketplace,Desktop,Completed,5
2026-06-17 22:09:08,c4861,India,22.5472,79.868,Books,Mystery Novel,1,141.92,141.92,Affiliate,Desktop,Completed,5
2026-06-17 22:15:11,c6126,Mexico,25.9751,-101.2656,Home,Cutting Board Set,1,88.3,88.3,Web,Tablet,Completed,2
2026-06-17 22:32:18,c4830,India,20.202,79.4079,Home,Throw Blanket,2,154.0,308.0,Affiliate,Tablet,Refunded,5
2026-06-17 22:36:52,c5014,United Kingdom,52.7482,-2.4481,Sports,Yoga Mat,4,209.12,836.48,Affiliate,Mobile,Pending,5
2026-06-17 22:48:06,c4466,Germany,50.7579,10.2298,Beauty,Face Serum,5,98.39,491.95,Mobile App,Tablet,Completed,3
2026-06-17 23:13:02,c3973,United States,39.7516,-96.1383,Beauty,Lip Balm Set,4,82.91,331.64,Affiliate,Mobile,Completed,4
2026-06-17 23:34:12,c8439,United Kingdom,54.831,-3.4098,Apparel,Baseball Cap,2,198.77,397.54,Web,Desktop,Completed,4
2026-06-17 23:49:03,c4475,Canada,56.5491,-105.3409,Home,Coffee Maker,3,46.55,139.65,Marketplace,Mobile,Completed,4
2026-06-17 23:49:50,c2259,India,19.61,80.8611,Beauty,Lip Balm Set,4,55.18,220.72,Affiliate,Tablet,Completed,5
2026-06-18 00:37:34,c5435,Japan,38.7388,139.0906,Beauty,Perfume,2,98.23,196.46,Mobile App,Tablet,Completed,5
2026-06-18 02:05:07,c5897,Brazil,-13.5859,-53.2951,Electronics,4K Monitor,4,63.58,254.32,Web,Desktop,Pending,1
2026-06-18 02:11:57,c6439,India,23.5205,80.7144,Beauty,Shampoo Bar,1,34.76,34.76,Web,Mobile,Completed,5
2026-06-18 02:13:33,c6437,South Africa,-28.4094,21.5282,Home,Cutting Board Set,2,9.83,19.66,Marketplace,Tablet,Refunded,5
2026-06-18 02:46:33,c3752,Australia,-25.6386,133.1144,Electronics,Mechanical Keyboard,5,43.26,216.3,Web,Tablet,Completed,5
2026-06-18 02:58:10,c1397,United States,38.7011,-96.7636,Sports,Dumbbell Set,1,62.8,62.8,Marketplace,Desktop,Completed,5
2026-06-18 03:00:45,c3430,Brazil,-12.4823,-54.8794,Electronics,4K Monitor,3,141.05,423.15,Web,Desktop,Pending,5
2026-06-18 03:19:18,c5118,Mexico,21.4156,-102.8532,Home,Desk Lamp,1,196.49,196.49,Web,Desktop,Completed,4
2026-06-18 03:20:00,c2632,Singapore,-0.8966,105.7497,Apparel,Denim Jacket,1,40.62,40.62,Affiliate,Mobile,Completed,1
2026-06-18 03:45:30,c4435,South Africa,-32.5366,23.0351,Apparel,Running Shoes,5,59.26,296.3,Web,Tablet,Completed,4
2026-06-18 03:50:35,c8228,Canada,55.2659,-107.6681,Beauty,Perfume,4,92.11,368.44,Marketplace,Tablet,Completed,4
2026-06-18 04:06:27,c1908,Australia,-25.1269,132.3577,Sports,Yoga Mat,4,116.29,465.16,Affiliate,Tablet,Completed,3
2026-06-18 04:10:21,c8761,Brazil,-16.1282,-50.5501,Beauty,Makeup Brush Kit,2,184.47,368.94,Marketplace,Mobile,Completed,3
2026-06-18 04:10:39,c7427,United Kingdom,54.3791,-3.4567,Home,Throw Blanket,1,197.56,197.56,Affiliate,Desktop,Completed,3
2026-06-18 04:12:17,c7587,India,18.0081,78.0195,Beauty,Makeup Brush Kit,2,88.37,176.74,Mobile App,Mobile,Completed,5
2026-06-18 04:48:53,c3003,France,47.2153,2.6925,Sports,Tennis Racket,1,58.47,58.47,Marketplace,Mobile,Refunded,5
2026-06-18 05:13:33,c5273,Brazil,-12.8362,-53.4191,Books,Cookbook,2,37.82,75.64,Mobile App,Mobile,Refunded,5
2026-06-18 05:21:21,c4835,India,19.0427,80.3172,Apparel,Running Shoes,5,189.43,947.15,Affiliate,Desktop,Refunded,5
2026-06-18 05:27:47,c7693,India,18.4195,80.1016,Sports,Tennis Racket,4,73.44,293.76,Web,Tablet,Completed,5
2026-06-18 05:42:35,c3976,United Kingdom,56.0525,-1.1903,Apparel,Winter Coat,3,140.27,420.81,Affiliate,Mobile,Completed,4
2026-06-18 05:57:48,c6568,Australia,-23.829,136.5079,Beauty,Lip Balm Set,4,44.96,179.84,Mobile App,Tablet,Completed,2
2026-06-18 06:37:14,c3121,France,44.1295,2.9518,Books,Kids Picture Book,2,185.45,370.9,Marketplace,Tablet,Completed,5
2026-06-18 06:48:22,c7851,United States,35.2496,-95.5668,Books,Cookbook,4,193.22,772.88,Web,Mobile,Completed,5
2026-06-18 06:59:30,c7229,Germany,52.755,9.1867,Electronics,Wireless Headphones,4,45.25,181.0,Mobile App,Tablet,Completed,5
2026-06-18 07:17:36,c1706,Australia,-27.9516,131.4561,Apparel,Winter Coat,2,41.87,83.74,Web,Tablet,Completed,4
2026-06-18 07:33:22,c1094,Japan,33.2212,139.8424,Electronics,Smart Watch,4,123.22,492.88,Affiliate,Desktop,Completed,5
2026-06-18 08:22:35,c5467,Canada,55.4644,-107.3881,Sports,Water Bottle,1,208.71,208.71,Mobile App,Tablet,Refunded,5
2026-06-18 08:56:02,c4054,Canada,53.2544,-106.8746,Electronics,Smart Watch,5,157.13,785.65,Marketplace,Mobile,Refunded,5
2026-06-18 09:02:34,c6055,Brazil,-11.6375,-50.6032,Apparel,Denim Jacket,5,106.96,534.8,Affiliate,Desktop,Completed,5
2026-06-18 09:30:19,c4644,Australia,-27.9355,132.9993,Apparel,Graphic T-Shirt,4,44.28,177.12,Affiliate,Desktop,Completed,5
2026-06-18 10:00:53,c5355,United Kingdom,57.6997,-4.0485,Sports,Yoga Mat,4,63.27,253.08,Web,Mobile,Completed,4
2026-06-18 10:03:18,c4467,South Africa,-29.4575,21.2754,Electronics,Bluetooth Speaker,5,9.83,49.15,Affiliate,Tablet,Completed,5
2026-06-18 10:05:00,c6845,United Kingdom,57.1958,-1.6294,Electronics,4K Monitor,5,97.92,489.6,Affiliate,Desktop,Completed,5
2026-06-18 10:25:21,c9706,Germany,52.1943,9.5517,Apparel,Denim Jacket,5,108.48,542.4,Affiliate,Desktop,Completed,4
2026-06-18 11:02:53,c7124,Canada,57.4916,-107.7772,Books,Sci-Fi Anthology,4,136.73,546.92,Marketplace,Tablet,Completed,4
2026-06-18 11:21:55,c6283,Mexico,23.3277,-102.5106,Home,Throw Blanket,5,208.77,1043.85,Marketplace,Mobile,Refunded,5
2026-06-18 11:37:05,c4002,Germany,49.1013,9.6688,Apparel,Denim Jacket,1,198.96,198.96,Web,Mobile,Completed,2
2026-06-18 11:38:18,c7576,Mexico,22.9724,-101.411,Beauty,Lip Balm Set,3,176.77,530.31,Marketplace,Tablet,Completed,5
2026-06-18 12:03:59,c4868,United States,39.3487,-94.5012,Beauty,Makeup Brush Kit,1,62.41,62.41,Marketplace,Mobile,Completed,4
2026-06-18 12:07:53,c9089,Mexico,20.9142,-100.9683,Beauty,Face Serum,1,98.32,98.32,Marketplace,Desktop,Completed,3
2026-06-18 12:08:19,c9640,South Africa,-30.7559,20.2339,Apparel,Denim Jacket,4,149.36,597.44,Web,Mobile,Cancelled,5
2026-06-18 12:14:49,c2710,Singapore,3.9423,101.8215,Sports,Dumbbell Set,5,168.0,840.0,Mobile App,Mobile,Completed,5
2026-06-18 12:37:08,c7867,Brazil,-16.4063,-49.6875,Home,Coffee Maker,3,80.04,240.12,Affiliate,Tablet,Completed,4
2026-06-18 13:00:45,c3574,Japan,36.6081,135.8692,Electronics,Bluetooth Speaker,1,91.08,91.08,Mobile App,Desktop,Completed,1
2026-06-18 13:12:39,c8921,Japan,38.6801,137.9126,Electronics,Smart Watch,2,48.32,96.64,Marketplace,Mobile,Completed,2
2026-06-18 13:33:00,c8474,Germany,49.4534,9.7262,Electronics,Wireless Headphones,5,65.08,325.4,Marketplace,Desktop,Completed,4
2026-06-18 13:35:07,c6427,South Africa,-29.9405,25.8783,Apparel,Winter Coat,1,178.38,178.38,Mobile App,Desktop,Completed,2
2026-06-18 13:35:16,c7400,Australia,-28.2191,132.9199,Home,Air Purifier,2,74.67,149.34,Marketplace,Desktop,Completed,2
2026-06-18 14:06:58,c2061,Japan,35.0403,137.2742,Sports,Tennis Racket,5,178.93,894.65,Marketplace,Tablet,Completed,1
2026-06-18 14:11:36,c7973,Japan,35.8351,139.6562,Electronics,Bluetooth Speaker,4,167.02,668.08,Mobile App,Tablet,Completed,2
2026-06-18 14:27:00,c2743,India,18.5389,75.9795,Beauty,Lip Balm Set,2,115.63,231.26,Marketplace,Tablet,Completed,4
2026-06-18 14:28:03,c3573,Canada,53.4901,-108.1971,Beauty,Lip Balm Set,5,189.01,945.05,Web,Mobile,Completed,5
2026-06-18 15:02:01,c4393,Mexico,21.9293,-104.6572,Sports,Water Bottle,5,28.81,144.05,Web,Mobile,Completed,5
2026-06-18 15:48:53,c5905,Brazil,-12.4908,-51.916,Beauty,Perfume,4,194.65,778.6,Affiliate,Mobile,Completed,5
2026-06-18 15:57:13,c6390,Mexico,24.9464,-100.4984,Sports,Yoga Mat,5,111.39,556.95,Web,Mobile,Completed,2
2026-06-18 16:40:21,c1610,Canada,58.1729,-107.9923,Home,Desk Lamp,2,113.75,227.5,Mobile App,Desktop,Completed,4
2026-06-18 17:00:57,c6211,Brazil,-16.575,-54.1964,Books,Kids Picture Book,1,174.98,174.98,Affiliate,Desktop,Completed,5
2026-06-18 17:05:18,c5167,Mexico,25.0775,-100.3902,Apparel,Running Shoes,5,58.09,290.45,Marketplace,Tablet,Cancelled,2
2026-06-18 17:06:42,c7618,India,17.7655,78.4724,Apparel,Denim Jacket,4,128.06,512.24,Web,Mobile,Completed,1
2026-06-18 17:36:52,c5278,Australia,-27.4037,136.5086,Apparel,Graphic T-Shirt,3,72.1,216.3,Mobile App,Desktop,Completed,4
2026-06-18 17:44:29,c2216,Germany,52.9293,13.0381,Books,Cookbook,1,138.62,138.62,Marketplace,Desktop,Completed,5
2026-06-18 17:49:02,c2944,Brazil,-12.5144,-49.8805,Home,Desk Lamp,2,72.56,145.12,Web,Tablet,Completed,5
2026-06-18 17:56:07,c2481,France,48.7485,2.3936,Electronics,Mechanical Keyboard,3,188.24,564.72,Marketplace,Tablet,Completed,3
2026-06-18 17:58:11,c2918,Mexico,26.51,-101.9066,Electronics,Mechanical Keyboard,5,71.73,358.65,Marketplace,Tablet,Completed,5
2026-06-18 18:08:51,c7083,Germany,48.6719,8.94,Beauty,Perfume,1,212.48,212.48,Marketplace,Tablet,Cancelled,3
2026-06-18 18:12:31,c3357,Germany,50.007,7.55,Apparel,Denim Jacket,3,213.18,639.54,Web,Desktop,Completed,5
2026-06-18 18:13:49,c8609,Canada,58.4093,-106.9903,Beauty,Face Serum,2,46.19,92.38,Mobile App,Desktop,Completed,5
2026-06-18 18:14:54,c2316,Singapore,-0.6395,101.566,Apparel,Denim Jacket,1,163.56,163.56,Affiliate,Mobile,Refunded,1
2026-06-18 18:16:44,c8008,Mexico,23.3767,-102.9162,Home,Air Purifier,3,66.47,199.41,Mobile App,Mobile,Completed,2
2026-06-18 18:38:04,c7540,South Africa,-27.9073,22.4744,Books,Business Guide,1,137.49,137.49,Marketplace,Mobile,Completed,4
2026-06-18 18:38:09,c8337,Brazil,-11.2783,-54.4094,Electronics,Mechanical Keyboard,2,166.76,333.52,Marketplace,Mobile,Completed,4
2026-06-18 18:48:33,c5480,Mexico,23.3262,-105.0066,Sports,Water Bottle,2,215.05,430.1,Mobile App,Mobile,Completed,5
2026-06-18 18:54:42,c1646,United States,38.7296,-94.9945,Beauty,Shampoo Bar,1,218.71,218.71,Web,Mobile,Completed,4
2026-06-18 19:05:11,c5377,India,20.5447,79.0755,Beauty,Makeup Brush Kit,3,209.01,627.03,Web,Tablet,Completed,5
2026-06-18 19:51:07,c6413,Japan,35.0109,137.1656,Home,Desk Lamp,1,22.57,22.57,Affiliate,Mobile,Completed,3
2026-06-18 20:34:27,c8471,Germany,52.134,13.3277,Electronics,Mechanical Keyboard,5,48.94,244.7,Affiliate,Tablet,Completed,5
2026-06-18 20:38:34,c7808,Japan,35.0672,136.4551,Sports,Dumbbell Set,3,25.7,77.1,Mobile App,Tablet,Completed,5
2026-06-18 21:09:11,c6931,Australia,-27.5025,134.8105,Beauty,Shampoo Bar,3,194.27,582.81,Marketplace,Desktop,Completed,5
2026-06-18 21:52:01,c2966,Singapore,2.3733,100.9408,Books,Cookbook,2,162.81,325.62,Affiliate,Desktop,Completed,5
2026-06-18 22:22:15,c9257,Brazil,-14.3,-53.0064,Books,Mystery Novel,1,153.82,153.82,Mobile App,Tablet,Completed,1
2026-06-18 22:48:01,c9647,France,44.8441,1.8323,Books,Mystery Novel,2,32.86,65.72,Affiliate,Mobile,Completed,3
2026-06-18 22:57:53,c4968,Germany,53.604,8.6787,Home,Coffee Maker,2,137.28,274.56,Web,Mobile,Completed,3
2026-06-18 22:58:46,c8314,Canada,56.8424,-104.9049,Sports,Tennis Racket,2,197.03,394.06,Affiliate,Desktop,Completed,2
2026-06-18 23:23:37,c2614,South Africa,-28.1245,21.878,Home,Cutting Board Set,1,173.16,173.16,Web,Tablet,Completed,4
2026-06-18 23:27:03,c7086,United Kingdom,56.0266,-2.0975,Electronics,Mechanical Keyboard,1,116.26,116.26,Web,Desktop,Pending,2
2026-06-18 23:41:03,c8172,United States,36.7931,-93.8442,Home,Coffee Maker,2,16.3,32.6,Affiliate,Tablet,Completed,3
2026-06-19 00:28:44,c3205,Japan,34.8022,138.0112,Beauty,Face Serum,1,181.83,181.83,Web,Tablet,Completed,4
2026-06-19 00:47:17,c7101,United States,35.5619,-93.8551,Home,Throw Blanket,2,26.07,52.14,Affiliate,Mobile,Completed,4
2026-06-19 01:03:58,c8775,France,45.7437,-0.4292,Sports,Camping Tent,2,189.91,379.82,Mobile App,Desktop,Pending,5
2026-06-19 02:16:08,c9885,Japan,38.0873,137.6951,Beauty,Face Serum,3,142.62,427.86,Affiliate,Desktop,Completed,2
2026-06-19 02:24:48,c6680,India,23.3668,80.9368,Home,Desk Lamp,1,39.59,39.59,Mobile App,Mobile,Completed,1
2026-06-19 02:52:48,c8697,Germany,48.8966,10.4666,Books,Sci-Fi Anthology,3,211.61,634.83,Web,Desktop,Completed,2
2026-06-19 03:03:29,c5238,Japan,34.7666,139.1091,Home,Throw Blanket,2,137.42,274.84,Affiliate,Desktop,Pending,5
2026-06-19 03:30:12,c9296,India,22.5333,79.7429,Beauty,Perfume,5,129.76,648.8,Mobile App,Desktop,Completed,2
2026-06-19 04:23:44,c5216,Singapore,3.9997,104.9929,Electronics,Bluetooth Speaker,3,57.69,173.07,Web,Desktop,Completed,2
2026-06-19 05:17:45,c4809,Australia,-23.8031,134.4826,Beauty,Face Serum,5,81.77,408.85,Marketplace,Tablet,Cancelled,4
2026-06-19 05:21:13,c1414,France,46.4467,1.6477,Beauty,Perfume,5,12.53,62.65,Marketplace,Tablet,Completed,3
2026-06-19 05:43:41,c2749,Mexico,23.4531,-103.5616,Electronics,Wireless Headphones,1,44.18,44.18,Affiliate,Mobile,Completed,5
2026-06-19 06:04:20,c7157,Japan,36.5831,140.4063,Beauty,Shampoo Bar,4,160.98,643.92,Mobile App,Mobile,Pending,2
2026-06-19 06:20:26,c1027,United States,37.5017,-95.5725,Electronics,Smart Watch,3,48.41,145.23,Affiliate,Desktop,Completed,4
2026-06-19 06:31:52,c7701,Singapore,0.822,102.2292,Home,Throw Blanket,2,196.64,393.28,Web,Tablet,Completed,4
2026-06-19 07:14:07,c8317,Brazil,-12.0743,-51.8802,Electronics,Wireless Headphones,2,148.78,297.56,Affiliate,Mobile,Completed,5
2026-06-19 07:24:07,c3567,Brazil,-13.2945,-51.0785,Electronics,Smart Watch,5,54.2,271.0,Mobile App,Desktop,Completed,5
2026-06-19 07:40:15,c9782,Mexico,25.6502,-103.0677,Sports,Camping Tent,3,94.14,282.42,Affiliate,Desktop,Completed,5
2026-06-19 07:44:17,c3293,India,21.4636,78.3139,Books,Kids Picture Book,4,64.93,259.72,Mobile App,Desktop,Refunded,4
2026-06-19 08:24:19,c8974,France,44.9275,1.7214,Sports,Water Bottle,5,162.37,811.85,Affiliate,Mobile,Completed,4
2026-06-19 08:27:45,c7553,United Kingdom,55.9903,-3.0376,Electronics,Wireless Headphones,1,170.41,170.41,Mobile App,Desktop,Cancelled,2
2026-06-19 09:03:03,c6722,Brazil,-13.0535,-53.6782,Books,Kids Picture Book,1,140.69,140.69,Mobile App,Tablet,Refunded,1
2026-06-19 09:16:49,c2587,South Africa,-29.6636,22.2162,Books,Cookbook,5,67.21,336.05,Mobile App,Mobile,Completed,1
2026-06-19 09:45:27,c8905,South Africa,-28.5671,22.9303,Beauty,Lip Balm Set,3,96.08,288.24,Affiliate,Desktop,Completed,3
2026-06-19 10:48:37,c8988,Canada,55.9908,-107.3252,Books,Kids Picture Book,4,52.85,211.4,Web,Desktop,Pending,5
2026-06-19 10:50:47,c4275,United States,38.2515,-96.2121,Books,Business Guide,5,71.25,356.25,Mobile App,Desktop,Completed,1
2026-06-19 11:25:56,c6491,Singapore,3.2998,102.6036,Electronics,Mechanical Keyboard,5,178.22,891.1,Affiliate,Desktop,Completed,5
2026-06-19 11:26:08,c5022,United States,39.9374,-97.526,Beauty,Makeup Brush Kit,1,66.6,66.6,Mobile App,Mobile,Completed,3
2026-06-19 12:43:24,c6661,Australia,-25.4613,131.3312,Books,Kids Picture Book,4,150.57,602.28,Web,Tablet,Completed,4
2026-06-19 12:52:17,c5581,Australia,-23.0944,131.6093,Beauty,Lip Balm Set,3,216.43,649.29,Marketplace,Tablet,Completed,5
2026-06-19 13:40:34,c9611,United States,36.2967,-93.2943,Sports,Yoga Mat,3,145.21,435.63,Mobile App,Tablet,Completed,3
2026-06-19 14:18:29,c3258,Japan,35.0323,136.3483,Beauty,Shampoo Bar,4,96.67,386.68,Affiliate,Mobile,Completed,3
2026-06-19 15:45:04,c2823,France,43.5327,3.9745,Apparel,Winter Coat,4,194.66,778.64,Web,Tablet,Completed,2
2026-06-19 16:22:49,c3608,United States,34.3769,-97.5606,Beauty,Perfume,2,84.75,169.5,Web,Desktop,Completed,4
2026-06-19 16:30:54,c8960,Japan,33.4371,137.551,Electronics,Wireless Headphones,3,75.36,226.08,Web,Mobile,Completed,4
2026-06-19 17:00:38,c4189,Brazil,-11.2978,-52.4501,Books,Cookbook,5,113.26,566.3,Marketplace,Desktop,Completed,5
2026-06-19 17:39:22,c8163,India,22.4264,80.7486,Sports,Yoga Mat,3,11.43,34.29,Web,Tablet,Refunded,5
2026-06-19 18:12:31,c2886,United Kingdom,56.4312,-4.4085,Beauty,Lip Balm Set,5,67.73,338.65,Marketplace,Tablet,Completed,3
2026-06-19 18:13:44,c2968,United Kingdom,56.1308,-3.8177,Sports,Yoga Mat,4,75.59,302.36,Web,Tablet,Completed,2
2026-06-19 18:17:02,c9338,Japan,33.341,136.4284,Apparel,Denim Jacket,4,159.58,638.32,Affiliate,Mobile,Completed,5
2026-06-19 18:39:53,c1740,Singapore,0.1398,106.4397,Apparel,Denim Jacket,4,20.88,83.52,Marketplace,Tablet,Completed,4
2026-06-19 18:58:41,c6866,Singapore,-1.2696,106.3558,Beauty,Makeup Brush Kit,5,213.08,1065.4,Mobile App,Desktop,Completed,5
2026-06-19 18:58:59,c5001,United States,37.5597,-93.281,Home,Air Purifier,1,212.32,212.32,Mobile App,Tablet,Completed,1
2026-06-19 19:37:41,c5848,India,23.015,76.1976,Apparel,Winter Coat,4,49.6,198.4,Affiliate,Mobile,Completed,5
2026-06-19 20:07:21,c2818,France,47.0608,2.5244,Electronics,Smart Watch,1,119.57,119.57,Mobile App,Mobile,Completed,4
2026-06-19 20:41:26,c1637,Brazil,-12.5249,-53.6278,Home,Cutting Board Set,4,124.52,498.08,Affiliate,Mobile,Completed,5
2026-06-19 21:08:17,c8917,Australia,-23.3905,133.9517,Electronics,Wireless Headphones,4,140.3,561.2,Web,Mobile,Cancelled,1
2026-06-19 21:15:10,c6078,Brazil,-11.8634,-53.0101,Apparel,Baseball Cap,1,216.87,216.87,Affiliate,Desktop,Refunded,4
2026-06-19 21:20:42,c8242,Canada,53.8135,-109.1886,Apparel,Baseball Cap,4,111.31,445.24,Marketplace,Mobile,Refunded,2
2026-06-19 21:36:11,c3743,Germany,48.5703,8.7571,Beauty,Lip Balm Set,4,152.25,609.0,Web,Desktop,Pending,3
2026-06-19 22:35:50,c8283,United Kingdom,56.7763,-5.6162,Apparel,Graphic T-Shirt,1,173.47,173.47,Marketplace,Desktop,Completed,5
2026-06-19 22:49:22,c8796,United States,38.0836,-97.4398,Apparel,Graphic T-Shirt,4,144.82,579.28,Affiliate,Mobile,Completed,5
2026-06-19 23:20:35,c7493,Japan,38.4866,135.3209,Beauty,Face Serum,1,159.61,159.61,Affiliate,Mobile,Completed,2
2026-06-19 23:47:43,c8454,Brazil,-11.5508,-50.6846,Home,Desk Lamp,5,162.26,811.3,Affiliate,Desktop,Completed,1
2026-06-20 00:00:07,c1195,United States,38.457,-95.5828,Electronics,Mechanical Keyboard,5,178.96,894.8,Marketplace,Tablet,Cancelled,1
2026-06-20 00:09:12,c5080,Japan,33.4438,135.3883,Sports,Water Bottle,3,153.07,459.21,Affiliate,Desktop,Refunded,4
2026-06-20 00:32:02,c7283,South Africa,-32.6131,20.7896,Sports,Tennis Racket,4,102.21,408.84,Web,Tablet,Completed,5
2026-06-20 01:35:42,c2696,Japan,34.771,136.9354,Apparel,Running Shoes,1,31.5,31.5,Marketplace,Desktop,Cancelled,5
2026-06-20 01:36:17,c3346,Australia,-24.7545,134.8929,Electronics,Bluetooth Speaker,1,153.31,153.31,Mobile App,Desktop,Completed,2
2026-06-20 01:49:10,c1471,Canada,54.3947,-106.8302,Electronics,Smart Watch,2,162.16,324.32,Mobile App,Desktop,Completed,5
2026-06-20 02:54:12,c3893,Brazil,-13.745,-52.0811,Sports,Tennis Racket,1,181.78,181.78,Affiliate,Mobile,Completed,4
2026-06-20 03:25:11,c6919,Mexico,22.896,-101.1249,Electronics,Mechanical Keyboard,5,48.82,244.1,Affiliate,Desktop,Completed,5
2026-06-20 03:27:13,c7830,Germany,53.2841,11.1107,Apparel,Graphic T-Shirt,4,146.54,586.16,Marketplace,Desktop,Cancelled,5
2026-06-20 03:32:31,c5314,South Africa,-29.3529,24.741,Books,Sci-Fi Anthology,5,10.06,50.3,Mobile App,Mobile,Completed,5
2026-06-20 04:28:28,c5370,Brazil,-12.9772,-52.1571,Sports,Water Bottle,5,217.38,1086.9,Mobile App,Mobile,Completed,3
2026-06-20 05:49:31,c3040,Mexico,26.4315,-101.2379,Electronics,Mechanical Keyboard,5,98.9,494.5,Web,Desktop,Completed,2
2026-06-20 05:56:23,c3160,Germany,51.5127,9.121,Apparel,Winter Coat,2,97.02,194.04,Affiliate,Tablet,Pending,4
2026-06-20 06:23:38,c5476,Australia,-23.1357,130.9474,Home,Desk Lamp,1,148.93,148.93,Mobile App,Desktop,Completed,5
2026-06-20 06:26:27,c8560,South Africa,-28.3169,21.9074,Books,Sci-Fi Anthology,3,133.48,400.44,Affiliate,Tablet,Completed,4
2026-06-20 06:34:47,c2386,Singapore,0.1534,102.3546,Apparel,Running Shoes,2,70.99,141.98,Marketplace,Mobile,Completed,5
2026-06-20 06:55:22,c2170,Germany,52.9872,8.773,Beauty,Face Serum,2,140.47,280.94,Affiliate,Tablet,Completed,2
2026-06-20 07:31:32,c8388,Australia,-26.8768,134.7621,Electronics,Bluetooth Speaker,2,86.87,173.74,Web,Mobile,Completed,5
2026-06-20 08:25:29,c3975,Singapore,0.8393,101.7649,Apparel,Denim Jacket,2,165.3,330.6,Marketplace,Desktop,Completed,1
2026-06-20 08:39:53,c1643,France,43.8859,1.9514,Electronics,4K Monitor,5,91.87,459.35,Affiliate,Tablet,Completed,1
2026-06-20 08:46:04,c5512,Japan,37.5847,137.4602,Sports,Water Bottle,2,184.05,368.1,Marketplace,Tablet,Pending,5
2026-06-20 09:00:02,c7962,Singapore,4.1496,103.3979,Home,Desk Lamp,2,9.23,18.46,Mobile App,Tablet,Completed,1
2026-06-20 09:06:53,c9232,Japan,35.6672,135.9218,Electronics,4K Monitor,4,69.75,279.0,Web,Desktop,Completed,4
2026-06-20 09:16:24,c3973,South Africa,-28.6315,23.3975,Apparel,Winter Coat,4,202.21,808.84,Affiliate,Tablet,Completed,2
2026-06-20 10:12:05,c4800,France,46.856,2.7087,Sports,Yoga Mat,4,117.86,471.44,Web,Mobile,Completed,4
2026-06-20 10:23:34,c6629,United States,35.3705,-98.2424,Sports,Dumbbell Set,4,9.97,39.88,Web,Mobile,Completed,5
2026-06-20 10:47:46,c2870,Singapore,3.9084,106.3385,Home,Cutting Board Set,1,81.68,81.68,Marketplace,Mobile,Completed,2
2026-06-20 11:06:30,c2746,India,19.5079,78.1501,Beauty,Shampoo Bar,5,133.24,666.2,Affiliate,Desktop,Completed,5
2026-06-20 11:09:23,c1900,Japan,36.7125,140.6621,Beauty,Face Serum,2,217.09,434.18,Web,Desktop,Completed,4
2026-06-20 12:03:38,c1180,Canada,57.7418,-104.0434,Beauty,Lip Balm Set,1,49.56,49.56,Web,Mobile,Completed,4
2026-06-20 12:12:38,c9604,Germany,52.7415,11.4737,Books,Business Guide,4,122.9,491.6,Marketplace,Desktop,Completed,4
2026-06-20 12:37:17,c1389,Brazil,-11.984,-53.4597,Sports,Water Bottle,5,159.05,795.25,Mobile App,Tablet,Cancelled,3
2026-06-20 13:01:14,c5870,Mexico,22.4733,-101.8404,Sports,Water Bottle,4,93.49,373.96,Web,Tablet,Completed,5
2026-06-20 13:21:44,c4548,Australia,-26.2824,134.4979,Electronics,Bluetooth Speaker,4,121.16,484.64,Mobile App,Tablet,Completed,5
2026-06-20 13:43:18,c5726,Mexico,25.894,-104.7444,Home,Coffee Maker,4,145.39,581.56,Web,Desktop,Refunded,5
2026-06-20 14:37:13,c2229,South Africa,-28.3288,23.7521,Apparel,Baseball Cap,3,113.39,340.17,Affiliate,Tablet,Completed,2
2026-06-20 14:42:25,c1680,France,45.9637,3.8006,Home,Coffee Maker,2,91.8,183.6,Mobile App,Tablet,Completed,5
2026-06-20 15:12:08,c7527,Mexico,24.1735,-105.2276,Home,Desk Lamp,4,123.06,492.24,Web,Desktop,Completed,5
2026-06-20 15:46:28,c9235,Japan,38.931,138.501,Electronics,Bluetooth Speaker,2,167.12,334.24,Web,Desktop,Completed,3
2026-06-20 15:50:02,c3094,Australia,-24.5206,132.4882,Beauty,Face Serum,3,96.22,288.66,Mobile App,Desktop,Cancelled,4
2026-06-20 16:12:42,c6180,Australia,-25.4805,135.7296,Home,Desk Lamp,3,114.23,342.69,Web,Desktop,Completed,5
2026-06-20 16:18:48,c1750,United States,36.1381,-93.7307,Home,Cutting Board Set,3,156.84,470.52,Mobile App,Mobile,Completed,5
2026-06-20 16:27:01,c6331,Germany,54.1197,13.1269,Apparel,Denim Jacket,1,49.73,49.73,Mobile App,Tablet,Completed,5
2026-06-20 17:07:39,c9520,South Africa,-30.0653,25.8657,Electronics,4K Monitor,1,87.64,87.64,Marketplace,Mobile,Completed,5
2026-06-20 17:16:04,c4345,South Africa,-28.6166,21.1293,Sports,Camping Tent,5,84.88,424.4,Marketplace,Tablet,Pending,4
2026-06-20 17:22:11,c2774,Brazil,-14.0604,-51.67,Books,Business Guide,5,63.45,317.25,Web,Tablet,Cancelled,3
2026-06-20 17:28:00,c7088,India,17.6456,76.6655,Home,Throw Blanket,3,138.4,415.2,Mobile App,Desktop,Completed,4
2026-06-20 17:42:51,c8667,United States,36.9253,-97.7112,Sports,Camping Tent,1,107.99,107.99,Web,Tablet,Completed,2
2026-06-20 17:54:02,c9365,South Africa,-30.3554,20.7791,Books,Sci-Fi Anthology,3,136.51,409.53,Mobile App,Tablet,Completed,1
2026-06-20 18:19:20,c2661,South Africa,-28.1923,22.4787,Books,Business Guide,4,156.71,626.84,Affiliate,Mobile,Completed,4
2026-06-20 18:24:48,c7377,Canada,57.8562,-103.408,Electronics,Mechanical Keyboard,1,121.88,121.88,Marketplace,Tablet,Completed,5
2026-06-20 18:45:24,c6574,India,19.5588,77.5117,Electronics,Bluetooth Speaker,2,8.96,17.92,Marketplace,Desktop,Completed,5
2026-06-20 19:06:43,c3664,Canada,58.6934,-108.4672,Beauty,Shampoo Bar,3,140.24,420.72,Marketplace,Mobile,Completed,4
2026-06-20 19:37:24,c1965,Singapore,-0.1502,101.668,Sports,Camping Tent,5,169.24,846.2,Affiliate,Mobile,Completed,5
2026-06-20 19:46:28,c9187,Singapore,1.8148,105.8458,Books,Sci-Fi Anthology,4,43.38,173.52,Mobile App,Desktop,Completed,5
2026-06-20 19:49:36,c8801,France,47.5316,2.9714,Beauty,Makeup Brush Kit,5,27.57,137.85,Affiliate,Desktop,Cancelled,3
2026-06-20 20:03:52,c5230,United States,37.946,-96.3094,Home,Cutting Board Set,1,216.22,216.22,Marketplace,Desktop,Completed,5
2026-06-20 20:30:35,c4159,Canada,53.3582,-109.0094,Books,Cookbook,3,68.16,204.48,Mobile App,Tablet,Completed,2
2026-06-20 21:02:37,c5358,India,19.366,79.6035,Beauty,Perfume,2,49.29,98.58,Web,Desktop,Completed,5
2026-06-20 21:07:01,c2834,France,44.5782,0.3493,Home,Air Purifier,1,179.24,179.24,Web,Tablet,Cancelled,5
2026-06-20 22:13:14,c6495,Japan,39.1247,140.37,Sports,Tennis Racket,5,188.19,940.95,Affiliate,Mobile,Cancelled,5
2026-06-20 22:43:33,c6867,Japan,36.8969,140.0709,Sports,Water Bottle,4,37.22,148.88,Marketplace,Mobile,Completed,5
2026-06-20 22:47:19,c8231,United Kingdom,52.6159,-3.6098,Beauty,Makeup Brush Kit,2,25.64,51.28,Mobile App,Tablet,Completed,5
2026-06-20 23:25:33,c3234,Germany,53.9552,12.3247,Sports,Dumbbell Set,5,105.31,526.55,Mobile App,Mobile,Completed,5
2026-06-20 23:58:12,c2697,Germany,53.3807,9.88,Sports,Tennis Racket,3,158.83,476.49,Mobile App,Desktop,Completed,3
2026-06-21 00:02:01,c8764,South Africa,-33.5105,21.3184,Beauty,Shampoo Bar,5,214.43,1072.15,Web,Tablet,Completed,5
2026-06-21 00:06:22,c1891,Brazil,-13.6699,-49.0237,Beauty,Lip Balm Set,4,187.73,750.92,Mobile App,Desktop,Completed,5
2026-06-21 00:20:15,c9243,United States,38.5093,-92.7587,Beauty,Face Serum,4,36.74,146.96,Marketplace,Desktop,Refunded,1
2026-06-21 00:34:38,c2229,Canada,54.6263,-109.0784,Apparel,Running Shoes,3,48.87,146.61,Mobile App,Mobile,Refunded,5
2026-06-21 00:57:34,c2208,United Kingdom,54.2357,-0.4424,Beauty,Perfume,4,171.06,684.24,Mobile App,Mobile,Completed,5
2026-06-21 00:59:50,c5625,Singapore,1.6068,105.0487,Home,Cutting Board Set,3,98.29,294.87,Mobile App,Desktop,Completed,2
2026-06-21 01:15:35,c4678,Singapore,3.6355,106.0824,Home,Coffee Maker,5,44.32,221.6,Web,Tablet,Completed,5
2026-06-21 01:36:14,c9216,Singapore,-0.0149,104.356,Beauty,Makeup Brush Kit,3,45.23,135.69,Mobile App,Tablet,Refunded,4
2026-06-21 02:17:06,c6139,Singapore,1.1792,101.6856,Electronics,Wireless Headphones,3,124.86,374.58,Marketplace,Desktop,Completed,5
2026-06-21 02:30:37,c4276,Germany,53.4713,7.5918,Home,Desk Lamp,2,17.71,35.42,Marketplace,Tablet,Completed,1
2026-06-21 02:34:11,c8071,United Kingdom,56.6923,-5.6682,Sports,Dumbbell Set,3,25.74,77.22,Mobile App,Mobile,Completed,2
2026-06-21 02:58:53,c3563,United Kingdom,58.1818,-6.0538,Beauty,Lip Balm Set,4,152.99,611.96,Affiliate,Mobile,Completed,2
2026-06-21 03:24:25,c7090,United Kingdom,53.0371,-1.4621,Books,Business Guide,3,177.64,532.92,Mobile App,Tablet,Completed,1
2026-06-21 05:03:05,c2197,Australia,-23.2087,136.6933,Beauty,Lip Balm Set,3,115.27,345.81,Web,Tablet,Completed,5
2026-06-21 05:16:51,c2461,Singapore,0.6829,103.8057,Home,Coffee Maker,1,47.87,47.87,Marketplace,Tablet,Completed,3
2026-06-21 05:50:37,c7618,Mexico,25.0862,-100.0946,Electronics,Mechanical Keyboard,5,203.14,1015.7,Affiliate,Tablet,Completed,5
2026-06-21 05:59:52,c9045,United Kingdom,53.6984,-3.5791,Electronics,Mechanical Keyboard,4,194.51,778.04,Marketplace,Desktop,Completed,2
2026-06-21 06:08:54,c4043,Germany,50.3745,8.8737,Sports,Camping Tent,3,167.31,501.93,Affiliate,Mobile,Completed,3
2026-06-21 06:11:42,c8285,Brazil,-14.5372,-49.3893,Beauty,Perfume,3,9.17,27.51,Web,Mobile,Completed,3
2026-06-21 07:10:31,c6291,Australia,-24.3745,133.1676,Home,Coffee Maker,4,38.56,154.24,Mobile App,Desktop,Completed,4
2026-06-21 07:19:07,c1186,Japan,36.6798,138.9031,Home,Air Purifier,3,165.23,495.69,Affiliate,Mobile,Completed,3
2026-06-21 08:17:32,c4648,South Africa,-28.3983,20.6518,Sports,Camping Tent,2,162.31,324.62,Web,Desktop,Pending,5
2026-06-21 08:20:58,c6361,Canada,55.6219,-106.1156,Home,Desk Lamp,5,57.17,285.85,Affiliate,Desktop,Completed,2
2026-06-21 08:58:02,c7328,India,20.3939,78.0379,Home,Desk Lamp,2,43.5,87.0,Affiliate,Tablet,Completed,2
2026-06-21 09:07:52,c1074,Canada,53.4349,-105.1042,Books,Kids Picture Book,4,211.98,847.92,Mobile App,Tablet,Completed,3
2026-06-21 09:47:53,c7539,South Africa,-27.8426,21.4609,Books,Sci-Fi Anthology,4,15.83,63.32,Affiliate,Desktop,Completed,1
2026-06-21 10:36:47,c3470,Canada,58.4666,-106.3471,Beauty,Perfume,3,95.58,286.74,Mobile App,Desktop,Completed,5
2026-06-21 10:45:13,c7688,Mexico,22.9821,-100.0611,Electronics,4K Monitor,1,218.35,218.35,Marketplace,Mobile,Completed,3
2026-06-21 11:04:07,c1449,Canada,56.4728,-103.5244,Books,Kids Picture Book,4,123.4,493.6,Mobile App,Desktop,Completed,3
2026-06-21 11:04:14,c6677,Germany,52.6623,10.4121,Beauty,Face Serum,5,20.84,104.2,Web,Desktop,Completed,2
2026-06-21 11:11:01,c1699,Singapore,3.0999,103.9946,Home,Desk Lamp,2,179.58,359.16,Marketplace,Desktop,Completed,5
2026-06-21 11:27:11,c9842,Brazil,-14.7273,-51.5837,Apparel,Running Shoes,1,139.21,139.21,Mobile App,Mobile,Completed,4
2026-06-21 12:01:11,c8353,India,21.6911,78.3004,Home,Desk Lamp,4,10.51,42.04,Affiliate,Tablet,Completed,1
2026-06-21 12:09:07,c1144,South Africa,-31.5687,22.1048,Apparel,Baseball Cap,4,219.29,877.16,Web,Tablet,Completed,4
2026-06-21 12:12:08,c1793,India,18.5933,76.7778,Apparel,Denim Jacket,1,31.19,31.19,Affiliate,Tablet,Completed,5
2026-06-21 12:55:26,c3327,United States,37.2949,-94.5924,Electronics,Smart Watch,3,202.99,608.97,Web,Desktop,Completed,5
2026-06-21 12:56:34,c9802,Australia,-22.9082,131.4039,Sports,Yoga Mat,3,63.57,190.71,Web,Mobile,Completed,4
2026-06-21 13:49:19,c1284,Brazil,-14.4306,-53.7468,Apparel,Winter Coat,1,35.02,35.02,Marketplace,Tablet,Completed,5
2026-06-21 14:13:47,c7175,Australia,-25.2727,131.2563,Apparel,Winter Coat,5,210.41,1052.05,Mobile App,Mobile,Completed,4
2026-06-21 14:32:28,c4898,India,17.8323,76.4547,Books,Sci-Fi Anthology,5,11.96,59.8,Web,Mobile,Cancelled,5
2026-06-21 18:29:16,c8902,Brazil,-13.74,-52.4788,Books,Mystery Novel,1,150.94,150.94,Marketplace,Desktop,Completed,5
2026-06-21 18:41:19,c1291,Singapore,1.3565,101.5142,Books,Business Guide,5,29.76,148.8,Mobile App,Tablet,Completed,5
2026-06-21 19:55:06,c3342,Singapore,-0.8723,104.2249,Home,Air Purifier,3,190.05,570.15,Web,Mobile,Completed,5
2026-06-21 20:31:24,c4597,Japan,34.6905,136.4544,Home,Desk Lamp,1,64.98,64.98,Mobile App,Desktop,Completed,5
2026-06-21 20:33:57,c8846,Australia,-25.9812,132.1763,Beauty,Face Serum,4,138.88,555.52,Affiliate,Desktop,Completed,1
2026-06-21 20:37:07,c8839,South Africa,-28.7975,23.7216,Beauty,Lip Balm Set,3,173.22,519.66,Mobile App,Mobile,Completed,4
2026-06-21 20:38:10,c7216,Mexico,26.2499,-101.6618,Sports,Dumbbell Set,2,42.64,85.28,Marketplace,Tablet,Completed,4
2026-06-21 20:55:15,c5984,Singapore,4.137,103.9538,Beauty,Shampoo Bar,2,47.99,95.98,Web,Mobile,Cancelled,3
2026-06-21 20:59:58,c7639,India,20.8794,77.7252,Apparel,Winter Coat,5,127.7,638.5,Mobile App,Mobile,Completed,1
2026-06-21 21:43:20,c8364,Mexico,21.5556,-101.574,Books,Cookbook,1,198.43,198.43,Affiliate,Mobile,Completed,5
2026-06-21 21:45:35,c9221,France,49.036,4.9709,Apparel,Graphic T-Shirt,4,120.93,483.72,Mobile App,Tablet,Completed,5
2026-06-21 22:10:41,c9765,Canada,54.147,-108.7762,Home,Throw Blanket,2,95.64,191.28,Web,Tablet,Pending,4
2026-06-21 22:35:43,c9987,Japan,35.6644,135.5133,Books,Business Guide,1,29.75,29.75,Affiliate,Tablet,Completed,4
2026-06-21 22:48:34,c6055,Australia,-25.843,132.5792,Apparel,Winter Coat,4,207.23,828.92,Mobile App,Tablet,Completed,2
2026-06-21 23:19:27,c6372,South Africa,-33.5407,23.9191,Books,Sci-Fi Anthology,2,79.25,158.5,Marketplace,Tablet,Completed,5
2026-06-21 23:31:38,c3351,South Africa,-33.0485,25.2482,Beauty,Makeup Brush Kit,1,112.0,112.0,Affiliate,Desktop,Completed,4
2026-06-21 23:36:45,c7194,Germany,49.6083,12.8375,Home,Desk Lamp,2,161.98,323.96,Marketplace,Tablet,Completed,2
2026-06-21 23:38:04,c6900,United Kingdom,56.9787,-3.909,Electronics,Bluetooth Speaker,5,136.35,681.75,Marketplace,Tablet,Completed,4
2026-06-21 23:42:49,c6593,Canada,54.8786,-105.8476,Home,Cutting Board Set,1,36.74,36.74,Affiliate,Mobile,Completed,5
2026-06-21 23:46:25,c6019,Germany,48.6445,9.5095,Home,Coffee Maker,1,129.41,129.41,Web,Mobile,Completed,5
2026-06-22 00:22:40,c9362,Germany,53.1735,11.4374,Sports,Dumbbell Set,4,155.6,622.4,Marketplace,Desktop,Completed,5
2026-06-22 00:43:48,c8496,Germany,51.0551,12.0235,Books,Kids Picture Book,5,10.94,54.7,Mobile App,Desktop,Completed,4
2026-06-22 01:00:15,c4954,Australia,-28.115,136.7573,Sports,Dumbbell Set,4,69.19,276.76,Mobile App,Desktop,Completed,5
2026-06-22 01:27:56,c7911,India,20.886,79.1925,Books,Kids Picture Book,2,89.54,179.08,Mobile App,Tablet,Completed,5
2026-06-22 01:32:27,c1086,Brazil,-13.8195,-51.5328,Electronics,Bluetooth Speaker,2,88.36,176.72,Web,Tablet,Completed,3
2026-06-22 01:32:44,c4445,United States,37.2371,-97.6743,Sports,Camping Tent,3,89.82,269.46,Marketplace,Mobile,Completed,3
2026-06-22 01:52:46,c2083,Australia,-27.7684,131.2541,Apparel,Denim Jacket,3,90.84,272.52,Marketplace,Tablet,Completed,4
2026-06-22 02:05:21,c6317,India,19.4257,80.4456,Sports,Water Bottle,3,90.98,272.94,Affiliate,Tablet,Completed,4
2026-06-22 02:30:31,c9525,United States,39.0626,-93.2927,Apparel,Baseball Cap,2,42.88,85.76,Affiliate,Desktop,Completed,5
2026-06-22 03:33:21,c7789,Japan,35.0827,141.1018,Home,Coffee Maker,1,128.49,128.49,Marketplace,Mobile,Completed,5
2026-06-22 04:15:10,c2180,Japan,35.5498,139.5522,Sports,Camping Tent,3,39.02,117.06,Marketplace,Desktop,Pending,5
2026-06-22 04:39:25,c9896,United States,36.9877,-94.9196,Apparel,Denim Jacket,3,81.12,243.36,Mobile App,Desktop,Completed,2
2026-06-22 04:46:44,c3170,United States,36.8397,-92.7193,Electronics,Wireless Headphones,2,115.25,230.5,Marketplace,Desktop,Refunded,5
2026-06-22 05:02:17,c4638,France,48.1368,0.1551,Books,Cookbook,1,192.17,192.17,Marketplace,Desktop,Completed,5
2026-06-22 05:05:08,c7020,India,18.5611,78.3657,Sports,Water Bottle,1,122.44,122.44,Mobile App,Mobile,Pending,3
2026-06-22 05:09:22,c5200,Canada,53.3644,-105.4558,Beauty,Makeup Brush Kit,4,187.51,750.04,Marketplace,Mobile,Completed,2
2026-06-22 05:13:36,c8803,South Africa,-31.3243,22.6866,Home,Air Purifier,5,53.11,265.55,Mobile App,Tablet,Completed,4
2026-06-22 06:00:16,c6950,Australia,-27.4447,134.1869,Home,Air Purifier,2,187.66,375.32,Web,Mobile,Completed,3
2026-06-22 06:06:59,c9562,Mexico,22.8544,-104.359,Home,Throw Blanket,2,27.38,54.76,Web,Desktop,Completed,5
2026-06-22 06:23:29,c9903,Mexico,22.4064,-101.5735,Electronics,Mechanical Keyboard,2,192.38,384.76,Affiliate,Tablet,Completed,5
2026-06-22 06:42:18,c8613,United Kingdom,56.148,-2.498,Beauty,Makeup Brush Kit,1,167.96,167.96,Web,Tablet,Completed,3
2026-06-22 07:20:25,c8514,Australia,-23.7211,136.3804,Electronics,Bluetooth Speaker,3,48.47,145.41,Mobile App,Desktop,Completed,5
2026-06-22 08:30:22,c8744,United Kingdom,55.4649,-4.7691,Books,Cookbook,2,161.35,322.7,Mobile App,Mobile,Completed,4
2026-06-22 08:45:29,c3817,Brazil,-15.7177,-51.582,Home,Cutting Board Set,4,141.28,565.12,Web,Desktop,Completed,4
2026-06-22 08:46:55,c6974,Australia,-25.4803,135.9994,Books,Sci-Fi Anthology,3,104.36,313.08,Affiliate,Tablet,Completed,4
2026-06-22 08:58:45,c8205,Canada,54.2092,-107.5274,Electronics,Smart Watch,5,202.74,1013.7,Affiliate,Desktop,Completed,5
2026-06-22 08:59:38,c5004,Germany,50.7237,7.6946,Beauty,Face Serum,1,196.38,196.38,Web,Mobile,Completed,1
2026-06-22 09:07:04,c8289,Japan,33.6298,138.7201,Home,Coffee Maker,5,115.79,578.95,Affiliate,Tablet,Cancelled,1
2026-06-22 09:37:54,c9042,France,44.5271,-0.2138,Electronics,Bluetooth Speaker,1,39.53,39.53,Web,Desktop,Refunded,3
2026-06-22 10:00:46,c5728,Japan,36.6771,138.5419,Sports,Water Bottle,5,130.65,653.25,Marketplace,Mobile,Refunded,5
2026-06-22 10:01:07,c9349,United States,37.8379,-92.88,Home,Cutting Board Set,4,178.11,712.44,Affiliate,Mobile,Cancelled,2
2026-06-22 10:07:30,c3097,Singapore,3.8903,101.5636,Beauty,Makeup Brush Kit,1,101.75,101.75,Mobile App,Desktop,Completed,2
2026-06-22 10:21:10,c3107,Mexico,25.0772,-100.3668,Electronics,4K Monitor,4,41.68,166.72,Web,Mobile,Completed,1
2026-06-22 10:47:35,c2801,Singapore,-1.633,105.9704,Apparel,Denim Jacket,3,177.28,531.84,Web,Desktop,Completed,4
2026-06-22 10:49:57,c4855,United Kingdom,53.7573,-4.6418,Electronics,Bluetooth Speaker,2,155.43,310.86,Web,Tablet,Completed,1
2026-06-22 10:51:06,c5914,Canada,55.434,-103.4317,Apparel,Graphic T-Shirt,1,190.13,190.13,Affiliate,Mobile,Completed,3
2026-06-22 11:00:16,c4070,India,17.7271,78.4185,Books,Kids Picture Book,1,175.05,175.05,Affiliate,Mobile,Completed,4
2026-06-22 11:08:14,c3195,Germany,49.806,11.6427,Books,Sci-Fi Anthology,1,29.76,29.76,Marketplace,Tablet,Completed,5
2026-06-22 11:20:15,c6356,Brazil,-16.6344,-50.9602,Sports,Tennis Racket,2,162.49,324.98,Web,Tablet,Completed,4
2026-06-22 11:32:23,c9344,South Africa,-30.8512,20.9015,Electronics,4K Monitor,4,128.07,512.28,Affiliate,Desktop,Completed,5
2026-06-22 12:00:10,c9425,Brazil,-16.9815,-51.9226,Home,Throw Blanket,5,195.76,978.8,Web,Mobile,Completed,4
2026-06-22 12:16:30,c2292,South Africa,-29.2662,23.5369,Sports,Yoga Mat,3,191.52,574.56,Web,Desktop,Completed,3
2026-06-22 12:25:50,c2931,Germany,50.9421,8.398,Books,Cookbook,1,41.93,41.93,Affiliate,Desktop,Completed,1
2026-06-22 12:34:18,c2219,Japan,37.3919,141.1649,Beauty,Perfume,4,141.29,565.16,Marketplace,Mobile,Pending,3
2026-06-22 12:39:46,c9150,Brazil,-11.4204,-52.416,Sports,Dumbbell Set,3,82.19,246.57,Mobile App,Tablet,Completed,3
2026-06-22 13:14:16,c9053,Mexico,25.9587,-100.4465,Books,Mystery Novel,3,51.49,154.47,Affiliate,Tablet,Completed,1
2026-06-22 13:46:51,c5006,Brazil,-16.0039,-54.3281,Home,Cutting Board Set,2,118.24,236.48,Marketplace,Tablet,Completed,4
2026-06-22 14:15:31,c1187,United States,39.4864,-98.0422,Books,Cookbook,2,201.22,402.44,Mobile App,Desktop,Completed,5
2026-06-22 14:41:28,c2850,Canada,56.1313,-107.6715,Home,Throw Blanket,3,204.08,612.24,Mobile App,Desktop,Completed,3
2026-06-22 15:07:11,c1959,Germany,52.149,11.749,Beauty,Makeup Brush Kit,4,20.98,83.92,Mobile App,Tablet,Completed,5
2026-06-22 15:14:30,c1621,Singapore,1.7316,104.1987,Apparel,Winter Coat,3,45.22,135.66,Web,Desktop,Completed,4
2026-06-22 15:54:14,c2023,Australia,-24.4617,134.0381,Electronics,4K Monitor,5,33.54,167.7,Web,Desktop,Pending,4
2026-06-22 15:57:55,c2326,France,43.4263,1.7654,Home,Cutting Board Set,5,176.43,882.15,Marketplace,Tablet,Cancelled,5
2026-06-22 16:33:57,c4869,France,46.2014,1.5988,Apparel,Baseball Cap,2,94.74,189.48,Affiliate,Tablet,Completed,5
2026-06-22 16:36:12,c2898,Australia,-26.1035,134.4509,Electronics,4K Monitor,5,127.87,639.35,Mobile App,Desktop,Completed,5
2026-06-22 16:46:44,c1881,Singapore,0.8896,102.0797,Electronics,Bluetooth Speaker,5,160.21,801.05,Marketplace,Tablet,Completed,5
2026-06-22 17:22:21,c7807,Germany,48.7519,11.4299,Books,Cookbook,2,93.42,186.84,Marketplace,Tablet,Completed,5
2026-06-22 17:28:03,c6413,Australia,-27.9875,135.6268,Electronics,4K Monitor,2,48.15,96.3,Marketplace,Tablet,Cancelled,5
2026-06-22 18:02:34,c9972,India,17.6434,80.7309,Home,Throw Blanket,1,207.87,207.87,Affiliate,Mobile,Pending,5
2026-06-22 18:15:56,c9999,United States,35.8325,-93.7381,Beauty,Makeup Brush Kit,2,157.77,315.54,Web,Mobile,Cancelled,1
2026-06-22 18:23:02,c7315,Germany,49.7631,12.5056,Sports,Yoga Mat,5,120.97,604.85,Affiliate,Tablet,Pending,5
2026-06-22 18:47:06,c6890,Singapore,0.7548,103.8597,Beauty,Perfume,1,175.63,175.63,Web,Desktop,Completed,5
2026-06-22 18:57:45,c1210,India,22.2012,77.9138,Sports,Yoga Mat,1,26.1,26.1,Web,Desktop,Completed,5
2026-06-22 18:58:55,c4422,South Africa,-31.8902,23.8401,Beauty,Shampoo Bar,1,28.29,28.29,Affiliate,Desktop,Completed,4
2026-06-22 19:01:44,c2968,United States,40.0153,-95.3835,Home,Cutting Board Set,1,149.86,149.86,Web,Desktop,Completed,1
2026-06-22 19:23:07,c7099,Germany,52.6231,12.0395,Books,Business Guide,2,207.27,414.54,Marketplace,Mobile,Completed,2
2026-06-22 19:41:50,c7789,Japan,34.4644,140.9111,Beauty,Makeup Brush Kit,3,195.47,586.41,Marketplace,Desktop,Completed,1
2026-06-22 19:58:19,c6912,South Africa,-29.6626,23.8299,Home,Throw Blanket,2,122.41,244.82,Web,Desktop,Refunded,5
2026-06-22 20:13:24,c7926,Singapore,-0.0806,101.7791,Sports,Water Bottle,1,31.35,31.35,Affiliate,Mobile,Completed,5
2026-06-22 20:36:25,c1001,United States,34.5977,-97.9617,Home,Throw Blanket,2,97.69,195.38,Mobile App,Mobile,Completed,4
2026-06-22 20:43:13,c7102,France,46.6846,1.308,Beauty,Shampoo Bar,1,77.46,77.46,Web,Desktop,Refunded,4
2026-06-22 20:51:59,c2150,Australia,-25.2473,133.1962,Apparel,Winter Coat,5,98.25,491.25,Affiliate,Desktop,Completed,3
2026-06-22 20:52:36,c2854,Canada,57.5353,-109.2476,Books,Mystery Novel,3,54.66,163.98,Web,Mobile,Completed,4
2026-06-22 21:23:18,c8724,Australia,-24.9451,136.7037,Apparel,Denim Jacket,5,10.67,53.35,Web,Desktop,Completed,5
2026-06-22 21:24:16,c8979,Mexico,21.364,-101.0919,Sports,Tennis Racket,3,145.86,437.58,Marketplace,Tablet,Cancelled,2
2026-06-22 21:59:07,c4544,South Africa,-29.7603,21.5359,Electronics,Bluetooth Speaker,5,33.58,167.9,Web,Tablet,Completed,3
2026-06-22 22:05:36,c8254,United States,35.6642,-93.5713,Books,Mystery Novel,4,152.75,611.0,Web,Mobile,Completed,3
2026-06-22 22:35:56,c4256,Canada,56.2055,-105.2315,Books,Mystery Novel,1,189.0,189.0,Mobile App,Mobile,Completed,5
2026-06-22 22:55:06,c6380,Brazil,-11.7132,-50.1596,Electronics,Bluetooth Speaker,3,202.1,606.3,Marketplace,Mobile,Completed,1
2026-06-22 22:56:58,c4922,Singapore,0.4367,102.7829,Beauty,Shampoo Bar,3,60.35,181.05,Mobile App,Tablet,Completed,3
2026-06-22 23:08:15,c5803,Brazil,-13.0801,-51.212,Books,Cookbook,4,175.31,701.24,Affiliate,Mobile,Completed,4
2026-06-22 23:12:24,c2258,Canada,57.8071,-106.8587,Electronics,Wireless Headphones,1,148.87,148.87,Web,Desktop,Completed,3
2026-06-22 23:19:03,c3426,France,43.288,-0.3385,Beauty,Shampoo Bar,1,184.93,184.93,Affiliate,Desktop,Completed,5
2026-06-22 23:32:50,c8710,United Kingdom,58.1664,-3.9415,Beauty,Perfume,5,69.03,345.15,Mobile App,Desktop,Cancelled,5
2026-06-22 23:40:41,c5036,Canada,56.3308,-105.1523,Electronics,Mechanical Keyboard,4,108.67,434.68,Marketplace,Desktop,Completed,5
2026-06-23 00:18:15,c3868,Singapore,2.7611,102.8151,Electronics,Mechanical Keyboard,3,180.46,541.38,Affiliate,Tablet,Completed,3
2026-06-23 00:37:57,c8848,United States,36.0831,-97.5393,Sports,Dumbbell Set,4,191.44,765.76,Mobile App,Tablet,Completed,3
2026-06-23 01:02:35,c8867,France,48.9251,3.5658,Electronics,Bluetooth Speaker,1,206.14,206.14,Marketplace,Mobile,Completed,5
2026-06-23 01:05:43,c2677,France,48.1657,-0.5403,Beauty,Perfume,2,217.83,435.66,Mobile App,Mobile,Refunded,1
2026-06-23 01:46:38,c5852,Mexico,26.5621,-100.8618,Books,Mystery Novel,4,44.78,179.12,Marketplace,Desktop,Completed,5
2026-06-23 02:12:56,c6872,Mexico,26.3792,-104.7985,Electronics,4K Monitor,1,180.12,180.12,Web,Tablet,Completed,4
2026-06-23 02:12:58,c4168,Mexico,22.7454,-99.9838,Sports,Water Bottle,4,182.47,729.88,Web,Tablet,Completed,5
2026-06-23 02:29:12,c1343,United Kingdom,56.0155,-5.6813,Electronics,Bluetooth Speaker,2,194.3,388.6,Affiliate,Desktop,Completed,5
2026-06-23 02:52:24,c1027,Singapore,0.1505,101.661,Home,Desk Lamp,5,123.82,619.1,Affiliate,Desktop,Completed,2
2026-06-23 03:49:21,c6903,Japan,38.6025,135.5146,Beauty,Lip Balm Set,1,114.19,114.19,Marketplace,Desktop,Completed,5
2026-06-23 03:49:36,c6633,United Kingdom,52.6306,-3.0037,Books,Kids Picture Book,1,72.59,72.59,Mobile App,Mobile,Cancelled,3
2026-06-23 03:54:57,c4457,Singapore,3.118,105.4776,Apparel,Winter Coat,2,20.59,41.18,Affiliate,Desktop,Refunded,4
2026-06-23 04:11:44,c3470,Japan,35.0456,137.0934,Books,Business Guide,2,208.86,417.72,Web,Mobile,Completed,5
2026-06-23 04:55:23,c1601,United States,37.4151,-93.3786,Home,Cutting Board Set,3,37.89,113.67,Affiliate,Tablet,Completed,5
2026-06-23 05:19:03,c8668,Germany,50.7128,10.8121,Home,Coffee Maker,4,176.17,704.68,Affiliate,Tablet,Cancelled,5
2026-06-23 05:33:22,c1760,India,19.587,75.9624,Home,Air Purifier,4,15.9,63.6,Marketplace,Tablet,Completed,5
2026-06-23 06:06:14,c8485,Australia,-25.937,131.2394,Beauty,Perfume,1,44.42,44.42,Marketplace,Tablet,Completed,5
2026-06-23 06:09:52,c8031,Brazil,-15.6113,-49.2889,Home,Air Purifier,3,114.04,342.12,Mobile App,Tablet,Completed,5
2026-06-23 06:11:58,c5779,Japan,37.7682,135.2619,Electronics,Wireless Headphones,5,87.9,439.5,Affiliate,Mobile,Completed,2
2026-06-23 06:34:29,c1614,South Africa,-29.9887,22.3023,Books,Sci-Fi Anthology,1,194.29,194.29,Marketplace,Desktop,Cancelled,3
2026-06-23 06:46:54,c1564,Brazil,-12.3579,-50.4443,Home,Coffee Maker,5,100.63,503.15,Affiliate,Tablet,Completed,5
2026-06-23 07:02:49,c1721,Brazil,-14.0895,-54.3688,Home,Throw Blanket,2,183.56,367.12,Affiliate,Mobile,Refunded,4
2026-06-23 07:19:53,c6125,Singapore,4.3489,105.2624,Home,Cutting Board Set,3,148.69,446.07,Marketplace,Mobile,Completed,5
2026-06-23 07:35:58,c5903,India,22.349,79.1379,Beauty,Perfume,3,91.63,274.89,Marketplace,Desktop,Completed,3
2026-06-23 08:06:53,c5641,Singapore,1.7078,101.4343,Sports,Tennis Racket,3,65.46,196.38,Mobile App,Desktop,Completed,5
2026-06-23 08:56:07,c7720,Canada,53.641,-105.3885,Beauty,Makeup Brush Kit,2,204.22,408.44,Mobile App,Desktop,Completed,5
2026-06-23 08:58:27,c1127,Japan,34.5866,137.5248,Home,Coffee Maker,2,48.34,96.68,Web,Mobile,Completed,5
2026-06-23 09:15:52,c1044,United Kingdom,52.4263,-1.1044,Home,Air Purifier,4,16.83,67.32,Marketplace,Mobile,Cancelled,2
2026-06-23 10:19:43,c9602,United States,35.8132,-95.5366,Books,Business Guide,5,161.96,809.8,Affiliate,Tablet,Cancelled,5
2026-06-23 10:23:55,c3799,Mexico,25.3764,-102.48,Apparel,Winter Coat,4,17.31,69.24,Marketplace,Tablet,Refunded,3
2026-06-23 10:44:52,c6690,France,47.5546,-0.5271,Apparel,Winter Coat,3,197.02,591.06,Marketplace,Mobile,Completed,2
2026-06-23 11:32:52,c2527,South Africa,-29.9068,21.3758,Apparel,Graphic T-Shirt,1,125.08,125.08,Mobile App,Desktop,Completed,2
2026-06-23 11:42:30,c4596,Mexico,26.351,-101.2925,Apparel,Baseball Cap,3,156.26,468.78,Web,Tablet,Completed,4
2026-06-23 12:04:30,c8761,South Africa,-28.733,21.9193,Home,Cutting Board Set,2,139.2,278.4,Marketplace,Tablet,Pending,5
2026-06-23 12:31:49,c4337,Mexico,22.9133,-102.9037,Electronics,Bluetooth Speaker,5,181.8,909.0,Marketplace,Desktop,Completed,2
2026-06-23 13:14:34,c6882,United States,39.6729,-93.9249,Apparel,Winter Coat,4,93.15,372.6,Affiliate,Desktop,Completed,5
2026-06-23 13:16:16,c7545,South Africa,-33.5402,22.8169,Electronics,Bluetooth Speaker,3,128.06,384.18,Mobile App,Mobile,Completed,5
2026-06-23 13:33:16,c9672,France,45.9066,1.7874,Sports,Dumbbell Set,4,118.66,474.64,Mobile App,Mobile,Completed,5
2026-06-23 13:39:00,c3752,Mexico,24.6816,-100.6349,Books,Mystery Novel,2,166.72,333.44,Marketplace,Mobile,Completed,2
2026-06-23 13:39:45,c3370,United States,38.776,-94.8387,Books,Cookbook,5,144.08,720.4,Web,Mobile,Completed,4
2026-06-23 13:45:09,c3875,United Kingdom,57.5995,-3.0254,Books,Cookbook,2,147.89,295.78,Web,Tablet,Completed,2
2026-06-23 13:45:15,c3621,France,49.1815,0.9136,Electronics,Bluetooth Speaker,3,118.52,355.56,Web,Desktop,Refunded,4
2026-06-23 13:53:56,c5654,Singapore,0.8911,102.9477,Electronics,Smart Watch,2,45.53,91.06,Mobile App,Mobile,Completed,5
2026-06-23 14:08:27,c2340,Australia,-27.7013,136.1063,Beauty,Lip Balm Set,4,94.68,378.72,Affiliate,Mobile,Cancelled,3
2026-06-23 14:20:52,c6925,Mexico,23.3865,-104.801,Books,Mystery Novel,3,183.83,551.49,Mobile App,Tablet,Completed,4
2026-06-23 14:38:28,c1566,Brazil,-14.1176,-49.9948,Electronics,Bluetooth Speaker,1,148.88,148.88,Affiliate,Mobile,Refunded,3
2026-06-23 15:08:41,c5369,India,21.8337,76.754,Home,Throw Blanket,2,111.63,223.26,Web,Mobile,Cancelled,2
2026-06-23 15:45:32,c2066,Brazil,-12.1312,-53.0105,Sports,Water Bottle,5,35.67,178.35,Affiliate,Tablet,Completed,1
2026-06-23 16:00:33,c8141,United Kingdom,57.9381,-3.6871,Home,Desk Lamp,5,42.48,212.4,Affiliate,Mobile,Refunded,5
2026-06-23 16:03:44,c7494,Australia,-25.4253,135.1329,Electronics,Bluetooth Speaker,3,208.8,626.4,Mobile App,Mobile,Completed,2
2026-06-23 16:39:33,c2040,Mexico,22.3404,-100.2605,Apparel,Baseball Cap,2,115.32,230.64,Web,Tablet,Pending,3
2026-06-23 16:40:11,c7215,United Kingdom,52.977,-0.7505,Home,Air Purifier,4,209.47,837.88,Web,Desktop,Completed,5
2026-06-23 17:06:35,c2876,India,19.8797,81.9367,Sports,Tennis Racket,1,152.22,152.22,Marketplace,Tablet,Completed,4
2026-06-23 17:51:10,c6618,India,19.8614,76.5375,Sports,Tennis Racket,3,126.91,380.73,Mobile App,Mobile,Completed,2
2026-06-23 17:51:13,c5749,Germany,48.536,10.2561,Beauty,Shampoo Bar,4,77.73,310.92,Mobile App,Mobile,Completed,2
2026-06-23 18:07:43,c3534,Japan,38.3343,135.3802,Beauty,Lip Balm Set,5,125.94,629.7,Web,Desktop,Completed,3
2026-06-23 18:16:36,c8999,United Kingdom,57.7779,-5.1875,Books,Business Guide,2,196.91,393.82,Marketplace,Tablet,Completed,2
2026-06-23 18:50:00,c8897,Brazil,-11.9748,-53.5079,Home,Throw Blanket,1,171.84,171.84,Web,Mobile,Completed,4
2026-06-23 19:09:52,c9180,Australia,-23.1089,131.9051,Electronics,4K Monitor,1,15.95,15.95,Marketplace,Tablet,Pending,5
2026-06-23 19:12:51,c7941,Brazil,-15.3688,-51.4993,Sports,Dumbbell Set,5,29.2,146.0,Mobile App,Desktop,Completed,4
2026-06-23 19:15:03,c1260,United States,35.5737,-93.1162,Books,Sci-Fi Anthology,3,184.75,554.25,Web,Mobile,Completed,5
2026-06-23 19:48:33,c3167,India,18.303,81.2825,Home,Air Purifier,4,36.85,147.4,Mobile App,Desktop,Pending,5
2026-06-23 19:52:28,c7211,France,45.0857,1.6604,Books,Sci-Fi Anthology,2,48.67,97.34,Mobile App,Tablet,Completed,5
2026-06-23 20:00:50,c4451,India,22.1094,77.3519,Sports,Yoga Mat,5,66.57,332.85,Web,Tablet,Completed,5
2026-06-23 20:58:16,c5874,South Africa,-32.6352,20.5872,Apparel,Graphic T-Shirt,1,86.18,86.18,Web,Tablet,Completed,5
2026-06-23 21:12:15,c4831,Singapore,-0.5405,103.6837,Sports,Camping Tent,1,51.13,51.13,Affiliate,Tablet,Completed,3
2026-06-23 21:31:14,c6734,Canada,57.6803,-109.1093,Apparel,Denim Jacket,1,61.34,61.34,Mobile App,Mobile,Completed,3
2026-06-23 21:37:03,c6698,United States,35.1878,-97.561,Apparel,Graphic T-Shirt,3,133.75,401.25,Web,Tablet,Completed,5
2026-06-23 21:39:23,c6434,Mexico,20.9661,-102.4236,Sports,Tennis Racket,5,11.97,59.85,Marketplace,Desktop,Pending,4
2026-06-23 21:52:00,c3893,United States,38.1477,-98.404,Electronics,Smart Watch,3,13.95,41.85,Web,Mobile,Completed,5
2026-06-23 22:09:19,c7520,Canada,58.0021,-108.3117,Home,Cutting Board Set,5,201.55,1007.75,Web,Tablet,Completed,4
2026-06-23 22:38:05,c3189,France,45.722,4.9603,Apparel,Winter Coat,3,169.66,508.98,Affiliate,Mobile,Completed,4
2026-06-23 22:58:01,c7444,Brazil,-16.2175,-51.4969,Books,Cookbook,4,48.84,195.36,Web,Tablet,Completed,5
2026-06-23 23:13:14,c5015,Australia,-23.3013,134.4101,Books,Sci-Fi Anthology,3,14.98,44.94,Affiliate,Mobile,Completed,3
2026-06-23 23:24:53,c2808,United Kingdom,53.0923,-4.8579,Home,Air Purifier,4,103.24,412.96,Mobile App,Mobile,Completed,5
2026-06-23 23:36:11,c5578,Singapore,-1.5118,101.3491,Electronics,4K Monitor,4,9.93,39.72,Affiliate,Tablet,Completed,5
2026-06-23 23:42:32,c2150,France,43.4362,2.9184,Sports,Yoga Mat,5,144.68,723.4,Affiliate,Tablet,Completed,5
2026-06-24 00:04:26,c8798,United Kingdom,54.7324,-1.3326,Sports,Yoga Mat,4,39.81,159.24,Web,Tablet,Completed,2
2026-06-24 00:05:06,c9040,United States,37.389,-98.5648,Home,Desk Lamp,2,28.44,56.88,Mobile App,Desktop,Completed,4
2026-06-24 00:24:34,c6092,Mexico,26.2088,-103.2235,Beauty,Perfume,3,189.22,567.66,Mobile App,Tablet,Pending,5
2026-06-24 01:08:23,c9452,United Kingdom,56.7688,-3.1375,Electronics,4K Monitor,3,38.94,116.82,Marketplace,Mobile,Completed,1
2026-06-24 01:54:14,c4847,Mexico,23.1697,-101.9668,Electronics,Wireless Headphones,1,19.05,19.05,Affiliate,Mobile,Pending,1
2026-06-24 02:11:00,c9501,Germany,53.9921,9.9054,Books,Mystery Novel,1,80.56,80.56,Marketplace,Tablet,Completed,1
2026-06-24 02:37:36,c7929,Mexico,25.8393,-100.717,Electronics,Bluetooth Speaker,5,200.55,1002.75,Affiliate,Desktop,Completed,3
2026-06-24 03:02:57,c7746,Canada,57.5976,-107.7914,Home,Cutting Board Set,3,80.96,242.88,Web,Mobile,Refunded,4
2026-06-24 03:13:15,c6672,Canada,57.7119,-108.8931,Beauty,Perfume,2,194.8,389.6,Marketplace,Tablet,Cancelled,4
2026-06-24 03:32:02,c6053,Singapore,1.0372,103.843,Apparel,Running Shoes,5,217.34,1086.7,Mobile App,Tablet,Completed,4
2026-06-24 04:02:31,c2132,South Africa,-33.3279,20.5656,Books,Business Guide,5,189.01,945.05,Marketplace,Tablet,Completed,4
2026-06-24 04:03:07,c9379,Australia,-23.7008,131.9035,Books,Cookbook,5,122.72,613.6,Mobile App,Tablet,Completed,3
2026-06-24 04:23:35,c4522,Brazil,-17.0979,-52.365,Books,Sci-Fi Anthology,5,164.67,823.35,Affiliate,Mobile,Completed,4
2026-06-24 04:40:37,c6864,Japan,38.4838,139.7953,Sports,Water Bottle,4,83.11,332.44,Web,Desktop,Completed,4
2026-06-24 04:51:12,c4400,South Africa,-30.6357,24.1135,Sports,Yoga Mat,1,85.12,85.12,Mobile App,Mobile,Completed,4
2026-06-24 06:13:03,c7781,India,22.3771,77.3954,Sports,Dumbbell Set,1,56.42,56.42,Web,Tablet,Cancelled,5
2026-06-24 06:33:18,c8809,United Kingdom,58.099,-5.412,Sports,Camping Tent,1,197.92,197.92,Mobile App,Desktop,Completed,2
2026-06-24 07:58:09,c1685,Germany,48.9645,8.1503,Beauty,Perfume,2,193.28,386.56,Marketplace,Desktop,Refunded,1
2026-06-24 08:32:33,c4798,Mexico,22.0935,-104.5033,Apparel,Graphic T-Shirt,4,211.19,844.76,Affiliate,Tablet,Completed,5
2026-06-24 08:44:22,c1420,United Kingdom,53.7213,-0.4914,Sports,Yoga Mat,4,86.28,345.12,Affiliate,Tablet,Completed,5
2026-06-24 09:14:45,c6952,Brazil,-12.2881,-50.0305,Books,Sci-Fi Anthology,5,135.19,675.95,Affiliate,Desktop,Completed,4
2026-06-24 09:14:45,c6114,Singapore,3.4412,101.4455,Beauty,Shampoo Bar,5,16.59,82.95,Marketplace,Mobile,Completed,3
2026-06-24 10:27:27,c7157,South Africa,-31.9655,25.9238,Beauty,Perfume,5,185.53,927.65,Affiliate,Desktop,Completed,2
2026-06-24 10:34:54,c9459,France,47.8379,2.309,Electronics,Smart Watch,2,127.5,255.0,Web,Mobile,Cancelled,1
2026-06-24 11:01:29,c2687,Germany,48.4208,10.7236,Sports,Camping Tent,1,147.24,147.24,Affiliate,Tablet,Completed,4
2026-06-24 11:29:11,c4319,Singapore,2.7259,103.0236,Books,Sci-Fi Anthology,5,144.02,720.1,Web,Tablet,Completed,4
2026-06-24 12:43:02,c4476,Mexico,22.6032,-102.7577,Home,Desk Lamp,1,89.75,89.75,Mobile App,Desktop,Completed,2
2026-06-24 14:48:27,c1854,Australia,-24.8111,131.7592,Apparel,Running Shoes,3,16.77,50.31,Mobile App,Mobile,Refunded,2
2026-06-24 15:00:19,c7462,Mexico,23.3841,-104.4636,Electronics,4K Monitor,2,78.45,156.9,Affiliate,Desktop,Refunded,3
2026-06-24 15:13:07,c4625,Brazil,-14.5256,-52.7326,Apparel,Running Shoes,2,87.77,175.54,Web,Desktop,Completed,5
2026-06-24 15:33:19,c5531,Canada,56.02,-106.3742,Sports,Tennis Racket,2,153.85,307.7,Marketplace,Tablet,Completed,2
2026-06-24 15:39:31,c8447,Brazil,-15.7506,-49.7912,Home,Coffee Maker,1,189.26,189.26,Web,Mobile,Completed,5
2026-06-24 16:10:46,c9990,Australia,-23.5964,136.0981,Home,Throw Blanket,3,95.84,287.52,Web,Mobile,Cancelled,4
2026-06-24 16:21:15,c8098,Singapore,-0.3067,101.4988,Books,Cookbook,3,173.89,521.67,Mobile App,Tablet,Completed,4
2026-06-24 16:37:12,c9117,Singapore,2.3166,101.2183,Books,Cookbook,5,163.55,817.75,Mobile App,Desktop,Completed,5
2026-06-24 17:04:23,c6152,Australia,-27.9906,131.2261,Home,Cutting Board Set,1,46.02,46.02,Web,Desktop,Completed,5
2026-06-24 17:49:07,c7382,France,47.8508,2.5493,Apparel,Baseball Cap,4,70.98,283.92,Web,Desktop,Refunded,5
2026-06-24 18:01:03,c1897,Australia,-23.5868,135.4376,Books,Business Guide,5,211.65,1058.25,Affiliate,Tablet,Completed,5
2026-06-24 18:15:59,c8730,South Africa,-31.1483,24.9915,Sports,Water Bottle,3,28.37,85.11,Mobile App,Desktop,Completed,5
2026-06-24 18:24:08,c6595,Singapore,-0.9536,106.1148,Apparel,Running Shoes,4,100.37,401.48,Mobile App,Tablet,Completed,2
2026-06-24 19:17:20,c7513,United Kingdom,56.1501,-1.7222,Home,Throw Blanket,1,68.82,68.82,Web,Desktop,Completed,3
2026-06-24 19:20:42,c1479,United Kingdom,55.123,-5.1496,Books,Cookbook,5,212.92,1064.6,Marketplace,Desktop,Completed,4
2026-06-24 20:23:58,c8155,South Africa,-31.4271,21.473,Home,Coffee Maker,5,130.44,652.2,Mobile App,Desktop,Completed,4
2026-06-24 20:27:21,c5304,Canada,54.0663,-108.0881,Electronics,Smart Watch,4,179.72,718.88,Web,Desktop,Pending,3
2026-06-24 21:28:58,c9982,India,22.1657,79.8553,Electronics,4K Monitor,5,219.54,1097.7,Affiliate,Tablet,Completed,1
2026-06-24 21:41:37,c5277,Japan,35.677,135.807,Sports,Yoga Mat,5,207.37,1036.85,Marketplace,Desktop,Completed,2
2026-06-24 21:48:41,c2836,France,46.6671,2.143,Electronics,Mechanical Keyboard,1,99.95,99.95,Affiliate,Desktop,Completed,5
2026-06-24 21:53:03,c7433,Japan,36.6819,137.4887,Sports,Water Bottle,3,19.35,58.05,Mobile App,Mobile,Completed,5
2026-06-24 21:57:48,c8148,India,22.9,81.9148,Electronics,Smart Watch,2,49.18,98.36,Marketplace,Tablet,Completed,5
2026-06-24 22:42:28,c2293,Brazil,-14.991,-54.0566,Sports,Camping Tent,2,44.04,88.08,Affiliate,Tablet,Completed,5
2026-06-24 23:08:48,c6968,Australia,-22.647,133.9763,Sports,Camping Tent,1,118.72,118.72,Affiliate,Desktop,Completed,4
2026-06-24 23:19:18,c5387,Singapore,1.8874,105.2248,Beauty,Makeup Brush Kit,1,54.58,54.58,Affiliate,Mobile,Completed,4
2026-06-24 23:23:15,c9685,France,43.2701,0.2635,Electronics,4K Monitor,1,211.89,211.89,Web,Tablet,Completed,1
2026-06-24 23:42:28,c6601,India,18.6835,80.6092,Home,Coffee Maker,2,199.16,398.32,Web,Tablet,Completed,5
2026-06-25 00:30:09,c2582,United Kingdom,54.7341,-1.2495,Apparel,Denim Jacket,4,61.76,247.04,Web,Tablet,Completed,5
2026-06-25 01:18:22,c4804,United States,38.6647,-95.0381,Home,Cutting Board Set,5,56.95,284.75,Mobile App,Tablet,Completed,2
2026-06-25 02:25:22,c6411,India,17.9231,81.7471,Electronics,Wireless Headphones,4,150.29,601.16,Marketplace,Mobile,Completed,3
2026-06-25 02:28:48,c1434,Mexico,26.1837,-103.3058,Apparel,Denim Jacket,1,109.77,109.77,Mobile App,Tablet,Completed,4
2026-06-25 03:03:57,c2467,Mexico,25.9039,-100.1057,Apparel,Denim Jacket,4,22.55,90.2,Mobile App,Desktop,Completed,4
2026-06-25 03:14:48,c9663,United States,36.1443,-96.5276,Sports,Water Bottle,1,84.67,84.67,Marketplace,Desktop,Completed,5
2026-06-25 03:38:27,c1507,Australia,-24.3448,132.5663,Books,Sci-Fi Anthology,1,154.15,154.15,Marketplace,Desktop,Completed,4
2026-06-25 03:44:08,c9496,Singapore,1.2496,103.4537,Sports,Water Bottle,2,95.41,190.82,Affiliate,Tablet,Completed,5
2026-06-25 03:56:16,c9297,United States,38.0147,-96.9526,Books,Cookbook,1,141.42,141.42,Mobile App,Mobile,Completed,4
2026-06-25 04:02:18,c4675,Canada,56.5505,-106.7075,Apparel,Running Shoes,1,77.67,77.67,Mobile App,Desktop,Completed,3
2026-06-25 04:06:29,c9199,Japan,37.7779,139.1593,Apparel,Graphic T-Shirt,4,102.55,410.2,Mobile App,Desktop,Completed,3
2026-06-25 04:08:24,c4076,United States,37.4637,-96.4872,Books,Sci-Fi Anthology,1,32.11,32.11,Mobile App,Mobile,Completed,2
2026-06-25 04:26:12,c6954,Germany,52.5098,8.6855,Apparel,Denim Jacket,2,208.98,417.96,Affiliate,Tablet,Refunded,5
2026-06-25 04:27:28,c3246,Japan,39.1979,135.8333,Beauty,Perfume,3,96.62,289.86,Web,Desktop,Cancelled,4
2026-06-25 04:33:49,c3929,South Africa,-28.6984,23.588,Electronics,Mechanical Keyboard,3,185.23,555.69,Affiliate,Mobile,Completed,1
2026-06-25 06:17:34,c3988,Germany,50.3615,7.924,Electronics,Wireless Headphones,4,39.74,158.96,Affiliate,Tablet,Completed,4
2026-06-25 06:43:32,c9451,Mexico,21.9436,-101.0863,Apparel,Denim Jacket,4,164.19,656.76,Marketplace,Tablet,Completed,1
2026-06-25 07:18:04,c2365,India,21.3279,80.1346,Apparel,Denim Jacket,3,8.84,26.52,Affiliate,Desktop,Completed,4
2026-06-25 07:23:57,c3955,Canada,54.2191,-108.2398,Apparel,Denim Jacket,4,207.99,831.96,Marketplace,Desktop,Completed,3
2026-06-25 07:25:19,c9791,Mexico,25.167,-100.0453,Sports,Yoga Mat,2,44.7,89.4,Marketplace,Tablet,Completed,4
2026-06-25 07:33:37,c1558,United States,38.8586,-94.6455,Electronics,Bluetooth Speaker,4,112.24,448.96,Marketplace,Desktop,Cancelled,5
2026-06-25 08:17:41,c1416,Brazil,-11.4757,-52.8862,Home,Cutting Board Set,3,214.97,644.91,Marketplace,Mobile,Refunded,4
2026-06-25 08:26:42,c4683,United Kingdom,57.4501,-2.0223,Home,Cutting Board Set,1,76.65,76.65,Affiliate,Desktop,Completed,3
2026-06-25 08:59:06,c2260,United States,39.8784,-93.9739,Beauty,Perfume,5,111.56,557.8,Web,Tablet,Completed,5
2026-06-25 09:13:18,c1638,France,46.6499,4.5632,Home,Cutting Board Set,4,201.25,805.0,Web,Mobile,Completed,3
2026-06-25 09:33:31,c6325,Germany,51.8282,10.4702,Electronics,Bluetooth Speaker,4,208.44,833.76,Mobile App,Desktop,Completed,5
2026-06-25 09:41:06,c9267,Singapore,-0.3012,101.0395,Beauty,Face Serum,5,57.73,288.65,Marketplace,Tablet,Completed,5
2026-06-25 10:29:01,c2914,United States,36.1249,-96.4586,Sports,Dumbbell Set,5,90.59,452.95,Marketplace,Tablet,Refunded,1
2026-06-25 10:34:05,c3854,Japan,36.1097,140.9653,Books,Business Guide,3,60.63,181.89,Marketplace,Mobile,Completed,4
2026-06-25 11:20:02,c3303,India,20.3069,78.7081,Electronics,Smart Watch,3,69.57,208.71,Mobile App,Desktop,Pending,4
2026-06-25 11:30:44,c2040,India,20.4951,79.8276,Books,Sci-Fi Anthology,2,29.08,58.16,Mobile App,Mobile,Completed,1
2026-06-25 11:33:39,c3410,Brazil,-15.4238,-52.0214,Books,Kids Picture Book,2,154.14,308.28,Web,Mobile,Cancelled,3
2026-06-25 12:03:22,c1335,South Africa,-29.3745,22.6535,Electronics,Smart Watch,3,84.22,252.66,Affiliate,Mobile,Completed,5
2026-06-25 12:23:06,c7730,Canada,58.7271,-104.1324,Beauty,Shampoo Bar,4,57.52,230.08,Web,Mobile,Completed,5
2026-06-25 12:33:21,c3505,Singapore,0.8009,101.423,Sports,Camping Tent,3,215.37,646.11,Marketplace,Desktop,Completed,4
2026-06-25 12:37:05,c4651,Canada,58.1073,-106.8465,Books,Kids Picture Book,2,203.69,407.38,Affiliate,Mobile,Completed,1
2026-06-25 12:37:07,c1145,India,21.2333,77.2015,Electronics,4K Monitor,2,133.53,267.06,Affiliate,Tablet,Completed,4
2026-06-25 12:57:11,c8950,United States,38.9944,-95.6555,Apparel,Winter Coat,1,110.9,110.9,Affiliate,Tablet,Completed,3
2026-06-25 13:00:30,c4724,India,21.6694,81.2159,Sports,Tennis Racket,5,72.88,364.4,Affiliate,Desktop,Completed,2
2026-06-25 13:20:47,c3560,Singapore,2.4001,104.7805,Beauty,Makeup Brush Kit,4,108.89,435.56,Web,Mobile,Completed,5
2026-06-25 13:30:54,c8460,South Africa,-31.8537,23.9055,Beauty,Makeup Brush Kit,5,45.61,228.05,Marketplace,Desktop,Completed,4
2026-06-25 13:42:09,c5306,Singapore,2.029,101.5279,Beauty,Shampoo Bar,3,97.15,291.45,Web,Desktop,Completed,2
2026-06-25 14:24:04,c4951,Canada,53.9741,-106.1493,Sports,Dumbbell Set,1,71.75,71.75,Mobile App,Desktop,Completed,5
2026-06-25 15:02:08,c1182,Germany,48.3529,8.6113,Home,Air Purifier,1,166.1,166.1,Marketplace,Tablet,Completed,5
2026-06-25 15:07:02,c7671,South Africa,-31.0924,24.4753,Sports,Tennis Racket,2,168.85,337.7,Web,Tablet,Completed,5
2026-06-25 15:59:22,c5010,Singapore,0.9338,103.2912,Home,Air Purifier,5,67.26,336.3,Marketplace,Mobile,Completed,2
2026-06-25 16:05:06,c3509,Mexico,21.8673,-99.9989,Home,Cutting Board Set,1,30.7,30.7,Marketplace,Mobile,Completed,3
2026-06-25 16:23:30,c2550,Australia,-26.7777,131.0466,Apparel,Baseball Cap,2,179.99,359.98,Web,Desktop,Pending,5
2026-06-25 16:38:22,c4181,United States,39.3311,-93.1502,Apparel,Baseball Cap,3,110.79,332.37,Marketplace,Tablet,Completed,4
2026-06-25 17:18:55,c3077,India,23.1588,77.8298,Electronics,Bluetooth Speaker,3,172.27,516.81,Marketplace,Desktop,Completed,5
2026-06-25 17:20:54,c4161,India,18.1394,79.6342,Beauty,Shampoo Bar,5,99.37,496.85,Affiliate,Mobile,Completed,4
2026-06-25 17:27:21,c6824,Singapore,-0.4974,105.5072,Home,Air Purifier,1,29.39,29.39,Web,Tablet,Completed,5
2026-06-25 17:44:59,c1430,United Kingdom,54.4807,-3.1024,Electronics,Mechanical Keyboard,2,179.13,358.26,Marketplace,Desktop,Completed,4
2026-06-25 17:54:37,c2077,Mexico,24.0075,-101.3504,Beauty,Lip Balm Set,1,74.79,74.79,Marketplace,Desktop,Completed,1
2026-06-25 17:58:44,c4850,United Kingdom,57.7905,-5.6017,Sports,Dumbbell Set,3,86.75,260.25,Web,Tablet,Completed,3
2026-06-25 19:13:27,c3134,United Kingdom,53.6119,-1.2693,Home,Cutting Board Set,4,184.66,738.64,Affiliate,Desktop,Cancelled,5
2026-06-25 19:39:45,c4289,Mexico,22.0196,-105.1008,Beauty,Face Serum,2,60.07,120.14,Mobile App,Desktop,Completed,5
2026-06-25 19:39:46,c7559,Germany,51.4224,9.6026,Beauty,Makeup Brush Kit,4,199.03,796.12,Mobile App,Desktop,Completed,1
2026-06-25 20:00:29,c6185,Mexico,24.7138,-100.9346,Beauty,Perfume,2,39.94,79.88,Affiliate,Desktop,Refunded,3
2026-06-25 20:06:59,c1605,Australia,-22.44,132.8287,Sports,Water Bottle,5,175.54,877.7,Web,Desktop,Completed,5
2026-06-25 20:13:27,c7140,France,47.9913,1.7328,Books,Sci-Fi Anthology,1,13.55,13.55,Affiliate,Tablet,Completed,5
2026-06-25 20:26:27,c8076,United States,38.1318,-92.7258,Books,Kids Picture Book,5,27.1,135.5,Marketplace,Mobile,Completed,5
2026-06-25 20:26:35,c1528,Canada,56.7827,-105.3016,Electronics,Bluetooth Speaker,3,95.43,286.29,Affiliate,Tablet,Completed,5
2026-06-25 20:35:52,c7371,United States,37.2653,-93.9782,Home,Throw Blanket,1,158.92,158.92,Marketplace,Desktop,Completed,5
2026-06-25 20:44:00,c4976,France,47.1418,2.4866,Home,Desk Lamp,4,91.94,367.76,Web,Tablet,Cancelled,1
2026-06-25 20:54:25,c7570,Canada,55.9794,-108.5301,Electronics,Smart Watch,2,180.57,361.14,Mobile App,Mobile,Completed,5
2026-06-25 21:20:14,c3171,United Kingdom,57.5585,-4.2795,Electronics,Wireless Headphones,3,65.91,197.73,Marketplace,Desktop,Refunded,5
2026-06-25 21:24:57,c2307,South Africa,-31.1926,24.4168,Electronics,Wireless Headphones,2,174.9,349.8,Web,Desktop,Cancelled,3
2026-06-25 21:26:59,c2373,India,17.9114,80.93,Apparel,Running Shoes,5,20.29,101.45,Mobile App,Mobile,Cancelled,4
2026-06-25 21:47:05,c4685,Singapore,0.3874,102.2617,Apparel,Winter Coat,2,88.73,177.46,Marketplace,Desktop,Completed,2
2026-06-26 00:41:13,c2116,France,48.4967,0.5104,Sports,Water Bottle,1,68.6,68.6,Web,Mobile,Completed,4
2026-06-26 00:44:56,c7021,Germany,48.7619,8.6974,Home,Throw Blanket,3,127.08,381.24,Affiliate,Mobile,Completed,2
2026-06-26 01:04:53,c2982,Japan,38.0934,141.0189,Beauty,Perfume,5,48.19,240.95,Marketplace,Desktop,Completed,3
2026-06-26 01:14:38,c2722,Mexico,22.1085,-100.5274,Sports,Camping Tent,5,34.85,174.25,Marketplace,Tablet,Completed,1
2026-06-26 01:56:48,c9569,Brazil,-17.1151,-53.3161,Home,Coffee Maker,3,42.57,127.71,Marketplace,Tablet,Completed,5
2026-06-26 02:02:53,c9851,Mexico,26.4598,-100.6812,Apparel,Baseball Cap,2,204.39,408.78,Marketplace,Tablet,Refunded,4
2026-06-26 02:28:17,c5562,Mexico,25.4111,-99.692,Electronics,Wireless Headphones,4,211.43,845.72,Mobile App,Desktop,Completed,3
2026-06-26 02:33:07,c6895,India,22.0031,78.9668,Books,Sci-Fi Anthology,4,116.97,467.88,Mobile App,Tablet,Refunded,5
2026-06-26 03:02:49,c4111,Singapore,1.5029,106.7317,Electronics,Smart Watch,3,30.97,92.91,Marketplace,Desktop,Completed,2
2026-06-26 03:07:19,c5699,France,48.4661,4.2649,Electronics,Mechanical Keyboard,3,63.56,190.68,Mobile App,Desktop,Completed,3
2026-06-26 03:09:58,c5780,Mexico,25.3401,-103.9873,Beauty,Perfume,2,129.45,258.9,Web,Mobile,Completed,3
2026-06-26 05:04:15,c9314,Brazil,-12.0803,-49.0125,Apparel,Baseball Cap,2,28.48,56.96,Affiliate,Tablet,Completed,4
2026-06-26 05:25:23,c1668,Singapore,-0.9733,102.53,Apparel,Winter Coat,5,199.44,997.2,Mobile App,Mobile,Completed,4
2026-06-26 05:40:43,c6855,France,45.5249,0.5008,Books,Sci-Fi Anthology,3,83.02,249.06,Mobile App,Tablet,Completed,5
2026-06-26 05:49:09,c5066,United Kingdom,57.7149,-4.6667,Sports,Tennis Racket,4,143.0,572.0,Mobile App,Mobile,Completed,4
2026-06-26 06:27:42,c1474,Canada,56.1914,-107.1056,Beauty,Face Serum,3,33.46,100.38,Marketplace,Tablet,Completed,1
2026-06-26 06:30:45,c1176,France,46.6732,0.337,Sports,Dumbbell Set,4,106.48,425.92,Affiliate,Mobile,Completed,5
2026-06-26 07:00:43,c6667,India,21.1748,81.5072,Electronics,Wireless Headphones,1,172.62,172.62,Marketplace,Desktop,Refunded,1
2026-06-26 07:14:35,c4734,United Kingdom,56.3076,-5.3345,Sports,Camping Tent,3,16.89,50.67,Web,Tablet,Pending,4
2026-06-26 07:30:39,c5111,Germany,52.4615,11.5781,Beauty,Perfume,4,211.22,844.88,Affiliate,Mobile,Completed,3
2026-06-26 07:43:32,c3089,India,20.1579,77.9975,Beauty,Shampoo Bar,2,177.31,354.62,Marketplace,Desktop,Completed,1
2026-06-26 07:46:56,c7451,Singapore,-1.0805,106.6204,Apparel,Graphic T-Shirt,5,97.43,487.15,Web,Mobile,Completed,5
2026-06-26 07:51:56,c7722,Canada,57.0671,-105.2499,Electronics,Smart Watch,4,214.54,858.16,Mobile App,Tablet,Completed,4
2026-06-26 07:53:39,c2692,Germany,50.3241,12.8625,Electronics,Bluetooth Speaker,4,48.94,195.76,Mobile App,Mobile,Completed,1
2026-06-26 08:22:50,c1342,Singapore,-1.1609,102.4236,Books,Sci-Fi Anthology,4,84.71,338.84,Marketplace,Desktop,Completed,3
2026-06-26 08:35:19,c1834,Australia,-26.2473,131.1666,Home,Throw Blanket,3,83.29,249.87,Web,Desktop,Completed,1
2026-06-26 11:09:44,c8977,India,21.4196,76.1523,Beauty,Perfume,5,134.63,673.15,Mobile App,Desktop,Completed,4
2026-06-26 11:15:58,c8501,Australia,-22.6406,134.6205,Beauty,Face Serum,4,150.72,602.88,Affiliate,Mobile,Completed,4
2026-06-26 11:46:02,c9315,India,19.8575,80.0521,Home,Air Purifier,1,186.66,186.66,Web,Tablet,Completed,4
2026-06-26 11:48:05,c5853,Germany,53.9259,9.3866,Electronics,4K Monitor,3,200.67,602.01,Mobile App,Mobile,Completed,2
2026-06-26 12:01:22,c8712,Singapore,-0.9798,101.9783,Beauty,Perfume,3,12.6,37.8,Mobile App,Mobile,Completed,5
2026-06-26 12:15:07,c1477,Canada,54.9212,-104.1589,Electronics,4K Monitor,5,54.25,271.25,Marketplace,Desktop,Refunded,4
2026-06-26 12:25:17,c3448,Germany,49.8852,10.2063,Home,Desk Lamp,1,141.08,141.08,Mobile App,Desktop,Completed,2
2026-06-26 12:50:20,c3624,Canada,56.1662,-108.1001,Electronics,Mechanical Keyboard,4,85.6,342.4,Mobile App,Tablet,Completed,2
2026-06-26 12:54:13,c2218,Japan,38.0754,137.6951,Electronics,Wireless Headphones,5,129.92,649.6,Web,Tablet,Refunded,1
2026-06-26 12:54:46,c2228,Germany,49.3588,9.8535,Beauty,Face Serum,5,62.87,314.35,Web,Desktop,Completed,5
2026-06-26 13:08:15,c4103,Brazil,-16.63,-51.4328,Electronics,Mechanical Keyboard,3,77.3,231.9,Affiliate,Desktop,Completed,1
2026-06-26 13:09:18,c6718,France,43.37,3.9203,Home,Throw Blanket,3,20.91,62.73,Mobile App,Mobile,Completed,4
2026-06-26 14:02:41,c1362,South Africa,-28.3679,23.8593,Books,Mystery Novel,1,37.62,37.62,Marketplace,Desktop,Completed,5
2026-06-26 14:09:34,c9769,United States,34.7333,-95.5418,Electronics,4K Monitor,4,23.33,93.32,Marketplace,Desktop,Completed,4
2026-06-26 14:14:52,c2849,South Africa,-29.4466,23.8425,Apparel,Baseball Cap,5,65.31,326.55,Marketplace,Desktop,Completed,2
2026-06-26 14:14:58,c9105,Brazil,-14.2755,-49.5143,Apparel,Denim Jacket,1,201.66,201.66,Web,Mobile,Completed,5
2026-06-26 14:20:48,c4558,Mexico,24.7696,-105.1627,Apparel,Denim Jacket,5,127.83,639.15,Web,Tablet,Completed,1
2026-06-26 15:29:37,c5553,Brazil,-16.6851,-54.5998,Beauty,Shampoo Bar,5,55.09,275.45,Mobile App,Desktop,Completed,5
2026-06-26 15:42:10,c3579,United States,40.0762,-92.9881,Beauty,Makeup Brush Kit,2,60.54,121.08,Affiliate,Desktop,Completed,5
2026-06-26 16:14:26,c7397,Japan,35.1928,139.8635,Apparel,Graphic T-Shirt,2,157.14,314.28,Mobile App,Tablet,Completed,5
2026-06-26 16:25:54,c2381,Australia,-22.6111,134.9146,Books,Cookbook,3,36.75,110.25,Web,Mobile,Cancelled,4
2026-06-26 16:37:59,c4082,United States,36.1099,-95.1596,Apparel,Running Shoes,5,67.06,335.3,Marketplace,Mobile,Completed,2
2026-06-26 16:39:13,c4992,India,19.7287,79.6566,Home,Coffee Maker,4,166.34,665.36,Marketplace,Desktop,Completed,4
2026-06-26 17:52:51,c6673,Mexico,24.6806,-102.2251,Apparel,Denim Jacket,3,44.11,132.33,Mobile App,Tablet,Refunded,2
2026-06-26 17:54:53,c3670,United States,36.8278,-97.6384,Electronics,Wireless Headphones,4,137.41,549.64,Affiliate,Tablet,Completed,5
2026-06-26 18:06:12,c2931,South Africa,-30.4931,22.9135,Electronics,Mechanical Keyboard,1,185.29,185.29,Mobile App,Desktop,Completed,3
2026-06-26 18:33:46,c5947,United States,38.0097,-93.4732,Beauty,Makeup Brush Kit,1,75.2,75.2,Web,Mobile,Completed,1
2026-06-26 18:58:23,c5442,Australia,-25.3118,136.198,Home,Desk Lamp,3,213.35,640.05,Affiliate,Desktop,Completed,1
2026-06-26 19:52:06,c6740,Australia,-24.3104,133.1139,Sports,Tennis Racket,1,119.22,119.22,Affiliate,Desktop,Completed,1
2026-06-26 20:17:34,c2196,Brazil,-11.5002,-52.7194,Books,Sci-Fi Anthology,2,214.96,429.92,Affiliate,Mobile,Completed,2
2026-06-26 20:43:38,c2610,Germany,51.3053,7.8152,Apparel,Denim Jacket,5,109.18,545.9,Web,Mobile,Completed,2
2026-06-26 21:44:53,c6253,France,47.2573,4.78,Beauty,Shampoo Bar,4,73.9,295.6,Mobile App,Desktop,Completed,1
2026-06-26 21:49:35,c9126,France,49.1912,3.5295,Beauty,Makeup Brush Kit,5,186.7,933.5,Affiliate,Tablet,Completed,5
2026-06-26 22:26:04,c7397,United States,39.7377,-97.9051,Home,Air Purifier,1,31.45,31.45,Mobile App,Desktop,Completed,2
2026-06-26 22:35:53,c1277,Australia,-27.0833,134.4193,Home,Desk Lamp,2,76.43,152.86,Web,Desktop,Refunded,5
2026-06-26 23:13:37,c4176,France,47.7551,0.3361,Apparel,Winter Coat,4,24.86,99.44,Affiliate,Mobile,Completed,5
2026-06-26 23:31:48,c3679,Japan,35.4348,138.8143,Apparel,Winter Coat,5,82.15,410.75,Marketplace,Tablet,Refunded,2
2026-06-26 23:49:26,c5942,Japan,38.3563,140.8516,Home,Throw Blanket,1,95.99,95.99,Web,Mobile,Completed,5
2026-06-27 00:07:28,c7133,Canada,56.8408,-108.3275,Home,Desk Lamp,5,74.63,373.15,Affiliate,Mobile,Completed,5
2026-06-27 00:22:07,c9751,Australia,-26.8559,131.6864,Home,Air Purifier,4,57.34,229.36,Web,Mobile,Cancelled,5
2026-06-27 00:32:52,c5542,Australia,-27.2,134.162,Apparel,Baseball Cap,4,77.99,311.96,Affiliate,Desktop,Completed,4
2026-06-27 00:55:38,c6163,United States,38.4685,-95.7706,Sports,Dumbbell Set,5,10.38,51.9,Web,Desktop,Completed,3
2026-06-27 01:21:10,c9616,United States,36.951,-94.8109,Beauty,Lip Balm Set,3,43.98,131.94,Mobile App,Mobile,Completed,5
2026-06-27 01:44:13,c8302,Germany,52.9424,10.0578,Books,Kids Picture Book,2,198.7,397.4,Web,Mobile,Cancelled,3
2026-06-27 01:49:59,c6456,Australia,-28.1881,136.2051,Books,Kids Picture Book,5,80.09,400.45,Web,Tablet,Completed,2
2026-06-27 01:57:30,c6679,Australia,-25.3077,130.836,Electronics,Bluetooth Speaker,4,169.56,678.24,Web,Desktop,Refunded,4
2026-06-27 02:06:38,c9981,Singapore,4.2616,106.2721,Sports,Dumbbell Set,5,175.72,878.6,Mobile App,Desktop,Completed,5
2026-06-27 02:53:57,c3991,Australia,-27.9193,131.0792,Electronics,Wireless Headphones,1,195.91,195.91,Affiliate,Tablet,Completed,5
2026-06-27 03:09:53,c1964,Japan,33.5842,135.3762,Sports,Dumbbell Set,2,9.52,19.04,Mobile App,Desktop,Cancelled,5
2026-06-27 03:50:18,c2489,Mexico,25.8124,-103.2126,Apparel,Denim Jacket,2,50.79,101.58,Marketplace,Mobile,Pending,4
2026-06-27 03:55:00,c8356,Brazil,-12.6244,-51.3554,Home,Cutting Board Set,5,83.93,419.65,Affiliate,Desktop,Completed,5
2026-06-27 04:05:59,c4908,South Africa,-30.454,23.1926,Electronics,Smart Watch,3,96.42,289.26,Web,Desktop,Completed,3
2026-06-27 04:19:26,c1008,United Kingdom,56.6999,-3.7841,Beauty,Shampoo Bar,5,168.18,840.9,Marketplace,Mobile,Completed,5
2026-06-27 04:34:53,c3193,Japan,38.8305,138.1427,Books,Sci-Fi Anthology,5,28.72,143.6,Marketplace,Mobile,Completed,2
2026-06-27 05:14:42,c4846,United States,34.6265,-98.3607,Beauty,Face Serum,1,119.58,119.58,Web,Tablet,Completed,2
2026-06-27 05:34:12,c1113,France,43.7423,1.9185,Apparel,Denim Jacket,2,118.26,236.52,Marketplace,Mobile,Completed,4
2026-06-27 05:50:27,c4492,Singapore,-0.3275,101.8809,Electronics,Mechanical Keyboard,2,117.68,235.36,Affiliate,Desktop,Completed,2
2026-06-27 05:58:24,c3195,Mexico,25.32,-102.8021,Sports,Camping Tent,3,53.3,159.9,Web,Mobile,Completed,5
2026-06-27 06:03:16,c8710,Singapore,3.8669,103.9308,Sports,Camping Tent,5,119.24,596.2,Marketplace,Mobile,Completed,4
2026-06-27 06:05:11,c7798,United Kingdom,53.8242,-1.9387,Books,Mystery Novel,4,169.53,678.12,Web,Tablet,Completed,5
2026-06-27 06:21:10,c2441,Brazil,-11.3769,-50.5353,Apparel,Denim Jacket,3,129.71,389.13,Affiliate,Desktop,Completed,4
2026-06-27 06:31:33,c1492,United Kingdom,54.9206,-3.3238,Books,Cookbook,2,23.28,46.56,Web,Desktop,Cancelled,5
2026-06-27 07:24:44,c7056,Australia,-27.8235,132.649,Apparel,Denim Jacket,2,61.35,122.7,Affiliate,Mobile,Completed,4
2026-06-27 08:11:23,c8343,Australia,-25.0248,132.1712,Beauty,Makeup Brush Kit,3,52.27,156.81,Affiliate,Tablet,Completed,5
2026-06-27 08:15:01,c9216,Australia,-24.8738,132.8944,Books,Mystery Novel,3,183.67,551.01,Web,Mobile,Refunded,5
2026-06-27 08:37:54,c4168,Singapore,2.8153,104.323,Beauty,Face Serum,2,117.31,234.62,Mobile App,Mobile,Completed,4
2026-06-27 08:45:16,c4504,Japan,37.5085,138.6303,Sports,Yoga Mat,4,196.14,784.56,Affiliate,Tablet,Completed,4
2026-06-27 08:59:40,c9466,France,45.5014,3.0235,Sports,Water Bottle,3,115.86,347.58,Web,Mobile,Completed,4
2026-06-27 09:10:43,c7714,Japan,35.1798,138.0013,Sports,Yoga Mat,2,154.8,309.6,Affiliate,Tablet,Completed,5
2026-06-27 09:15:28,c8576,Singapore,-0.2176,103.8605,Home,Cutting Board Set,1,95.73,95.73,Affiliate,Mobile,Completed,4
2026-06-27 09:31:42,c1348,India,18.3056,78.6767,Sports,Tennis Racket,4,58.12,232.48,Marketplace,Desktop,Completed,1
2026-06-27 09:46:53,c5275,Japan,37.1971,135.5462,Books,Business Guide,4,143.19,572.76,Affiliate,Tablet,Pending,5
2026-06-27 10:43:16,c8422,Australia,-23.9878,135.0623,Beauty,Makeup Brush Kit,5,216.69,1083.45,Mobile App,Tablet,Completed,4
2026-06-27 11:44:41,c2607,Japan,39.1408,137.8291,Electronics,Mechanical Keyboard,1,132.29,132.29,Affiliate,Tablet,Completed,1
2026-06-27 11:50:24,c2599,Mexico,26.2152,-102.1049,Books,Mystery Novel,5,106.14,530.7,Affiliate,Desktop,Completed,5
2026-06-27 11:56:00,c4519,India,17.7652,79.6446,Apparel,Winter Coat,4,90.43,361.72,Mobile App,Mobile,Completed,2
2026-06-27 11:56:22,c1474,Germany,51.8666,10.4574,Books,Mystery Novel,3,159.25,477.75,Mobile App,Tablet,Completed,3
2026-06-27 12:03:29,c9857,Japan,36.0599,138.6525,Sports,Tennis Racket,1,59.46,59.46,Affiliate,Tablet,Completed,1
2026-06-27 12:17:26,c1341,Brazil,-13.9247,-49.1831,Books,Sci-Fi Anthology,5,72.88,364.4,Marketplace,Desktop,Completed,1
2026-06-27 12:41:48,c5049,South Africa,-29.8082,20.1072,Books,Mystery Novel,3,186.19,558.57,Web,Mobile,Completed,5
2026-06-27 13:00:54,c9126,United States,39.0047,-97.4851,Apparel,Denim Jacket,5,193.33,966.65,Marketplace,Desktop,Completed,2
2026-06-27 13:03:34,c2297,United Kingdom,55.308,-2.0361,Books,Cookbook,4,199.62,798.48,Mobile App,Mobile,Completed,2
2026-06-27 13:31:24,c6582,Germany,53.2281,11.0179,Sports,Yoga Mat,2,108.37,216.74,Web,Tablet,Completed,5
2026-06-27 13:33:19,c3254,South Africa,-30.2012,21.1905,Books,Kids Picture Book,3,208.39,625.17,Mobile App,Mobile,Completed,4
2026-06-27 15:07:45,c7542,France,44.347,-0.6595,Sports,Camping Tent,5,155.23,776.15,Affiliate,Desktop,Completed,5
2026-06-27 15:08:58,c1925,Germany,53.4887,10.5816,Beauty,Lip Balm Set,5,211.53,1057.65,Affiliate,Mobile,Completed,5
2026-06-27 15:20:10,c4593,India,19.7484,78.8071,Electronics,Smart Watch,5,61.21,306.05,Affiliate,Mobile,Cancelled,4
2026-06-27 15:28:58,c6687,United Kingdom,57.4066,-1.8419,Books,Kids Picture Book,4,9.92,39.68,Web,Desktop,Pending,4
2026-06-27 16:11:29,c1507,Germany,52.5619,10.7323,Electronics,Mechanical Keyboard,5,197.36,986.8,Affiliate,Tablet,Completed,5
2026-06-27 16:25:59,c3100,Canada,54.9022,-105.2886,Electronics,Bluetooth Speaker,2,219.61,439.22,Affiliate,Desktop,Completed,4
2026-06-27 16:55:38,c1946,Brazil,-11.9649,-50.1565,Beauty,Makeup Brush Kit,4,17.64,70.56,Affiliate,Desktop,Completed,4
2026-06-27 16:58:22,c8327,United States,34.1162,-95.0892,Home,Throw Blanket,2,118.84,237.68,Affiliate,Mobile,Completed,1
2026-06-27 16:59:58,c5177,Brazil,-13.8488,-53.8474,Beauty,Shampoo Bar,3,192.56,577.68,Mobile App,Desktop,Completed,4
2026-06-27 17:17:18,c7196,Canada,54.2203,-109.181,Apparel,Baseball Cap,4,219.31,877.24,Affiliate,Desktop,Completed,4
2026-06-27 17:18:57,c2221,United Kingdom,53.7546,-6.2595,Sports,Dumbbell Set,3,48.4,145.2,Affiliate,Tablet,Completed,2
2026-06-27 17:37:35,c1469,Japan,39.19,135.4856,Electronics,Smart Watch,1,49.92,49.92,Mobile App,Tablet,Completed,3
2026-06-27 18:21:30,c6797,United Kingdom,56.9699,-2.2149,Apparel,Winter Coat,5,18.5,92.5,Marketplace,Tablet,Completed,4
2026-06-27 18:33:11,c8195,Australia,-23.3102,131.2085,Apparel,Graphic T-Shirt,5,203.29,1016.45,Web,Mobile,Completed,5
2026-06-27 18:42:47,c9421,Germany,48.8677,8.6806,Books,Kids Picture Book,4,20.89,83.56,Mobile App,Mobile,Completed,2
2026-06-27 19:30:16,c8251,Canada,53.93,-106.5621,Sports,Water Bottle,3,209.41,628.23,Affiliate,Tablet,Completed,3
2026-06-27 20:59:07,c3762,Brazil,-14.5126,-49.9453,Home,Throw Blanket,1,163.85,163.85,Mobile App,Desktop,Completed,5
2026-06-27 21:05:43,c1278,Australia,-23.85,135.6534,Apparel,Winter Coat,4,138.53,554.12,Affiliate,Desktop,Completed,5
2026-06-27 21:12:10,c5216,Canada,54.3301,-106.8413,Electronics,Mechanical Keyboard,4,98.96,395.84,Web,Mobile,Completed,5
2026-06-27 21:32:58,c5328,France,43.4091,3.9409,Electronics,Bluetooth Speaker,1,110.05,110.05,Affiliate,Mobile,Refunded,5
2026-06-27 22:02:02,c3928,Japan,38.299,138.455,Electronics,Bluetooth Speaker,1,85.14,85.14,Marketplace,Desktop,Completed,2
2026-06-27 22:24:56,c5038,South Africa,-32.52,25.542,Sports,Camping Tent,2,193.34,386.68,Marketplace,Mobile,Completed,5
2026-06-27 23:14:35,c3127,Mexico,23.5959,-102.7231,Beauty,Lip Balm Set,1,25.13,25.13,Mobile App,Tablet,Completed,1
2026-06-27 23:37:01,c7052,United States,36.3013,-93.9697,Sports,Dumbbell Set,1,27.68,27.68,Mobile App,Desktop,Completed,5
2026-06-28 00:48:12,c5901,United Kingdom,55.1125,-2.1838,Home,Desk Lamp,4,159.76,639.04,Mobile App,Tablet,Completed,2
2026-06-28 00:49:44,c2899,France,43.5588,3.696,Beauty,Face Serum,3,136.81,410.43,Mobile App,Mobile,Completed,5
2026-06-28 01:32:03,c5523,United States,39.0894,-94.4728,Beauty,Lip Balm Set,1,17.72,17.72,Marketplace,Desktop,Completed,4
2026-06-28 02:18:29,c4767,France,45.9888,4.1709,Sports,Water Bottle,2,105.19,210.38,Marketplace,Tablet,Completed,4
2026-06-28 02:53:21,c9774,South Africa,-32.9289,24.0416,Books,Kids Picture Book,1,143.46,143.46,Affiliate,Tablet,Refunded,5
2026-06-28 03:38:31,c2832,Germany,50.4135,8.4193,Sports,Yoga Mat,3,111.58,334.74,Marketplace,Mobile,Completed,4
2026-06-28 04:59:54,c4745,India,20.1914,79.5869,Home,Cutting Board Set,1,43.76,43.76,Marketplace,Mobile,Cancelled,3
2026-06-28 05:05:30,c8704,Japan,36.4567,136.1357,Sports,Yoga Mat,2,132.08,264.16,Affiliate,Mobile,Completed,4
2026-06-28 05:24:10,c9004,United Kingdom,58.0058,-4.5057,Home,Throw Blanket,2,203.84,407.68,Marketplace,Tablet,Completed,4
2026-06-28 05:35:08,c9075,Singapore,3.6016,101.8466,Books,Sci-Fi Anthology,1,186.23,186.23,Mobile App,Desktop,Completed,5
2026-06-28 05:37:57,c2022,United Kingdom,56.3688,-6.2873,Sports,Yoga Mat,5,127.0,635.0,Marketplace,Desktop,Completed,4
2026-06-28 06:05:04,c9548,United Kingdom,58.2355,-0.4776,Books,Kids Picture Book,5,9.06,45.3,Marketplace,Desktop,Completed,1
2026-06-28 06:24:52,c5969,Brazil,-14.2654,-50.0629,Sports,Camping Tent,1,18.57,18.57,Web,Tablet,Pending,3
2026-06-28 07:42:07,c6183,Japan,33.3415,137.0586,Electronics,Smart Watch,1,180.58,180.58,Mobile App,Desktop,Completed,5
2026-06-28 07:49:54,c3115,South Africa,-28.1929,24.9658,Sports,Yoga Mat,2,10.08,20.16,Web,Desktop,Cancelled,5
2026-06-28 08:01:34,c2497,Mexico,21.6171,-103.7988,Home,Air Purifier,4,156.9,627.6,Web,Mobile,Completed,5
2026-06-28 08:22:12,c3255,United States,34.1432,-92.7551,Electronics,Wireless Headphones,4,144.43,577.72,Mobile App,Mobile,Completed,4
2026-06-28 08:45:44,c6004,South Africa,-33.5066,25.4091,Beauty,Shampoo Bar,1,55.44,55.44,Marketplace,Mobile,Refunded,5
2026-06-28 09:36:41,c6983,Singapore,-1.1982,102.7447,Sports,Yoga Mat,1,146.84,146.84,Affiliate,Desktop,Completed,5
2026-06-28 09:53:21,c6780,United Kingdom,54.7241,-3.8899,Apparel,Denim Jacket,2,216.91,433.82,Web,Tablet,Completed,4
2026-06-28 09:58:29,c2783,United States,37.4312,-98.005,Sports,Tennis Racket,1,73.35,73.35,Marketplace,Desktop,Completed,2
2026-06-28 10:16:36,c4277,United States,34.4875,-94.7045,Electronics,Wireless Headphones,2,132.57,265.14,Mobile App,Tablet,Completed,2
2026-06-28 10:31:23,c1460,Brazil,-13.8562,-49.0653,Beauty,Face Serum,1,88.48,88.48,Marketplace,Mobile,Completed,1
2026-06-28 11:05:53,c6882,Japan,33.4204,136.1,Apparel,Denim Jacket,5,53.8,269.0,Marketplace,Desktop,Completed,5
2026-06-28 11:10:33,c7108,United States,38.817,-96.8938,Home,Cutting Board Set,2,53.55,107.1,Mobile App,Tablet,Completed,5
2026-06-28 11:23:06,c5797,Singapore,0.6236,106.7672,Sports,Yoga Mat,1,57.81,57.81,Web,Mobile,Completed,5
2026-06-28 11:38:05,c3476,France,43.8972,-0.3414,Books,Kids Picture Book,3,148.23,444.69,Mobile App,Desktop,Cancelled,2
2026-06-28 11:47:42,c3073,United Kingdom,54.9088,-0.7191,Home,Cutting Board Set,2,156.63,313.26,Web,Desktop,Completed,4
2026-06-28 12:07:37,c5917,Brazil,-13.9628,-51.7079,Sports,Water Bottle,1,133.45,133.45,Marketplace,Desktop,Completed,5
2026-06-28 12:39:18,c7844,South Africa,-31.6358,24.2084,Electronics,Mechanical Keyboard,4,11.38,45.52,Mobile App,Mobile,Refunded,4
2026-06-28 12:52:25,c6939,Brazil,-16.1313,-54.3715,Apparel,Baseball Cap,5,188.53,942.65,Web,Desktop,Pending,5
2026-06-28 13:03:41,c2672,Singapore,0.9841,101.5417,Books,Business Guide,5,166.98,834.9,Affiliate,Mobile,Cancelled,3
2026-06-28 13:20:34,c8705,Brazil,-15.8375,-53.0463,Apparel,Running Shoes,2,9.84,19.68,Affiliate,Tablet,Completed,5
2026-06-28 13:24:47,c8825,India,20.3174,76.4464,Sports,Water Bottle,2,205.12,410.24,Web,Desktop,Completed,2
2026-06-28 13:44:17,c8891,United Kingdom,54.8965,-0.9324,Electronics,Mechanical Keyboard,5,74.5,372.5,Marketplace,Mobile,Refunded,5
2026-06-28 14:11:52,c8069,France,46.25,-0.0849,Books,Cookbook,5,183.43,917.15,Affiliate,Mobile,Refunded,5
2026-06-28 14:15:53,c6527,Singapore,1.4609,106.2214,Books,Cookbook,2,219.44,438.88,Affiliate,Tablet,Completed,5
2026-06-28 15:23:00,c4216,Mexico,22.4102,-101.7189,Electronics,4K Monitor,2,122.17,244.34,Affiliate,Tablet,Completed,4
2026-06-28 16:14:32,c3622,Japan,38.4419,139.377,Books,Cookbook,4,85.36,341.44,Affiliate,Tablet,Refunded,5
2026-06-28 16:19:57,c5522,United Kingdom,55.948,-3.1354,Sports,Water Bottle,1,25.0,25.0,Web,Desktop,Completed,5
2026-06-28 16:28:36,c5046,Canada,54.0719,-104.1604,Sports,Dumbbell Set,2,145.64,291.28,Mobile App,Desktop,Completed,1
2026-06-28 16:41:35,c2356,United States,34.4528,-95.9636,Sports,Camping Tent,5,72.21,361.05,Marketplace,Desktop,Completed,2
2026-06-28 17:47:43,c6800,Australia,-26.1599,131.9355,Home,Coffee Maker,1,126.37,126.37,Web,Mobile,Completed,2
2026-06-28 17:57:11,c9406,Australia,-24.5747,135.7444,Apparel,Denim Jacket,5,54.43,272.15,Affiliate,Tablet,Completed,5
2026-06-28 18:08:43,c7499,United States,34.6761,-97.3171,Electronics,Mechanical Keyboard,5,210.43,1052.15,Marketplace,Desktop,Completed,5
2026-06-28 18:13:11,c3449,United Kingdom,56.6749,-3.5161,Beauty,Makeup Brush Kit,4,104.78,419.12,Mobile App,Desktop,Completed,4
2026-06-28 18:44:48,c2874,India,23.5578,79.1433,Books,Kids Picture Book,4,29.03,116.12,Mobile App,Mobile,Completed,4
2026-06-28 19:09:30,c7979,India,19.9793,76.2578,Apparel,Baseball Cap,2,69.06,138.12,Web,Desktop,Completed,4
2026-06-28 19:20:29,c2062,United States,34.7048,-96.4866,Beauty,Face Serum,1,115.57,115.57,Marketplace,Mobile,Completed,1
2026-06-28 19:26:21,c8395,Brazil,-14.7015,-53.3074,Electronics,Wireless Headphones,2,81.92,163.84,Mobile App,Tablet,Completed,5
2026-06-28 20:08:29,c3238,India,20.3719,78.6816,Books,Kids Picture Book,4,23.25,93.0,Affiliate,Desktop,Completed,4
2026-06-28 20:20:26,c7050,South Africa,-29.0167,21.8084,Beauty,Shampoo Bar,2,43.23,86.46,Web,Desktop,Completed,4
2026-06-28 20:33:43,c4305,India,20.5041,78.8597,Books,Business Guide,3,178.56,535.68,Mobile App,Tablet,Cancelled,4
2026-06-28 20:57:51,c6426,Brazil,-12.6373,-52.2806,Books,Cookbook,5,21.55,107.75,Marketplace,Tablet,Completed,4
2026-06-28 21:05:58,c3086,Japan,37.2299,140.8347,Books,Business Guide,2,166.71,333.42,Affiliate,Tablet,Cancelled,5
2026-06-28 21:25:55,c1116,Mexico,21.4324,-100.532,Apparel,Denim Jacket,2,194.28,388.56,Marketplace,Tablet,Completed,5
2026-06-28 22:11:01,c4487,Canada,56.053,-107.0847,Home,Desk Lamp,5,177.0,885.0,Affiliate,Mobile,Completed,5
2026-06-28 22:35:22,c4531,South Africa,-33.0705,22.5987,Books,Business Guide,4,95.81,383.24,Web,Mobile,Completed,4
2026-06-28 23:02:03,c4086,Singapore,0.7906,102.7471,Books,Kids Picture Book,1,30.68,30.68,Affiliate,Tablet,Completed,4
2026-06-28 23:39:14,c6644,Mexico,22.1771,-99.7626,Electronics,Wireless Headphones,2,143.3,286.6,Mobile App,Desktop,Completed,5
2026-06-28 23:40:36,c5854,United Kingdom,53.8555,-2.117,Apparel,Graphic T-Shirt,2,121.51,243.02,Web,Tablet,Completed,5
2026-06-28 23:41:07,c8756,South Africa,-33.2166,23.3731,Electronics,Smart Watch,4,111.94,447.76,Web,Desktop,Completed,3
2026-06-29 00:24:14,c8980,Singapore,3.2882,102.7054,Beauty,Makeup Brush Kit,5,33.55,167.75,Marketplace,Mobile,Completed,5
2026-06-29 00:46:02,c4278,United Kingdom,57.8812,-4.1195,Electronics,Wireless Headphones,5,189.18,945.9,Affiliate,Mobile,Completed,1
2026-06-29 00:51:26,c3998,United States,37.8377,-97.4032,Sports,Camping Tent,5,182.27,911.35,Mobile App,Desktop,Completed,4
2026-06-29 01:13:31,c4098,South Africa,-32.9268,23.9845,Books,Cookbook,4,115.75,463.0,Mobile App,Tablet,Completed,4
2026-06-29 01:21:44,c6170,United States,35.6138,-94.7593,Apparel,Graphic T-Shirt,4,194.92,779.68,Affiliate,Desktop,Completed,4
2026-06-29 01:42:21,c4504,Brazil,-14.7659,-51.1306,Beauty,Lip Balm Set,2,127.39,254.78,Affiliate,Tablet,Cancelled,4
2026-06-29 02:12:48,c5276,Japan,33.3859,140.8449,Books,Business Guide,1,139.95,139.95,Affiliate,Desktop,Cancelled,1
2026-06-29 03:34:39,c6229,Germany,49.306,9.0085,Home,Air Purifier,5,47.78,238.9,Marketplace,Mobile,Refunded,3
2026-06-29 03:35:58,c5098,India,17.812,80.2675,Beauty,Shampoo Bar,1,90.02,90.02,Web,Tablet,Completed,5
2026-06-29 03:40:33,c2535,India,23.4153,80.869,Apparel,Baseball Cap,2,119.23,238.46,Marketplace,Tablet,Completed,5
2026-06-29 03:50:52,c1329,Japan,33.8684,136.829,Electronics,4K Monitor,1,56.19,56.19,Web,Tablet,Completed,1
2026-06-29 04:04:25,c5776,France,48.7079,-0.5209,Home,Cutting Board Set,1,136.0,136.0,Marketplace,Mobile,Completed,4
2026-06-29 04:18:00,c3532,Brazil,-12.6415,-52.0987,Beauty,Lip Balm Set,2,129.05,258.1,Marketplace,Desktop,Completed,5
2026-06-29 04:34:56,c7178,United Kingdom,53.0508,-3.8009,Apparel,Graphic T-Shirt,5,141.82,709.1,Mobile App,Mobile,Completed,5
2026-06-29 04:58:11,c4607,Japan,35.2298,138.1749,Home,Desk Lamp,5,56.77,283.85,Web,Desktop,Cancelled,5
2026-06-29 05:10:52,c5768,Brazil,-13.7355,-50.4547,Sports,Tennis Racket,1,153.64,153.64,Marketplace,Mobile,Completed,5
2026-06-29 05:27:02,c2510,United States,36.3208,-94.515,Sports,Water Bottle,1,101.33,101.33,Web,Tablet,Completed,4
2026-06-29 05:27:10,c6672,South Africa,-27.9806,22.4561,Beauty,Face Serum,3,133.04,399.12,Mobile App,Desktop,Pending,2
2026-06-29 06:08:52,c4342,United Kingdom,55.2782,-3.2224,Beauty,Lip Balm Set,2,134.66,269.32,Mobile App,Tablet,Cancelled,5
2026-06-29 06:10:52,c8675,Canada,58.3236,-107.2017,Beauty,Shampoo Bar,1,22.43,22.43,Affiliate,Tablet,Refunded,3
2026-06-29 07:04:28,c7008,Australia,-25.4285,133.0603,Electronics,4K Monitor,4,148.34,593.36,Marketplace,Mobile,Completed,1
2026-06-29 07:05:32,c2643,United Kingdom,55.4126,-2.7426,Books,Mystery Novel,3,89.46,268.38,Web,Tablet,Refunded,3
2026-06-29 07:32:06,c8107,India,20.9259,78.7439,Books,Business Guide,2,86.9,173.8,Web,Mobile,Completed,4
2026-06-29 07:53:09,c7813,Brazil,-17.1025,-50.482,Apparel,Winter Coat,1,157.19,157.19,Web,Tablet,Completed,4
2026-06-29 08:13:47,c6834,Australia,-27.8631,135.8643,Apparel,Running Shoes,1,161.52,161.52,Affiliate,Mobile,Completed,4
2026-06-29 08:34:06,c3140,Singapore,2.4204,101.9076,Books,Sci-Fi Anthology,1,190.87,190.87,Affiliate,Mobile,Completed,5
2026-06-29 09:18:44,c5905,Australia,-27.3235,135.7825,Beauty,Lip Balm Set,5,9.66,48.3,Web,Desktop,Completed,2
2026-06-29 09:21:12,c1332,Japan,35.0403,137.3121,Books,Sci-Fi Anthology,5,214.31,1071.55,Web,Mobile,Completed,3
2026-06-29 10:11:18,c9666,Brazil,-14.0777,-51.7821,Beauty,Shampoo Bar,1,31.17,31.17,Web,Mobile,Completed,4
2026-06-29 10:45:17,c3877,United States,35.5569,-93.1622,Electronics,Smart Watch,5,19.67,98.35,Web,Desktop,Completed,1
2026-06-29 11:19:21,c5695,India,23.4412,76.9168,Beauty,Makeup Brush Kit,5,105.85,529.25,Web,Tablet,Completed,1
2026-06-29 12:12:07,c6073,Mexico,25.4715,-104.0858,Books,Kids Picture Book,1,196.06,196.06,Marketplace,Desktop,Completed,5
2026-06-29 12:18:53,c9631,Germany,53.1223,9.8875,Sports,Water Bottle,3,129.98,389.94,Web,Tablet,Completed,4
2026-06-29 12:30:28,c8870,United States,34.6847,-95.0714,Home,Air Purifier,4,120.39,481.56,Mobile App,Desktop,Completed,1
2026-06-29 12:31:39,c8407,Brazil,-16.1215,-49.3974,Electronics,Bluetooth Speaker,4,96.59,386.36,Mobile App,Mobile,Completed,5
2026-06-29 12:40:57,c4681,Japan,37.7212,139.085,Beauty,Shampoo Bar,1,118.08,118.08,Web,Tablet,Completed,5
2026-06-29 12:59:57,c5453,Mexico,26.6229,-102.1465,Home,Throw Blanket,5,22.41,112.05,Marketplace,Desktop,Completed,4
2026-06-29 13:23:30,c2867,United Kingdom,53.6873,-3.4197,Apparel,Baseball Cap,5,187.37,936.85,Affiliate,Mobile,Cancelled,2
2026-06-29 13:33:31,c9275,United Kingdom,55.6045,-0.4692,Beauty,Makeup Brush Kit,2,31.03,62.06,Mobile App,Desktop,Completed,5
2026-06-29 13:48:46,c9484,South Africa,-28.7433,20.1681,Sports,Camping Tent,5,107.37,536.85,Mobile App,Tablet,Completed,5
2026-06-29 14:12:44,c7517,France,44.9121,2.0835,Books,Kids Picture Book,2,143.71,287.42,Marketplace,Mobile,Completed,5
2026-06-29 14:46:48,c8559,United States,39.6934,-95.998,Books,Mystery Novel,1,160.51,160.51,Affiliate,Tablet,Completed,5
2026-06-29 14:58:59,c7446,United Kingdom,55.5489,-4.7975,Sports,Yoga Mat,5,182.65,913.25,Web,Desktop,Completed,4
2026-06-29 15:12:07,c5303,Germany,51.8659,12.6327,Electronics,Wireless Headphones,2,64.47,128.94,Mobile App,Tablet,Completed,5
2026-06-29 15:50:29,c7609,Singapore,2.9369,103.7575,Electronics,4K Monitor,4,142.3,569.2,Affiliate,Mobile,Completed,1
2026-06-29 16:17:31,c2758,Singapore,3.0461,102.8227,Beauty,Makeup Brush Kit,2,43.63,87.26,Affiliate,Mobile,Completed,2
2026-06-29 16:42:28,c1939,Germany,52.3086,9.5593,Electronics,Mechanical Keyboard,4,66.21,264.84,Web,Tablet,Completed,5
2026-06-29 16:55:55,c1896,India,18.2839,78.9741,Books,Sci-Fi Anthology,1,103.11,103.11,Marketplace,Desktop,Completed,1
2026-06-29 17:05:03,c4112,Singapore,3.8316,103.1152,Beauty,Lip Balm Set,2,139.58,279.16,Mobile App,Tablet,Completed,5
2026-06-29 17:29:37,c1670,Germany,53.7563,8.7432,Apparel,Baseball Cap,5,48.7,243.5,Web,Mobile,Refunded,5
2026-06-29 17:29:47,c6893,Japan,33.4017,138.8471,Sports,Dumbbell Set,2,150.89,301.78,Mobile App,Tablet,Completed,3
2026-06-29 17:31:07,c8756,Canada,56.0276,-104.8734,Electronics,Bluetooth Speaker,5,119.19,595.95,Affiliate,Mobile,Completed,2
2026-06-29 17:50:08,c3104,Brazil,-12.3993,-52.3801,Sports,Water Bottle,3,114.54,343.62,Marketplace,Tablet,Completed,1
2026-06-29 18:06:08,c2298,United States,38.6543,-98.1702,Apparel,Running Shoes,5,18.61,93.05,Marketplace,Mobile,Completed,3
2026-06-29 18:09:51,c5869,South Africa,-33.5356,21.3633,Sports,Tennis Racket,5,215.81,1079.05,Marketplace,Mobile,Completed,4
2026-06-29 18:12:32,c5911,United States,40.078,-93.6946,Books,Kids Picture Book,5,48.02,240.1,Mobile App,Desktop,Refunded,4
2026-06-29 18:23:13,c4369,Germany,52.1353,10.1678,Home,Air Purifier,5,102.8,514.0,Marketplace,Mobile,Completed,4
2026-06-29 18:27:29,c9045,United States,36.5033,-93.1894,Beauty,Makeup Brush Kit,1,164.18,164.18,Web,Desktop,Completed,3
2026-06-29 18:39:48,c8778,Canada,57.4652,-106.1051,Books,Cookbook,4,81.69,326.76,Marketplace,Tablet,Refunded,5
2026-06-29 18:54:46,c5209,France,43.6912,3.9126,Home,Desk Lamp,3,66.35,199.05,Web,Tablet,Completed,3
2026-06-29 18:58:15,c5505,Japan,37.0901,135.5337,Books,Sci-Fi Anthology,1,106.61,106.61,Affiliate,Mobile,Completed,4
2026-06-29 19:03:35,c8271,United Kingdom,55.7077,-5.4218,Apparel,Running Shoes,1,144.71,144.71,Affiliate,Mobile,Completed,5
2026-06-29 19:06:27,c1309,Mexico,22.6997,-101.5008,Books,Sci-Fi Anthology,1,159.22,159.22,Affiliate,Desktop,Completed,4
2026-06-29 19:16:54,c1781,France,43.3877,-0.5496,Electronics,Wireless Headphones,3,113.81,341.43,Marketplace,Tablet,Completed,1
2026-06-29 19:17:07,c3104,Mexico,26.2991,-105.3332,Books,Business Guide,5,30.01,150.05,Marketplace,Tablet,Completed,5
2026-06-29 19:22:06,c4178,United States,34.773,-96.7103,Books,Kids Picture Book,1,184.39,184.39,Marketplace,Mobile,Cancelled,5
2026-06-29 19:38:15,c7371,Japan,37.7216,135.4438,Books,Mystery Novel,5,191.35,956.75,Mobile App,Tablet,Completed,4
2026-06-29 19:41:18,c4870,Singapore,0.2204,101.2685,Home,Air Purifier,4,25.46,101.84,Affiliate,Desktop,Cancelled,5
2026-06-29 19:55:25,c8100,United Kingdom,53.7027,-2.2544,Sports,Camping Tent,1,125.64,125.64,Web,Mobile,Completed,4
2026-06-29 19:59:30,c8615,South Africa,-31.7674,22.9106,Books,Mystery Novel,4,166.88,667.52,Affiliate,Mobile,Completed,3
2026-06-29 20:19:20,c4728,Germany,53.2383,12.5899,Home,Throw Blanket,5,164.85,824.25,Marketplace,Mobile,Completed,2
2026-06-29 20:56:32,c3219,Australia,-22.6047,135.1054,Books,Kids Picture Book,2,105.07,210.14,Marketplace,Desktop,Cancelled,5
2026-06-29 21:30:11,c6508,Australia,-25.7936,131.2062,Beauty,Makeup Brush Kit,5,40.71,203.55,Mobile App,Desktop,Completed,2
2026-06-29 21:33:05,c8195,Canada,53.2907,-107.0677,Apparel,Running Shoes,3,181.74,545.22,Mobile App,Desktop,Completed,3
2026-06-29 21:55:07,c1824,United States,35.0499,-96.5946,Sports,Tennis Racket,2,63.61,127.22,Mobile App,Desktop,Completed,4
2026-06-29 22:42:38,c9123,Germany,52.1997,11.2637,Sports,Water Bottle,2,9.49,18.98,Marketplace,Mobile,Cancelled,2
2026-06-29 23:10:39,c5054,South Africa,-32.1108,22.0346,Books,Business Guide,4,214.36,857.44,Mobile App,Tablet,Completed,5
2026-06-29 23:15:14,c7040,Canada,56.9855,-106.8535,Beauty,Shampoo Bar,2,9.21,18.42,Web,Mobile,Completed,5
2026-06-29 23:16:15,c4761,Mexico,21.7392,-100.0082,Books,Kids Picture Book,1,83.04,83.04,Mobile App,Tablet,Completed,4
2026-06-29 23:34:54,c6664,France,43.6037,0.4828,Sports,Yoga Mat,5,201.79,1008.95,Marketplace,Mobile,Cancelled,5
2026-06-29 23:47:28,c9869,Japan,36.7928,136.1034,Books,Business Guide,1,79.31,79.31,Affiliate,Mobile,Completed,5
2026-06-29 23:51:55,c6269,South Africa,-28.2363,23.8054,Books,Sci-Fi Anthology,1,51.01,51.01,Affiliate,Mobile,Refunded,5
2026-06-29 23:54:58,c1538,Australia,-27.0795,133.5695,Electronics,4K Monitor,4,105.18,420.72,Marketplace,Desktop,Completed,5
2026-06-29 23:58:17,c9632,United States,36.9662,-95.9122,Sports,Yoga Mat,1,176.74,176.74,Affiliate,Tablet,Completed,1
2026-06-29 23:58:49,c1930,Brazil,-14.6032,-50.9138,Sports,Yoga Mat,1,190.03,190.03,Web,Tablet,Completed,5
2026-06-30 00:16:56,c7387,India,20.7339,81.9361,Electronics,Mechanical Keyboard,2,25.87,51.74,Marketplace,Desktop,Completed,4
2026-06-30 00:19:56,c2714,Brazil,-16.3238,-52.4281,Beauty,Face Serum,1,12.86,12.86,Affiliate,Tablet,Completed,2
2026-06-30 00:25:14,c6870,Brazil,-16.2563,-52.7442,Apparel,Running Shoes,5,104.19,520.95,Marketplace,Mobile,Cancelled,5
2026-06-30 00:54:41,c3138,United States,38.5028,-95.7766,Electronics,Smart Watch,1,59.45,59.45,Web,Desktop,Completed,4
2026-06-30 00:56:29,c8103,Germany,51.8325,13.2724,Electronics,Smart Watch,3,204.7,614.1,Web,Tablet,Completed,5
2026-06-30 01:03:01,c4280,Canada,54.8612,-106.3111,Beauty,Shampoo Bar,4,195.74,782.96,Mobile App,Mobile,Completed,4
2026-06-30 01:12:08,c9562,Singapore,2.2893,102.8991,Books,Business Guide,2,19.69,39.38,Mobile App,Mobile,Completed,1
2026-06-30 02:26:14,c3238,Australia,-24.8827,131.6441,Beauty,Shampoo Bar,4,95.79,383.16,Marketplace,Tablet,Completed,4
2026-06-30 03:25:21,c2343,United Kingdom,57.8401,-4.3758,Sports,Tennis Racket,5,35.57,177.85,Affiliate,Tablet,Completed,2
2026-06-30 03:37:51,c1499,Mexico,24.4809,-100.8348,Electronics,Mechanical Keyboard,3,201.99,605.97,Affiliate,Tablet,Completed,5
2026-06-30 04:38:07,c1712,Brazil,-11.7276,-52.2572,Home,Coffee Maker,3,160.44,481.32,Web,Mobile,Completed,4
2026-06-30 04:42:40,c3243,Germany,49.8624,8.7213,Beauty,Face Serum,5,191.53,957.65,Marketplace,Tablet,Refunded,2
2026-06-30 04:49:33,c2232,Mexico,25.8507,-101.6572,Home,Throw Blanket,5,207.07,1035.35,Affiliate,Mobile,Completed,5
2026-06-30 05:27:33,c6858,India,19.7765,79.1347,Electronics,Mechanical Keyboard,4,55.07,220.28,Marketplace,Desktop,Completed,4
2026-06-30 05:37:01,c9207,United States,38.7809,-95.8765,Electronics,Bluetooth Speaker,1,155.36,155.36,Marketplace,Mobile,Completed,2
2026-06-30 05:45:10,c6964,Singapore,1.7454,106.7055,Home,Throw Blanket,4,29.95,119.8,Marketplace,Tablet,Completed,4
2026-06-30 07:05:54,c2625,Australia,-23.109,136.7202,Home,Cutting Board Set,1,137.24,137.24,Mobile App,Tablet,Completed,2
2026-06-30 07:25:14,c8014,Germany,53.2826,12.5615,Sports,Dumbbell Set,3,127.27,381.81,Marketplace,Desktop,Completed,5
2026-06-30 07:41:38,c7131,India,20.2927,81.7272,Home,Desk Lamp,5,205.44,1027.2,Mobile App,Tablet,Pending,1
2026-06-30 08:52:59,c7982,France,48.1218,2.7789,Electronics,Smart Watch,4,37.77,151.08,Affiliate,Desktop,Refunded,4
2026-06-30 08:58:01,c8739,India,22.3719,79.5904,Apparel,Denim Jacket,4,172.72,690.88,Mobile App,Mobile,Completed,1
2026-06-30 09:09:03,c1349,Germany,51.2312,13.1331,Sports,Water Bottle,3,103.99,311.97,Affiliate,Tablet,Completed,2
2026-06-30 09:09:49,c1423,Canada,54.3545,-106.9281,Home,Throw Blanket,3,14.04,42.12,Marketplace,Desktop,Refunded,1
2026-06-30 09:10:07,c8024,France,47.8787,3.9625,Electronics,Bluetooth Speaker,5,201.55,1007.75,Affiliate,Tablet,Cancelled,3
2026-06-30 09:36:06,c6369,South Africa,-32.6967,22.3858,Beauty,Makeup Brush Kit,3,193.3,579.9,Marketplace,Desktop,Completed,5
2026-06-30 09:44:13,c4215,United Kingdom,54.5543,-3.7251,Apparel,Graphic T-Shirt,4,121.36,485.44,Affiliate,Mobile,Cancelled,4
2026-06-30 10:29:59,c6956,Brazil,-13.9059,-50.1882,Home,Throw Blanket,3,196.2,588.6,Affiliate,Desktop,Cancelled,5
2026-06-30 10:40:42,c8327,United States,39.2143,-94.564,Home,Cutting Board Set,4,103.76,415.04,Affiliate,Desktop,Completed,5
2026-06-30 11:06:32,c6596,Brazil,-12.0393,-54.3209,Beauty,Lip Balm Set,1,23.86,23.86,Mobile App,Desktop,Completed,1
2026-06-30 11:13:26,c7862,Australia,-25.7448,131.3859,Sports,Tennis Racket,5,156.55,782.75,Web,Tablet,Completed,2
2026-06-30 12:02:33,c4376,Germany,52.0347,9.0588,Sports,Dumbbell Set,2,140.61,281.22,Marketplace,Tablet,Completed,2
2026-06-30 12:14:14,c9518,India,21.2175,77.9217,Home,Cutting Board Set,1,169.16,169.16,Affiliate,Mobile,Completed,5
2026-06-30 12:15:50,c9132,India,21.2431,77.8589,Sports,Water Bottle,3,204.55,613.65,Affiliate,Mobile,Completed,4
2026-06-30 12:52:50,c7097,Mexico,25.0969,-102.8324,Books,Cookbook,4,89.76,359.04,Mobile App,Mobile,Completed,1
2026-06-30 13:09:55,c7978,India,22.3276,79.1694,Electronics,Wireless Headphones,5,186.9,934.5,Web,Tablet,Completed,2
2026-06-30 13:14:32,c1000,Australia,-24.5006,135.0949,Electronics,Smart Watch,2,32.32,64.64,Mobile App,Tablet,Refunded,2
2026-06-30 13:28:56,c6928,Germany,53.1967,10.9267,Home,Desk Lamp,1,105.23,105.23,Marketplace,Mobile,Completed,5
2026-06-30 14:45:22,c7997,South Africa,-33.5366,22.7794,Books,Mystery Novel,4,191.23,764.92,Mobile App,Tablet,Completed,5
2026-06-30 15:19:01,c9980,Germany,51.4358,8.9365,Books,Kids Picture Book,1,75.94,75.94,Web,Desktop,Completed,1
2026-06-30 16:01:07,c4739,United Kingdom,57.3341,-4.5589,Books,Kids Picture Book,5,15.71,78.55,Mobile App,Desktop,Completed,5
2026-06-30 17:37:34,c7804,United Kingdom,56.1579,-5.4412,Apparel,Graphic T-Shirt,2,166.23,332.46,Marketplace,Desktop,Cancelled,2
2026-06-30 18:03:53,c1785,South Africa,-29.9095,23.2304,Electronics,Smart Watch,5,47.61,238.05,Web,Mobile,Pending,5
2026-06-30 18:15:25,c7141,South Africa,-28.786,24.9654,Home,Desk Lamp,4,68.29,273.16,Web,Mobile,Completed,5
2026-06-30 18:25:44,c8276,United Kingdom,54.5918,-1.7852,Apparel,Winter Coat,4,125.72,502.88,Marketplace,Desktop,Cancelled,5
2026-06-30 18:35:38,c9326,Canada,58.9051,-104.9643,Sports,Water Bottle,5,212.49,1062.45,Web,Desktop,Pending,5
2026-06-30 18:41:43,c4141,United Kingdom,55.5139,-2.4972,Beauty,Lip Balm Set,5,170.82,854.1,Marketplace,Tablet,Completed,3
2026-06-30 20:08:51,c8576,United States,39.7787,-93.1713,Beauty,Makeup Brush Kit,2,200.25,400.5,Mobile App,Mobile,Completed,3
2026-06-30 20:12:36,c7559,United States,35.7102,-93.6033,Sports,Tennis Racket,2,61.74,123.48,Marketplace,Tablet,Refunded,4
2026-06-30 20:32:52,c1588,Brazil,-12.126,-49.7739,Books,Sci-Fi Anthology,4,192.95,771.8,Web,Desktop,Completed,4
2026-06-30 20:48:10,c1331,Japan,35.5836,135.304,Electronics,Mechanical Keyboard,4,207.11,828.44,Marketplace,Desktop,Completed,1
2026-06-30 21:28:59,c9797,Canada,57.9135,-105.4761,Books,Cookbook,4,197.12,788.48,Marketplace,Mobile,Completed,5
2026-06-30 21:42:08,c8066,South Africa,-32.6031,20.8122,Beauty,Makeup Brush Kit,3,218.22,654.66,Marketplace,Mobile,Completed,5
2026-06-30 22:22:54,c2516,France,48.6211,4.218,Apparel,Denim Jacket,5,165.91,829.55,Affiliate,Tablet,Refunded,5
2026-06-30 22:53:57,c6316,India,19.044,80.277,Apparel,Graphic T-Shirt,5,141.54,707.7,Web,Tablet,Completed,3
2026-06-30 23:02:33,c8179,Australia,-27.5446,132.0617,Home,Throw Blanket,3,80.83,242.49,Affiliate,Tablet,Completed,5
2026-06-30 23:30:31,c7726,South Africa,-31.1073,20.2059,Sports,Tennis Racket,1,172.66,172.66,Mobile App,Desktop,Completed,4
2026-06-30 23:31:57,c1402,India,21.6904,78.4336,Sports,Tennis Racket,3,164.71,494.13,Mobile App,Tablet,Completed,2
2026-07-01 00:15:57,c2531,Germany,52.7804,10.4045,Beauty,Makeup Brush Kit,1,20.31,20.31,Marketplace,Desktop,Completed,1
2026-07-01 00:50:39,c2754,France,45.8216,-0.7403,Sports,Tennis Racket,3,170.12,510.36,Marketplace,Desktop,Completed,3
2026-07-01 01:27:41,c3167,Mexico,25.0127,-101.8834,Apparel,Baseball Cap,2,56.63,113.26,Affiliate,Desktop,Completed,4
2026-07-01 01:29:42,c2050,France,48.4644,1.8542,Beauty,Perfume,2,79.97,159.94,Mobile App,Desktop,Completed,1
2026-07-01 01:38:11,c5268,Brazil,-16.8071,-54.3041,Home,Desk Lamp,5,70.98,354.9,Affiliate,Desktop,Completed,5
2026-07-01 01:56:44,c3302,France,48.082,0.3638,Sports,Yoga Mat,1,51.15,51.15,Web,Mobile,Completed,2
2026-07-01 01:57:32,c5734,Brazil,-14.0436,-51.2318,Electronics,Mechanical Keyboard,3,206.04,618.12,Mobile App,Mobile,Cancelled,5
2026-07-01 02:50:19,c8623,Japan,33.7626,136.6608,Home,Coffee Maker,4,10.64,42.56,Web,Desktop,Completed,5
2026-07-01 02:57:20,c3199,India,23.148,81.3913,Home,Cutting Board Set,2,155.01,310.02,Web,Tablet,Completed,5
2026-07-01 03:10:35,c5618,Singapore,3.1708,105.3814,Apparel,Running Shoes,3,65.8,197.4,Marketplace,Desktop,Refunded,5
2026-07-01 04:05:29,c8586,Mexico,25.1249,-105.4102,Books,Cookbook,3,192.21,576.63,Mobile App,Mobile,Completed,1
2026-07-01 04:22:14,c3229,Canada,57.3013,-104.7781,Beauty,Shampoo Bar,4,175.7,702.8,Web,Mobile,Completed,4
2026-07-01 04:51:21,c5600,Mexico,23.2594,-104.1721,Beauty,Lip Balm Set,1,26.53,26.53,Affiliate,Desktop,Completed,5
2026-07-01 05:53:44,c1785,Canada,53.4564,-105.7555,Apparel,Winter Coat,3,17.02,51.06,Mobile App,Desktop,Completed,1
2026-07-01 06:23:37,c2597,Canada,53.1805,-103.6625,Books,Kids Picture Book,2,13.83,27.66,Mobile App,Desktop,Refunded,4
2026-07-01 07:08:11,c4595,Germany,52.9075,12.9567,Sports,Water Bottle,1,116.34,116.34,Affiliate,Desktop,Completed,5
2026-07-01 07:10:26,c5088,Mexico,22.6101,-102.8402,Electronics,Bluetooth Speaker,3,18.06,54.18,Web,Mobile,Completed,5
2026-07-01 07:45:08,c7869,South Africa,-28.0249,20.8457,Sports,Yoga Mat,5,214.2,1071.0,Affiliate,Tablet,Completed,4
2026-07-01 08:23:15,c3984,Singapore,2.7685,105.9245,Beauty,Perfume,1,176.37,176.37,Web,Desktop,Completed,4
2026-07-01 08:23:41,c6537,United States,35.2804,-93.4463,Beauty,Lip Balm Set,3,67.53,202.59,Marketplace,Tablet,Completed,5
2026-07-01 08:37:50,c9863,Germany,52.6288,12.8589,Books,Kids Picture Book,4,40.81,163.24,Web,Tablet,Completed,5
2026-07-01 08:42:57,c4313,Germany,50.494,8.2684,Beauty,Shampoo Bar,3,214.82,644.46,Marketplace,Desktop,Completed,1
2026-07-01 09:33:17,c5675,France,48.7827,3.3373,Books,Mystery Novel,3,160.93,482.79,Mobile App,Tablet,Completed,5
2026-07-01 10:01:33,c5760,Mexico,23.9168,-103.6665,Beauty,Makeup Brush Kit,2,50.59,101.18,Marketplace,Tablet,Completed,3
2026-07-01 10:25:45,c9578,South Africa,-31.0476,22.7496,Books,Mystery Novel,4,184.25,737.0,Marketplace,Desktop,Refunded,4
2026-07-01 10:34:36,c7588,India,22.5354,81.5103,Apparel,Running Shoes,4,83.44,333.76,Mobile App,Tablet,Completed,5
2026-07-01 10:48:37,c5500,Germany,48.6743,8.0174,Beauty,Shampoo Bar,4,99.39,397.56,Marketplace,Mobile,Completed,4
2026-07-01 10:57:39,c7984,Brazil,-15.7634,-52.6181,Electronics,Mechanical Keyboard,3,92.67,278.01,Affiliate,Tablet,Completed,2
2026-07-01 11:13:57,c5476,Canada,56.7926,-105.3098,Home,Coffee Maker,5,113.03,565.15,Web,Mobile,Completed,5
2026-07-01 11:14:54,c7543,Mexico,21.6939,-100.0742,Apparel,Graphic T-Shirt,1,111.37,111.37,Web,Mobile,Completed,5
2026-07-01 11:32:02,c5579,Mexico,21.9795,-101.7794,Beauty,Lip Balm Set,5,167.08,835.4,Affiliate,Tablet,Pending,1
2026-07-01 12:13:41,c1174,India,22.1581,77.4152,Home,Air Purifier,2,105.8,211.6,Affiliate,Desktop,Completed,5
2026-07-01 12:29:09,c8335,India,19.0229,80.1035,Sports,Dumbbell Set,5,192.99,964.95,Web,Desktop,Completed,5
2026-07-01 12:47:27,c8163,France,43.6992,2.8423,Apparel,Denim Jacket,3,158.81,476.43,Affiliate,Mobile,Completed,4
2026-07-01 13:04:53,c8206,Mexico,22.3773,-99.8812,Apparel,Baseball Cap,3,108.76,326.28,Marketplace,Desktop,Completed,3
2026-07-01 13:22:05,c5441,India,20.4189,81.1202,Electronics,Smart Watch,4,210.22,840.88,Mobile App,Tablet,Completed,1
2026-07-01 13:26:00,c7113,Mexico,22.976,-100.7651,Sports,Tennis Racket,2,71.19,142.38,Web,Tablet,Refunded,3
2026-07-01 13:26:36,c3495,Brazil,-14.0341,-51.9381,Sports,Tennis Racket,1,65.96,65.96,Marketplace,Mobile,Completed,2
2026-07-01 14:00:33,c5298,Japan,37.4395,136.3955,Sports,Tennis Racket,4,195.2,780.8,Affiliate,Tablet,Completed,5
2026-07-01 14:00:35,c2596,Australia,-25.1458,130.8021,Books,Cookbook,4,143.45,573.8,Web,Desktop,Completed,4
2026-07-01 14:10:55,c3057,United Kingdom,57.5992,-6.0201,Apparel,Running Shoes,2,206.91,413.82,Web,Desktop,Completed,4
2026-07-01 14:14:41,c4622,Brazil,-12.6178,-50.9049,Home,Cutting Board Set,2,148.88,297.76,Web,Desktop,Completed,5
2026-07-01 14:43:45,c1176,Brazil,-15.3239,-53.1223,Books,Cookbook,2,125.71,251.42,Affiliate,Tablet,Completed,1
2026-07-01 15:03:19,c4975,United Kingdom,52.872,-3.5144,Home,Cutting Board Set,4,48.15,192.6,Web,Mobile,Completed,5
2026-07-01 15:20:55,c1233,France,46.6123,4.773,Sports,Yoga Mat,2,109.25,218.5,Affiliate,Mobile,Completed,5
2026-07-01 15:23:26,c7252,Canada,56.2932,-107.5865,Home,Air Purifier,5,15.13,75.65,Mobile App,Mobile,Completed,3
2026-07-01 15:23:42,c4231,Canada,53.1806,-103.4873,Beauty,Perfume,1,170.76,170.76,Affiliate,Tablet,Completed,3
2026-07-01 16:18:27,c9669,France,44.6345,1.8107,Sports,Water Bottle,5,33.08,165.4,Affiliate,Tablet,Completed,1
2026-07-01 17:12:22,c7612,Canada,58.3155,-105.6644,Home,Desk Lamp,3,66.53,199.59,Web,Mobile,Completed,3
2026-07-01 17:15:31,c2134,United States,39.8059,-94.608,Home,Throw Blanket,2,25.72,51.44,Marketplace,Mobile,Completed,5
2026-07-01 17:22:18,c1794,United States,34.9664,-96.381,Electronics,Bluetooth Speaker,3,134.38,403.14,Marketplace,Tablet,Completed,2
2026-07-01 17:56:05,c9580,India,19.4237,78.7917,Sports,Tennis Racket,1,38.6,38.6,Mobile App,Desktop,Refunded,4
2026-07-01 17:56:49,c6853,Australia,-26.1287,130.8851,Home,Throw Blanket,1,134.31,134.31,Web,Tablet,Completed,4
2026-07-01 18:24:25,c4380,Germany,50.7005,7.6406,Books,Mystery Novel,5,134.06,670.3,Web,Desktop,Completed,1
2026-07-01 18:31:42,c9077,Australia,-24.229,131.3885,Sports,Water Bottle,1,121.17,121.17,Web,Tablet,Completed,5
2026-07-01 18:38:36,c2028,United States,38.0841,-93.3732,Sports,Water Bottle,4,117.98,471.92,Mobile App,Tablet,Completed,5
2026-07-01 18:47:16,c6651,United States,37.8398,-95.1433,Electronics,Mechanical Keyboard,5,195.27,976.35,Web,Desktop,Completed,5
2026-07-01 19:01:54,c5096,United States,34.4432,-94.1875,Beauty,Makeup Brush Kit,2,41.93,83.86,Mobile App,Tablet,Completed,3
2026-07-01 19:04:39,c2600,India,22.1545,77.0749,Home,Air Purifier,1,191.13,191.13,Affiliate,Mobile,Completed,5
2026-07-01 19:10:23,c2961,Brazil,-14.6437,-52.1073,Books,Mystery Novel,5,152.2,761.0,Mobile App,Tablet,Completed,5
2026-07-01 19:31:14,c8819,India,18.8341,78.0832,Books,Sci-Fi Anthology,5,137.84,689.2,Marketplace,Tablet,Completed,5
2026-07-01 19:38:28,c8807,Australia,-27.419,133.5216,Apparel,Running Shoes,1,194.62,194.62,Mobile App,Desktop,Completed,4
2026-07-01 20:09:46,c3805,Canada,55.4081,-104.8927,Electronics,Smart Watch,1,8.31,8.31,Affiliate,Tablet,Refunded,3
2026-07-01 20:21:59,c9914,United Kingdom,55.5789,-1.1727,Electronics,Smart Watch,5,166.1,830.5,Mobile App,Desktop,Completed,3
2026-07-01 20:50:30,c8122,United Kingdom,55.816,-2.028,Beauty,Makeup Brush Kit,5,120.68,603.4,Marketplace,Tablet,Completed,4
2026-07-01 21:35:38,c9585,South Africa,-28.9178,24.103,Beauty,Lip Balm Set,2,208.22,416.44,Mobile App,Mobile,Completed,5
2026-07-01 22:22:30,c4171,India,21.6279,76.5274,Books,Sci-Fi Anthology,5,182.38,911.9,Web,Desktop,Completed,4
2026-07-01 22:31:52,c5991,Australia,-23.3396,134.3521,Home,Throw Blanket,5,187.93,939.65,Affiliate,Mobile,Completed,2
2026-07-01 22:50:27,c2965,United States,39.721,-94.7704,Apparel,Baseball Cap,1,158.11,158.11,Web,Tablet,Completed,3
2026-07-01 23:20:58,c3180,Germany,50.2881,12.3414,Home,Desk Lamp,2,142.4,284.8,Marketplace,Mobile,Refunded,4
2026-07-01 23:37:08,c1998,Mexico,26.1791,-99.8341,Beauty,Lip Balm Set,4,68.72,274.88,Affiliate,Tablet,Completed,5
2026-07-01 23:48:51,c5678,India,19.3458,81.5863,Beauty,Lip Balm Set,5,30.78,153.9,Marketplace,Mobile,Completed,4
2026-07-02 00:27:59,c5528,United Kingdom,56.5539,-4.92,Books,Mystery Novel,4,203.61,814.44,Affiliate,Tablet,Cancelled,5
2026-07-02 00:40:06,c2645,Canada,56.4327,-104.4912,Electronics,Wireless Headphones,3,169.45,508.35,Mobile App,Desktop,Completed,4
2026-07-02 00:45:53,c4666,France,48.7266,4.7531,Apparel,Running Shoes,4,170.29,681.16,Mobile App,Mobile,Completed,5
2026-07-02 01:54:20,c6482,United States,39.2435,-94.9321,Apparel,Running Shoes,5,41.48,207.4,Mobile App,Desktop,Completed,4
2026-07-02 03:29:21,c1189,Australia,-27.6147,131.1788,Sports,Yoga Mat,2,13.89,27.78,Affiliate,Desktop,Completed,5
2026-07-02 03:37:24,c4747,United States,38.9011,-94.5571,Beauty,Face Serum,2,152.28,304.56,Marketplace,Mobile,Completed,5
2026-07-02 03:40:45,c9946,United Kingdom,58.3334,-3.2541,Sports,Dumbbell Set,4,85.53,342.12,Mobile App,Mobile,Cancelled,3
2026-07-02 04:40:39,c9519,Japan,37.3497,136.7041,Beauty,Face Serum,5,183.86,919.3,Web,Mobile,Completed,5
2026-07-02 04:40:53,c7110,United States,35.2165,-94.6426,Sports,Camping Tent,2,125.24,250.48,Mobile App,Mobile,Refunded,1
2026-07-02 04:41:24,c7212,Mexico,24.0403,-104.0694,Home,Air Purifier,3,49.55,148.65,Affiliate,Mobile,Completed,5
2026-07-02 04:58:39,c1195,United Kingdom,55.28,-1.5985,Home,Desk Lamp,1,67.98,67.98,Marketplace,Desktop,Completed,4
2026-07-02 05:09:31,c1428,India,20.1484,76.2008,Apparel,Baseball Cap,1,35.79,35.79,Mobile App,Desktop,Cancelled,3
2026-07-02 05:22:40,c4125,Germany,49.7844,11.3616,Apparel,Denim Jacket,1,58.2,58.2,Affiliate,Tablet,Refunded,1
2026-07-02 05:36:32,c3526,Germany,51.9201,11.1366,Electronics,Bluetooth Speaker,2,133.46,266.92,Mobile App,Tablet,Completed,5
2026-07-02 05:46:31,c4956,South Africa,-29.9261,22.7073,Beauty,Makeup Brush Kit,5,43.12,215.6,Web,Tablet,Completed,5
2026-07-02 06:11:58,c4971,United Kingdom,55.3653,-5.4595,Apparel,Winter Coat,5,216.16,1080.8,Mobile App,Tablet,Completed,1
2026-07-02 06:20:49,c2954,Brazil,-11.3989,-52.1935,Sports,Dumbbell Set,2,81.46,162.92,Affiliate,Desktop,Pending,5
2026-07-02 06:36:23,c5652,United Kingdom,57.0747,-0.4475,Apparel,Denim Jacket,2,33.22,66.44,Web,Desktop,Completed,2
2026-07-02 06:39:13,c4416,Brazil,-12.4468,-51.2511,Electronics,4K Monitor,4,205.62,822.48,Mobile App,Mobile,Completed,4
2026-07-02 06:41:43,c4453,Singapore,-1.4028,106.0027,Electronics,Wireless Headphones,5,64.11,320.55,Affiliate,Tablet,Completed,5
2026-07-02 06:44:57,c6191,Germany,53.8224,13.0859,Home,Coffee Maker,2,219.16,438.32,Mobile App,Mobile,Completed,4
2026-07-02 06:54:29,c2327,Singapore,-0.0601,106.7698,Home,Air Purifier,3,43.34,130.02,Marketplace,Desktop,Refunded,4
2026-07-02 06:58:21,c8079,Brazil,-14.9801,-49.2368,Apparel,Graphic T-Shirt,5,160.78,803.9,Web,Tablet,Completed,2
2026-07-02 07:23:23,c9615,Japan,33.8423,136.3997,Electronics,Bluetooth Speaker,4,147.48,589.92,Marketplace,Desktop,Completed,2
2026-07-02 07:31:27,c2217,Germany,49.0098,10.7293,Apparel,Baseball Cap,1,119.08,119.08,Web,Desktop,Completed,4
2026-07-02 07:44:39,c3688,Brazil,-11.3723,-51.413,Electronics,Bluetooth Speaker,5,22.37,111.85,Mobile App,Tablet,Completed,3
2026-07-02 07:49:09,c4537,Germany,50.558,8.1563,Books,Mystery Novel,4,44.87,179.48,Marketplace,Tablet,Cancelled,4
2026-07-02 08:18:19,c8473,United Kingdom,53.2642,-3.4903,Beauty,Perfume,5,77.11,385.55,Affiliate,Mobile,Completed,5
2026-07-02 08:46:25,c8236,South Africa,-28.2192,20.9586,Books,Sci-Fi Anthology,5,26.05,130.25,Affiliate,Desktop,Completed,3
2026-07-02 09:04:34,c4724,United States,36.4032,-94.1739,Books,Kids Picture Book,1,150.82,150.82,Affiliate,Tablet,Completed,2
2026-07-02 09:29:20,c9907,United States,34.6163,-96.4119,Books,Cookbook,5,60.82,304.1,Web,Mobile,Completed,5
2026-07-02 09:55:00,c1000,Mexico,22.4685,-102.8579,Electronics,Bluetooth Speaker,4,116.36,465.44,Marketplace,Tablet,Completed,5
2026-07-02 10:30:43,c8494,Germany,49.3561,8.2308,Sports,Dumbbell Set,2,139.18,278.36,Marketplace,Mobile,Completed,4
2026-07-02 10:39:01,c1760,United Kingdom,52.4714,-1.7153,Sports,Yoga Mat,4,185.85,743.4,Marketplace,Desktop,Completed,5
2026-07-02 10:48:09,c2739,United States,36.4884,-94.1559,Apparel,Baseball Cap,3,64.4,193.2,Web,Tablet,Completed,4
2026-07-02 11:19:50,c6046,Brazil,-14.626,-50.4781,Beauty,Lip Balm Set,1,12.59,12.59,Marketplace,Desktop,Completed,3
2026-07-02 12:15:13,c6145,France,43.7984,3.8792,Apparel,Graphic T-Shirt,3,10.64,31.92,Affiliate,Tablet,Completed,5
2026-07-02 12:16:19,c8059,Singapore,-0.4141,105.9229,Home,Throw Blanket,5,219.64,1098.2,Mobile App,Tablet,Completed,5
2026-07-02 14:42:30,c6254,Brazil,-14.0762,-50.4399,Home,Cutting Board Set,2,98.56,197.12,Marketplace,Tablet,Completed,5
2026-07-02 15:05:23,c9459,Japan,38.8074,141.1657,Beauty,Makeup Brush Kit,4,149.4,597.6,Affiliate,Mobile,Completed,4
2026-07-02 15:23:33,c3598,Singapore,2.4174,105.1759,Sports,Water Bottle,3,94.42,283.26,Web,Desktop,Refunded,3
2026-07-02 15:25:33,c4659,Brazil,-15.1905,-51.9223,Sports,Yoga Mat,4,183.6,734.4,Marketplace,Desktop,Completed,1
2026-07-02 15:36:37,c9719,South Africa,-32.5008,22.9838,Sports,Tennis Racket,3,64.01,192.03,Mobile App,Mobile,Completed,4
2026-07-02 15:43:31,c8628,Canada,58.4089,-107.4988,Home,Throw Blanket,3,8.68,26.04,Mobile App,Desktop,Completed,1
2026-07-02 16:11:02,c7502,Brazil,-12.5494,-51.8351,Sports,Yoga Mat,4,76.49,305.96,Affiliate,Tablet,Completed,3
2026-07-02 16:23:10,c9449,Japan,35.2833,140.199,Beauty,Makeup Brush Kit,3,121.53,364.59,Affiliate,Desktop,Completed,4
2026-07-02 16:39:49,c8384,Australia,-22.7275,131.9729,Electronics,Smart Watch,3,173.9,521.7,Affiliate,Mobile,Cancelled,2
2026-07-02 16:42:45,c5860,Japan,35.8153,138.0296,Beauty,Shampoo Bar,4,44.54,178.16,Mobile App,Desktop,Completed,2
2026-07-02 16:49:19,c1554,Singapore,1.8827,101.7836,Sports,Yoga Mat,2,104.69,209.38,Web,Mobile,Completed,4
2026-07-02 17:05:40,c1406,France,43.5049,3.2327,Books,Sci-Fi Anthology,1,191.58,191.58,Marketplace,Tablet,Completed,2
2026-07-02 17:15:45,c4976,United States,37.4739,-97.6643,Electronics,Smart Watch,4,177.37,709.48,Web,Desktop,Completed,4
2026-07-02 17:35:11,c6596,Singapore,1.2733,104.4422,Electronics,Wireless Headphones,1,46.97,46.97,Affiliate,Desktop,Completed,3
2026-07-02 18:00:00,c5637,United Kingdom,58.0852,-2.2757,Sports,Tennis Racket,4,212.12,848.48,Marketplace,Desktop,Completed,5
2026-07-02 18:45:01,c7833,United Kingdom,56.3815,-2.1166,Home,Cutting Board Set,4,181.62,726.48,Marketplace,Tablet,Completed,5
2026-07-02 19:18:01,c5922,South Africa,-27.6281,23.3036,Beauty,Makeup Brush Kit,5,11.7,58.5,Affiliate,Desktop,Completed,4
2026-07-02 19:22:43,c7103,South Africa,-32.0074,25.3118,Sports,Dumbbell Set,3,60.73,182.19,Mobile App,Desktop,Refunded,3
2026-07-02 19:43:33,c2640,Germany,48.6104,11.1524,Beauty,Makeup Brush Kit,5,70.95,354.75,Mobile App,Desktop,Completed,1
2026-07-02 20:07:39,c7525,Australia,-25.2532,130.858,Home,Coffee Maker,3,144.03,432.09,Web,Tablet,Completed,4
2026-07-02 20:08:21,c8432,Mexico,21.9783,-103.049,Electronics,Mechanical Keyboard,5,87.91,439.55,Mobile App,Desktop,Refunded,5
2026-07-02 20:11:15,c5748,Germany,48.1958,11.881,Sports,Tennis Racket,3,108.47,325.41,Mobile App,Tablet,Completed,5
2026-07-02 20:13:23,c1706,Canada,57.1814,-106.4759,Sports,Dumbbell Set,4,12.76,51.04,Mobile App,Tablet,Completed,3
2026-07-02 20:16:56,c7855,United Kingdom,56.1421,-3.236,Books,Cookbook,4,107.19,428.76,Web,Mobile,Completed,4
2026-07-02 20:52:23,c7001,Germany,49.4004,11.6956,Books,Business Guide,4,43.48,173.92,Marketplace,Desktop,Completed,2
2026-07-02 21:08:09,c9963,United States,36.5286,-94.7229,Books,Cookbook,1,141.51,141.51,Mobile App,Tablet,Completed,5
2026-07-02 21:20:58,c4968,France,44.3931,3.5191,Apparel,Baseball Cap,1,92.74,92.74,Mobile App,Tablet,Completed,5
2026-07-02 21:35:38,c1572,Germany,49.2048,8.9038,Sports,Water Bottle,4,14.86,59.44,Mobile App,Mobile,Completed,2
2026-07-02 22:13:16,c1879,Mexico,23.2858,-103.2742,Beauty,Shampoo Bar,3,95.4,286.2,Marketplace,Desktop,Completed,1
2026-07-02 22:47:26,c6014,United Kingdom,54.8694,-0.8587,Beauty,Face Serum,4,51.4,205.6,Affiliate,Tablet,Completed,4
2026-07-02 22:55:59,c6468,Brazil,-11.8132,-50.1867,Books,Sci-Fi Anthology,4,150.98,603.92,Mobile App,Tablet,Completed,5
2026-07-02 23:17:13,c4370,France,45.6286,3.7774,Electronics,4K Monitor,1,65.71,65.71,Marketplace,Mobile,Completed,5
2026-07-02 23:31:02,c8947,South Africa,-28.1042,23.8949,Beauty,Shampoo Bar,4,39.51,158.04,Mobile App,Mobile,Refunded,1
2026-07-02 23:44:47,c3543,France,44.7989,1.3279,Beauty,Face Serum,3,60.54,181.62,Marketplace,Mobile,Refunded,3
2026-07-02 23:55:18,c1960,Australia,-23.2557,134.9194,Books,Business Guide,2,31.97,63.94,Mobile App,Desktop,Completed,5
2026-07-02 23:55:44,c1333,Australia,-24.9302,134.7122,Apparel,Baseball Cap,1,117.25,117.25,Marketplace,Desktop,Completed,4
2026-07-02 23:57:36,c6384,United Kingdom,54.1321,-4.9762,Books,Mystery Novel,1,136.84,136.84,Mobile App,Desktop,Completed,5
2026-07-03 00:04:25,c6762,Australia,-22.8901,133.7925,Electronics,Smart Watch,4,95.78,383.12,Marketplace,Tablet,Completed,5
2026-07-03 00:26:44,c3331,Canada,58.3212,-104.6069,Beauty,Shampoo Bar,3,92.03,276.09,Web,Desktop,Cancelled,4
2026-07-03 00:31:47,c1432,United Kingdom,57.8168,-5.4268,Apparel,Baseball Cap,2,147.12,294.24,Marketplace,Mobile,Completed,5
2026-07-03 01:49:57,c7362,India,22.324,80.4039,Beauty,Face Serum,2,202.37,404.74,Marketplace,Desktop,Completed,5
2026-07-03 02:46:54,c7228,Canada,55.7783,-108.6905,Beauty,Makeup Brush Kit,3,37.12,111.36,Mobile App,Mobile,Completed,5
2026-07-03 03:11:18,c7292,Mexico,25.3028,-102.3768,Home,Desk Lamp,3,52.53,157.59,Web,Desktop,Completed,2
2026-07-03 03:15:36,c8206,France,46.4956,-0.2808,Beauty,Makeup Brush Kit,1,43.07,43.07,Affiliate,Mobile,Completed,5
2026-07-03 03:41:16,c8299,Brazil,-16.0654,-49.5424,Books,Mystery Novel,3,103.75,311.25,Affiliate,Desktop,Completed,1
2026-07-03 04:06:25,c7065,India,23.306,78.8537,Books,Mystery Novel,1,97.57,97.57,Mobile App,Desktop,Completed,2
2026-07-03 04:10:45,c2474,United States,35.1015,-95.0081,Home,Desk Lamp,1,177.9,177.9,Marketplace,Tablet,Completed,3
2026-07-03 04:35:29,c9326,Mexico,21.2757,-102.6493,Apparel,Graphic T-Shirt,1,96.73,96.73,Web,Desktop,Refunded,4
2026-07-03 04:52:11,c4811,Australia,-23.3219,134.7659,Books,Sci-Fi Anthology,4,140.75,563.0,Mobile App,Desktop,Completed,1
2026-07-03 04:59:33,c8198,Brazil,-11.806,-54.8816,Apparel,Baseball Cap,3,153.36,460.08,Marketplace,Tablet,Completed,5
2026-07-03 05:57:57,c1352,Mexico,22.2756,-104.5893,Books,Sci-Fi Anthology,4,79.78,319.12,Affiliate,Mobile,Completed,4
2026-07-03 06:10:14,c2349,France,48.0469,1.8833,Electronics,Mechanical Keyboard,2,75.91,151.82,Web,Desktop,Pending,1
2026-07-03 06:42:49,c2468,Singapore,1.5736,101.6121,Electronics,Wireless Headphones,2,218.02,436.04,Affiliate,Tablet,Refunded,2
2026-07-03 06:54:41,c7910,United Kingdom,56.199,-0.7862,Apparel,Baseball Cap,1,193.41,193.41,Mobile App,Desktop,Completed,1
2026-07-03 07:12:15,c9415,Germany,50.5568,7.6874,Electronics,4K Monitor,3,112.4,337.2,Marketplace,Tablet,Completed,3
2026-07-03 07:25:25,c5375,United Kingdom,57.8863,-2.6155,Books,Kids Picture Book,3,79.01,237.03,Web,Mobile,Completed,5
2026-07-03 07:29:04,c6212,Singapore,4.0533,103.0343,Electronics,Bluetooth Speaker,5,103.31,516.55,Marketplace,Mobile,Completed,2
2026-07-03 07:34:09,c7348,United Kingdom,53.4266,-3.2731,Sports,Tennis Racket,5,137.86,689.3,Marketplace,Mobile,Completed,1
2026-07-03 07:37:50,c8634,Canada,58.176,-105.1895,Electronics,Smart Watch,1,178.95,178.95,Affiliate,Mobile,Completed,4
2026-07-03 08:00:33,c3624,India,20.1624,77.7793,Electronics,Smart Watch,2,90.4,180.8,Affiliate,Mobile,Completed,5
2026-07-03 08:52:53,c3961,Australia,-27.749,134.6806,Apparel,Winter Coat,4,19.49,77.96,Web,Tablet,Completed,4
2026-07-03 08:56:22,c7435,Germany,49.3349,9.3938,Home,Desk Lamp,2,99.2,198.4,Mobile App,Desktop,Completed,5
2026-07-03 09:34:04,c5324,United States,35.7086,-93.9361,Electronics,Smart Watch,2,141.39,282.78,Marketplace,Tablet,Completed,5
2026-07-03 09:39:00,c6094,United States,35.8282,-98.4828,Apparel,Winter Coat,2,179.66,359.32,Affiliate,Tablet,Completed,3
2026-07-03 09:52:37,c6194,Australia,-22.5723,133.804,Sports,Dumbbell Set,5,103.4,517.0,Mobile App,Mobile,Completed,2
2026-07-03 09:57:01,c6137,Canada,54.1208,-109.093,Home,Coffee Maker,2,123.84,247.68,Web,Mobile,Completed,5
2026-07-03 09:58:06,c3686,Germany,49.2946,12.2078,Books,Kids Picture Book,2,68.93,137.86,Mobile App,Desktop,Completed,4
2026-07-03 10:03:48,c9465,South Africa,-27.7664,22.0362,Electronics,Wireless Headphones,2,172.39,344.78,Web,Mobile,Completed,5
2026-07-03 11:10:25,c2275,Mexico,22.2099,-102.2839,Apparel,Winter Coat,4,85.44,341.76,Marketplace,Mobile,Pending,4
2026-07-03 11:17:14,c9882,Canada,54.5031,-108.3353,Sports,Yoga Mat,3,44.07,132.21,Marketplace,Tablet,Completed,4
2026-07-03 12:15:19,c2884,Mexico,21.2122,-100.3833,Home,Throw Blanket,5,64.74,323.7,Affiliate,Tablet,Completed,5
2026-07-03 12:21:42,c2570,France,47.3135,0.5396,Apparel,Running Shoes,3,176.64,529.92,Web,Desktop,Completed,4
2026-07-03 12:50:35,c8078,Canada,54.5727,-107.7452,Apparel,Graphic T-Shirt,5,107.39,536.95,Affiliate,Desktop,Completed,5
2026-07-03 12:52:50,c5410,Singapore,2.8615,104.6307,Electronics,Bluetooth Speaker,4,198.77,795.08,Web,Desktop,Refunded,5
2026-07-03 13:24:06,c2611,Brazil,-16.0917,-54.0328,Electronics,Bluetooth Speaker,1,197.2,197.2,Mobile App,Desktop,Completed,3
2026-07-03 13:41:47,c5445,Japan,37.9351,138.9578,Electronics,Smart Watch,1,22.12,22.12,Marketplace,Desktop,Completed,5
2026-07-03 13:45:57,c8750,France,48.5108,4.4774,Home,Air Purifier,4,129.27,517.08,Web,Desktop,Completed,3
2026-07-03 15:47:21,c4850,United States,38.4842,-96.2411,Apparel,Denim Jacket,2,173.43,346.86,Mobile App,Tablet,Completed,5
2026-07-03 16:04:30,c2448,South Africa,-27.882,20.4398,Books,Kids Picture Book,2,155.26,310.52,Web,Desktop,Completed,4
2026-07-03 16:59:03,c8816,France,46.9069,3.9504,Beauty,Makeup Brush Kit,3,184.52,553.56,Marketplace,Tablet,Completed,1
2026-07-03 18:25:43,c9934,United States,39.1526,-98.3906,Sports,Dumbbell Set,5,10.05,50.25,Mobile App,Mobile,Completed,2
2026-07-03 18:46:23,c2257,India,22.1201,81.9332,Books,Cookbook,1,111.69,111.69,Affiliate,Tablet,Completed,5
2026-07-03 19:05:31,c4051,Canada,54.7872,-106.7681,Sports,Yoga Mat,1,98.32,98.32,Mobile App,Desktop,Completed,1
2026-07-03 19:17:29,c6536,Canada,53.4986,-103.3695,Apparel,Denim Jacket,2,139.56,279.12,Marketplace,Mobile,Completed,4
2026-07-03 19:43:26,c1502,Brazil,-15.1339,-53.8416,Apparel,Baseball Cap,4,22.75,91.0,Web,Tablet,Completed,5
2026-07-03 19:50:48,c7587,Brazil,-12.349,-49.6351,Apparel,Denim Jacket,4,27.56,110.24,Web,Mobile,Pending,4
2026-07-03 20:09:37,c8258,Germany,52.9248,10.7498,Sports,Tennis Racket,2,121.19,242.38,Marketplace,Mobile,Completed,5
2026-07-03 20:50:03,c8345,Germany,50.4533,8.9687,Home,Cutting Board Set,5,52.65,263.25,Affiliate,Tablet,Completed,1
2026-07-03 20:57:33,c5462,Brazil,-17.0247,-49.5193,Home,Coffee Maker,2,219.78,439.56,Marketplace,Desktop,Completed,5
2026-07-03 21:17:09,c7230,Germany,52.0068,11.7961,Beauty,Face Serum,5,129.03,645.15,Marketplace,Desktop,Completed,5
2026-07-03 22:01:30,c8655,Australia,-26.9605,132.3451,Electronics,Bluetooth Speaker,2,108.74,217.48,Marketplace,Mobile,Completed,1
2026-07-03 22:11:39,c4014,Canada,53.9274,-107.3886,Beauty,Perfume,3,211.11,633.33,Web,Desktop,Cancelled,5
2026-07-03 22:15:52,c3042,South Africa,-30.3507,22.7712,Home,Air Purifier,4,129.64,518.56,Mobile App,Desktop,Cancelled,5
2026-07-03 22:18:55,c3205,South Africa,-28.5352,23.4729,Books,Business Guide,5,210.71,1053.55,Affiliate,Desktop,Completed,1
2026-07-03 22:39:19,c6735,Canada,54.4583,-105.2052,Home,Cutting Board Set,4,47.28,189.12,Web,Tablet,Completed,2
2026-07-03 22:47:09,c5655,Japan,38.2522,139.484,Home,Throw Blanket,1,159.45,159.45,Mobile App,Tablet,Completed,5
2026-07-03 22:50:48,c3343,Mexico,26.2871,-103.6158,Beauty,Makeup Brush Kit,4,100.53,402.12,Web,Mobile,Refunded,4
2026-07-03 22:51:23,c3403,Australia,-26.878,136.2548,Beauty,Lip Balm Set,2,180.09,360.18,Web,Mobile,Completed,2
2026-07-03 23:09:02,c7406,India,22.7429,77.3948,Beauty,Shampoo Bar,2,181.47,362.94,Mobile App,Mobile,Completed,4
2026-07-03 23:14:00,c6491,France,46.0691,4.6171,Beauty,Shampoo Bar,1,68.16,68.16,Web,Desktop,Completed,4
2026-07-03 23:17:51,c3367,United Kingdom,53.9009,-0.4486,Home,Throw Blanket,4,207.84,831.36,Marketplace,Tablet,Completed,4
2026-07-03 23:26:27,c1195,Mexico,25.1733,-101.5355,Books,Business Guide,2,83.0,166.0,Marketplace,Desktop,Completed,2
2026-07-03 23:29:00,c5800,France,47.3978,4.6113,Home,Desk Lamp,2,110.56,221.12,Affiliate,Mobile,Completed,3
2026-07-03 23:33:40,c1593,Brazil,-11.3679,-51.782,Books,Business Guide,5,100.36,501.8,Affiliate,Mobile,Completed,1
2026-07-03 23:36:30,c1672,South Africa,-31.2656,22.036,Sports,Dumbbell Set,2,154.61,309.22,Marketplace,Desktop,Completed,2
2026-07-03 23:36:46,c1093,Canada,59.1226,-109.2689,Apparel,Winter Coat,1,67.55,67.55,Mobile App,Tablet,Completed,4
2026-07-04 00:32:16,c1514,Brazil,-16.9973,-50.43,Beauty,Perfume,1,78.58,78.58,Mobile App,Tablet,Completed,1
2026-07-04 02:15:42,c5111,Brazil,-15.9278,-51.1323,Apparel,Running Shoes,2,40.92,81.84,Marketplace,Desktop,Refunded,5
2026-07-04 02:50:57,c6698,Japan,35.476,139.2096,Sports,Yoga Mat,3,14.64,43.92,Web,Tablet,Completed,5
2026-07-04 03:08:37,c7778,South Africa,-29.6062,20.4406,Electronics,Wireless Headphones,3,127.92,383.76,Mobile App,Desktop,Refunded,3
2026-07-04 03:09:11,c5723,Germany,52.4816,10.9643,Sports,Yoga Mat,1,77.86,77.86,Marketplace,Desktop,Completed,1
2026-07-04 03:17:42,c6009,Mexico,21.4288,-102.6795,Books,Mystery Novel,2,98.61,197.22,Affiliate,Mobile,Completed,5
2026-07-04 03:20:22,c7522,Japan,37.1745,135.9449,Books,Sci-Fi Anthology,1,81.69,81.69,Mobile App,Mobile,Refunded,5
2026-07-04 03:27:19,c7689,United States,37.4974,-94.6894,Apparel,Denim Jacket,1,87.22,87.22,Mobile App,Mobile,Pending,2
2026-07-04 03:51:53,c7557,India,23.1758,76.2345,Home,Coffee Maker,5,88.94,444.7,Mobile App,Mobile,Completed,1
2026-07-04 04:19:37,c5213,Mexico,24.8,-103.4532,Home,Coffee Maker,4,136.98,547.92,Marketplace,Mobile,Refunded,5
2026-07-04 04:41:32,c8879,Germany,50.3793,11.0572,Books,Cookbook,5,152.57,762.85,Affiliate,Desktop,Completed,3
2026-07-04 05:03:29,c8028,France,44.4198,0.99,Beauty,Shampoo Bar,3,146.84,440.52,Mobile App,Mobile,Refunded,4
2026-07-04 06:08:44,c5474,United States,36.8562,-93.7768,Apparel,Denim Jacket,1,69.37,69.37,Marketplace,Mobile,Completed,5
2026-07-04 06:18:52,c7660,Brazil,-15.9332,-54.6216,Sports,Camping Tent,2,90.37,180.74,Marketplace,Mobile,Completed,5
2026-07-04 06:24:24,c3147,France,47.8552,4.2207,Sports,Yoga Mat,3,193.8,581.4,Affiliate,Desktop,Completed,3
2026-07-04 06:54:20,c9492,Japan,39.0057,138.1036,Books,Mystery Novel,2,107.72,215.44,Affiliate,Desktop,Cancelled,4
2026-07-04 07:42:28,c4083,Mexico,22.9267,-103.2606,Sports,Dumbbell Set,2,108.67,217.34,Affiliate,Mobile,Refunded,3
2026-07-04 07:44:49,c3893,Germany,49.3398,11.3641,Electronics,4K Monitor,4,210.46,841.84,Web,Tablet,Completed,2
2026-07-04 07:49:21,c2192,India,20.7049,78.7945,Home,Air Purifier,5,101.81,509.05,Mobile App,Desktop,Completed,4
2026-07-04 08:06:35,c9423,Australia,-25.9851,133.3548,Sports,Water Bottle,4,83.03,332.12,Mobile App,Tablet,Completed,4
2026-07-04 09:51:06,c3056,Singapore,0.602,101.6511,Electronics,4K Monitor,2,48.94,97.88,Affiliate,Desktop,Completed,4
2026-07-04 10:10:58,c3602,Singapore,3.6955,103.0254,Beauty,Makeup Brush Kit,2,193.0,386.0,Mobile App,Tablet,Completed,1
2026-07-04 10:19:13,c1323,Singapore,1.8747,105.6364,Home,Coffee Maker,5,185.83,929.15,Web,Tablet,Completed,5
2026-07-04 10:21:10,c8984,United States,38.1275,-98.0749,Electronics,4K Monitor,3,10.67,32.01,Mobile App,Tablet,Completed,5
2026-07-04 10:40:45,c9888,Brazil,-14.7222,-50.8508,Electronics,4K Monitor,1,145.6,145.6,Affiliate,Tablet,Refunded,5
2026-07-04 10:50:35,c5807,Singapore,1.6076,102.1709,Sports,Yoga Mat,2,111.96,223.92,Web,Desktop,Refunded,4
2026-07-04 10:55:06,c7033,United States,35.2789,-93.7114,Sports,Yoga Mat,5,172.74,863.7,Affiliate,Tablet,Pending,4
2026-07-04 10:57:22,c3078,Brazil,-13.5643,-49.9541,Apparel,Graphic T-Shirt,2,59.35,118.7,Web,Desktop,Completed,3
2026-07-04 11:19:44,c8471,Japan,34.1672,138.8246,Sports,Water Bottle,5,199.36,996.8,Mobile App,Desktop,Cancelled,3
2026-07-04 11:57:57,c8071,South Africa,-33.1519,21.7139,Home,Coffee Maker,1,112.91,112.91,Affiliate,Desktop,Completed,5
2026-07-04 12:35:12,c7405,Australia,-23.0229,134.0504,Books,Kids Picture Book,3,26.6,79.8,Web,Mobile,Completed,1
2026-07-04 12:35:29,c6810,Canada,57.4872,-106.9974,Beauty,Perfume,1,64.63,64.63,Mobile App,Tablet,Completed,2
2026-07-04 13:29:02,c1848,France,44.7964,2.602,Books,Kids Picture Book,3,99.58,298.74,Affiliate,Tablet,Cancelled,2
2026-07-04 14:47:45,c2110,France,47.7025,4.6909,Books,Kids Picture Book,1,85.53,85.53,Mobile App,Tablet,Completed,5
2026-07-04 15:05:53,c6477,India,18.1321,79.7572,Home,Air Purifier,2,26.22,52.44,Affiliate,Mobile,Completed,5
2026-07-04 15:12:08,c3127,India,19.1472,76.1439,Sports,Yoga Mat,3,69.64,208.92,Affiliate,Tablet,Completed,5
2026-07-04 15:57:13,c7583,Japan,35.8846,139.9956,Home,Cutting Board Set,1,179.61,179.61,Web,Mobile,Completed,4
2026-07-04 16:12:17,c2726,Mexico,23.315,-102.0582,Electronics,4K Monitor,2,44.7,89.4,Web,Tablet,Completed,4
2026-07-04 16:35:33,c3760,Australia,-26.1455,132.926,Apparel,Baseball Cap,1,185.64,185.64,Affiliate,Mobile,Refunded,5
2026-07-04 16:36:25,c3973,India,20.3151,81.5916,Books,Business Guide,2,90.07,180.14,Web,Tablet,Completed,2
2026-07-04 17:00:24,c7536,United Kingdom,57.5993,-4.417,Home,Coffee Maker,3,207.32,621.96,Marketplace,Desktop,Completed,2
2026-07-04 17:24:50,c1030,Singapore,4.3327,102.4513,Beauty,Perfume,4,8.79,35.16,Affiliate,Tablet,Completed,3
2026-07-04 18:19:55,c7537,India,20.1592,79.2797,Home,Throw Blanket,3,57.81,173.43,Mobile App,Mobile,Cancelled,5
2026-07-04 18:24:52,c3382,India,20.9082,79.7222,Electronics,4K Monitor,2,189.86,379.72,Web,Mobile,Completed,2
2026-07-04 18:41:13,c5848,France,44.6495,2.9542,Sports,Tennis Racket,5,196.72,983.6,Mobile App,Mobile,Cancelled,5
2026-07-04 19:04:42,c8495,Singapore,2.508,101.2145,Electronics,Smart Watch,3,167.86,503.58,Mobile App,Desktop,Completed,4
2026-07-04 19:18:51,c2916,Canada,58.067,-106.7413,Books,Business Guide,5,49.85,249.25,Mobile App,Desktop,Completed,5
2026-07-04 19:47:18,c2994,Australia,-23.676,134.3149,Books,Business Guide,5,21.54,107.7,Mobile App,Desktop,Completed,3
2026-07-04 20:53:14,c5705,Australia,-26.7052,131.2902,Apparel,Baseball Cap,5,122.48,612.4,Affiliate,Tablet,Cancelled,2
2026-07-04 21:00:09,c6878,South Africa,-31.3446,24.0992,Books,Business Guide,2,30.37,60.74,Mobile App,Mobile,Completed,5
2026-07-04 21:05:16,c9481,United States,38.7606,-95.0136,Apparel,Running Shoes,4,15.64,62.56,Marketplace,Tablet,Completed,2
2026-07-04 21:16:47,c3718,India,21.6546,81.3424,Sports,Water Bottle,3,134.45,403.35,Web,Desktop,Completed,5
2026-07-04 21:22:26,c2234,United Kingdom,56.1635,-3.2903,Home,Cutting Board Set,5,141.24,706.2,Mobile App,Mobile,Refunded,3
2026-07-04 22:06:03,c6041,Brazil,-13.9792,-53.8083,Apparel,Running Shoes,1,107.6,107.6,Affiliate,Mobile,Refunded,1
2026-07-04 22:08:26,c4042,France,46.7703,4.3401,Electronics,Mechanical Keyboard,2,94.9,189.8,Affiliate,Desktop,Completed,5
2026-07-04 22:39:14,c3871,France,45.3364,-0.5363,Home,Throw Blanket,2,101.35,202.7,Marketplace,Mobile,Refunded,4
2026-07-04 22:44:46,c4661,France,43.4795,4.8263,Apparel,Running Shoes,2,14.16,28.32,Mobile App,Tablet,Cancelled,2
2026-07-04 22:54:04,c9558,Germany,51.8026,10.3122,Apparel,Baseball Cap,5,144.22,721.1,Marketplace,Desktop,Completed,2
2026-07-04 23:02:32,c3961,Canada,56.5701,-106.2134,Books,Business Guide,1,53.8,53.8,Web,Tablet,Cancelled,2
2026-07-04 23:36:21,c9181,Australia,-27.4448,131.6557,Beauty,Shampoo Bar,1,166.53,166.53,Web,Mobile,Completed,2
2026-07-05 00:21:27,c9122,India,18.2657,80.462,Apparel,Baseball Cap,3,36.06,108.18,Marketplace,Mobile,Completed,4
2026-07-05 00:45:12,c8714,India,23.3591,81.9044,Apparel,Graphic T-Shirt,5,86.54,432.7,Affiliate,Mobile,Completed,2
2026-07-05 01:16:24,c8004,India,19.662,76.9935,Home,Throw Blanket,3,63.47,190.41,Web,Tablet,Completed,5
2026-07-05 01:23:58,c8172,Singapore,-0.5476,105.2926,Books,Mystery Novel,1,19.7,19.7,Mobile App,Mobile,Completed,5
2026-07-05 01:31:25,c2667,Mexico,25.0883,-101.7566,Electronics,Smart Watch,4,83.89,335.56,Mobile App,Mobile,Completed,3
2026-07-05 02:36:07,c9205,France,43.7734,4.4856,Sports,Camping Tent,1,216.23,216.23,Marketplace,Desktop,Completed,5
2026-07-05 02:39:32,c2058,Mexico,21.5377,-99.6514,Beauty,Perfume,1,144.87,144.87,Web,Mobile,Cancelled,3
2026-07-05 03:29:08,c7094,Germany,51.5338,13.1688,Home,Coffee Maker,5,133.36,666.8,Affiliate,Tablet,Completed,4
2026-07-05 03:37:41,c3317,Australia,-27.2651,131.0586,Apparel,Winter Coat,2,177.04,354.08,Affiliate,Mobile,Completed,3
2026-07-05 03:48:57,c2877,Singapore,-0.1818,103.2564,Electronics,Bluetooth Speaker,1,98.76,98.76,Web,Mobile,Completed,5
2026-07-05 04:06:30,c4081,Mexico,22.3194,-102.675,Home,Coffee Maker,3,212.2,636.6,Mobile App,Tablet,Completed,1
2026-07-05 04:09:13,c1673,United States,35.6119,-94.9921,Home,Air Purifier,3,36.03,108.09,Mobile App,Mobile,Completed,5
2026-07-05 04:11:18,c4307,United Kingdom,53.3544,-1.364,Sports,Water Bottle,3,218.99,656.97,Mobile App,Mobile,Completed,5
2026-07-05 04:34:03,c3969,Australia,-23.7888,135.4499,Home,Cutting Board Set,1,136.18,136.18,Marketplace,Mobile,Completed,4
2026-07-05 04:50:55,c1304,Japan,35.6859,136.7576,Sports,Camping Tent,5,46.29,231.45,Mobile App,Tablet,Completed,5
2026-07-05 04:59:01,c1780,India,20.0545,81.9306,Apparel,Winter Coat,5,154.67,773.35,Marketplace,Desktop,Completed,2
2026-07-05 05:06:33,c3302,Brazil,-13.6304,-49.727,Books,Sci-Fi Anthology,1,92.14,92.14,Mobile App,Desktop,Completed,2
2026-07-05 05:30:27,c7746,United States,39.3525,-96.6937,Sports,Yoga Mat,5,55.19,275.95,Affiliate,Desktop,Completed,5
2026-07-05 05:50:15,c9250,Australia,-23.9085,131.7606,Apparel,Baseball Cap,3,88.02,264.06,Web,Mobile,Completed,2
2026-07-05 05:51:05,c1131,South Africa,-31.1797,24.694,Electronics,Mechanical Keyboard,4,110.15,440.6,Web,Mobile,Refunded,2
2026-07-05 05:54:02,c9659,Japan,33.2896,138.1416,Books,Mystery Novel,2,170.5,341.0,Marketplace,Tablet,Completed,2
2026-07-05 06:05:45,c9563,South Africa,-31.3554,20.0167,Beauty,Perfume,1,92.03,92.03,Web,Desktop,Completed,5
2026-07-05 06:26:47,c7166,France,43.4157,4.2025,Beauty,Perfume,1,82.83,82.83,Marketplace,Mobile,Completed,1
2026-07-05 06:46:41,c5465,Singapore,1.2945,105.4793,Apparel,Graphic T-Shirt,3,83.81,251.43,Mobile App,Desktop,Completed,4
2026-07-05 07:05:43,c8026,United States,37.6699,-95.7227,Home,Coffee Maker,2,215.19,430.38,Mobile App,Mobile,Completed,1
2026-07-05 07:13:19,c6527,Brazil,-13.1391,-54.0843,Apparel,Denim Jacket,5,169.38,846.9,Web,Tablet,Completed,2
2026-07-05 07:24:43,c9240,United Kingdom,53.8492,-1.8518,Electronics,Smart Watch,3,139.11,417.33,Marketplace,Desktop,Completed,3
2026-07-05 08:58:39,c9725,India,21.982,77.966,Sports,Tennis Racket,1,13.67,13.67,Web,Tablet,Completed,4
2026-07-05 09:24:45,c6658,France,48.0496,2.3124,Beauty,Perfume,5,144.03,720.15,Web,Desktop,Completed,2
2026-07-05 09:38:00,c3622,Germany,53.6617,9.5285,Beauty,Makeup Brush Kit,1,158.01,158.01,Affiliate,Mobile,Completed,4
2026-07-05 10:20:38,c1612,Japan,35.2418,136.0707,Beauty,Makeup Brush Kit,3,58.74,176.22,Affiliate,Desktop,Completed,5
2026-07-05 10:54:06,c4487,Mexico,25.1376,-102.0395,Apparel,Graphic T-Shirt,1,181.02,181.02,Mobile App,Desktop,Completed,5
2026-07-05 10:56:13,c7692,South Africa,-31.9778,25.4961,Books,Mystery Novel,4,133.48,533.92,Mobile App,Mobile,Refunded,5
2026-07-05 11:35:14,c8750,Brazil,-16.3413,-52.1886,Apparel,Running Shoes,2,93.9,187.8,Web,Desktop,Completed,5
2026-07-05 11:36:55,c6972,Germany,49.1389,12.3947,Home,Desk Lamp,4,152.62,610.48,Mobile App,Mobile,Completed,3
2026-07-05 11:41:59,c5468,France,45.3219,3.2014,Beauty,Shampoo Bar,3,109.59,328.77,Mobile App,Tablet,Completed,4
2026-07-05 12:25:52,c7367,United Kingdom,57.4255,-4.5364,Home,Cutting Board Set,1,171.44,171.44,Mobile App,Mobile,Completed,1
2026-07-05 12:28:59,c6374,Singapore,0.6362,104.6513,Home,Coffee Maker,2,107.95,215.9,Mobile App,Tablet,Completed,5
2026-07-05 13:37:49,c6781,France,44.5455,0.8378,Home,Desk Lamp,4,117.17,468.68,Web,Tablet,Completed,5
2026-07-05 14:02:00,c5590,Germany,52.0322,10.5988,Sports,Water Bottle,2,117.51,235.02,Marketplace,Desktop,Completed,4
2026-07-05 14:04:14,c5186,United Kingdom,53.3261,-1.4803,Sports,Dumbbell Set,5,166.62,833.1,Marketplace,Mobile,Completed,5
2026-07-05 14:24:47,c6853,Japan,36.6437,140.8131,Apparel,Baseball Cap,2,160.85,321.7,Marketplace,Desktop,Completed,4
2026-07-05 14:30:23,c7300,Singapore,3.9659,104.5433,Electronics,Wireless Headphones,5,110.46,552.3,Web,Desktop,Completed,3
2026-07-05 14:38:18,c7502,South Africa,-31.9439,20.6302,Electronics,Wireless Headphones,3,34.58,103.74,Mobile App,Mobile,Cancelled,3
2026-07-05 14:59:41,c8520,Australia,-26.0755,133.4321,Books,Cookbook,3,116.74,350.22,Mobile App,Desktop,Completed,4
2026-07-05 15:02:58,c3021,Germany,53.0904,9.7427,Electronics,Mechanical Keyboard,5,142.82,714.1,Affiliate,Desktop,Completed,2
2026-07-05 15:16:28,c3568,Singapore,3.9276,101.1293,Electronics,Mechanical Keyboard,3,136.53,409.59,Marketplace,Mobile,Completed,5
2026-07-05 15:34:51,c3905,United States,38.6652,-96.2967,Apparel,Baseball Cap,1,108.61,108.61,Web,Tablet,Pending,3
2026-07-05 15:44:22,c1194,Japan,37.3972,140.4275,Apparel,Running Shoes,3,161.16,483.48,Marketplace,Desktop,Completed,4
2026-07-05 16:02:59,c6646,Brazil,-16.4143,-49.1015,Beauty,Perfume,4,177.62,710.48,Marketplace,Tablet,Completed,5
2026-07-05 17:16:16,c1377,Brazil,-16.1224,-50.6267,Electronics,Mechanical Keyboard,5,195.53,977.65,Mobile App,Tablet,Cancelled,5
2026-07-05 17:36:20,c3292,United Kingdom,54.1757,-3.0563,Sports,Camping Tent,5,78.33,391.65,Web,Tablet,Completed,5
2026-07-05 17:56:34,c2637,Mexico,24.3233,-102.009,Apparel,Denim Jacket,4,101.43,405.72,Mobile App,Desktop,Completed,4
2026-07-05 18:00:14,c3385,Brazil,-13.2575,-52.3229,Sports,Camping Tent,1,186.81,186.81,Web,Desktop,Completed,2
2026-07-05 18:42:47,c3113,Mexico,23.1349,-102.2672,Home,Coffee Maker,1,202.55,202.55,Web,Tablet,Completed,2
2026-07-05 18:45:41,c9246,Canada,57.6831,-103.8396,Beauty,Makeup Brush Kit,4,104.68,418.72,Mobile App,Tablet,Completed,3
2026-07-05 19:37:21,c6209,Australia,-22.5158,134.3792,Beauty,Perfume,2,78.39,156.78,Affiliate,Desktop,Completed,5
2026-07-05 19:52:26,c1406,Brazil,-13.1051,-50.5402,Electronics,4K Monitor,5,32.78,163.9,Affiliate,Tablet,Refunded,5
2026-07-05 20:44:30,c1077,France,47.0664,1.3435,Apparel,Baseball Cap,5,140.53,702.65,Marketplace,Desktop,Completed,5
2026-07-05 21:55:23,c6910,Australia,-25.333,135.5013,Home,Desk Lamp,1,102.93,102.93,Affiliate,Desktop,Completed,1
2026-07-05 21:56:46,c6482,Brazil,-15.0029,-53.2326,Books,Sci-Fi Anthology,5,19.1,95.5,Web,Mobile,Completed,5
2026-07-05 22:16:39,c4517,Germany,51.2845,8.2752,Sports,Yoga Mat,5,42.06,210.3,Web,Mobile,Completed,1
2026-07-05 22:16:40,c2995,United Kingdom,57.8604,-6.2506,Apparel,Winter Coat,4,141.84,567.36,Marketplace,Desktop,Completed,4
2026-07-05 22:17:15,c2716,South Africa,-33.2239,22.5609,Beauty,Lip Balm Set,4,88.52,354.08,Mobile App,Mobile,Cancelled,2
2026-07-05 22:19:45,c7095,Brazil,-14.9429,-51.5265,Sports,Dumbbell Set,4,209.15,836.6,Affiliate,Desktop,Completed,5
2026-07-05 22:44:59,c2580,United Kingdom,57.3513,-5.0761,Home,Throw Blanket,4,107.79,431.16,Web,Tablet,Completed,4
2026-07-05 22:52:11,c9283,South Africa,-30.7291,22.1296,Books,Sci-Fi Anthology,4,30.04,120.16,Affiliate,Tablet,Completed,5
2026-07-05 22:52:50,c9119,Germany,54.1657,9.5482,Sports,Yoga Mat,4,81.16,324.64,Marketplace,Mobile,Completed,1
2026-07-05 23:12:07,c7621,India,19.1284,78.4446,Books,Cookbook,4,168.06,672.24,Web,Mobile,Completed,2
2026-07-05 23:13:19,c2573,South Africa,-28.847,25.0906,Books,Business Guide,2,204.31,408.62,Marketplace,Mobile,Completed,1
2026-07-05 23:34:00,c1781,United States,36.9987,-98.1948,Home,Cutting Board Set,5,142.29,711.45,Marketplace,Mobile,Completed,3
2026-07-05 23:38:48,c1783,South Africa,-27.782,21.1171,Home,Air Purifier,4,26.82,107.28,Affiliate,Desktop,Refunded,5
2026-07-06 00:17:28,c3557,Mexico,24.2143,-99.885,Home,Throw Blanket,1,92.35,92.35,Web,Tablet,Completed,4
2026-07-06 00:28:13,c5643,Brazil,-16.3718,-49.2727,Apparel,Winter Coat,4,39.25,157.0,Mobile App,Tablet,Completed,1
2026-07-06 00:38:36,c7410,Canada,57.2536,-106.3373,Electronics,Mechanical Keyboard,1,97.66,97.66,Web,Mobile,Completed,5
2026-07-06 00:56:10,c9521,Australia,-24.6456,136.6899,Electronics,4K Monitor,5,84.37,421.85,Affiliate,Tablet,Completed,5
2026-07-06 01:38:45,c8927,United States,36.8643,-93.852,Sports,Tennis Racket,1,8.98,8.98,Marketplace,Tablet,Refunded,2
2026-07-06 02:36:03,c4774,Brazil,-14.2162,-54.767,Home,Desk Lamp,1,22.38,22.38,Web,Mobile,Completed,2
2026-07-06 02:37:30,c5693,Canada,53.529,-106.1284,Apparel,Graphic T-Shirt,4,68.38,273.52,Marketplace,Tablet,Completed,2
2026-07-06 02:54:51,c1787,United Kingdom,52.6207,-6.1993,Electronics,Wireless Headphones,3,91.18,273.54,Marketplace,Desktop,Completed,1
2026-07-06 02:59:59,c3644,Mexico,24.6241,-104.6627,Sports,Camping Tent,2,61.91,123.82,Web,Desktop,Completed,5
2026-07-06 05:13:06,c9295,Australia,-23.9011,131.4349,Beauty,Shampoo Bar,2,149.07,298.14,Web,Desktop,Refunded,4
2026-07-06 05:34:55,c6944,Singapore,3.303,105.9936,Apparel,Winter Coat,1,185.41,185.41,Marketplace,Desktop,Completed,1
2026-07-06 05:47:42,c5769,Canada,53.8975,-108.9786,Books,Kids Picture Book,3,23.01,69.03,Web,Tablet,Refunded,4
2026-07-06 05:59:53,c1315,Mexico,21.6203,-103.6139,Home,Cutting Board Set,3,84.66,253.98,Mobile App,Desktop,Completed,2
2026-07-06 06:32:42,c2354,Brazil,-12.3346,-49.337,Beauty,Face Serum,2,219.62,439.24,Mobile App,Desktop,Completed,5
2026-07-06 07:22:13,c2195,India,22.7549,79.3703,Home,Cutting Board Set,2,169.7,339.4,Web,Tablet,Completed,4
2026-07-06 07:22:19,c4770,Brazil,-13.9775,-49.27,Apparel,Baseball Cap,1,139.79,139.79,Web,Mobile,Completed,5
2026-07-06 07:23:22,c1713,United States,37.8437,-96.5833,Books,Sci-Fi Anthology,3,158.36,475.08,Affiliate,Mobile,Completed,5
2026-07-06 07:24:56,c3134,Brazil,-15.2343,-54.2608,Beauty,Face Serum,5,171.34,856.7,Marketplace,Mobile,Completed,5
2026-07-06 07:51:56,c4445,France,48.5308,1.1928,Home,Coffee Maker,4,128.88,515.52,Mobile App,Tablet,Completed,5
2026-07-06 07:58:33,c2500,Australia,-22.5636,131.9113,Beauty,Lip Balm Set,2,44.53,89.06,Mobile App,Tablet,Pending,4
2026-07-06 08:15:13,c7820,Singapore,0.9649,106.0756,Sports,Dumbbell Set,2,61.0,122.0,Mobile App,Mobile,Completed,4
2026-07-06 08:38:14,c9970,India,18.3442,80.5006,Beauty,Makeup Brush Kit,1,100.09,100.09,Web,Mobile,Completed,5
2026-07-06 08:41:17,c7308,France,48.5515,0.0237,Books,Business Guide,5,131.02,655.1,Mobile App,Tablet,Completed,5
2026-07-06 09:43:54,c6942,Brazil,-12.7938,-49.323,Sports,Dumbbell Set,3,126.4,379.2,Mobile App,Desktop,Completed,1
2026-07-06 10:00:28,c6119,Japan,36.0347,139.7001,Beauty,Face Serum,5,177.2,886.0,Web,Mobile,Completed,1
2026-07-06 10:17:47,c2675,South Africa,-32.8973,24.7732,Books,Mystery Novel,3,44.91,134.73,Marketplace,Desktop,Completed,4
2026-07-06 10:26:03,c6707,Australia,-26.2271,133.3732,Sports,Dumbbell Set,5,143.19,715.95,Web,Mobile,Completed,4
2026-07-06 10:37:58,c1541,Mexico,26.2574,-99.9992,Sports,Tennis Racket,4,165.17,660.68,Web,Desktop,Completed,5
2026-07-06 10:59:37,c7653,Canada,56.3794,-104.7354,Electronics,Mechanical Keyboard,2,133.15,266.3,Affiliate,Tablet,Completed,1
2026-07-06 12:23:48,c7266,Germany,49.0361,9.7041,Books,Sci-Fi Anthology,3,133.31,399.93,Mobile App,Desktop,Completed,1
2026-07-06 12:41:48,c1345,South Africa,-28.7255,20.5953,Home,Coffee Maker,2,73.34,146.68,Affiliate,Mobile,Completed,4
2026-07-06 13:00:09,c2405,Singapore,-0.7751,101.0893,Apparel,Denim Jacket,3,41.07,123.21,Web,Tablet,Completed,3
2026-07-06 13:09:04,c7305,United Kingdom,52.8316,-3.201,Books,Kids Picture Book,1,160.48,160.48,Web,Desktop,Completed,5
2026-07-06 13:12:10,c9746,Brazil,-14.3065,-49.2423,Apparel,Running Shoes,1,25.22,25.22,Affiliate,Tablet,Completed,5
2026-07-06 13:28:23,c9617,France,45.2898,4.4349,Home,Air Purifier,4,172.09,688.36,Web,Mobile,Cancelled,1
2026-07-06 13:56:37,c1697,South Africa,-31.9102,24.3429,Apparel,Graphic T-Shirt,5,211.77,1058.85,Mobile App,Mobile,Cancelled,3
2026-07-06 14:05:23,c8702,United States,40.0881,-93.319,Apparel,Running Shoes,4,42.04,168.16,Mobile App,Tablet,Completed,3
2026-07-06 14:07:15,c5292,India,21.5302,79.7303,Apparel,Denim Jacket,1,189.48,189.48,Affiliate,Desktop,Completed,4
2026-07-06 14:11:10,c4788,United Kingdom,54.6744,-2.0713,Sports,Dumbbell Set,2,168.04,336.08,Web,Tablet,Completed,5
2026-07-06 14:19:33,c1890,Germany,48.963,10.1109,Books,Business Guide,1,35.48,35.48,Affiliate,Mobile,Refunded,3
2026-07-06 14:46:14,c6960,France,48.0925,4.7896,Electronics,Wireless Headphones,3,66.82,200.46,Web,Mobile,Completed,5
2026-07-06 15:07:18,c8232,Germany,53.8409,12.8183,Beauty,Face Serum,1,11.65,11.65,Mobile App,Tablet,Completed,3
2026-07-06 15:23:56,c6528,United Kingdom,57.5874,-3.6785,Electronics,Bluetooth Speaker,3,61.49,184.47,Marketplace,Desktop,Completed,3
2026-07-06 15:50:13,c7352,Germany,54.0873,12.3067,Books,Mystery Novel,5,51.9,259.5,Marketplace,Desktop,Completed,5
2026-07-06 15:58:54,c4243,Australia,-26.0022,135.2136,Electronics,Mechanical Keyboard,4,69.99,279.96,Mobile App,Mobile,Completed,4
2026-07-06 16:00:26,c3956,Brazil,-15.0805,-50.8234,Apparel,Graphic T-Shirt,2,39.73,79.46,Mobile App,Tablet,Completed,3
2026-07-06 16:12:08,c6398,United States,39.8821,-93.7012,Sports,Yoga Mat,4,189.67,758.68,Affiliate,Desktop,Completed,5
2026-07-06 16:13:53,c7925,India,20.6178,80.2159,Sports,Yoga Mat,3,56.74,170.22,Affiliate,Tablet,Completed,3
2026-07-06 16:16:30,c1781,India,20.5316,81.4957,Books,Sci-Fi Anthology,3,160.94,482.82,Web,Tablet,Pending,5
2026-07-06 16:19:42,c8738,United States,36.9541,-96.6417,Books,Kids Picture Book,4,156.14,624.56,Affiliate,Mobile,Completed,2
2026-07-06 17:01:50,c2850,United Kingdom,56.4274,-5.0156,Home,Throw Blanket,5,154.77,773.85,Marketplace,Mobile,Completed,5
2026-07-06 17:04:27,c8625,Singapore,2.9698,102.7191,Apparel,Baseball Cap,3,57.54,172.62,Marketplace,Desktop,Completed,3
2026-07-06 17:10:02,c4068,United Kingdom,56.4534,-4.0041,Books,Business Guide,4,129.33,517.32,Affiliate,Tablet,Completed,4
2026-07-06 18:05:22,c8780,United States,35.2445,-96.4146,Books,Mystery Novel,4,53.6,214.4,Web,Desktop,Completed,5
2026-07-06 18:33:26,c7922,India,17.9493,76.5598,Electronics,Bluetooth Speaker,1,97.54,97.54,Affiliate,Mobile,Completed,5
2026-07-06 18:59:58,c8974,South Africa,-28.3467,22.2821,Home,Air Purifier,3,187.15,561.45,Affiliate,Mobile,Completed,5
2026-07-06 19:07:49,c5344,Brazil,-13.6409,-53.2247,Home,Cutting Board Set,4,105.91,423.64,Web,Mobile,Completed,4
2026-07-06 19:15:57,c4438,Mexico,25.5174,-104.2159,Beauty,Shampoo Bar,2,73.17,146.34,Mobile App,Desktop,Completed,2
2026-07-06 19:26:21,c3979,India,20.4269,78.8213,Electronics,Bluetooth Speaker,3,205.36,616.08,Affiliate,Desktop,Pending,5
2026-07-06 19:37:57,c6278,United States,37.3836,-95.2925,Beauty,Face Serum,2,210.33,420.66,Affiliate,Tablet,Refunded,1
2026-07-06 19:48:46,c6120,United States,36.7725,-96.208,Apparel,Graphic T-Shirt,2,200.95,401.9,Affiliate,Mobile,Completed,5
2026-07-06 20:45:47,c3172,Japan,34.8252,140.7941,Books,Kids Picture Book,5,77.16,385.8,Web,Tablet,Completed,4
2026-07-06 20:54:03,c1667,Japan,34.7106,139.9906,Beauty,Face Serum,4,113.03,452.12,Marketplace,Mobile,Completed,1
2026-07-06 21:04:42,c3096,South Africa,-30.0396,20.9916,Electronics,Wireless Headphones,5,36.28,181.4,Marketplace,Mobile,Completed,2
2026-07-06 21:58:37,c4452,Canada,58.989,-105.1605,Books,Sci-Fi Anthology,1,10.51,10.51,Affiliate,Tablet,Completed,5
2026-07-06 22:03:43,c4975,Australia,-24.7996,135.3059,Electronics,Mechanical Keyboard,5,184.98,924.9,Affiliate,Tablet,Completed,5
2026-07-06 22:10:45,c6728,India,19.1045,81.6581,Electronics,Wireless Headphones,4,162.04,648.16,Marketplace,Tablet,Pending,5
2026-07-06 22:23:38,c1077,Singapore,2.1925,100.9136,Books,Cookbook,1,203.95,203.95,Mobile App,Tablet,Completed,5
2026-07-06 22:34:28,c5458,Australia,-27.8723,131.1196,Beauty,Perfume,5,185.84,929.2,Web,Tablet,Completed,4
2026-07-06 22:34:57,c3510,India,21.2065,78.5396,Beauty,Face Serum,3,84.17,252.51,Affiliate,Desktop,Completed,1
2026-07-06 22:45:55,c5095,Brazil,-16.7491,-51.4991,Electronics,4K Monitor,4,211.05,844.2,Mobile App,Desktop,Completed,2
2026-07-06 23:02:06,c8285,South Africa,-32.3693,22.4461,Sports,Water Bottle,4,157.99,631.96,Mobile App,Tablet,Completed,3
2026-07-06 23:08:55,c6625,Australia,-24.1231,131.5792,Home,Air Purifier,2,62.15,124.3,Mobile App,Mobile,Completed,3
2026-07-06 23:43:55,c3402,Germany,51.54,11.2221,Beauty,Lip Balm Set,2,214.94,429.88,Affiliate,Desktop,Completed,3
2026-07-06 23:51:22,c2111,France,48.0663,0.484,Beauty,Shampoo Bar,3,61.94,185.82,Marketplace,Mobile,Completed,5
2026-07-07 00:00:24,c7854,Mexico,21.4034,-102.9744,Apparel,Denim Jacket,1,10.73,10.73,Web,Mobile,Completed,4
2026-07-07 00:02:57,c5297,Canada,54.4084,-103.7718,Home,Throw Blanket,1,192.01,192.01,Mobile App,Mobile,Completed,1
2026-07-07 00:28:18,c7777,Japan,38.8416,139.17,Home,Air Purifier,1,96.17,96.17,Affiliate,Mobile,Refunded,4
2026-07-07 00:32:49,c5949,Canada,58.8014,-103.4241,Home,Air Purifier,3,104.85,314.55,Mobile App,Mobile,Refunded,2
2026-07-07 00:54:04,c8291,France,45.4884,2.7323,Home,Desk Lamp,1,146.15,146.15,Mobile App,Mobile,Completed,4
2026-07-07 01:17:49,c5795,Brazil,-11.8149,-51.5559,Sports,Dumbbell Set,4,117.5,470.0,Marketplace,Desktop,Completed,5
2026-07-07 02:50:10,c6633,Germany,49.1382,11.8404,Apparel,Winter Coat,3,41.55,124.65,Mobile App,Mobile,Completed,3
2026-07-07 02:50:44,c2965,United States,39.9569,-96.2767,Apparel,Graphic T-Shirt,2,130.24,260.48,Mobile App,Desktop,Completed,4
2026-07-07 03:10:41,c4759,Brazil,-14.9326,-52.8594,Books,Kids Picture Book,2,184.87,369.74,Mobile App,Tablet,Completed,4
2026-07-07 03:33:32,c5547,Mexico,24.4395,-103.8837,Beauty,Face Serum,4,215.3,861.2,Mobile App,Mobile,Completed,3
2026-07-07 03:42:58,c9190,France,45.9325,0.6455,Apparel,Baseball Cap,1,134.41,134.41,Web,Tablet,Refunded,4
2026-07-07 04:01:31,c8974,India,18.2901,76.9904,Books,Business Guide,4,192.18,768.72,Marketplace,Tablet,Completed,5
2026-07-07 04:06:21,c5258,India,19.6036,77.0421,Books,Mystery Novel,1,93.32,93.32,Affiliate,Mobile,Refunded,5
2026-07-07 04:08:28,c6168,Canada,56.7881,-107.3461,Sports,Tennis Racket,2,48.76,97.52,Mobile App,Tablet,Completed,1
2026-07-07 04:14:21,c8452,Japan,37.8252,135.6501,Electronics,Bluetooth Speaker,4,169.53,678.12,Web,Tablet,Completed,5
2026-07-07 04:29:49,c4642,United Kingdom,54.1729,-2.7623,Beauty,Face Serum,1,187.71,187.71,Affiliate,Tablet,Completed,5
2026-07-07 04:47:41,c6971,Germany,51.8249,12.8072,Home,Throw Blanket,3,148.08,444.24,Mobile App,Desktop,Completed,5
2026-07-07 04:54:52,c7940,Japan,36.6686,137.2626,Apparel,Denim Jacket,2,180.4,360.8,Marketplace,Desktop,Refunded,1
2026-07-07 06:08:13,c6484,United Kingdom,58.2982,-2.4845,Home,Coffee Maker,5,210.85,1054.25,Marketplace,Tablet,Completed,5
2026-07-07 07:05:45,c5804,Canada,55.4709,-107.24,Home,Throw Blanket,4,186.39,745.56,Marketplace,Desktop,Completed,5
2026-07-07 07:52:28,c6971,Brazil,-14.3248,-52.9599,Beauty,Lip Balm Set,5,40.31,201.55,Marketplace,Mobile,Completed,5
2026-07-07 08:12:59,c6372,Singapore,3.9017,105.4915,Electronics,Wireless Headphones,4,106.96,427.84,Affiliate,Desktop,Completed,5
2026-07-07 08:41:32,c9266,Japan,38.3567,136.7196,Sports,Yoga Mat,1,59.16,59.16,Affiliate,Desktop,Refunded,5
2026-07-07 08:49:57,c4273,Japan,33.979,135.5154,Apparel,Denim Jacket,3,50.63,151.89,Affiliate,Desktop,Refunded,4
2026-07-07 09:01:36,c5510,Japan,38.3019,136.3831,Apparel,Denim Jacket,2,209.86,419.72,Web,Mobile,Completed,1
2026-07-07 09:36:11,c2337,Australia,-25.6208,135.6204,Books,Business Guide,4,167.75,671.0,Web,Tablet,Completed,5
2026-07-07 09:36:25,c3181,Singapore,3.4365,104.2166,Apparel,Denim Jacket,2,144.13,288.26,Affiliate,Tablet,Completed,3
2026-07-07 09:42:29,c1287,Singapore,0.9664,102.3675,Beauty,Perfume,1,87.12,87.12,Marketplace,Desktop,Completed,3
2026-07-07 10:30:14,c2465,Canada,55.5334,-108.9771,Books,Business Guide,2,124.2,248.4,Mobile App,Mobile,Completed,4
2026-07-07 10:50:32,c7303,United States,39.3486,-94.1672,Home,Cutting Board Set,5,131.72,658.6,Affiliate,Mobile,Completed,5
2026-07-07 11:03:16,c9992,United States,39.4099,-93.4298,Beauty,Lip Balm Set,2,95.98,191.96,Web,Tablet,Completed,4
2026-07-07 11:03:58,c1348,United Kingdom,52.9011,-2.8887,Books,Mystery Novel,1,97.01,97.01,Mobile App,Mobile,Completed,1
2026-07-07 11:35:43,c4068,France,47.5021,0.0214,Apparel,Denim Jacket,4,82.19,328.76,Affiliate,Tablet,Completed,3
2026-07-07 11:37:51,c2002,Germany,51.5575,8.2177,Apparel,Denim Jacket,4,169.61,678.44,Mobile App,Tablet,Completed,5
2026-07-07 11:59:14,c2593,South Africa,-29.5521,20.7422,Apparel,Graphic T-Shirt,4,177.25,709.0,Affiliate,Tablet,Refunded,1
2026-07-07 12:20:24,c3262,France,45.8204,1.2214,Beauty,Lip Balm Set,1,151.16,151.16,Mobile App,Mobile,Completed,2
2026-07-07 12:53:21,c7473,Singapore,2.6541,102.3232,Apparel,Winter Coat,1,161.55,161.55,Affiliate,Tablet,Completed,3
2026-07-07 12:55:36,c7498,Mexico,21.3339,-99.5526,Books,Cookbook,5,157.2,786.0,Mobile App,Tablet,Completed,4
2026-07-07 13:06:29,c7789,India,18.3465,77.7141,Books,Mystery Novel,3,127.35,382.05,Affiliate,Desktop,Completed,1
2026-07-07 13:52:09,c5856,Canada,57.1743,-105.2996,Sports,Camping Tent,4,83.28,333.12,Affiliate,Mobile,Refunded,5
2026-07-07 13:55:13,c3015,South Africa,-30.7115,24.6905,Sports,Dumbbell Set,1,131.32,131.32,Web,Mobile,Completed,5
2026-07-07 14:18:17,c9646,South Africa,-32.3778,21.2328,Beauty,Lip Balm Set,4,72.54,290.16,Affiliate,Mobile,Completed,1
2026-07-07 14:29:28,c4916,United Kingdom,53.9217,-6.1063,Electronics,Bluetooth Speaker,2,219.96,439.92,Mobile App,Desktop,Refunded,2
2026-07-07 14:29:53,c1385,United States,36.5526,-93.9295,Home,Desk Lamp,4,41.34,165.36,Marketplace,Desktop,Completed,2
2026-07-07 14:31:17,c7983,Germany,53.7686,13.2052,Electronics,Bluetooth Speaker,2,192.19,384.38,Web,Desktop,Completed,5
2026-07-07 14:31:34,c7288,South Africa,-29.2726,19.9479,Sports,Water Bottle,4,196.17,784.68,Marketplace,Tablet,Refunded,4
2026-07-07 15:00:10,c1502,South Africa,-32.2787,20.5129,Beauty,Lip Balm Set,2,139.71,279.42,Mobile App,Desktop,Cancelled,2
2026-07-07 15:01:28,c7165,Germany,49.6397,8.569,Home,Coffee Maker,4,74.79,299.16,Affiliate,Tablet,Completed,5
2026-07-07 15:04:46,c8749,South Africa,-31.7546,24.9857,Books,Mystery Novel,4,77.06,308.24,Marketplace,Tablet,Completed,5
2026-07-07 15:10:33,c8973,Australia,-22.7109,135.4908,Home,Air Purifier,5,148.32,741.6,Mobile App,Desktop,Completed,1
2026-07-07 15:16:50,c1338,France,46.7976,3.2769,Electronics,4K Monitor,4,147.05,588.2,Mobile App,Mobile,Completed,5
2026-07-07 16:02:54,c4084,Mexico,23.2916,-104.425,Apparel,Baseball Cap,3,211.37,634.11,Affiliate,Desktop,Cancelled,4
2026-07-07 16:03:53,c5885,Singapore,2.8458,103.1754,Books,Business Guide,1,78.94,78.94,Web,Mobile,Completed,3
2026-07-07 16:06:23,c1728,United States,39.1589,-94.0237,Home,Desk Lamp,4,196.5,786.0,Marketplace,Desktop,Completed,2
2026-07-07 16:35:09,c9849,Germany,48.4913,9.4366,Apparel,Winter Coat,5,161.07,805.35,Marketplace,Tablet,Completed,4
2026-07-07 16:37:19,c5621,Canada,58.7978,-109.0176,Home,Coffee Maker,1,84.31,84.31,Marketplace,Tablet,Completed,5
2026-07-07 17:58:17,c7066,India,19.6807,81.1411,Apparel,Winter Coat,1,145.24,145.24,Web,Desktop,Completed,4
2026-07-07 18:35:35,c1767,Japan,33.6837,141.175,Apparel,Running Shoes,2,153.45,306.9,Web,Desktop,Completed,1
2026-07-07 19:07:07,c2502,Japan,38.244,140.8658,Beauty,Makeup Brush Kit,3,51.04,153.12,Affiliate,Mobile,Completed,1
2026-07-07 19:34:53,c6764,Brazil,-12.9357,-49.6694,Electronics,4K Monitor,3,115.34,346.02,Affiliate,Tablet,Completed,5
2026-07-07 20:30:36,c8214,France,45.7631,3.189,Sports,Dumbbell Set,5,91.92,459.6,Marketplace,Tablet,Completed,4
2026-07-07 20:31:48,c1336,South Africa,-32.3969,25.0297,Home,Cutting Board Set,3,190.72,572.16,Web,Mobile,Completed,5
2026-07-07 20:51:42,c1616,Brazil,-17.0418,-52.4898,Home,Throw Blanket,2,107.7,215.4,Affiliate,Mobile,Completed,3
2026-07-07 21:05:01,c3307,France,46.674,1.0836,Beauty,Lip Balm Set,3,56.12,168.36,Affiliate,Mobile,Completed,4
2026-07-07 21:27:06,c1229,United Kingdom,53.9001,-2.9439,Electronics,Bluetooth Speaker,4,102.4,409.6,Web,Desktop,Completed,5
2026-07-07 21:30:41,c9555,Germany,49.1839,11.2896,Books,Cookbook,5,48.3,241.5,Mobile App,Desktop,Completed,5
2026-07-07 22:45:12,c7583,Canada,54.4401,-103.7146,Books,Kids Picture Book,1,210.45,210.45,Marketplace,Tablet,Completed,5
2026-07-07 22:45:39,c5144,Brazil,-14.5649,-51.0557,Home,Air Purifier,3,72.57,217.71,Mobile App,Desktop,Completed,5
2026-07-07 23:22:06,c3007,Germany,50.3813,10.2974,Books,Sci-Fi Anthology,1,147.23,147.23,Affiliate,Mobile,Completed,5
2026-07-07 23:22:41,c9134,India,21.6745,81.9268,Books,Business Guide,1,93.36,93.36,Mobile App,Mobile,Completed,3
2026-07-07 23:30:28,c2747,Brazil,-12.3984,-53.0747,Books,Business Guide,3,74.02,222.06,Marketplace,Desktop,Completed,2
2026-07-08 00:06:22,c3800,Mexico,25.1416,-105.5133,Apparel,Winter Coat,2,28.98,57.96,Web,Mobile,Cancelled,2
2026-07-08 00:32:31,c8526,Mexico,23.6639,-105.061,Beauty,Face Serum,5,149.04,745.2,Affiliate,Mobile,Pending,5
2026-07-08 00:37:25,c4346,France,48.0231,0.9047,Books,Business Guide,1,71.21,71.21,Mobile App,Mobile,Completed,5
2026-07-08 01:04:57,c3222,South Africa,-30.9198,21.2059,Books,Business Guide,1,124.17,124.17,Mobile App,Tablet,Completed,5
2026-07-08 01:20:43,c8031,Mexico,23.6974,-104.0532,Electronics,Mechanical Keyboard,2,149.26,298.52,Mobile App,Mobile,Completed,2
2026-07-08 01:58:37,c9728,France,48.3502,4.981,Beauty,Shampoo Bar,5,110.22,551.1,Web,Tablet,Completed,5
2026-07-08 02:09:51,c1911,United States,39.9286,-95.8196,Home,Air Purifier,2,68.05,136.1,Affiliate,Tablet,Completed,5
2026-07-08 02:45:33,c3910,Canada,57.6469,-109.0141,Books,Kids Picture Book,2,152.68,305.36,Marketplace,Desktop,Completed,1
2026-07-08 02:46:58,c9115,United States,34.8187,-95.2023,Sports,Yoga Mat,2,117.45,234.9,Mobile App,Desktop,Refunded,3
2026-07-08 04:08:09,c4530,India,21.8558,77.0359,Apparel,Graphic T-Shirt,1,138.14,138.14,Marketplace,Tablet,Refunded,3
2026-07-08 04:18:57,c3894,Australia,-24.5315,133.6577,Beauty,Makeup Brush Kit,3,156.75,470.25,Marketplace,Desktop,Completed,1
2026-07-08 05:03:17,c8944,United Kingdom,57.5369,-5.1,Books,Sci-Fi Anthology,1,45.63,45.63,Marketplace,Tablet,Cancelled,1
2026-07-08 05:48:04,c6265,Australia,-27.4066,134.032,Apparel,Running Shoes,1,47.9,47.9,Mobile App,Desktop,Completed,4
2026-07-08 05:51:18,c2073,Australia,-23.6493,135.3051,Electronics,Wireless Headphones,2,196.06,392.12,Mobile App,Mobile,Completed,1
2026-07-08 05:59:06,c1774,South Africa,-33.2953,23.3193,Books,Kids Picture Book,4,175.9,703.6,Marketplace,Mobile,Completed,5
2026-07-08 06:52:35,c2341,South Africa,-31.8256,22.7813,Beauty,Shampoo Bar,5,45.23,226.15,Web,Tablet,Completed,5
2026-07-08 07:01:37,c7655,Brazil,-13.1376,-53.375,Home,Cutting Board Set,1,209.22,209.22,Web,Tablet,Completed,5
2026-07-08 07:17:14,c4964,India,19.5777,80.706,Apparel,Winter Coat,4,110.21,440.84,Web,Tablet,Completed,5
2026-07-08 07:47:00,c5676,Germany,52.8524,9.7311,Apparel,Graphic T-Shirt,2,70.2,140.4,Affiliate,Tablet,Completed,3
2026-07-08 08:12:27,c4189,Singapore,-0.9919,106.5289,Books,Cookbook,3,135.39,406.17,Marketplace,Tablet,Completed,4
2026-07-08 08:31:19,c2467,United Kingdom,57.1814,-4.1332,Home,Air Purifier,5,11.93,59.65,Marketplace,Mobile,Completed,1
2026-07-08 08:37:28,c1025,South Africa,-31.2021,22.1658,Electronics,Wireless Headphones,2,217.2,434.4,Affiliate,Tablet,Completed,5
2026-07-08 09:41:33,c6514,United Kingdom,57.4589,-1.276,Electronics,Mechanical Keyboard,4,132.24,528.96,Marketplace,Mobile,Completed,3
2026-07-08 09:45:46,c4669,Canada,53.4058,-107.7803,Home,Coffee Maker,5,170.72,853.6,Marketplace,Tablet,Completed,2
2026-07-08 09:46:58,c6251,Mexico,21.0257,-101.9334,Apparel,Winter Coat,5,30.72,153.6,Mobile App,Tablet,Completed,3
2026-07-08 09:54:17,c3032,India,20.6562,80.4109,Sports,Water Bottle,1,57.31,57.31,Marketplace,Desktop,Completed,4
2026-07-08 10:02:30,c8356,Brazil,-15.236,-52.2569,Books,Sci-Fi Anthology,1,91.42,91.42,Marketplace,Mobile,Completed,5
2026-07-08 10:27:00,c5551,Brazil,-15.6562,-54.7865,Apparel,Baseball Cap,5,195.28,976.4,Marketplace,Desktop,Completed,3
2026-07-08 10:32:17,c9011,France,45.021,4.8589,Home,Throw Blanket,2,154.33,308.66,Marketplace,Mobile,Completed,4
2026-07-08 10:50:36,c8372,France,47.5729,1.327,Apparel,Denim Jacket,2,213.54,427.08,Web,Mobile,Completed,4
2026-07-08 11:06:41,c4767,United Kingdom,56.5921,-4.2716,Beauty,Makeup Brush Kit,3,153.58,460.74,Mobile App,Tablet,Completed,2
2026-07-08 11:09:34,c1869,South Africa,-33.4672,21.7302,Home,Coffee Maker,5,103.53,517.65,Web,Tablet,Completed,5
2026-07-08 11:25:27,c8354,Singapore,-0.8297,102.2244,Home,Coffee Maker,2,206.56,413.12,Web,Desktop,Completed,4
2026-07-08 11:56:16,c2285,Mexico,23.8785,-104.9237,Home,Air Purifier,5,111.08,555.4,Mobile App,Desktop,Refunded,4
2026-07-08 13:11:09,c1539,India,19.924,81.3147,Books,Sci-Fi Anthology,4,37.72,150.88,Affiliate,Mobile,Completed,5
2026-07-08 15:06:07,c7268,Germany,48.3206,9.4349,Home,Throw Blanket,3,207.14,621.42,Mobile App,Tablet,Completed,5
2026-07-08 15:12:09,c8535,Canada,53.5957,-108.2124,Electronics,4K Monitor,4,13.93,55.72,Web,Tablet,Completed,5
2026-07-08 15:35:40,c1112,Germany,48.8755,7.8561,Beauty,Shampoo Bar,4,22.11,88.44,Web,Tablet,Completed,3
2026-07-08 16:38:17,c8761,Australia,-25.9031,136.5928,Sports,Camping Tent,4,80.02,320.08,Web,Desktop,Pending,4
2026-07-08 16:41:32,c9299,Japan,38.5816,138.0753,Sports,Tennis Racket,1,38.0,38.0,Affiliate,Mobile,Cancelled,2
2026-07-08 16:50:26,c7617,Mexico,22.609,-103.202,Electronics,Bluetooth Speaker,4,109.37,437.48,Web,Tablet,Completed,5
2026-07-08 16:51:43,c8101,Australia,-27.9791,134.4465,Apparel,Denim Jacket,2,207.37,414.74,Mobile App,Mobile,Completed,3
2026-07-08 17:04:37,c6085,United Kingdom,53.3292,-3.7702,Home,Air Purifier,2,198.81,397.62,Mobile App,Mobile,Completed,5
2026-07-08 17:14:53,c6442,United Kingdom,55.1547,-6.1489,Home,Desk Lamp,1,16.29,16.29,Affiliate,Tablet,Pending,2
2026-07-08 17:38:03,c9056,South Africa,-31.6079,23.4693,Sports,Water Bottle,3,138.28,414.84,Marketplace,Mobile,Pending,2
2026-07-08 17:48:13,c5733,United States,37.7156,-97.332,Sports,Yoga Mat,2,91.36,182.72,Web,Desktop,Completed,5
2026-07-08 18:42:43,c7034,Canada,56.1069,-104.584,Books,Mystery Novel,5,198.31,991.55,Web,Mobile,Completed,4
2026-07-08 18:46:19,c1388,United Kingdom,57.4181,-2.5069,Beauty,Lip Balm Set,5,149.28,746.4,Mobile App,Tablet,Completed,4
2026-07-08 18:51:50,c6805,United Kingdom,56.2638,-2.7672,Books,Kids Picture Book,2,177.58,355.16,Web,Desktop,Completed,4
2026-07-08 18:57:12,c9265,Singapore,2.9196,103.9036,Home,Throw Blanket,4,146.92,587.68,Web,Desktop,Completed,5
2026-07-08 19:18:37,c2248,Canada,56.667,-103.6619,Apparel,Denim Jacket,2,143.58,287.16,Affiliate,Tablet,Completed,4
2026-07-08 19:21:43,c6302,Singapore,0.5593,103.9329,Home,Cutting Board Set,5,65.93,329.65,Affiliate,Tablet,Completed,5
2026-07-08 20:16:58,c5259,Australia,-27.6872,134.6322,Electronics,Smart Watch,4,167.53,670.12,Marketplace,Mobile,Completed,5
2026-07-08 20:31:19,c5581,Germany,54.0174,8.2917,Electronics,Wireless Headphones,2,59.22,118.44,Affiliate,Mobile,Completed,5
2026-07-08 20:48:34,c7000,Japan,37.1306,139.6747,Home,Throw Blanket,2,200.01,400.02,Web,Tablet,Completed,1
2026-07-08 21:02:10,c2970,Japan,37.8815,141.0714,Beauty,Lip Balm Set,3,185.83,557.49,Marketplace,Mobile,Completed,4
2026-07-08 21:09:51,c8411,Australia,-26.6552,132.9556,Home,Coffee Maker,3,133.67,401.01,Marketplace,Desktop,Completed,2
2026-07-08 21:20:11,c2280,India,18.9876,76.0392,Beauty,Face Serum,4,193.96,775.84,Affiliate,Tablet,Completed,4
2026-07-08 21:20:57,c5757,South Africa,-27.7546,25.8594,Beauty,Lip Balm Set,1,124.6,124.6,Marketplace,Desktop,Completed,3
2026-07-08 22:00:46,c9730,Brazil,-14.5255,-51.9213,Electronics,Smart Watch,5,151.8,759.0,Marketplace,Mobile,Completed,2
2026-07-08 22:31:20,c5734,Australia,-23.5277,131.4301,Books,Cookbook,5,184.23,921.15,Web,Tablet,Completed,5
2026-07-08 22:32:53,c9908,United States,38.4678,-97.1509,Apparel,Baseball Cap,5,11.85,59.25,Affiliate,Mobile,Completed,5
2026-07-08 22:54:26,c3655,Singapore,3.0489,103.5944,Books,Cookbook,1,159.25,159.25,Web,Desktop,Pending,3
2026-07-08 23:09:44,c1126,Singapore,2.2568,103.7394,Home,Cutting Board Set,2,156.14,312.28,Mobile App,Tablet,Completed,3
2026-07-08 23:32:22,c3596,United Kingdom,55.5518,-5.1331,Home,Desk Lamp,5,11.4,57.0,Marketplace,Tablet,Completed,5
2026-07-08 23:58:55,c2453,France,45.591,2.5674,Beauty,Shampoo Bar,1,36.98,36.98,Marketplace,Tablet,Completed,4
2026-07-09 01:02:28,c7937,United States,37.895,-97.663,Books,Business Guide,4,99.75,399.0,Mobile App,Desktop,Completed,4
2026-07-09 01:40:12,c7434,South Africa,-32.7987,25.1365,Apparel,Denim Jacket,3,183.64,550.92,Affiliate,Desktop,Completed,4
2026-07-09 01:54:41,c6645,United Kingdom,56.4005,-0.5958,Books,Business Guide,4,80.08,320.32,Mobile App,Tablet,Completed,5
2026-07-09 02:09:30,c1898,Mexico,25.5975,-103.0728,Sports,Water Bottle,2,108.4,216.8,Marketplace,Mobile,Completed,4
2026-07-09 02:15:39,c4219,Brazil,-13.1814,-51.9837,Electronics,4K Monitor,1,68.79,68.79,Web,Mobile,Completed,4
2026-07-09 02:41:56,c1774,Singapore,2.1944,102.9627,Sports,Tennis Racket,2,98.43,196.86,Affiliate,Tablet,Completed,5
2026-07-09 03:02:30,c6515,India,19.7162,78.3739,Sports,Dumbbell Set,3,33.23,99.69,Web,Tablet,Completed,5
2026-07-09 03:07:29,c7348,Mexico,25.309,-104.7455,Sports,Camping Tent,3,47.0,141.0,Affiliate,Mobile,Completed,4
2026-07-09 03:22:59,c9948,Singapore,-1.6054,103.8089,Beauty,Shampoo Bar,5,65.08,325.4,Marketplace,Desktop,Pending,5
2026-07-09 03:45:45,c9221,Japan,33.7154,135.6321,Electronics,4K Monitor,5,34.58,172.9,Affiliate,Tablet,Completed,5
2026-07-09 04:00:30,c1546,France,43.9544,-0.6935,Apparel,Graphic T-Shirt,1,80.06,80.06,Web,Tablet,Completed,1
2026-07-09 04:12:20,c2256,Australia,-24.2119,130.8818,Sports,Tennis Racket,1,151.92,151.92,Marketplace,Tablet,Pending,2
2026-07-09 05:17:29,c7118,Japan,38.7735,139.7816,Beauty,Shampoo Bar,3,92.59,277.77,Affiliate,Tablet,Completed,4
2026-07-09 05:41:32,c3191,Singapore,-0.5724,101.5807,Apparel,Graphic T-Shirt,4,15.2,60.8,Mobile App,Tablet,Completed,5
2026-07-09 06:16:06,c4951,Germany,52.26,10.3789,Electronics,Wireless Headphones,3,99.27,297.81,Web,Mobile,Completed,1
2026-07-09 06:35:15,c8574,South Africa,-33.0673,24.2297,Books,Mystery Novel,1,80.68,80.68,Marketplace,Desktop,Completed,4
2026-07-09 06:37:07,c1380,India,22.5567,77.8256,Apparel,Winter Coat,2,215.56,431.12,Web,Mobile,Cancelled,4
2026-07-09 06:38:43,c1957,United States,39.0328,-97.2717,Apparel,Running Shoes,5,89.63,448.15,Mobile App,Desktop,Completed,4
2026-07-09 06:43:28,c7722,Brazil,-13.7851,-54.265,Apparel,Baseball Cap,2,187.56,375.12,Marketplace,Mobile,Completed,3
2026-07-09 06:50:12,c3184,Mexico,22.2865,-104.0379,Beauty,Face Serum,5,112.05,560.25,Affiliate,Desktop,Completed,4
2026-07-09 06:53:07,c9877,Germany,51.9231,12.7962,Apparel,Graphic T-Shirt,3,172.06,516.18,Mobile App,Tablet,Completed,3
2026-07-09 07:15:21,c2513,Brazil,-14.5818,-52.3702,Sports,Water Bottle,4,146.7,586.8,Mobile App,Desktop,Completed,5
2026-07-09 07:20:22,c2902,Brazil,-12.0466,-51.4286,Books,Cookbook,4,179.38,717.52,Web,Desktop,Completed,1
2026-07-09 07:20:57,c4446,Mexico,24.3526,-101.0904,Sports,Tennis Racket,5,217.87,1089.35,Mobile App,Desktop,Completed,1
2026-07-09 07:23:12,c9041,South Africa,-31.7373,25.3527,Electronics,4K Monitor,3,17.38,52.14,Marketplace,Mobile,Completed,5
2026-07-09 08:04:54,c3650,United States,37.9342,-93.6929,Sports,Yoga Mat,2,79.16,158.32,Marketplace,Mobile,Completed,5
2026-07-09 08:13:10,c7492,South Africa,-32.9133,21.7475,Beauty,Perfume,5,96.13,480.65,Web,Desktop,Completed,5
2026-07-09 08:24:42,c1868,Germany,52.8808,9.702,Electronics,Bluetooth Speaker,1,140.5,140.5,Affiliate,Desktop,Completed,5
2026-07-09 08:46:38,c9379,United Kingdom,56.1574,-4.8236,Beauty,Shampoo Bar,3,127.49,382.47,Mobile App,Mobile,Refunded,5
2026-07-09 08:54:09,c5634,United States,37.4516,-94.1524,Home,Cutting Board Set,1,207.57,207.57,Mobile App,Mobile,Completed,5
2026-07-09 09:20:10,c3369,Brazil,-12.1132,-54.818,Beauty,Makeup Brush Kit,4,212.9,851.6,Marketplace,Mobile,Completed,3
2026-07-09 10:18:41,c9262,India,18.8645,79.3144,Apparel,Running Shoes,5,24.1,120.5,Web,Mobile,Completed,4
2026-07-09 10:38:49,c8208,Japan,33.2173,141.1562,Electronics,Mechanical Keyboard,5,56.93,284.65,Affiliate,Mobile,Completed,2
2026-07-09 11:03:20,c3321,United Kingdom,58.1599,-4.564,Sports,Water Bottle,5,73.95,369.75,Affiliate,Tablet,Completed,4
2026-07-09 11:10:20,c5266,Canada,54.6168,-108.6787,Books,Business Guide,3,191.7,575.1,Web,Tablet,Completed,2
2026-07-09 11:12:52,c8320,Australia,-23.0774,134.2457,Books,Kids Picture Book,1,46.26,46.26,Affiliate,Desktop,Completed,3
2026-07-09 11:18:32,c3185,Singapore,-0.9584,103.6112,Beauty,Face Serum,5,103.87,519.35,Affiliate,Desktop,Completed,3
2026-07-09 11:39:27,c5259,Japan,37.059,137.9266,Beauty,Lip Balm Set,2,25.11,50.22,Marketplace,Tablet,Completed,4
2026-07-09 12:24:27,c3325,United States,39.9224,-94.4733,Beauty,Shampoo Bar,1,187.03,187.03,Marketplace,Mobile,Completed,1
2026-07-09 12:43:30,c5089,Japan,37.3537,140.7036,Books,Kids Picture Book,4,109.44,437.76,Mobile App,Mobile,Refunded,5
2026-07-09 14:12:10,c7973,India,19.6946,80.086,Books,Kids Picture Book,1,194.63,194.63,Affiliate,Desktop,Refunded,3
2026-07-09 14:39:46,c3995,France,46.4151,3.5759,Home,Air Purifier,4,173.11,692.44,Affiliate,Desktop,Completed,1
2026-07-09 14:40:57,c9672,United States,36.6878,-94.5964,Apparel,Running Shoes,1,90.02,90.02,Mobile App,Mobile,Completed,5
2026-07-09 14:41:00,c3955,Canada,53.9681,-108.1102,Books,Business Guide,5,19.47,97.35,Web,Desktop,Completed,5
2026-07-09 16:05:40,c5904,Singapore,1.0954,105.1222,Sports,Yoga Mat,3,202.08,606.24,Marketplace,Desktop,Refunded,4
2026-07-09 16:09:27,c5325,Mexico,23.9493,-103.9159,Sports,Dumbbell Set,3,51.16,153.48,Affiliate,Mobile,Cancelled,1
2026-07-09 17:48:19,c6729,United States,38.1603,-93.5651,Home,Cutting Board Set,1,135.32,135.32,Web,Desktop,Completed,2
2026-07-09 17:56:03,c8362,Canada,53.6711,-107.4056,Beauty,Shampoo Bar,1,27.33,27.33,Marketplace,Desktop,Completed,5
2026-07-09 18:08:22,c3307,Australia,-27.3027,134.8742,Electronics,Wireless Headphones,2,195.49,390.98,Mobile App,Tablet,Completed,5
2026-07-09 18:55:36,c1095,Australia,-27.8107,134.7864,Books,Business Guide,1,25.17,25.17,Web,Tablet,Completed,5
2026-07-09 19:21:52,c6236,United States,38.2107,-96.6318,Beauty,Lip Balm Set,3,168.22,504.66,Marketplace,Mobile,Cancelled,1
2026-07-09 19:43:18,c5216,United Kingdom,56.3868,-1.4573,Home,Air Purifier,2,169.34,338.68,Web,Desktop,Completed,1
2026-07-09 19:49:34,c3372,United States,36.4097,-92.744,Apparel,Graphic T-Shirt,5,114.64,573.2,Marketplace,Tablet,Refunded,5
2026-07-09 19:55:00,c6125,United States,38.8148,-94.2192,Sports,Yoga Mat,2,217.54,435.08,Affiliate,Tablet,Completed,4
2026-07-09 20:13:17,c9319,India,21.3862,80.9544,Beauty,Lip Balm Set,3,198.32,594.96,Web,Desktop,Completed,4
2026-07-09 20:33:11,c6245,Singapore,-0.6388,101.4829,Books,Mystery Novel,5,210.46,1052.3,Mobile App,Mobile,Completed,2
2026-07-09 20:37:46,c6800,Brazil,-14.6494,-50.6589,Sports,Camping Tent,2,160.29,320.58,Web,Mobile,Completed,1
2026-07-09 21:17:37,c4350,Brazil,-12.825,-50.9891,Books,Cookbook,2,44.04,88.08,Marketplace,Tablet,Completed,4
2026-07-09 21:29:49,c9122,France,46.3149,5.1153,Sports,Camping Tent,1,121.02,121.02,Marketplace,Mobile,Completed,5
2026-07-09 21:53:44,c4937,France,43.2909,4.8984,Electronics,4K Monitor,4,111.58,446.32,Affiliate,Tablet,Completed,5
2026-07-09 21:57:09,c5534,United States,39.6687,-95.1655,Books,Kids Picture Book,5,55.93,279.65,Marketplace,Desktop,Completed,2
2026-07-09 22:04:24,c4992,Singapore,-0.8919,103.2062,Electronics,Mechanical Keyboard,5,141.55,707.75,Web,Tablet,Cancelled,4
2026-07-09 22:43:36,c5994,India,21.8467,81.1001,Home,Throw Blanket,5,17.39,86.95,Mobile App,Tablet,Refunded,1
2026-07-09 22:52:59,c9714,India,18.4723,81.0274,Home,Air Purifier,3,114.43,343.29,Affiliate,Desktop,Pending,4
2026-07-09 23:31:47,c6337,United Kingdom,52.5548,-5.8434,Home,Throw Blanket,5,162.71,813.55,Web,Mobile,Completed,3
2026-07-10 00:03:36,c9830,Singapore,3.491,105.4761,Apparel,Graphic T-Shirt,1,147.56,147.56,Affiliate,Desktop,Completed,5
2026-07-10 00:09:40,c8401,Mexico,26.4885,-105.4394,Books,Sci-Fi Anthology,5,199.3,996.5,Marketplace,Tablet,Completed,4
2026-07-10 00:18:19,c2375,United States,38.6708,-98.2949,Electronics,Mechanical Keyboard,3,197.21,591.63,Affiliate,Tablet,Completed,4
2026-07-10 00:32:01,c4616,United Kingdom,54.0379,-4.8432,Apparel,Winter Coat,3,36.41,109.23,Web,Mobile,Completed,4
2026-07-10 01:07:21,c3182,Mexico,22.7489,-101.3396,Beauty,Lip Balm Set,3,154.53,463.59,Web,Mobile,Completed,1
2026-07-10 01:54:05,c5979,Australia,-24.8417,131.9463,Books,Cookbook,5,215.08,1075.4,Mobile App,Mobile,Completed,4
2026-07-10 02:22:06,c6567,Germany,53.2524,11.9976,Sports,Yoga Mat,2,85.69,171.38,Mobile App,Desktop,Completed,4
2026-07-10 02:23:53,c8878,Singapore,-0.0753,101.4387,Beauty,Shampoo Bar,2,174.02,348.04,Mobile App,Mobile,Pending,5
2026-07-10 02:34:02,c5831,Brazil,-16.7405,-50.6972,Sports,Tennis Racket,2,94.57,189.14,Marketplace,Desktop,Completed,1
2026-07-10 02:55:32,c9065,Singapore,-0.2601,102.544,Sports,Yoga Mat,1,160.87,160.87,Mobile App,Desktop,Completed,2
2026-07-10 03:32:13,c5780,India,23.1844,81.0285,Apparel,Baseball Cap,4,49.87,199.48,Web,Tablet,Completed,4
2026-07-10 03:43:14,c1895,United States,39.9311,-94.6389,Apparel,Running Shoes,4,104.73,418.92,Mobile App,Mobile,Completed,4
2026-07-10 04:00:58,c3622,United States,36.3916,-95.9838,Home,Cutting Board Set,2,151.42,302.84,Mobile App,Tablet,Completed,4
2026-07-10 04:19:41,c4351,India,21.8884,77.0599,Apparel,Winter Coat,2,54.16,108.32,Marketplace,Tablet,Completed,2
2026-07-10 04:44:59,c1356,Germany,51.8602,9.9534,Home,Desk Lamp,4,166.54,666.16,Marketplace,Desktop,Completed,3
2026-07-10 05:12:30,c9714,United Kingdom,55.3805,-5.1821,Beauty,Perfume,2,145.98,291.96,Web,Desktop,Refunded,3
2026-07-10 05:18:46,c2858,Germany,52.5253,13.2321,Home,Cutting Board Set,3,202.13,606.39,Mobile App,Desktop,Completed,5
2026-07-10 06:11:53,c6294,Brazil,-13.8573,-50.4973,Electronics,Mechanical Keyboard,1,150.7,150.7,Mobile App,Tablet,Completed,3
2026-07-10 06:19:26,c2520,Canada,59.0424,-106.8087,Apparel,Running Shoes,3,108.0,324.0,Mobile App,Mobile,Completed,5
2026-07-10 06:28:36,c3484,India,20.1099,81.059,Books,Kids Picture Book,5,143.75,718.75,Marketplace,Mobile,Completed,5
2026-07-10 06:48:28,c8555,United Kingdom,57.2557,-3.5771,Beauty,Face Serum,1,217.27,217.27,Marketplace,Tablet,Completed,5
2026-07-10 07:27:43,c7871,Germany,52.4544,13.1738,Beauty,Face Serum,3,116.87,350.61,Web,Tablet,Completed,4
2026-07-10 08:47:29,c8249,United Kingdom,57.7419,-1.4373,Apparel,Winter Coat,2,206.39,412.78,Mobile App,Mobile,Completed,4
2026-07-10 08:48:20,c3099,Singapore,-0.9189,101.5966,Home,Throw Blanket,3,179.11,537.33,Marketplace,Tablet,Pending,2
2026-07-10 09:09:47,c1232,South Africa,-27.9583,24.5407,Apparel,Denim Jacket,3,17.28,51.84,Mobile App,Mobile,Refunded,4
2026-07-10 09:18:51,c9588,Canada,56.1009,-105.7469,Electronics,Bluetooth Speaker,3,152.0,456.0,Affiliate,Mobile,Refunded,4
2026-07-10 09:47:06,c8321,South Africa,-32.262,21.7928,Beauty,Lip Balm Set,2,182.66,365.32,Mobile App,Tablet,Completed,5
2026-07-10 09:53:07,c3013,Brazil,-12.4024,-54.9115,Beauty,Perfume,2,13.44,26.88,Marketplace,Tablet,Completed,4
2026-07-10 10:16:13,c4924,South Africa,-32.6845,21.2715,Beauty,Makeup Brush Kit,4,61.12,244.48,Affiliate,Tablet,Completed,5
2026-07-10 10:37:29,c5541,Singapore,-0.0248,102.3689,Beauty,Shampoo Bar,1,176.08,176.08,Web,Mobile,Refunded,5
2026-07-10 10:52:55,c5716,Mexico,23.6724,-104.8542,Books,Cookbook,1,112.52,112.52,Mobile App,Mobile,Completed,4
2026-07-10 11:12:16,c8004,Australia,-23.4085,134.3258,Electronics,Mechanical Keyboard,5,100.02,500.1,Web,Desktop,Completed,4
2026-07-10 11:14:38,c6598,Canada,54.3374,-107.8861,Books,Sci-Fi Anthology,5,9.2,46.0,Marketplace,Mobile,Refunded,5
2026-07-10 11:39:12,c3487,Japan,38.9801,136.9073,Books,Mystery Novel,5,208.2,1041.0,Mobile App,Mobile,Completed,4
2026-07-10 11:43:24,c4066,South Africa,-31.4727,25.5369,Electronics,Bluetooth Speaker,5,89.51,447.55,Web,Tablet,Refunded,5
2026-07-10 12:09:55,c6254,Canada,58.0543,-106.0825,Home,Throw Blanket,5,122.64,613.2,Marketplace,Mobile,Completed,5
2026-07-10 12:25:57,c1267,Brazil,-11.4701,-52.245,Books,Mystery Novel,1,216.39,216.39,Mobile App,Mobile,Completed,4
2026-07-10 12:28:09,c3025,Canada,58.245,-103.8304,Beauty,Makeup Brush Kit,5,152.27,761.35,Mobile App,Mobile,Completed,2
2026-07-10 12:30:01,c7749,United States,36.8064,-96.5362,Home,Throw Blanket,2,109.85,219.7,Web,Desktop,Completed,4
2026-07-10 12:40:10,c8472,France,47.1942,2.0355,Sports,Yoga Mat,1,146.92,146.92,Web,Tablet,Completed,5
2026-07-10 12:48:02,c8900,South Africa,-31.8134,22.1549,Beauty,Lip Balm Set,3,170.97,512.91,Mobile App,Mobile,Completed,5
2026-07-10 14:31:30,c9019,Singapore,0.1019,103.5938,Beauty,Shampoo Bar,3,38.31,114.93,Web,Mobile,Completed,4
2026-07-10 14:31:47,c4434,Singapore,4.3336,101.8996,Sports,Yoga Mat,4,207.91,831.64,Affiliate,Mobile,Refunded,2
2026-07-10 14:38:24,c6679,United Kingdom,55.5447,-4.7531,Home,Coffee Maker,1,126.04,126.04,Web,Tablet,Completed,2
2026-07-10 14:58:52,c2281,Japan,37.5928,138.9391,Apparel,Graphic T-Shirt,5,133.78,668.9,Affiliate,Tablet,Refunded,3
2026-07-10 15:28:15,c8114,Mexico,21.0505,-103.7477,Sports,Camping Tent,4,57.95,231.8,Affiliate,Mobile,Completed,4
2026-07-10 15:38:14,c8481,South Africa,-28.1917,22.1021,Books,Business Guide,5,78.36,391.8,Web,Desktop,Completed,3
2026-07-10 15:59:01,c1153,United States,38.6684,-98.6967,Home,Air Purifier,1,155.46,155.46,Marketplace,Tablet,Pending,4
2026-07-10 15:59:38,c7983,Brazil,-13.5237,-53.6432,Books,Business Guide,5,28.64,143.2,Affiliate,Mobile,Completed,4
2026-07-10 15:59:50,c5008,Brazil,-16.6263,-54.3018,Sports,Water Bottle,3,88.8,266.4,Web,Desktop,Completed,5
2026-07-10 16:09:47,c2752,Canada,58.901,-105.8776,Books,Sci-Fi Anthology,1,60.57,60.57,Marketplace,Mobile,Completed,5
2026-07-10 16:12:06,c5969,Japan,33.5218,138.3298,Sports,Camping Tent,5,77.61,388.05,Marketplace,Tablet,Completed,5
2026-07-10 17:34:54,c2623,Japan,34.6898,140.8728,Electronics,4K Monitor,1,65.75,65.75,Affiliate,Tablet,Completed,3
2026-07-10 17:36:29,c5032,Japan,33.4984,140.4234,Books,Sci-Fi Anthology,2,12.34,24.68,Mobile App,Tablet,Cancelled,5
2026-07-10 17:54:40,c3512,Canada,55.7304,-106.2662,Beauty,Makeup Brush Kit,5,115.26,576.3,Affiliate,Mobile,Completed,5
2026-07-10 18:17:57,c7415,India,19.4309,80.091,Apparel,Denim Jacket,1,209.14,209.14,Web,Desktop,Completed,4
2026-07-10 18:27:26,c1378,Germany,49.7277,10.8694,Apparel,Baseball Cap,3,48.67,146.01,Marketplace,Tablet,Completed,5
2026-07-10 18:32:42,c2290,Canada,57.2275,-103.8268,Apparel,Winter Coat,2,154.3,308.6,Marketplace,Tablet,Pending,3
2026-07-10 19:28:34,c5913,Brazil,-17.1883,-54.2923,Apparel,Graphic T-Shirt,4,43.62,174.48,Affiliate,Desktop,Completed,4
2026-07-10 19:58:03,c7065,Germany,53.4182,10.8796,Beauty,Lip Balm Set,1,196.99,196.99,Mobile App,Tablet,Completed,2
2026-07-10 19:58:32,c1329,Singapore,3.9316,101.349,Electronics,4K Monitor,1,47.36,47.36,Mobile App,Desktop,Completed,5
2026-07-10 20:45:58,c4726,Germany,50.2207,9.8071,Apparel,Running Shoes,4,118.39,473.56,Affiliate,Desktop,Completed,5
2026-07-10 21:02:40,c8035,United Kingdom,57.7596,-5.5999,Electronics,Bluetooth Speaker,4,82.53,330.12,Marketplace,Desktop,Completed,2
2026-07-10 21:42:28,c5166,United Kingdom,56.3392,-1.4043,Electronics,4K Monitor,4,126.23,504.92,Affiliate,Mobile,Completed,4
2026-07-10 21:54:15,c5498,United States,36.4921,-95.6643,Sports,Tennis Racket,5,166.12,830.6,Mobile App,Mobile,Refunded,5
2026-07-10 23:33:40,c5923,Australia,-23.8229,134.748,Electronics,Mechanical Keyboard,5,22.99,114.95,Web,Desktop,Completed,5
2026-07-10 23:43:45,c2094,United Kingdom,53.7151,-0.9764,Sports,Yoga Mat,2,153.04,306.08,Web,Tablet,Completed,5
2026-07-11 00:32:50,c7285,United Kingdom,56.0687,-2.3964,Apparel,Baseball Cap,3,78.63,235.89,Affiliate,Tablet,Completed,2
2026-07-11 00:37:26,c1797,Brazil,-11.4214,-50.993,Books,Sci-Fi Anthology,5,35.42,177.1,Marketplace,Mobile,Completed,2
2026-07-11 00:40:38,c3794,Mexico,25.0926,-101.292,Apparel,Graphic T-Shirt,2,67.35,134.7,Affiliate,Desktop,Completed,5
2026-07-11 00:54:46,c6512,Germany,52.5587,9.2618,Books,Cookbook,5,202.46,1012.3,Mobile App,Desktop,Completed,5
2026-07-11 01:01:26,c3364,Australia,-24.7642,134.5988,Books,Business Guide,4,182.65,730.6,Mobile App,Mobile,Completed,3
2026-07-11 01:05:28,c3372,Mexico,23.4186,-105.3619,Sports,Yoga Mat,2,32.5,65.0,Web,Tablet,Refunded,4
2026-07-11 01:25:29,c3439,United States,36.2857,-94.3949,Beauty,Shampoo Bar,3,112.27,336.81,Marketplace,Desktop,Completed,5
2026-07-11 01:40:36,c1286,Mexico,26.6095,-101.7313,Home,Cutting Board Set,2,168.05,336.1,Marketplace,Mobile,Completed,4
2026-07-11 02:12:02,c7051,United Kingdom,52.7763,-1.1338,Books,Mystery Novel,3,38.19,114.57,Mobile App,Desktop,Completed,3
2026-07-11 02:16:32,c5720,Canada,56.2344,-104.6312,Books,Sci-Fi Anthology,2,94.86,189.72,Mobile App,Mobile,Completed,4
2026-07-11 02:43:39,c5098,France,44.6487,4.4736,Sports,Dumbbell Set,4,51.11,204.44,Web,Tablet,Completed,1
2026-07-11 02:51:10,c1110,Mexico,24.1804,-102.7127,Electronics,Bluetooth Speaker,2,168.65,337.3,Marketplace,Mobile,Completed,5
2026-07-11 02:51:52,c7776,Germany,53.0025,10.693,Books,Sci-Fi Anthology,5,178.09,890.45,Marketplace,Mobile,Completed,5
2026-07-11 03:07:33,c7960,Singapore,0.3978,103.7061,Apparel,Running Shoes,3,160.83,482.49,Marketplace,Tablet,Completed,4
2026-07-11 03:31:54,c8611,South Africa,-30.4829,25.3584,Home,Cutting Board Set,5,166.26,831.3,Marketplace,Tablet,Completed,5
2026-07-11 03:44:40,c3592,Japan,38.9958,136.8417,Books,Mystery Novel,5,126.91,634.55,Web,Mobile,Completed,2
2026-07-11 04:11:01,c7113,Canada,54.0775,-105.6366,Sports,Yoga Mat,2,88.67,177.34,Affiliate,Tablet,Completed,5
2026-07-11 04:24:57,c8590,Australia,-23.6495,134.3445,Home,Throw Blanket,3,37.87,113.61,Mobile App,Mobile,Completed,4
2026-07-11 04:32:32,c9210,South Africa,-28.9088,22.1349,Apparel,Baseball Cap,3,36.38,109.14,Web,Mobile,Completed,1
2026-07-11 04:58:28,c3486,Germany,53.2101,8.7811,Electronics,4K Monitor,3,119.42,358.26,Web,Tablet,Completed,4
2026-07-11 05:03:38,c7364,Japan,38.8513,137.7768,Books,Business Guide,4,102.11,408.44,Affiliate,Mobile,Completed,5
2026-07-11 05:32:54,c8038,South Africa,-32.3423,22.5129,Electronics,Smart Watch,1,24.16,24.16,Web,Tablet,Completed,4
2026-07-11 05:39:04,c9294,Mexico,22.9188,-104.8779,Apparel,Baseball Cap,2,184.75,369.5,Web,Mobile,Completed,3
2026-07-11 05:41:04,c5521,Germany,51.7839,9.614,Sports,Yoga Mat,5,178.41,892.05,Web,Tablet,Completed,4
2026-07-11 06:12:02,c5400,United Kingdom,57.9162,-1.4466,Sports,Yoga Mat,4,128.05,512.2,Web,Desktop,Completed,5
2026-07-11 06:32:58,c7223,United Kingdom,54.5603,-1.4742,Home,Coffee Maker,4,145.78,583.12,Affiliate,Desktop,Completed,5
2026-07-11 06:44:46,c6624,Germany,49.522,10.9144,Electronics,Bluetooth Speaker,2,147.62,295.24,Mobile App,Tablet,Completed,5
2026-07-11 06:48:33,c3142,Canada,54.3541,-105.71,Home,Throw Blanket,3,214.78,644.34,Marketplace,Tablet,Completed,5
2026-07-11 07:21:17,c2840,France,46.1821,2.6589,Beauty,Face Serum,1,127.85,127.85,Mobile App,Tablet,Refunded,2
2026-07-11 07:47:27,c2195,United Kingdom,56.1509,-2.4847,Sports,Water Bottle,2,131.96,263.92,Web,Mobile,Completed,5
2026-07-11 07:59:32,c6958,Singapore,1.3063,101.6816,Beauty,Face Serum,4,101.89,407.56,Marketplace,Tablet,Completed,4
2026-07-11 09:20:29,c6763,Brazil,-15.6105,-49.4613,Sports,Tennis Racket,5,101.11,505.55,Marketplace,Mobile,Refunded,1
2026-07-11 09:24:51,c2070,Canada,55.0273,-103.7519,Sports,Water Bottle,1,151.35,151.35,Web,Desktop,Completed,1
2026-07-11 09:51:07,c9437,Singapore,1.1299,105.8671,Electronics,Bluetooth Speaker,1,44.76,44.76,Marketplace,Desktop,Completed,4
2026-07-11 10:13:48,c2173,Canada,55.5019,-105.922,Sports,Water Bottle,5,60.2,301.0,Marketplace,Mobile,Completed,2
2026-07-11 10:14:48,c7340,India,19.4763,77.6321,Electronics,Wireless Headphones,2,113.8,227.6,Web,Mobile,Completed,5
2026-07-11 10:34:09,c5090,United Kingdom,56.9514,-5.8218,Electronics,Mechanical Keyboard,4,108.98,435.92,Mobile App,Tablet,Refunded,2
2026-07-11 11:06:51,c4564,Germany,51.0137,7.5964,Home,Desk Lamp,3,26.57,79.71,Marketplace,Tablet,Completed,4
2026-07-11 11:42:23,c7228,United States,34.9877,-93.597,Electronics,4K Monitor,4,207.28,829.12,Affiliate,Desktop,Completed,3
2026-07-11 12:32:16,c1755,Brazil,-15.4494,-52.0687,Beauty,Makeup Brush Kit,5,36.94,184.7,Mobile App,Desktop,Completed,2
2026-07-11 12:43:38,c2946,Germany,50.0047,10.3307,Apparel,Baseball Cap,1,203.63,203.63,Mobile App,Desktop,Cancelled,3
2026-07-11 12:50:25,c4590,United States,38.8317,-93.8326,Beauty,Shampoo Bar,2,10.35,20.7,Marketplace,Tablet,Completed,2
2026-07-11 13:35:58,c7419,Brazil,-15.4091,-53.6298,Beauty,Lip Balm Set,3,24.99,74.97,Mobile App,Tablet,Completed,3
2026-07-11 13:36:08,c7440,Australia,-25.7627,133.7146,Beauty,Perfume,4,54.4,217.6,Marketplace,Desktop,Cancelled,5
2026-07-11 16:45:48,c2804,United Kingdom,55.9924,-2.9475,Home,Air Purifier,3,17.79,53.37,Marketplace,Desktop,Completed,1
2026-07-11 17:23:23,c9224,United Kingdom,54.1895,-2.3155,Books,Mystery Novel,4,18.8,75.2,Affiliate,Desktop,Completed,1
2026-07-11 17:40:01,c8324,Canada,54.4296,-105.2831,Electronics,Mechanical Keyboard,4,187.94,751.76,Affiliate,Desktop,Completed,5
2026-07-11 17:45:48,c1349,Brazil,-12.72,-51.5923,Apparel,Running Shoes,1,215.91,215.91,Marketplace,Desktop,Completed,3
2026-07-11 18:01:59,c9924,Mexico,23.388,-103.0152,Electronics,Smart Watch,1,176.8,176.8,Marketplace,Tablet,Cancelled,3
2026-07-11 18:10:41,c1026,Japan,38.9771,137.4232,Home,Throw Blanket,2,13.77,27.54,Web,Tablet,Completed,5
2026-07-11 18:22:39,c2139,Brazil,-11.7439,-51.236,Beauty,Makeup Brush Kit,4,197.22,788.88,Mobile App,Desktop,Completed,2
2026-07-11 18:44:20,c9311,Brazil,-11.6518,-53.0188,Books,Kids Picture Book,3,133.87,401.61,Affiliate,Tablet,Completed,5
2026-07-11 18:55:57,c8111,Brazil,-16.0854,-54.2375,Apparel,Baseball Cap,1,200.06,200.06,Affiliate,Desktop,Refunded,1
2026-07-11 19:13:11,c7960,Singapore,2.872,103.8648,Sports,Camping Tent,2,26.08,52.16,Mobile App,Desktop,Completed,5
2026-07-11 19:31:18,c2745,Australia,-27.3447,135.0501,Beauty,Shampoo Bar,4,75.14,300.56,Web,Desktop,Cancelled,5
2026-07-11 19:47:46,c7381,United Kingdom,52.5983,-2.0533,Books,Mystery Novel,1,46.72,46.72,Web,Mobile,Completed,1
2026-07-11 19:59:24,c7784,Brazil,-16.1279,-53.3626,Home,Cutting Board Set,2,135.11,270.22,Marketplace,Tablet,Pending,4
2026-07-11 20:12:00,c7239,Germany,52.6289,8.0378,Sports,Dumbbell Set,3,210.28,630.84,Marketplace,Desktop,Completed,5
2026-07-11 20:32:28,c6137,Singapore,3.8334,103.8565,Electronics,Bluetooth Speaker,5,196.41,982.05,Web,Mobile,Completed,4
2026-07-11 21:08:57,c7705,Singapore,3.0222,101.9583,Beauty,Lip Balm Set,3,105.1,315.3,Affiliate,Desktop,Completed,4
2026-07-11 21:33:10,c4379,Germany,50.2393,11.4502,Apparel,Denim Jacket,3,115.54,346.62,Affiliate,Mobile,Completed,3
2026-07-11 21:34:19,c9544,Germany,49.8424,8.7266,Electronics,Smart Watch,3,83.55,250.65,Mobile App,Mobile,Pending,5
2026-07-11 21:54:13,c7447,Canada,56.7522,-109.1824,Electronics,Smart Watch,5,145.92,729.6,Marketplace,Desktop,Completed,4
2026-07-11 22:07:27,c8031,Singapore,1.4443,106.5488,Beauty,Makeup Brush Kit,1,105.96,105.96,Marketplace,Tablet,Refunded,5
2026-07-11 22:27:37,c3790,India,20.4124,76.6097,Apparel,Winter Coat,4,149.46,597.84,Mobile App,Desktop,Completed,3
2026-07-11 23:14:35,c7841,Japan,35.4242,137.7336,Sports,Dumbbell Set,2,11.44,22.88,Marketplace,Desktop,Completed,4
2026-07-12 00:07:37,c1873,United States,36.7098,-95.8993,Beauty,Face Serum,3,108.35,325.05,Mobile App,Desktop,Completed,5
2026-07-12 00:10:46,c8818,Japan,37.3441,140.0885,Home,Desk Lamp,4,79.81,319.24,Mobile App,Mobile,Completed,5
2026-07-12 00:19:42,c2041,Singapore,0.2926,101.8655,Electronics,4K Monitor,4,119.53,478.12,Affiliate,Mobile,Completed,2
2026-07-12 00:37:39,c7840,United Kingdom,52.7012,-5.1481,Apparel,Winter Coat,3,24.13,72.39,Web,Mobile,Completed,2
2026-07-12 01:09:33,c9695,Japan,36.6188,141.1014,Home,Air Purifier,1,193.41,193.41,Marketplace,Tablet,Completed,5
2026-07-12 01:38:51,c8823,France,44.8552,3.2504,Sports,Yoga Mat,5,46.27,231.35,Affiliate,Mobile,Completed,5
2026-07-12 01:38:53,c9846,Singapore,2.9157,105.1168,Sports,Dumbbell Set,4,120.2,480.8,Affiliate,Mobile,Completed,1
2026-07-12 01:47:10,c7925,United States,37.9553,-93.3427,Home,Desk Lamp,1,176.88,176.88,Marketplace,Mobile,Completed,5
2026-07-12 01:54:42,c8444,South Africa,-31.4089,24.2352,Apparel,Denim Jacket,1,218.59,218.59,Mobile App,Desktop,Completed,4
2026-07-12 02:07:45,c5830,Canada,59.0955,-109.0241,Books,Sci-Fi Anthology,4,12.6,50.4,Mobile App,Desktop,Completed,5
2026-07-12 02:11:34,c2854,Japan,36.4257,136.2593,Books,Kids Picture Book,4,124.54,498.16,Web,Mobile,Completed,5
2026-07-12 02:59:03,c8876,Australia,-25.195,131.3362,Home,Desk Lamp,4,100.21,400.84,Marketplace,Desktop,Completed,5
2026-07-12 03:00:20,c2683,India,21.5794,80.3477,Books,Sci-Fi Anthology,5,81.26,406.3,Affiliate,Mobile,Completed,5
2026-07-12 04:40:37,c6039,Brazil,-12.1244,-53.0502,Home,Desk Lamp,2,211.09,422.18,Web,Mobile,Completed,5
2026-07-12 05:20:18,c8218,South Africa,-33.043,21.0556,Electronics,Wireless Headphones,3,56.21,168.63,Web,Tablet,Completed,1
2026-07-12 05:45:20,c3453,United States,36.0125,-93.5238,Sports,Dumbbell Set,1,129.04,129.04,Affiliate,Desktop,Completed,5
2026-07-12 05:56:50,c2836,Singapore,1.4838,106.4079,Electronics,Smart Watch,1,186.73,186.73,Affiliate,Mobile,Completed,5
2026-07-12 06:27:49,c7507,India,20.9553,81.2969,Home,Cutting Board Set,2,51.75,103.5,Marketplace,Tablet,Completed,4
2026-07-12 07:01:04,c1982,United Kingdom,52.9273,-5.9278,Books,Mystery Novel,3,180.1,540.3,Marketplace,Tablet,Completed,5
2026-07-12 07:02:54,c9000,India,19.1855,78.1913,Books,Sci-Fi Anthology,2,27.13,54.26,Web,Desktop,Completed,4
2026-07-12 07:39:42,c6626,Brazil,-14.8494,-50.5742,Apparel,Denim Jacket,3,161.14,483.42,Mobile App,Tablet,Pending,5
2026-07-12 07:41:02,c3060,Japan,34.9066,139.1631,Home,Desk Lamp,1,216.14,216.14,Web,Tablet,Completed,1
2026-07-12 07:55:49,c2219,Australia,-25.8125,130.8847,Books,Mystery Novel,4,36.44,145.76,Marketplace,Tablet,Completed,5
2026-07-12 08:15:15,c3351,Singapore,3.28,104.7982,Home,Desk Lamp,2,81.24,162.48,Mobile App,Tablet,Completed,1
2026-07-12 08:21:06,c3875,United States,36.4077,-94.6006,Electronics,Mechanical Keyboard,2,29.19,58.38,Mobile App,Mobile,Refunded,5
2026-07-12 08:46:33,c6234,South Africa,-30.1667,25.5601,Apparel,Graphic T-Shirt,1,58.46,58.46,Mobile App,Tablet,Refunded,2
2026-07-12 09:16:54,c9175,Australia,-26.4267,136.0865,Apparel,Baseball Cap,4,125.58,502.32,Mobile App,Tablet,Completed,4
2026-07-12 10:26:15,c6754,Japan,38.7583,139.6359,Electronics,Wireless Headphones,2,146.72,293.44,Mobile App,Tablet,Completed,3
2026-07-12 10:32:10,c4388,United States,38.0728,-94.981,Books,Cookbook,5,140.24,701.2,Mobile App,Desktop,Completed,2
2026-07-12 10:57:29,c3132,Singapore,-0.8317,105.8503,Books,Mystery Novel,2,78.58,157.16,Marketplace,Tablet,Completed,4
2026-07-12 11:05:32,c8699,Japan,34.3681,141.0945,Home,Desk Lamp,1,216.12,216.12,Mobile App,Tablet,Completed,4
2026-07-12 11:08:41,c2843,United States,39.8311,-96.6762,Electronics,Mechanical Keyboard,2,203.62,407.24,Marketplace,Tablet,Pending,5
2026-07-12 11:10:31,c1838,South Africa,-28.3689,21.3542,Electronics,Smart Watch,2,38.98,77.96,Web,Tablet,Completed,2
2026-07-12 11:14:41,c2755,Mexico,21.223,-100.378,Sports,Tennis Racket,4,12.3,49.2,Mobile App,Mobile,Completed,4
2026-07-12 11:16:45,c5539,Singapore,-0.9373,105.6525,Sports,Water Bottle,2,17.36,34.72,Mobile App,Tablet,Completed,1
2026-07-12 11:36:33,c8673,Germany,49.7118,12.3981,Books,Sci-Fi Anthology,3,178.5,535.5,Web,Desktop,Completed,4
2026-07-12 13:03:44,c7628,France,44.4162,0.621,Books,Business Guide,2,208.19,416.38,Web,Mobile,Completed,1
2026-07-12 13:15:13,c4523,United Kingdom,52.8861,-5.2522,Apparel,Winter Coat,1,217.5,217.5,Marketplace,Desktop,Refunded,4
2026-07-12 13:50:15,c4613,Australia,-23.7491,135.9007,Books,Kids Picture Book,5,177.57,887.85,Affiliate,Desktop,Completed,5
2026-07-12 14:21:25,c3257,India,17.8354,81.3032,Books,Sci-Fi Anthology,4,142.19,568.76,Affiliate,Desktop,Completed,5
2026-07-12 14:24:24,c6129,Germany,53.4332,7.7274,Home,Air Purifier,3,56.19,168.57,Mobile App,Desktop,Completed,1
2026-07-12 14:25:37,c2008,Brazil,-13.0332,-49.5451,Home,Air Purifier,1,35.02,35.02,Mobile App,Tablet,Completed,5
2026-07-12 14:46:41,c4515,South Africa,-29.2443,22.1152,Home,Throw Blanket,1,97.26,97.26,Mobile App,Tablet,Completed,3
2026-07-12 14:59:30,c5781,South Africa,-30.6408,25.8497,Electronics,4K Monitor,5,86.27,431.35,Marketplace,Mobile,Completed,1
2026-07-12 15:59:15,c8444,Canada,53.7421,-108.297,Books,Business Guide,3,60.95,182.85,Mobile App,Desktop,Completed,4
2026-07-12 16:30:59,c3694,Canada,55.5112,-107.4101,Home,Desk Lamp,5,218.2,1091.0,Affiliate,Tablet,Completed,5
2026-07-12 17:03:51,c5690,India,18.3697,77.7372,Electronics,4K Monitor,4,148.03,592.12,Marketplace,Mobile,Completed,5
2026-07-12 17:17:47,c3963,South Africa,-32.9525,22.8427,Sports,Water Bottle,1,33.61,33.61,Web,Desktop,Completed,5
2026-07-12 17:46:22,c7932,Germany,53.8953,8.17,Apparel,Winter Coat,3,208.97,626.91,Mobile App,Mobile,Refunded,4
2026-07-12 17:46:53,c1424,United States,34.6925,-97.3695,Home,Throw Blanket,1,170.48,170.48,Mobile App,Tablet,Completed,5
2026-07-12 17:56:41,c2515,United States,38.7637,-94.8525,Apparel,Baseball Cap,3,148.77,446.31,Marketplace,Desktop,Completed,4
2026-07-12 18:45:07,c8707,France,46.5336,3.592,Home,Cutting Board Set,4,154.34,617.36,Mobile App,Tablet,Completed,5
2026-07-12 18:50:31,c5980,Singapore,-0.3848,103.967,Home,Throw Blanket,1,32.56,32.56,Web,Tablet,Pending,4
2026-07-12 19:53:55,c6033,United Kingdom,57.7011,-1.2008,Sports,Water Bottle,2,82.9,165.8,Affiliate,Tablet,Completed,5
2026-07-12 20:18:33,c1693,Australia,-22.5973,134.5698,Apparel,Graphic T-Shirt,3,168.62,505.86,Mobile App,Mobile,Completed,5
2026-07-12 21:58:25,c9104,United States,38.5869,-98.3553,Sports,Camping Tent,1,191.28,191.28,Web,Desktop,Completed,4
2026-07-12 22:27:02,c7301,Brazil,-15.5702,-54.8922,Books,Sci-Fi Anthology,4,31.23,124.92,Mobile App,Tablet,Completed,4
2026-07-12 22:33:10,c5233,Germany,52.7334,13.0894,Beauty,Makeup Brush Kit,1,161.01,161.01,Web,Tablet,Completed,5
2026-07-12 22:38:33,c7989,Germany,51.8845,11.8404,Beauty,Makeup Brush Kit,5,112.62,563.1,Affiliate,Mobile,Completed,5
2026-07-12 22:57:30,c4348,South Africa,-29.9732,24.8987,Books,Business Guide,2,129.4,258.8,Marketplace,Tablet,Completed,5
2026-07-12 23:10:43,c1393,France,48.833,3.1654,Beauty,Lip Balm Set,4,93.41,373.64,Web,Mobile,Completed,4
2026-07-12 23:40:32,c6944,India,20.0623,80.5716,Books,Cookbook,2,119.12,238.24,Marketplace,Mobile,Completed,1
2026-07-12 23:43:41,c1072,Canada,58.1691,-104.2703,Apparel,Running Shoes,1,92.83,92.83,Mobile App,Desktop,Completed,5
2026-07-13 00:02:55,c7611,Germany,50.0149,13.0948,Sports,Dumbbell Set,4,200.06,800.24,Affiliate,Tablet,Completed,5
2026-07-13 00:26:01,c6152,Brazil,-16.1101,-49.3774,Electronics,Smart Watch,3,131.06,393.18,Web,Mobile,Completed,5
2026-07-13 00:37:05,c3986,South Africa,-31.5675,22.7406,Electronics,Wireless Headphones,4,47.08,188.32,Affiliate,Mobile,Cancelled,4
2026-07-13 01:06:43,c6752,Canada,53.2451,-105.9044,Electronics,Wireless Headphones,1,53.66,53.66,Affiliate,Tablet,Pending,5
2026-07-13 01:45:05,c6180,France,44.3929,2.9782,Electronics,Bluetooth Speaker,2,123.27,246.54,Marketplace,Mobile,Completed,5
2026-07-13 01:52:40,c8052,Germany,52.052,7.7158,Beauty,Perfume,3,212.73,638.19,Web,Desktop,Completed,4
2026-07-13 01:55:58,c4393,India,21.6866,76.3312,Sports,Water Bottle,5,179.19,895.95,Affiliate,Mobile,Completed,3
2026-07-13 01:59:32,c3882,United Kingdom,52.8902,-2.881,Books,Sci-Fi Anthology,4,163.19,652.76,Mobile App,Tablet,Completed,2
2026-07-13 02:01:58,c6658,South Africa,-28.9934,23.1419,Books,Business Guide,4,136.22,544.88,Mobile App,Desktop,Completed,4
2026-07-13 02:38:10,c9957,France,43.9907,0.7622,Sports,Water Bottle,5,141.66,708.3,Web,Mobile,Completed,3
2026-07-13 02:45:21,c4792,Mexico,23.0194,-99.7313,Books,Kids Picture Book,3,204.08,612.24,Affiliate,Mobile,Completed,4
2026-07-13 03:01:17,c5380,France,43.9113,2.081,Sports,Dumbbell Set,2,75.94,151.88,Affiliate,Mobile,Completed,5
2026-07-13 03:05:42,c7072,South Africa,-31.3743,22.1547,Books,Kids Picture Book,2,33.6,67.2,Web,Desktop,Completed,2
2026-07-13 03:13:50,c3506,Mexico,24.8771,-104.7048,Home,Air Purifier,5,211.36,1056.8,Web,Tablet,Completed,5
2026-07-13 03:49:53,c7735,South Africa,-28.5731,23.3839,Beauty,Lip Balm Set,4,53.94,215.76,Mobile App,Mobile,Refunded,5
2026-07-13 03:52:09,c1355,Australia,-23.3736,133.2922,Books,Sci-Fi Anthology,4,187.46,749.84,Mobile App,Desktop,Completed,2
2026-07-13 04:15:21,c3691,Germany,50.1668,9.602,Books,Business Guide,5,190.7,953.5,Web,Mobile,Completed,3
2026-07-13 04:59:20,c2616,France,44.532,0.3593,Home,Desk Lamp,5,8.92,44.6,Mobile App,Tablet,Refunded,5
2026-07-13 05:22:57,c6768,Japan,38.4747,141.0906,Apparel,Denim Jacket,2,218.7,437.4,Affiliate,Tablet,Completed,5
2026-07-13 06:22:52,c7236,Germany,51.7445,10.5778,Electronics,4K Monitor,1,19.18,19.18,Mobile App,Desktop,Completed,5
2026-07-13 07:06:08,c1205,Japan,38.5644,137.4297,Books,Sci-Fi Anthology,4,103.82,415.28,Affiliate,Desktop,Completed,3
2026-07-13 07:31:42,c4218,Japan,38.6689,139.4778,Beauty,Lip Balm Set,5,123.88,619.4,Mobile App,Mobile,Completed,2
2026-07-13 07:56:44,c3873,Brazil,-11.7287,-50.364,Books,Cookbook,4,169.3,677.2,Marketplace,Mobile,Cancelled,5
2026-07-13 08:08:01,c8327,Germany,51.82,9.6555,Sports,Tennis Racket,5,157.22,786.1,Marketplace,Desktop,Refunded,5
2026-07-13 08:25:12,c5218,Mexico,22.1526,-99.6695,Books,Kids Picture Book,1,118.91,118.91,Marketplace,Tablet,Completed,1
2026-07-13 08:32:03,c2049,Japan,33.4155,140.3927,Home,Desk Lamp,3,44.65,133.95,Marketplace,Desktop,Completed,4
2026-07-13 08:42:55,c1587,United States,38.9744,-97.9845,Electronics,Mechanical Keyboard,3,53.87,161.61,Marketplace,Desktop,Completed,1
2026-07-13 09:04:48,c6449,Canada,58.9149,-105.8041,Home,Cutting Board Set,4,17.44,69.76,Web,Mobile,Completed,2
2026-07-13 09:29:23,c7141,Canada,53.5876,-108.944,Electronics,Smart Watch,2,138.71,277.42,Web,Desktop,Completed,1
2026-07-13 09:34:29,c8355,United States,35.4962,-96.8803,Beauty,Makeup Brush Kit,5,60.32,301.6,Marketplace,Tablet,Completed,4
2026-07-13 09:54:25,c3796,Singapore,-1.5788,105.6485,Home,Desk Lamp,2,70.38,140.76,Web,Mobile,Completed,5
2026-07-13 09:56:52,c1708,India,19.5794,78.7182,Apparel,Winter Coat,3,86.71,260.13,Web,Mobile,Completed,5
2026-07-13 10:05:24,c7453,Mexico,22.5392,-103.6476,Beauty,Makeup Brush Kit,5,121.24,606.2,Marketplace,Mobile,Completed,1
2026-07-13 10:18:03,c9432,Brazil,-16.5135,-53.0543,Apparel,Graphic T-Shirt,1,181.34,181.34,Marketplace,Desktop,Completed,5
2026-07-13 10:18:48,c7626,Australia,-23.6811,135.3758,Sports,Tennis Racket,4,83.49,333.96,Affiliate,Tablet,Completed,5
2026-07-13 10:29:29,c3924,India,20.1465,78.6119,Electronics,4K Monitor,5,164.96,824.8,Affiliate,Desktop,Completed,5
2026-07-13 10:55:22,c8953,South Africa,-31.1236,23.6708,Beauty,Shampoo Bar,4,50.86,203.44,Marketplace,Mobile,Completed,5
2026-07-13 10:59:58,c4291,Singapore,3.9789,105.243,Books,Mystery Novel,1,44.98,44.98,Marketplace,Mobile,Refunded,4
2026-07-13 11:05:53,c3061,South Africa,-29.9872,22.8785,Books,Sci-Fi Anthology,4,175.19,700.76,Web,Mobile,Completed,4
2026-07-13 11:34:58,c1067,France,44.4265,1.4486,Electronics,Mechanical Keyboard,5,48.4,242.0,Mobile App,Desktop,Completed,5
2026-07-13 12:15:57,c3134,Mexico,22.0899,-105.128,Electronics,Wireless Headphones,2,93.61,187.22,Marketplace,Desktop,Completed,4
2026-07-13 12:24:52,c7420,Australia,-24.8531,130.9896,Sports,Dumbbell Set,4,16.98,67.92,Mobile App,Mobile,Completed,5
2026-07-13 12:25:04,c3608,South Africa,-32.1267,25.724,Sports,Dumbbell Set,5,37.76,188.8,Mobile App,Tablet,Cancelled,3
2026-07-13 12:34:03,c8779,Mexico,21.8514,-102.3877,Apparel,Graphic T-Shirt,1,47.44,47.44,Mobile App,Desktop,Completed,5
2026-07-13 12:54:40,c3248,Australia,-23.1377,133.5995,Books,Business Guide,5,155.39,776.95,Affiliate,Mobile,Completed,5
2026-07-13 13:01:43,c8959,Canada,59.1222,-104.9493,Home,Coffee Maker,1,93.97,93.97,Affiliate,Mobile,Completed,2
2026-07-13 13:14:41,c7891,United States,35.5181,-98.1424,Sports,Tennis Racket,5,182.75,913.75,Marketplace,Mobile,Completed,1
2026-07-13 13:29:08,c4913,Brazil,-13.0263,-52.1353,Beauty,Shampoo Bar,4,25.56,102.24,Mobile App,Desktop,Completed,5
2026-07-13 13:43:50,c7653,Canada,53.1929,-106.6565,Beauty,Shampoo Bar,4,199.18,796.72,Web,Desktop,Completed,2
2026-07-13 14:26:48,c6436,Canada,55.8852,-106.9066,Beauty,Perfume,2,137.58,275.16,Web,Tablet,Completed,1
2026-07-13 14:36:14,c6340,Japan,36.8887,138.5963,Apparel,Running Shoes,2,197.59,395.18,Affiliate,Mobile,Completed,1
2026-07-13 14:57:29,c7818,Canada,56.3972,-108.234,Books,Kids Picture Book,1,200.11,200.11,Web,Mobile,Completed,4
2026-07-13 15:18:14,c2540,United Kingdom,55.1775,-5.0508,Apparel,Running Shoes,3,172.09,516.27,Affiliate,Desktop,Refunded,3
2026-07-13 15:20:19,c2688,India,21.0999,81.2175,Beauty,Perfume,3,55.62,166.86,Web,Tablet,Completed,5
2026-07-13 16:36:44,c4427,Brazil,-13.1328,-51.439,Electronics,4K Monitor,3,142.41,427.23,Mobile App,Tablet,Completed,5
2026-07-13 16:42:48,c9908,South Africa,-30.6181,20.104,Electronics,Smart Watch,1,108.67,108.67,Web,Desktop,Completed,2
2026-07-13 16:48:45,c9252,United Kingdom,58.181,-2.7777,Apparel,Running Shoes,3,144.25,432.75,Marketplace,Desktop,Cancelled,5
2026-07-13 17:09:56,c4735,India,21.2337,76.9575,Electronics,Mechanical Keyboard,1,109.17,109.17,Mobile App,Mobile,Completed,2
2026-07-13 17:25:46,c2607,France,47.1186,4.9713,Beauty,Shampoo Bar,4,125.61,502.44,Mobile App,Tablet,Completed,4
2026-07-13 17:40:34,c9399,Singapore,0.8476,102.2941,Sports,Camping Tent,5,144.93,724.65,Web,Desktop,Completed,3
2026-07-13 17:44:09,c8835,France,45.9037,3.9652,Apparel,Denim Jacket,1,67.69,67.69,Web,Desktop,Completed,1
2026-07-13 18:17:00,c2922,Singapore,2.7068,105.6103,Apparel,Baseball Cap,2,71.47,142.94,Marketplace,Desktop,Completed,3
2026-07-13 18:22:02,c5892,India,22.4178,80.4169,Apparel,Denim Jacket,5,163.97,819.85,Mobile App,Tablet,Completed,5
2026-07-13 18:48:59,c4243,Canada,53.9459,-107.2924,Beauty,Makeup Brush Kit,4,205.67,822.68,Mobile App,Desktop,Completed,4
2026-07-13 19:02:34,c7662,United Kingdom,54.6956,-5.4812,Home,Cutting Board Set,2,183.01,366.02,Marketplace,Tablet,Completed,1
2026-07-13 19:38:14,c4699,South Africa,-29.7499,24.9922,Electronics,Smart Watch,2,17.46,34.92,Mobile App,Mobile,Completed,5
2026-07-13 19:59:02,c3893,Brazil,-14.0322,-49.1644,Electronics,Smart Watch,3,145.33,435.99,Web,Mobile,Completed,4
2026-07-13 20:19:53,c3103,Singapore,4.0317,101.3339,Books,Mystery Novel,5,170.36,851.8,Affiliate,Tablet,Completed,5
2026-07-13 20:44:03,c7839,France,46.4849,3.0313,Beauty,Face Serum,3,127.2,381.6,Marketplace,Mobile,Completed,2
2026-07-13 20:55:18,c5807,France,48.1735,2.6456,Books,Kids Picture Book,1,43.09,43.09,Marketplace,Tablet,Completed,3
2026-07-13 21:13:34,c7660,South Africa,-30.413,22.4795,Apparel,Graphic T-Shirt,4,185.86,743.44,Web,Desktop,Refunded,4
2026-07-13 21:15:03,c8628,France,44.3606,-0.5641,Electronics,Mechanical Keyboard,5,111.66,558.3,Affiliate,Mobile,Completed,5
2026-07-13 21:26:41,c3949,Australia,-26.6016,134.3423,Home,Throw Blanket,5,136.67,683.35,Marketplace,Tablet,Completed,4
2026-07-13 22:00:38,c5725,Canada,57.3274,-105.9406,Sports,Yoga Mat,2,39.38,78.76,Web,Desktop,Refunded,5
2026-07-13 22:21:33,c5331,Mexico,25.022,-99.9149,Electronics,4K Monitor,4,57.13,228.52,Marketplace,Desktop,Completed,4
2026-07-13 22:55:22,c8119,South Africa,-30.8465,23.927,Electronics,Bluetooth Speaker,5,117.56,587.8,Mobile App,Tablet,Completed,2
2026-07-13 23:47:30,c9283,Australia,-23.17,133.7988,Sports,Yoga Mat,4,111.32,445.28,Affiliate,Desktop,Completed,1
2026-07-14 00:00:43,c2471,Germany,49.9451,8.8096,Books,Business Guide,1,183.37,183.37,Web,Desktop,Completed,1
2026-07-14 00:13:35,c1665,Brazil,-16.4983,-54.2681,Apparel,Winter Coat,3,157.4,472.2,Web,Mobile,Completed,5
2026-07-14 00:19:32,c8312,France,47.991,4.3695,Sports,Tennis Racket,4,121.93,487.72,Affiliate,Mobile,Completed,3
2026-07-14 00:35:03,c4720,Australia,-27.3414,135.9045,Beauty,Face Serum,5,105.91,529.55,Affiliate,Desktop,Completed,4
2026-07-14 01:13:14,c8409,India,17.6933,78.9422,Books,Sci-Fi Anthology,5,159.49,797.45,Mobile App,Tablet,Pending,5
2026-07-14 01:45:40,c2939,United Kingdom,53.9406,-2.4685,Sports,Camping Tent,3,212.55,637.65,Web,Mobile,Completed,4
2026-07-14 01:50:25,c3247,United States,38.3759,-96.0158,Apparel,Winter Coat,4,150.34,601.36,Marketplace,Desktop,Completed,2
2026-07-14 01:52:18,c2701,South Africa,-28.3612,22.6413,Apparel,Baseball Cap,5,20.16,100.8,Web,Desktop,Completed,5
2026-07-14 02:07:24,c9534,South Africa,-29.3482,25.7243,Books,Kids Picture Book,4,36.83,147.32,Mobile App,Mobile,Completed,5
2026-07-14 02:08:53,c4991,Japan,36.9589,141.2013,Sports,Camping Tent,4,202.9,811.6,Affiliate,Tablet,Completed,5
2026-07-14 02:21:59,c8197,United States,34.7589,-93.2438,Beauty,Face Serum,3,180.84,542.52,Web,Desktop,Cancelled,5
2026-07-14 02:29:14,c2757,Brazil,-12.0829,-50.5185,Apparel,Winter Coat,3,113.25,339.75,Marketplace,Desktop,Completed,4
2026-07-14 02:52:48,c4117,Brazil,-12.7868,-52.0473,Books,Sci-Fi Anthology,4,74.46,297.84,Mobile App,Tablet,Completed,5
2026-07-14 02:57:27,c2369,Singapore,-1.0516,103.1239,Electronics,Wireless Headphones,1,36.02,36.02,Marketplace,Desktop,Cancelled,1
2026-07-14 03:50:53,c3054,India,21.2506,78.0198,Apparel,Graphic T-Shirt,2,189.13,378.26,Web,Tablet,Completed,4
2026-07-14 04:37:35,c8832,South Africa,-27.7309,24.9332,Sports,Yoga Mat,5,188.77,943.85,Mobile App,Desktop,Completed,4
2026-07-14 05:18:28,c2393,Brazil,-17.2189,-49.7484,Sports,Tennis Racket,2,83.15,166.3,Mobile App,Desktop,Completed,2
2026-07-14 05:51:14,c8153,United Kingdom,55.5947,-3.5239,Beauty,Shampoo Bar,5,192.51,962.55,Marketplace,Desktop,Completed,2
2026-07-14 06:14:28,c1770,South Africa,-29.0023,23.9913,Electronics,4K Monitor,3,126.8,380.4,Mobile App,Mobile,Refunded,3
2026-07-14 06:24:03,c3825,Brazil,-13.7509,-53.0877,Apparel,Denim Jacket,3,77.49,232.47,Mobile App,Desktop,Completed,1
2026-07-14 07:13:05,c1504,Australia,-23.5486,132.5881,Electronics,Mechanical Keyboard,4,88.86,355.44,Affiliate,Desktop,Completed,3
2026-07-14 07:23:41,c2390,Mexico,26.5384,-103.8372,Sports,Water Bottle,4,152.62,610.48,Affiliate,Mobile,Cancelled,5
2026-07-14 07:47:43,c6821,United States,36.7231,-96.37,Home,Cutting Board Set,1,108.87,108.87,Marketplace,Desktop,Completed,4
2026-07-14 07:49:14,c1486,France,43.9211,0.9535,Apparel,Baseball Cap,3,17.31,51.93,Mobile App,Desktop,Completed,4
2026-07-14 08:28:30,c4919,Mexico,25.799,-102.8496,Apparel,Graphic T-Shirt,5,110.73,553.65,Marketplace,Mobile,Completed,4
2026-07-14 08:36:05,c8556,India,21.7085,77.4334,Beauty,Shampoo Bar,2,54.26,108.52,Web,Desktop,Completed,5
2026-07-14 08:48:47,c8484,Brazil,-11.7757,-50.847,Sports,Tennis Racket,2,27.82,55.64,Mobile App,Desktop,Completed,5
2026-07-14 08:53:19,c2443,India,19.6577,79.5311,Home,Air Purifier,1,95.64,95.64,Mobile App,Mobile,Completed,4
2026-07-14 09:01:10,c3227,United Kingdom,54.7638,-4.9233,Beauty,Perfume,3,99.66,298.98,Mobile App,Mobile,Completed,5
2026-07-14 09:16:24,c3253,United States,36.2656,-97.6284,Apparel,Graphic T-Shirt,4,48.71,194.84,Mobile App,Desktop,Completed,2
2026-07-14 09:35:25,c1807,Canada,55.4194,-106.0302,Sports,Water Bottle,3,100.41,301.23,Web,Tablet,Refunded,1
2026-07-14 09:48:07,c8294,Singapore,2.8296,102.7543,Books,Mystery Novel,3,156.43,469.29,Mobile App,Mobile,Completed,5
2026-07-14 09:56:51,c5557,India,18.2042,78.4119,Home,Coffee Maker,3,215.44,646.32,Affiliate,Mobile,Completed,2
2026-07-14 11:12:53,c8282,Canada,54.3494,-108.042,Apparel,Graphic T-Shirt,5,44.91,224.55,Marketplace,Tablet,Pending,4
2026-07-14 11:21:10,c4313,United States,39.9021,-96.5883,Apparel,Winter Coat,3,12.13,36.39,Mobile App,Tablet,Completed,4
2026-07-14 11:30:29,c8630,Singapore,3.885,104.4802,Apparel,Running Shoes,4,181.36,725.44,Affiliate,Tablet,Completed,5
2026-07-14 11:37:27,c8655,United Kingdom,57.8027,-2.5132,Sports,Dumbbell Set,5,72.02,360.1,Affiliate,Mobile,Refunded,5
2026-07-14 12:16:50,c7536,Brazil,-12.4321,-52.3245,Electronics,Wireless Headphones,3,205.89,617.67,Web,Mobile,Cancelled,5
2026-07-14 12:25:44,c6249,Japan,34.0761,139.9479,Apparel,Winter Coat,4,98.36,393.44,Marketplace,Tablet,Completed,4
2026-07-14 13:02:10,c3202,Canada,54.593,-107.1889,Home,Coffee Maker,4,208.35,833.4,Web,Mobile,Completed,4
2026-07-14 13:26:00,c3087,Canada,53.8073,-106.4781,Apparel,Graphic T-Shirt,3,136.14,408.42,Web,Mobile,Completed,2
2026-07-14 13:32:01,c8977,United Kingdom,54.8084,-5.1456,Books,Business Guide,3,186.79,560.37,Web,Desktop,Completed,4
2026-07-14 13:37:26,c3907,South Africa,-29.0008,21.2411,Electronics,Mechanical Keyboard,1,133.85,133.85,Web,Desktop,Completed,3
2026-07-14 13:39:34,c4667,Australia,-26.678,133.6549,Apparel,Running Shoes,3,80.43,241.29,Affiliate,Tablet,Completed,5
2026-07-14 14:07:16,c4730,Australia,-23.0421,135.1732,Beauty,Makeup Brush Kit,5,148.43,742.15,Web,Tablet,Cancelled,1
2026-07-14 14:09:36,c6384,France,47.8311,0.2934,Electronics,4K Monitor,4,151.5,606.0,Web,Mobile,Completed,2
2026-07-14 14:17:27,c8537,Brazil,-12.7942,-50.5252,Sports,Water Bottle,5,104.49,522.45,Marketplace,Desktop,Completed,1
2026-07-14 14:27:15,c7348,India,22.5729,79.3308,Apparel,Running Shoes,2,123.08,246.16,Web,Tablet,Completed,5
2026-07-14 14:30:02,c7734,United Kingdom,56.5262,-2.9499,Books,Cookbook,3,26.81,80.43,Marketplace,Tablet,Completed,4
2026-07-14 14:55:36,c5401,France,44.5452,1.0559,Home,Coffee Maker,4,43.66,174.64,Marketplace,Mobile,Completed,4
2026-07-14 15:16:23,c7735,United States,38.4495,-96.8359,Electronics,Smart Watch,5,111.09,555.45,Mobile App,Desktop,Completed,5
2026-07-14 15:31:57,c6756,South Africa,-31.9974,24.4893,Beauty,Lip Balm Set,3,96.55,289.65,Web,Desktop,Completed,1
2026-07-14 16:55:18,c9239,Japan,35.407,140.9328,Books,Business Guide,3,172.96,518.88,Affiliate,Desktop,Completed,3
2026-07-14 17:27:46,c5832,South Africa,-28.4639,23.1713,Sports,Water Bottle,4,49.23,196.92,Web,Desktop,Completed,5
2026-07-14 17:40:09,c6797,Germany,52.3528,11.3099,Electronics,Mechanical Keyboard,1,15.46,15.46,Mobile App,Mobile,Completed,2
2026-07-14 17:43:06,c3315,France,45.3348,-0.6763,Electronics,Wireless Headphones,1,188.23,188.23,Affiliate,Tablet,Completed,5
2026-07-14 17:45:14,c1320,France,46.0255,-0.4164,Books,Business Guide,5,208.57,1042.85,Affiliate,Mobile,Completed,5
2026-07-14 18:29:32,c6995,Mexico,21.6887,-100.9042,Books,Mystery Novel,1,53.66,53.66,Web,Tablet,Completed,4
2026-07-14 19:05:13,c8211,Singapore,3.9537,101.7449,Books,Business Guide,4,58.44,233.76,Mobile App,Desktop,Completed,5
2026-07-14 19:23:19,c3947,Canada,57.7689,-104.8555,Beauty,Makeup Brush Kit,2,118.23,236.46,Marketplace,Tablet,Completed,1
2026-07-14 21:03:44,c2593,Canada,53.9706,-108.3615,Home,Throw Blanket,5,202.26,1011.3,Affiliate,Desktop,Completed,4
2026-07-14 21:22:59,c4813,United States,39.139,-94.1675,Home,Air Purifier,4,177.16,708.64,Marketplace,Desktop,Completed,4
2026-07-14 21:27:35,c2079,United States,39.953,-94.663,Home,Cutting Board Set,3,155.99,467.97,Marketplace,Tablet,Refunded,5
2026-07-14 21:31:03,c5772,Singapore,4.3163,103.1287,Books,Mystery Novel,5,190.7,953.5,Web,Tablet,Completed,4
2026-07-14 21:36:01,c9742,Canada,57.8665,-104.5727,Books,Kids Picture Book,5,102.83,514.15,Web,Tablet,Completed,5
2026-07-14 21:37:01,c5125,France,48.6366,0.9544,Apparel,Winter Coat,5,126.9,634.5,Marketplace,Desktop,Refunded,5
2026-07-14 22:05:59,c1679,Singapore,-0.568,106.386,Electronics,Mechanical Keyboard,5,110.42,552.1,Affiliate,Mobile,Completed,4
2026-07-14 22:25:54,c9731,Brazil,-13.7712,-49.0232,Beauty,Perfume,5,118.93,594.65,Mobile App,Mobile,Completed,3
2026-07-14 23:07:30,c6143,France,46.4162,0.9585,Electronics,4K Monitor,1,192.59,192.59,Marketplace,Mobile,Completed,4
2026-07-14 23:45:13,c3793,Australia,-27.7155,132.9109,Home,Throw Blanket,5,103.33,516.65,Web,Tablet,Completed,4
2026-07-15 00:05:58,c3992,Japan,36.0331,139.0474,Apparel,Winter Coat,5,56.78,283.9,Web,Desktop,Completed,4
2026-07-15 00:18:17,c8145,Brazil,-16.4197,-52.0225,Beauty,Face Serum,5,53.18,265.9,Affiliate,Tablet,Completed,5
2026-07-15 00:28:11,c8911,Canada,54.5956,-107.5023,Books,Business Guide,5,128.05,640.25,Marketplace,Tablet,Completed,1
2026-07-15 00:43:28,c5467,Brazil,-16.0367,-53.2106,Sports,Tennis Racket,4,150.28,601.12,Mobile App,Desktop,Completed,1
2026-07-15 00:52:51,c3139,Singapore,-0.6616,102.2031,Beauty,Lip Balm Set,3,15.77,47.31,Affiliate,Tablet,Completed,1
2026-07-15 00:56:48,c6420,Brazil,-16.2951,-53.2715,Apparel,Winter Coat,4,169.92,679.68,Web,Mobile,Completed,5
2026-07-15 01:21:30,c2947,India,19.9285,78.7053,Home,Air Purifier,1,213.88,213.88,Mobile App,Desktop,Cancelled,1
2026-07-15 01:40:52,c2507,Singapore,3.932,106.8189,Books,Sci-Fi Anthology,4,180.67,722.68,Affiliate,Mobile,Completed,5
2026-07-15 01:49:38,c7956,India,18.361,80.5383,Apparel,Winter Coat,3,198.38,595.14,Affiliate,Tablet,Completed,5
2026-07-15 01:51:23,c7016,Australia,-27.1861,136.0384,Home,Air Purifier,2,24.76,49.52,Mobile App,Desktop,Refunded,5
2026-07-15 03:12:16,c7090,Mexico,23.4915,-104.3422,Beauty,Perfume,1,54.13,54.13,Web,Tablet,Refunded,4
2026-07-15 04:01:46,c6922,Germany,52.0113,9.3711,Electronics,Bluetooth Speaker,4,21.23,84.92,Affiliate,Mobile,Completed,4
2026-07-15 05:36:09,c3209,Mexico,22.0248,-104.2264,Books,Kids Picture Book,5,164.17,820.85,Web,Mobile,Completed,5
2026-07-15 05:38:52,c7885,Brazil,-13.7612,-54.4232,Beauty,Perfume,4,10.61,42.44,Mobile App,Desktop,Completed,5
2026-07-15 05:40:45,c7956,Mexico,21.366,-101.8616,Sports,Yoga Mat,4,35.33,141.32,Marketplace,Tablet,Completed,3
2026-07-15 05:47:40,c1023,South Africa,-31.7277,25.0475,Sports,Tennis Racket,5,69.52,347.6,Marketplace,Tablet,Completed,4
2026-07-15 05:55:01,c5487,Canada,53.9148,-108.9964,Beauty,Shampoo Bar,1,207.91,207.91,Affiliate,Mobile,Cancelled,1
2026-07-15 06:46:09,c4568,India,22.949,81.7908,Electronics,Mechanical Keyboard,2,23.22,46.44,Affiliate,Tablet,Completed,4
2026-07-15 06:48:49,c2380,Mexico,22.7015,-100.679,Beauty,Perfume,2,194.77,389.54,Web,Tablet,Completed,3
2026-07-15 06:53:09,c8230,United Kingdom,56.7959,-3.0703,Beauty,Shampoo Bar,1,189.14,189.14,Mobile App,Mobile,Refunded,5
2026-07-15 07:15:35,c5071,Canada,57.964,-105.9493,Apparel,Baseball Cap,3,60.86,182.58,Affiliate,Desktop,Pending,3
2026-07-15 07:37:38,c2567,United States,39.0198,-95.5919,Apparel,Running Shoes,5,139.35,696.75,Affiliate,Tablet,Completed,1
2026-07-15 07:58:04,c1455,South Africa,-27.7416,23.2462,Electronics,Wireless Headphones,2,41.91,83.82,Web,Mobile,Completed,5
2026-07-15 08:16:46,c1001,Japan,38.2182,139.9931,Home,Desk Lamp,3,42.96,128.88,Affiliate,Tablet,Completed,5
2026-07-15 09:19:37,c8500,Germany,52.0733,9.7892,Beauty,Makeup Brush Kit,5,71.08,355.4,Marketplace,Mobile,Completed,5
2026-07-15 09:59:07,c6626,Australia,-23.7797,130.7952,Sports,Water Bottle,1,184.21,184.21,Web,Tablet,Completed,2
2026-07-15 10:09:29,c1861,India,20.3119,76.9045,Home,Throw Blanket,5,134.4,672.0,Mobile App,Desktop,Completed,1
2026-07-15 10:41:44,c7987,India,21.4786,81.7815,Beauty,Shampoo Bar,4,124.45,497.8,Web,Mobile,Refunded,1
2026-07-15 10:59:50,c5461,Mexico,21.937,-101.7573,Apparel,Graphic T-Shirt,3,30.44,91.32,Web,Tablet,Completed,3
2026-07-15 11:43:39,c7855,India,21.7287,76.2512,Apparel,Baseball Cap,4,107.98,431.92,Affiliate,Mobile,Completed,4
2026-07-15 12:14:38,c7260,South Africa,-29.0888,24.5951,Beauty,Face Serum,4,191.36,765.44,Marketplace,Tablet,Completed,5
2026-07-15 12:23:11,c2771,Germany,51.8054,13.2324,Beauty,Face Serum,2,212.52,425.04,Web,Mobile,Completed,5
2026-07-15 13:27:25,c4650,Japan,33.2345,139.2514,Apparel,Baseball Cap,2,136.97,273.94,Mobile App,Mobile,Cancelled,5
2026-07-15 13:32:11,c9890,United States,39.8731,-93.194,Sports,Dumbbell Set,2,98.81,197.62,Mobile App,Tablet,Completed,4
2026-07-15 14:20:47,c3095,United States,40.0736,-98.5336,Electronics,Mechanical Keyboard,4,31.75,127.0,Web,Desktop,Completed,5
2026-07-15 14:29:28,c8699,Brazil,-12.5127,-53.214,Home,Air Purifier,3,50.06,150.18,Web,Tablet,Completed,1
2026-07-15 14:30:11,c7016,Brazil,-11.3516,-51.8554,Beauty,Makeup Brush Kit,1,80.66,80.66,Web,Tablet,Completed,4
2026-07-15 14:35:41,c2770,Brazil,-15.5998,-54.4082,Apparel,Denim Jacket,4,126.73,506.92,Marketplace,Tablet,Completed,4
2026-07-15 14:59:58,c9592,Brazil,-11.2915,-54.3582,Sports,Camping Tent,5,160.7,803.5,Web,Desktop,Cancelled,4
2026-07-15 15:07:51,c5942,Japan,36.5204,138.85,Sports,Tennis Racket,1,187.75,187.75,Mobile App,Tablet,Completed,4
2026-07-15 15:28:34,c2868,India,22.8131,80.4348,Apparel,Graphic T-Shirt,2,24.19,48.38,Mobile App,Mobile,Completed,3
2026-07-15 16:04:33,c4261,Australia,-28.0098,135.4205,Home,Air Purifier,1,126.0,126.0,Web,Tablet,Completed,5
2026-07-15 16:31:59,c3847,Australia,-23.5777,132.412,Books,Cookbook,1,186.17,186.17,Affiliate,Tablet,Completed,5
2026-07-15 16:39:36,c1149,United Kingdom,56.9537,-6.2523,Electronics,Smart Watch,2,151.98,303.96,Marketplace,Desktop,Completed,4
2026-07-15 17:02:39,c8327,Mexico,23.3102,-99.5688,Beauty,Makeup Brush Kit,1,182.77,182.77,Marketplace,Mobile,Pending,1
2026-07-15 17:05:18,c5201,France,43.6307,4.3283,Sports,Tennis Racket,4,197.56,790.24,Affiliate,Desktop,Refunded,4
2026-07-15 17:06:39,c1586,Japan,38.404,136.6485,Apparel,Winter Coat,3,109.42,328.26,Web,Mobile,Completed,1
2026-07-15 17:23:05,c2731,Brazil,-14.5235,-53.5283,Apparel,Denim Jacket,5,31.1,155.5,Mobile App,Mobile,Completed,5
2026-07-15 17:34:50,c5552,India,23.4404,81.1672,Sports,Dumbbell Set,4,47.85,191.4,Affiliate,Desktop,Completed,2
2026-07-15 17:42:29,c7435,Australia,-27.7272,136.0582,Electronics,Smart Watch,3,167.29,501.87,Marketplace,Tablet,Completed,3
2026-07-15 17:55:57,c5255,Singapore,2.4265,101.8782,Beauty,Lip Balm Set,3,172.81,518.43,Web,Mobile,Completed,3
2026-07-15 18:09:22,c3212,Japan,38.4184,137.2034,Beauty,Lip Balm Set,3,215.37,646.11,Web,Desktop,Completed,5
2026-07-15 18:36:06,c5489,United States,39.0732,-97.8034,Books,Kids Picture Book,2,177.35,354.7,Affiliate,Mobile,Completed,5
2026-07-15 19:03:01,c9590,Canada,55.0986,-103.6322,Books,Kids Picture Book,2,40.58,81.16,Marketplace,Desktop,Completed,2
2026-07-15 19:25:37,c1924,Germany,51.2019,13.2206,Apparel,Running Shoes,2,125.13,250.26,Marketplace,Desktop,Completed,5
2026-07-15 19:45:57,c7578,Japan,33.6019,136.7438,Books,Cookbook,3,209.95,629.85,Web,Desktop,Completed,5
2026-07-15 19:48:10,c5925,Brazil,-11.4474,-50.7737,Books,Business Guide,5,24.72,123.6,Mobile App,Desktop,Cancelled,4
2026-07-15 19:59:34,c9309,South Africa,-32.0805,24.388,Home,Air Purifier,1,200.11,200.11,Marketplace,Mobile,Completed,5
2026-07-15 20:03:06,c3845,France,48.8418,4.2429,Books,Kids Picture Book,2,154.67,309.34,Mobile App,Desktop,Completed,5
2026-07-15 20:07:30,c7577,United Kingdom,53.47,-2.9887,Books,Kids Picture Book,4,196.55,786.2,Marketplace,Desktop,Completed,5
2026-07-15 20:16:13,c5861,Germany,51.318,7.8956,Books,Mystery Novel,4,90.23,360.92,Marketplace,Desktop,Completed,5
2026-07-15 20:39:49,c1294,Singapore,-0.6357,104.2358,Home,Cutting Board Set,1,26.32,26.32,Mobile App,Tablet,Cancelled,4
2026-07-15 21:10:20,c1284,Japan,34.0394,137.3949,Sports,Water Bottle,3,171.35,514.05,Marketplace,Desktop,Completed,5
2026-07-15 21:17:10,c8214,Canada,56.5894,-106.0748,Home,Throw Blanket,4,107.52,430.08,Mobile App,Desktop,Completed,5
2026-07-15 21:21:02,c5929,France,45.2384,1.3215,Apparel,Baseball Cap,3,12.85,38.55,Marketplace,Desktop,Completed,4
2026-07-15 21:33:10,c6054,United States,37.6449,-98.5486,Books,Business Guide,3,113.38,340.14,Mobile App,Mobile,Completed,4
2026-07-15 22:07:56,c5592,Brazil,-15.4913,-50.7603,Books,Kids Picture Book,2,77.09,154.18,Affiliate,Mobile,Completed,4
2026-07-15 22:08:46,c9230,South Africa,-30.732,24.7292,Sports,Yoga Mat,5,183.75,918.75,Web,Tablet,Cancelled,5
2026-07-15 22:47:35,c8443,South Africa,-29.796,22.5245,Electronics,Bluetooth Speaker,3,171.52,514.56,Mobile App,Tablet,Completed,5
2026-07-15 23:08:14,c9627,Singapore,3.9127,103.5869,Apparel,Winter Coat,4,28.36,113.44,Affiliate,Tablet,Completed,5
2026-07-15 23:08:32,c1309,Canada,55.2263,-106.9947,Home,Coffee Maker,1,172.36,172.36,Mobile App,Desktop,Completed,5
2026-07-15 23:23:46,c4616,Canada,55.1695,-103.9952,Sports,Camping Tent,3,170.82,512.46,Mobile App,Tablet,Completed,1
2026-07-15 23:29:03,c4107,Australia,-26.0675,133.2673,Beauty,Perfume,4,19.42,77.68,Affiliate,Desktop,Completed,2
2026-07-15 23:41:52,c8240,United States,36.3544,-93.3695,Beauty,Face Serum,2,21.14,42.28,Web,Mobile,Completed,5
2026-07-15 23:48:34,c5417,United Kingdom,55.4784,-5.4417,Beauty,Face Serum,3,80.44,241.32,Affiliate,Mobile,Cancelled,3
2026-07-16 00:43:16,c4010,Japan,37.6959,137.0826,Home,Coffee Maker,5,165.3,826.5,Web,Desktop,Completed,4
2026-07-16 01:16:53,c9074,Singapore,0.1358,105.8008,Books,Business Guide,5,120.19,600.95,Mobile App,Tablet,Completed,5
2026-07-16 01:30:14,c6259,Canada,58.0395,-107.7451,Sports,Water Bottle,3,131.98,395.94,Web,Desktop,Completed,3
2026-07-16 01:36:38,c4520,United Kingdom,56.0342,-1.5918,Sports,Water Bottle,5,159.12,795.6,Affiliate,Tablet,Completed,3
2026-07-16 01:37:46,c3539,India,22.3249,76.0136,Electronics,Bluetooth Speaker,4,153.94,615.76,Marketplace,Desktop,Completed,5
2026-07-16 02:09:28,c4087,Canada,56.7207,-105.8573,Electronics,Bluetooth Speaker,1,96.5,96.5,Web,Mobile,Completed,4
2026-07-16 03:04:09,c7119,Mexico,20.7907,-101.6807,Sports,Camping Tent,2,80.92,161.84,Marketplace,Tablet,Completed,4
2026-07-16 04:49:53,c1972,Mexico,24.2916,-102.981,Sports,Dumbbell Set,2,180.47,360.94,Marketplace,Tablet,Completed,3
2026-07-16 05:21:12,c9437,United Kingdom,56.1566,-1.9271,Electronics,Mechanical Keyboard,5,174.72,873.6,Web,Mobile,Refunded,5
2026-07-16 05:32:59,c7672,Singapore,0.4927,105.9085,Sports,Yoga Mat,3,153.99,461.97,Web,Tablet,Cancelled,5
2026-07-16 05:38:12,c8684,Canada,55.3896,-107.5779,Home,Throw Blanket,2,161.19,322.38,Web,Tablet,Cancelled,5
2026-07-16 05:47:50,c8794,India,19.6529,81.8191,Beauty,Shampoo Bar,1,80.41,80.41,Affiliate,Tablet,Completed,5
2026-07-16 06:06:23,c3862,Germany,49.0051,13.2427,Home,Air Purifier,3,18.03,54.09,Marketplace,Tablet,Completed,2
2026-07-16 06:20:07,c9711,Mexico,22.6404,-102.3399,Home,Coffee Maker,2,215.92,431.84,Affiliate,Tablet,Completed,1
2026-07-16 06:36:15,c9690,India,19.2396,81.2605,Home,Cutting Board Set,3,163.87,491.61,Mobile App,Tablet,Completed,5
2026-07-16 06:56:42,c5938,Brazil,-15.1429,-54.8241,Beauty,Makeup Brush Kit,3,111.03,333.09,Affiliate,Mobile,Cancelled,2
2026-07-16 06:57:02,c6279,France,48.2324,1.0332,Apparel,Winter Coat,5,136.61,683.05,Affiliate,Mobile,Completed,4
2026-07-16 07:03:26,c7821,United States,39.9237,-93.0605,Beauty,Perfume,5,75.57,377.85,Affiliate,Desktop,Completed,3
2026-07-16 07:34:01,c1218,Japan,37.9556,135.2853,Electronics,Smart Watch,3,172.51,517.53,Marketplace,Mobile,Completed,5
2026-07-16 07:35:43,c3600,France,46.0206,1.9986,Electronics,Mechanical Keyboard,3,159.75,479.25,Web,Mobile,Completed,1
2026-07-16 07:49:29,c7633,Germany,52.3112,11.0722,Books,Cookbook,2,52.59,105.18,Marketplace,Mobile,Completed,3
2026-07-16 08:14:30,c7406,Germany,52.7576,12.2919,Apparel,Winter Coat,2,144.97,289.94,Mobile App,Desktop,Refunded,2
2026-07-16 09:39:48,c8865,India,20.7021,76.4826,Books,Cookbook,2,198.77,397.54,Affiliate,Mobile,Completed,5
2026-07-16 09:46:32,c7222,Japan,36.087,138.4549,Books,Mystery Novel,3,18.44,55.32,Marketplace,Desktop,Completed,1
2026-07-16 09:57:04,c2324,Mexico,25.3928,-104.7861,Beauty,Shampoo Bar,3,185.88,557.64,Web,Tablet,Completed,3
2026-07-16 10:08:44,c4891,Singapore,3.1276,106.2893,Beauty,Face Serum,4,145.39,581.56,Mobile App,Desktop,Completed,4
2026-07-16 10:48:07,c5395,Australia,-26.8617,131.2919,Sports,Camping Tent,3,84.53,253.59,Affiliate,Tablet,Completed,5
2026-07-16 11:18:05,c4971,United Kingdom,53.2991,-4.7672,Sports,Tennis Racket,3,109.45,328.35,Affiliate,Tablet,Completed,5
2026-07-16 11:46:20,c4241,Mexico,25.7876,-105.1229,Apparel,Graphic T-Shirt,5,148.17,740.85,Affiliate,Desktop,Completed,3
2026-07-16 12:08:24,c3326,India,20.6153,79.1445,Books,Cookbook,5,103.2,516.0,Marketplace,Mobile,Completed,5
2026-07-16 12:23:01,c5817,Japan,35.3317,139.7153,Home,Air Purifier,3,86.8,260.4,Affiliate,Desktop,Completed,2
2026-07-16 12:25:58,c1881,Mexico,24.617,-99.9911,Books,Business Guide,3,212.76,638.28,Web,Tablet,Completed,5
2026-07-16 12:52:43,c1774,India,23.4955,77.3794,Apparel,Winter Coat,3,202.02,606.06,Web,Desktop,Completed,5
2026-07-16 12:53:42,c8682,Germany,49.2243,12.0294,Sports,Water Bottle,1,74.59,74.59,Web,Tablet,Completed,1
2026-07-16 13:14:59,c2334,France,44.8877,-0.6798,Apparel,Baseball Cap,5,39.72,198.6,Web,Tablet,Completed,5
2026-07-16 13:25:20,c9321,Mexico,23.2535,-100.7876,Apparel,Winter Coat,2,11.81,23.62,Marketplace,Mobile,Completed,3
2026-07-16 13:57:31,c1762,South Africa,-28.8983,20.2964,Sports,Yoga Mat,1,144.39,144.39,Marketplace,Tablet,Completed,5
2026-07-16 13:57:37,c2528,Japan,37.7933,136.6476,Electronics,Bluetooth Speaker,1,160.35,160.35,Web,Tablet,Completed,4
2026-07-16 14:10:04,c3435,South Africa,-31.3453,21.5324,Beauty,Face Serum,1,190.68,190.68,Mobile App,Mobile,Completed,5
2026-07-16 14:50:39,c3660,Japan,37.6515,139.4161,Apparel,Graphic T-Shirt,4,28.88,115.52,Marketplace,Tablet,Cancelled,5
2026-07-16 15:19:21,c9850,Japan,38.5802,137.2006,Home,Desk Lamp,5,189.41,947.05,Mobile App,Mobile,Completed,4
2026-07-16 15:28:14,c6211,France,47.2734,2.448,Apparel,Running Shoes,5,95.82,479.1,Mobile App,Tablet,Completed,5
2026-07-16 15:28:24,c3064,United Kingdom,52.9961,-2.8689,Electronics,Bluetooth Speaker,2,199.73,399.46,Marketplace,Mobile,Completed,5
2026-07-16 15:37:36,c3574,Singapore,-0.5292,103.6891,Books,Cookbook,4,186.52,746.08,Web,Tablet,Completed,5
2026-07-16 15:52:22,c1872,United States,38.6685,-95.186,Sports,Tennis Racket,2,77.47,154.94,Marketplace,Desktop,Refunded,5
2026-07-16 16:03:40,c4156,Australia,-24.137,136.209,Books,Cookbook,3,143.08,429.24,Affiliate,Mobile,Completed,4
2026-07-16 16:18:14,c5561,Australia,-25.2626,131.255,Sports,Camping Tent,3,173.12,519.36,Web,Desktop,Refunded,4
2026-07-16 16:43:37,c4048,Canada,55.1345,-104.0913,Sports,Water Bottle,5,103.64,518.2,Web,Desktop,Completed,5
2026-07-16 17:10:42,c6020,Mexico,20.8039,-102.6464,Sports,Dumbbell Set,1,103.37,103.37,Marketplace,Desktop,Cancelled,5
2026-07-16 17:27:57,c5120,Brazil,-16.2867,-50.9116,Books,Business Guide,1,50.62,50.62,Affiliate,Mobile,Completed,4
2026-07-16 17:39:15,c2995,Canada,58.1784,-105.0788,Electronics,Mechanical Keyboard,3,54.61,163.83,Web,Mobile,Completed,4
2026-07-16 18:35:26,c6217,South Africa,-31.3677,20.3195,Beauty,Lip Balm Set,4,17.55,70.2,Marketplace,Tablet,Completed,3
2026-07-16 18:49:45,c6795,United Kingdom,57.2245,-5.6185,Books,Sci-Fi Anthology,1,145.77,145.77,Web,Mobile,Cancelled,4
2026-07-16 19:08:06,c6093,South Africa,-31.5493,22.3938,Beauty,Makeup Brush Kit,2,110.71,221.42,Web,Desktop,Refunded,4
2026-07-16 19:21:30,c4022,Brazil,-13.4843,-53.8357,Home,Coffee Maker,2,208.9,417.8,Web,Desktop,Completed,2
2026-07-16 19:21:45,c3167,Germany,51.951,7.9589,Electronics,Smart Watch,3,162.32,486.96,Affiliate,Mobile,Completed,5
2026-07-16 19:30:05,c9472,Australia,-23.8377,131.0206,Sports,Water Bottle,2,101.48,202.96,Affiliate,Mobile,Completed,3
2026-07-16 19:55:44,c3252,Mexico,21.3704,-100.0006,Apparel,Graphic T-Shirt,4,200.38,801.52,Affiliate,Tablet,Completed,5
2026-07-16 20:03:01,c5700,Brazil,-15.8928,-53.0179,Electronics,Mechanical Keyboard,2,37.17,74.34,Affiliate,Tablet,Refunded,5
2026-07-16 20:59:19,c5990,India,20.064,79.3028,Electronics,Wireless Headphones,5,212.19,1060.95,Mobile App,Tablet,Completed,5
2026-07-16 21:04:09,c4084,Singapore,1.9145,103.1269,Sports,Water Bottle,1,103.34,103.34,Marketplace,Tablet,Completed,3
2026-07-16 21:04:56,c5940,United States,34.6434,-94.21,Beauty,Shampoo Bar,3,55.97,167.91,Affiliate,Mobile,Completed,5
2026-07-16 21:27:51,c7318,United States,39.352,-94.3669,Beauty,Makeup Brush Kit,3,192.11,576.33,Mobile App,Mobile,Completed,5
2026-07-16 21:29:27,c8497,Singapore,-1.0965,103.1446,Apparel,Denim Jacket,2,33.51,67.02,Affiliate,Mobile,Completed,2
2026-07-16 22:11:21,c4119,United States,38.7238,-93.386,Sports,Water Bottle,2,210.1,420.2,Web,Desktop,Refunded,4
2026-07-16 23:01:32,c1108,France,45.6651,4.1134,Home,Air Purifier,4,196.08,784.32,Mobile App,Mobile,Completed,2
2026-07-16 23:12:58,c9186,Mexico,26.6083,-104.1191,Books,Mystery Novel,5,144.4,722.0,Affiliate,Desktop,Completed,1
2026-07-16 23:18:39,c9618,Australia,-25.2306,135.0859,Apparel,Denim Jacket,5,182.41,912.05,Affiliate,Mobile,Pending,4
2026-07-16 23:30:20,c8515,South Africa,-31.5611,25.6995,Electronics,Mechanical Keyboard,2,177.92,355.84,Affiliate,Desktop,Completed,3
2026-07-16 23:40:19,c1334,South Africa,-28.3696,21.4423,Books,Cookbook,3,56.52,169.56,Marketplace,Tablet,Completed,4
2026-07-16 23:44:48,c8702,Canada,54.6389,-108.1826,Home,Throw Blanket,3,127.48,382.44,Affiliate,Desktop,Completed,2
2026-07-16 23:45:22,c1971,United States,37.2484,-97.7925,Electronics,Wireless Headphones,3,26.16,78.48,Affiliate,Tablet,Cancelled,4
2026-07-17 00:13:08,c6487,Australia,-22.6764,132.3235,Sports,Dumbbell Set,5,138.72,693.6,Mobile App,Desktop,Completed,5
2026-07-17 00:18:29,c1266,Japan,34.4063,138.3719,Apparel,Baseball Cap,2,9.98,19.96,Mobile App,Mobile,Completed,2
2026-07-17 00:20:57,c6237,Canada,57.8503,-108.2577,Beauty,Makeup Brush Kit,5,68.1,340.5,Marketplace,Mobile,Completed,1
2026-07-17 00:35:19,c1555,Singapore,2.9345,102.8206,Electronics,Wireless Headphones,1,77.8,77.8,Mobile App,Mobile,Completed,5
2026-07-17 00:35:51,c3621,United States,39.5629,-98.698,Apparel,Running Shoes,5,134.16,670.8,Mobile App,Tablet,Completed,5
2026-07-17 00:50:05,c4607,Japan,34.8673,140.1178,Electronics,4K Monitor,2,36.33,72.66,Marketplace,Tablet,Completed,1
2026-07-17 00:59:26,c9375,India,18.2324,78.4952,Apparel,Baseball Cap,3,111.97,335.91,Web,Desktop,Completed,5
2026-07-17 02:05:23,c4567,Japan,35.8489,140.2832,Electronics,Smart Watch,4,101.58,406.32,Web,Tablet,Pending,5
2026-07-17 02:55:39,c7793,France,48.9679,3.1914,Apparel,Graphic T-Shirt,4,156.26,625.04,Affiliate,Tablet,Completed,5
2026-07-17 03:42:17,c3223,India,20.2656,76.6249,Books,Business Guide,5,95.22,476.1,Web,Desktop,Completed,5
2026-07-17 03:48:59,c5360,Germany,48.3475,8.5311,Books,Kids Picture Book,5,10.95,54.75,Mobile App,Tablet,Completed,5
2026-07-17 04:14:29,c2972,Germany,53.5635,13.3639,Sports,Dumbbell Set,5,196.02,980.1,Marketplace,Mobile,Completed,5
2026-07-17 04:15:45,c7130,Singapore,4.2005,105.2285,Home,Air Purifier,4,48.05,192.2,Web,Mobile,Refunded,3
2026-07-17 04:20:09,c7652,Japan,34.3516,138.4087,Home,Throw Blanket,4,24.75,99.0,Affiliate,Tablet,Completed,4
2026-07-17 04:52:08,c4178,Singapore,1.5083,104.525,Apparel,Running Shoes,4,106.57,426.28,Web,Tablet,Cancelled,2
2026-07-17 05:05:35,c4160,Brazil,-12.3811,-49.9769,Apparel,Winter Coat,4,104.36,417.44,Web,Desktop,Completed,1
2026-07-17 05:20:09,c5250,United Kingdom,52.7439,-4.3837,Books,Sci-Fi Anthology,3,8.56,25.68,Marketplace,Desktop,Completed,5
2026-07-17 05:27:36,c4030,Germany,50.0418,10.6477,Beauty,Shampoo Bar,3,186.23,558.69,Mobile App,Mobile,Completed,5
2026-07-17 05:55:52,c6498,India,20.7995,79.8256,Books,Mystery Novel,1,191.26,191.26,Affiliate,Tablet,Completed,3
2026-07-17 06:00:10,c5945,Singapore,3.1571,103.6716,Apparel,Graphic T-Shirt,1,146.13,146.13,Marketplace,Mobile,Completed,5
2026-07-17 06:26:10,c8956,United States,35.7959,-95.0396,Sports,Dumbbell Set,1,67.66,67.66,Web,Desktop,Completed,5
2026-07-17 06:27:14,c8035,South Africa,-32.589,25.0097,Beauty,Lip Balm Set,4,62.42,249.68,Affiliate,Mobile,Completed,2
2026-07-17 06:33:20,c1194,Canada,55.5459,-103.6351,Books,Cookbook,4,134.86,539.44,Web,Tablet,Completed,5
2026-07-17 07:05:19,c7425,United Kingdom,52.5379,-1.8877,Sports,Tennis Racket,4,29.76,119.04,Affiliate,Mobile,Completed,5
2026-07-17 07:23:23,c8528,India,19.5642,77.7875,Beauty,Lip Balm Set,5,87.88,439.4,Marketplace,Desktop,Completed,5
2026-07-17 08:19:35,c2166,India,20.7247,80.7334,Apparel,Baseball Cap,2,197.44,394.88,Affiliate,Mobile,Completed,1
2026-07-17 08:48:29,c1244,France,46.8246,4.6766,Sports,Tennis Racket,1,97.79,97.79,Mobile App,Desktop,Completed,4
2026-07-17 08:49:02,c4854,France,43.7317,0.9828,Home,Air Purifier,1,69.22,69.22,Marketplace,Mobile,Completed,2
2026-07-17 08:59:56,c5554,United Kingdom,53.9465,-0.5506,Beauty,Face Serum,5,54.69,273.45,Affiliate,Tablet,Completed,4
2026-07-17 09:01:26,c1546,Singapore,4.2281,103.3765,Books,Mystery Novel,1,131.02,131.02,Web,Mobile,Completed,5
2026-07-17 09:14:56,c8145,India,19.0209,76.8598,Electronics,4K Monitor,3,106.4,319.2,Affiliate,Tablet,Cancelled,4
2026-07-17 09:19:56,c3862,Mexico,25.6335,-99.9475,Beauty,Perfume,3,162.89,488.67,Marketplace,Desktop,Completed,5
2026-07-17 09:56:20,c8585,Japan,34.2875,137.9193,Books,Cookbook,1,99.69,99.69,Marketplace,Mobile,Refunded,1
2026-07-17 10:12:59,c5133,India,23.4868,77.2976,Electronics,Mechanical Keyboard,1,140.05,140.05,Marketplace,Mobile,Completed,3
2026-07-17 10:24:48,c9192,France,48.4214,0.9537,Books,Cookbook,5,46.92,234.6,Marketplace,Desktop,Completed,2
2026-07-17 10:28:25,c6131,United States,35.334,-96.541,Apparel,Winter Coat,1,79.03,79.03,Mobile App,Tablet,Completed,4
2026-07-17 10:42:58,c8191,South Africa,-32.6899,20.5848,Home,Throw Blanket,2,184.12,368.24,Mobile App,Tablet,Completed,5
2026-07-17 10:46:33,c6269,India,19.8563,76.6977,Books,Cookbook,3,116.48,349.44,Marketplace,Tablet,Completed,4
2026-07-17 11:06:31,c1640,Canada,56.6472,-107.8065,Books,Sci-Fi Anthology,2,32.75,65.5,Affiliate,Tablet,Completed,5
2026-07-17 11:19:02,c2176,India,22.4387,76.1121,Electronics,Smart Watch,4,8.83,35.32,Affiliate,Mobile,Cancelled,4
2026-07-17 11:38:25,c8496,United States,36.9391,-92.7657,Books,Mystery Novel,5,157.27,786.35,Web,Tablet,Completed,5
2026-07-17 11:43:59,c2352,India,20.848,76.7974,Apparel,Denim Jacket,4,159.92,639.68,Mobile App,Tablet,Completed,1
2026-07-17 11:57:13,c4341,Japan,33.4918,139.2345,Electronics,Smart Watch,3,50.23,150.69,Affiliate,Desktop,Refunded,5
2026-07-17 12:07:11,c2881,Germany,49.9901,12.5188,Books,Kids Picture Book,3,207.3,621.9,Affiliate,Tablet,Completed,5
2026-07-17 12:26:41,c3363,France,47.4132,1.038,Apparel,Baseball Cap,5,208.61,1043.05,Marketplace,Desktop,Pending,1
2026-07-17 13:03:57,c3560,Japan,37.5716,138.763,Sports,Dumbbell Set,3,38.22,114.66,Affiliate,Desktop,Refunded,4
2026-07-17 13:09:12,c6137,United Kingdom,55.944,-4.0203,Home,Air Purifier,2,39.11,78.22,Mobile App,Tablet,Cancelled,1
2026-07-17 13:38:30,c3143,India,18.3751,81.1022,Home,Throw Blanket,4,193.69,774.76,Mobile App,Mobile,Completed,4
2026-07-17 14:14:16,c9404,South Africa,-28.7405,23.7066,Electronics,Bluetooth Speaker,1,57.86,57.86,Affiliate,Desktop,Refunded,2
2026-07-17 14:26:02,c9859,India,18.9226,79.42,Electronics,Bluetooth Speaker,4,109.4,437.6,Web,Tablet,Completed,3
2026-07-17 14:44:38,c2234,Mexico,23.1016,-104.5228,Electronics,Smart Watch,3,147.34,442.02,Marketplace,Desktop,Completed,3
2026-07-17 15:41:46,c7711,South Africa,-30.8656,25.1381,Home,Coffee Maker,5,148.87,744.35,Affiliate,Desktop,Cancelled,5
2026-07-17 16:37:16,c1044,United States,38.7152,-94.9208,Beauty,Lip Balm Set,5,87.08,435.4,Web,Mobile,Completed,4
2026-07-17 16:55:02,c6919,Germany,50.8681,9.956,Books,Sci-Fi Anthology,2,187.75,375.5,Mobile App,Tablet,Refunded,5
2026-07-17 17:00:03,c5530,Brazil,-11.9095,-53.8343,Apparel,Baseball Cap,1,57.08,57.08,Marketplace,Tablet,Completed,2
2026-07-17 17:51:14,c5755,United Kingdom,56.603,-3.6574,Apparel,Running Shoes,5,112.04,560.2,Mobile App,Desktop,Completed,4
2026-07-17 18:39:01,c7672,Australia,-27.4378,132.9509,Sports,Water Bottle,3,201.89,605.67,Affiliate,Desktop,Cancelled,4
2026-07-17 18:55:20,c7341,Canada,55.2518,-109.2743,Sports,Yoga Mat,1,136.63,136.63,Mobile App,Desktop,Completed,4
2026-07-17 18:59:24,c8778,Australia,-22.9877,131.6024,Apparel,Winter Coat,2,48.0,96.0,Affiliate,Mobile,Completed,3
2026-07-17 19:17:15,c6799,Singapore,2.1335,101.4399,Sports,Dumbbell Set,5,97.74,488.7,Affiliate,Desktop,Completed,1
2026-07-17 19:28:42,c9882,Australia,-26.7212,134.8828,Home,Desk Lamp,4,170.55,682.2,Affiliate,Tablet,Completed,2
2026-07-17 19:31:05,c7250,Brazil,-15.7865,-51.6941,Beauty,Shampoo Bar,2,136.91,273.82,Marketplace,Desktop,Completed,1
2026-07-17 19:32:28,c1974,United Kingdom,54.5599,-5.0265,Books,Business Guide,5,112.47,562.35,Web,Desktop,Completed,5
2026-07-17 20:15:23,c7706,Germany,52.6892,10.6279,Apparel,Denim Jacket,4,95.64,382.56,Affiliate,Tablet,Completed,5
2026-07-17 20:41:14,c8973,Japan,35.0437,137.6085,Apparel,Denim Jacket,5,12.8,64.0,Marketplace,Tablet,Completed,1
2026-07-17 20:43:48,c8551,United Kingdom,56.4264,-2.6118,Home,Air Purifier,1,160.43,160.43,Web,Tablet,Completed,5
2026-07-17 21:20:36,c2771,India,17.7387,80.3794,Home,Air Purifier,2,64.56,129.12,Affiliate,Desktop,Refunded,4
2026-07-17 22:08:54,c8904,Canada,56.4325,-106.1814,Apparel,Denim Jacket,3,89.98,269.94,Affiliate,Tablet,Completed,3
2026-07-17 22:34:52,c7645,Germany,53.4335,8.9888,Home,Throw Blanket,2,17.64,35.28,Web,Desktop,Pending,1
2026-07-17 22:49:11,c5580,India,22.1868,78.3588,Sports,Tennis Racket,4,21.89,87.56,Web,Mobile,Completed,5
2026-07-17 23:08:07,c2953,Canada,57.144,-109.3242,Sports,Water Bottle,1,69.34,69.34,Mobile App,Tablet,Completed,4
2026-07-17 23:23:40,c5067,Germany,49.2438,13.2121,Electronics,Bluetooth Speaker,4,55.6,222.4,Affiliate,Tablet,Completed,2
2026-07-18 00:28:06,c2806,United Kingdom,54.7887,-2.914,Home,Throw Blanket,2,182.5,365.0,Marketplace,Mobile,Completed,3
2026-07-18 00:48:30,c7681,Canada,55.1777,-108.8314,Apparel,Denim Jacket,3,35.66,106.98,Affiliate,Mobile,Completed,3
2026-07-18 00:56:45,c1367,Canada,54.6421,-106.5975,Sports,Yoga Mat,2,62.35,124.7,Marketplace,Tablet,Completed,4
2026-07-18 01:03:21,c8011,United Kingdom,57.0537,-2.4362,Electronics,Smart Watch,3,42.7,128.1,Affiliate,Mobile,Completed,5
2026-07-18 01:13:44,c2587,Canada,58.0353,-103.6292,Sports,Tennis Racket,3,157.48,472.44,Mobile App,Desktop,Completed,5
2026-07-18 01:22:09,c3159,India,18.7536,80.2194,Beauty,Face Serum,3,204.8,614.4,Mobile App,Tablet,Completed,1
2026-07-18 01:40:32,c3933,United States,39.7655,-96.4803,Home,Desk Lamp,1,84.07,84.07,Marketplace,Mobile,Completed,4
2026-07-18 01:41:05,c3381,India,18.7443,79.2235,Beauty,Shampoo Bar,2,211.84,423.68,Affiliate,Desktop,Completed,5
2026-07-18 02:22:29,c6157,Mexico,22.4187,-100.9929,Beauty,Shampoo Bar,1,201.2,201.2,Mobile App,Tablet,Completed,5
2026-07-18 02:43:20,c6998,South Africa,-28.9343,21.4681,Beauty,Lip Balm Set,5,16.7,83.5,Mobile App,Mobile,Cancelled,2
2026-07-18 03:48:28,c7102,France,48.6813,1.2599,Beauty,Makeup Brush Kit,2,50.75,101.5,Affiliate,Desktop,Cancelled,4
2026-07-18 03:55:45,c3000,France,45.2676,2.1701,Apparel,Graphic T-Shirt,2,125.98,251.96,Mobile App,Tablet,Completed,4
2026-07-18 05:21:13,c7786,Mexico,26.5856,-100.7279,Home,Desk Lamp,4,162.46,649.84,Mobile App,Tablet,Completed,3
2026-07-18 05:26:27,c1285,Germany,48.3077,10.9547,Apparel,Denim Jacket,4,51.07,204.28,Mobile App,Desktop,Completed,4
2026-07-18 05:35:40,c7761,France,46.0711,4.306,Home,Desk Lamp,4,201.93,807.72,Affiliate,Tablet,Completed,5
2026-07-18 05:37:52,c6496,France,46.0636,1.4447,Home,Throw Blanket,3,13.7,41.1,Marketplace,Mobile,Completed,4
2026-07-18 05:48:05,c9144,South Africa,-32.5316,23.0472,Home,Coffee Maker,4,75.02,300.08,Web,Tablet,Completed,5
2026-07-18 05:58:32,c1269,South Africa,-31.8605,23.6623,Electronics,Wireless Headphones,1,27.0,27.0,Affiliate,Desktop,Completed,2
2026-07-18 06:03:03,c9764,Singapore,2.2615,102.2141,Home,Coffee Maker,2,162.58,325.16,Marketplace,Mobile,Completed,3
2026-07-18 06:10:59,c6015,United Kingdom,55.8935,-1.7017,Sports,Water Bottle,2,186.7,373.4,Affiliate,Mobile,Completed,4
2026-07-18 06:18:51,c7597,Germany,50.078,11.9612,Apparel,Graphic T-Shirt,5,124.95,624.75,Affiliate,Tablet,Completed,1
2026-07-18 06:25:00,c6952,United States,34.4392,-94.0851,Electronics,Smart Watch,1,214.34,214.34,Mobile App,Mobile,Completed,2
2026-07-18 07:09:14,c3907,United States,37.2487,-98.7059,Sports,Dumbbell Set,2,80.24,160.48,Marketplace,Desktop,Completed,3
2026-07-18 07:53:10,c7020,United States,38.2737,-96.7502,Beauty,Face Serum,3,72.68,218.04,Affiliate,Tablet,Completed,5
2026-07-18 08:28:39,c5327,Singapore,1.7608,101.5036,Sports,Camping Tent,1,22.2,22.2,Mobile App,Mobile,Refunded,3
2026-07-18 08:41:16,c9791,Brazil,-12.5133,-54.6731,Electronics,4K Monitor,5,105.17,525.85,Mobile App,Tablet,Completed,2
2026-07-18 08:53:54,c3602,India,19.8719,80.4647,Apparel,Denim Jacket,2,77.41,154.82,Affiliate,Desktop,Completed,4
2026-07-18 09:05:13,c7593,United States,36.1311,-96.3743,Books,Mystery Novel,5,172.48,862.4,Mobile App,Desktop,Completed,5
2026-07-18 09:14:39,c2211,Japan,37.3813,141.1451,Sports,Camping Tent,5,18.6,93.0,Affiliate,Desktop,Refunded,5
2026-07-18 09:30:25,c1238,France,44.9503,2.2913,Beauty,Face Serum,1,177.67,177.67,Mobile App,Mobile,Completed,5
2026-07-18 09:35:53,c7260,Brazil,-14.7963,-50.4813,Electronics,Bluetooth Speaker,2,13.02,26.04,Affiliate,Tablet,Refunded,1
2026-07-18 09:54:35,c5324,Singapore,3.7308,101.4728,Beauty,Lip Balm Set,4,135.09,540.36,Marketplace,Mobile,Completed,5
2026-07-18 11:33:21,c1760,United States,39.1149,-96.7886,Books,Mystery Novel,4,71.85,287.4,Marketplace,Tablet,Completed,5
2026-07-18 11:37:27,c5143,India,19.1923,77.4659,Apparel,Baseball Cap,4,132.71,530.84,Mobile App,Desktop,Completed,1
2026-07-18 11:51:00,c7936,United Kingdom,58.0755,-3.7458,Apparel,Denim Jacket,2,34.75,69.5,Web,Tablet,Completed,3
2026-07-18 12:03:21,c1166,Japan,37.324,137.5015,Home,Air Purifier,2,46.12,92.24,Mobile App,Tablet,Completed,1
2026-07-18 12:19:19,c4167,South Africa,-32.4782,23.6031,Beauty,Perfume,2,45.96,91.92,Mobile App,Desktop,Completed,2
2026-07-18 13:20:02,c4297,Canada,55.7618,-107.0496,Books,Kids Picture Book,5,171.57,857.85,Affiliate,Desktop,Completed,3
2026-07-18 13:20:04,c6315,India,18.5667,76.7811,Home,Cutting Board Set,4,96.21,384.84,Affiliate,Mobile,Completed,4
2026-07-18 13:55:45,c5849,Australia,-23.2092,131.3593,Beauty,Lip Balm Set,5,132.53,662.65,Mobile App,Mobile,Completed,5
2026-07-18 14:04:05,c8187,Mexico,20.8675,-101.2451,Home,Coffee Maker,4,98.47,393.88,Web,Tablet,Completed,4
2026-07-18 14:29:27,c2982,Australia,-26.3002,132.3596,Sports,Yoga Mat,1,127.23,127.23,Affiliate,Tablet,Completed,4
2026-07-18 15:42:03,c9832,United Kingdom,52.7314,-5.6123,Beauty,Face Serum,2,157.74,315.48,Web,Tablet,Completed,3
2026-07-18 15:43:00,c2413,United Kingdom,54.9803,-4.4116,Apparel,Winter Coat,1,33.03,33.03,Web,Tablet,Completed,1
2026-07-18 16:30:48,c2595,India,18.9675,80.8412,Apparel,Baseball Cap,1,135.88,135.88,Marketplace,Mobile,Completed,5
2026-07-18 16:32:13,c5431,Brazil,-17.087,-54.5089,Beauty,Face Serum,1,41.28,41.28,Web,Tablet,Completed,5
2026-07-18 16:37:00,c7126,United States,34.5773,-98.6443,Beauty,Lip Balm Set,2,71.23,142.46,Mobile App,Mobile,Completed,2
2026-07-18 16:58:26,c8068,Germany,53.8659,12.131,Books,Business Guide,5,26.2,131.0,Web,Mobile,Completed,2
2026-07-18 17:11:46,c2753,South Africa,-28.0799,25.1089,Electronics,Wireless Headphones,2,178.92,357.84,Mobile App,Desktop,Completed,2
2026-07-18 17:13:04,c2457,Australia,-24.7576,135.7483,Books,Kids Picture Book,4,158.53,634.12,Web,Desktop,Completed,5
2026-07-18 17:14:15,c9185,India,18.1525,79.1199,Home,Desk Lamp,4,16.7,66.8,Web,Desktop,Completed,3
2026-07-18 18:02:39,c2140,Germany,51.0439,9.7555,Sports,Water Bottle,2,62.07,124.14,Marketplace,Tablet,Completed,3
2026-07-18 19:00:11,c2550,Singapore,3.1782,104.8038,Books,Mystery Novel,2,78.12,156.24,Marketplace,Tablet,Completed,2
2026-07-18 19:12:22,c7881,United States,35.9794,-96.2656,Electronics,4K Monitor,4,29.74,118.96,Mobile App,Mobile,Completed,1
2026-07-18 19:25:09,c2607,Australia,-26.9569,133.6191,Home,Desk Lamp,4,97.58,390.32,Marketplace,Mobile,Completed,3
2026-07-18 19:44:15,c9820,India,23.1048,79.5126,Apparel,Running Shoes,5,13.65,68.25,Mobile App,Desktop,Completed,4
2026-07-18 19:50:50,c7343,South Africa,-31.746,25.916,Sports,Tennis Racket,1,140.67,140.67,Web,Tablet,Cancelled,4
2026-07-18 20:15:30,c5995,United States,38.3689,-97.0,Apparel,Running Shoes,5,113.86,569.3,Mobile App,Desktop,Completed,5
2026-07-18 21:12:42,c1012,United Kingdom,54.5653,-4.9516,Sports,Camping Tent,1,58.62,58.62,Mobile App,Mobile,Completed,5
2026-07-18 21:35:38,c4485,Mexico,21.0824,-105.4382,Sports,Yoga Mat,5,130.73,653.65,Web,Tablet,Completed,5
2026-07-18 21:49:33,c1402,United States,37.1067,-93.6275,Home,Coffee Maker,4,10.04,40.16,Affiliate,Mobile,Completed,5
2026-07-18 22:16:46,c9604,Germany,49.3609,9.1371,Apparel,Denim Jacket,2,154.6,309.2,Mobile App,Desktop,Completed,5
2026-07-18 22:39:24,c4279,France,44.266,2.3495,Home,Cutting Board Set,2,28.28,56.56,Mobile App,Tablet,Completed,3
2026-07-18 23:17:10,c7357,Singapore,0.7873,102.8767,Apparel,Winter Coat,1,35.92,35.92,Affiliate,Tablet,Completed,2
2026-07-18 23:20:47,c1813,Singapore,3.706,103.3505,Books,Sci-Fi Anthology,3,50.01,150.03,Affiliate,Mobile,Completed,4
2026-07-18 23:22:11,c3405,Japan,35.7343,140.2033,Beauty,Face Serum,2,55.29,110.58,Web,Mobile,Completed,3
2026-07-18 23:29:32,c5400,India,23.3668,78.9697,Sports,Tennis Racket,5,184.67,923.35,Mobile App,Desktop,Completed,3
2026-07-18 23:50:07,c9463,Mexico,24.4225,-101.1097,Apparel,Running Shoes,1,24.24,24.24,Web,Tablet,Completed,1
2026-07-19 00:04:21,c2960,South Africa,-32.158,22.2273,Sports,Yoga Mat,4,170.96,683.84,Mobile App,Tablet,Completed,2
2026-07-19 00:11:46,c1412,Brazil,-12.5949,-52.3083,Home,Cutting Board Set,2,90.64,181.28,Mobile App,Mobile,Completed,5
2026-07-19 00:27:06,c5630,Japan,37.2401,136.8417,Apparel,Winter Coat,2,163.51,327.02,Mobile App,Desktop,Completed,2
2026-07-19 00:55:48,c2086,Brazil,-13.1099,-48.9463,Books,Sci-Fi Anthology,3,127.3,381.9,Marketplace,Mobile,Completed,5
2026-07-19 01:17:15,c7681,Brazil,-14.4351,-52.8454,Home,Desk Lamp,4,151.25,605.0,Marketplace,Mobile,Completed,4
2026-07-19 01:30:38,c1435,Japan,36.2786,139.9066,Electronics,Smart Watch,4,113.49,453.96,Marketplace,Desktop,Completed,5
2026-07-19 01:44:49,c1267,United States,39.8418,-93.8957,Home,Cutting Board Set,5,207.26,1036.3,Marketplace,Tablet,Completed,5
2026-07-19 02:29:40,c4517,Brazil,-15.1806,-54.075,Home,Air Purifier,5,181.17,905.85,Affiliate,Desktop,Completed,3
2026-07-19 02:31:00,c6805,United Kingdom,57.8948,-1.9821,Apparel,Winter Coat,4,108.31,433.24,Web,Mobile,Completed,5
2026-07-19 02:35:30,c9444,India,20.1565,78.8693,Apparel,Running Shoes,2,9.37,18.74,Marketplace,Desktop,Completed,5
2026-07-19 02:41:51,c3702,Singapore,-0.2284,103.3087,Electronics,Wireless Headphones,3,86.35,259.05,Mobile App,Mobile,Completed,3
2026-07-19 03:54:15,c3629,Japan,37.3662,139.6764,Beauty,Shampoo Bar,1,15.01,15.01,Marketplace,Mobile,Completed,5
2026-07-19 04:27:50,c3043,United Kingdom,57.2644,-0.906,Beauty,Perfume,3,28.54,85.62,Mobile App,Mobile,Completed,2
2026-07-19 04:37:09,c1087,Canada,53.9746,-107.4327,Home,Coffee Maker,1,136.49,136.49,Affiliate,Desktop,Completed,1
2026-07-19 05:09:59,c7275,India,22.8871,78.5024,Beauty,Lip Balm Set,3,140.06,420.18,Affiliate,Desktop,Completed,5
2026-07-19 05:24:14,c9272,United States,36.6651,-97.8061,Electronics,Mechanical Keyboard,3,135.21,405.63,Web,Desktop,Refunded,5
2026-07-19 05:27:07,c4643,India,19.9196,76.1719,Beauty,Makeup Brush Kit,2,80.75,161.5,Affiliate,Tablet,Completed,4
2026-07-19 05:55:13,c6694,Singapore,1.0508,102.6771,Electronics,Smart Watch,2,89.76,179.52,Affiliate,Tablet,Pending,4
2026-07-19 05:56:29,c6676,United States,38.7372,-96.2055,Apparel,Denim Jacket,5,134.25,671.25,Web,Mobile,Completed,5
2026-07-19 06:07:18,c3229,Canada,57.0539,-103.6726,Beauty,Lip Balm Set,2,126.83,253.66,Marketplace,Mobile,Completed,5
2026-07-19 06:24:43,c5547,United States,34.3605,-96.7556,Books,Cookbook,1,97.54,97.54,Affiliate,Desktop,Completed,5
2026-07-19 06:27:35,c2242,Mexico,24.2282,-104.5018,Home,Air Purifier,4,203.5,814.0,Affiliate,Mobile,Completed,5
2026-07-19 07:01:02,c1668,South Africa,-33.2597,21.3395,Beauty,Lip Balm Set,4,212.51,850.04,Marketplace,Tablet,Completed,4
2026-07-19 07:23:30,c7528,Singapore,0.9267,103.0447,Home,Throw Blanket,2,207.49,414.98,Affiliate,Tablet,Completed,5
2026-07-19 07:36:10,c3319,Canada,58.4662,-104.4422,Books,Kids Picture Book,4,206.68,826.72,Web,Desktop,Completed,2
2026-07-19 08:05:15,c4358,United Kingdom,53.6475,-4.2497,Electronics,4K Monitor,5,63.66,318.3,Affiliate,Tablet,Completed,5
2026-07-19 08:45:45,c6801,India,21.7622,79.3376,Electronics,Bluetooth Speaker,2,39.65,79.3,Web,Desktop,Completed,4
2026-07-19 09:12:44,c5897,Germany,51.0719,10.1801,Sports,Tennis Racket,5,160.24,801.2,Affiliate,Mobile,Refunded,2
2026-07-19 09:20:59,c5180,Germany,50.5397,13.13,Beauty,Shampoo Bar,2,62.14,124.28,Marketplace,Tablet,Completed,4
2026-07-19 09:36:37,c9541,Mexico,24.4698,-103.7253,Books,Kids Picture Book,4,166.75,667.0,Web,Desktop,Completed,2
2026-07-19 09:36:45,c4613,United Kingdom,55.1171,-5.4159,Sports,Yoga Mat,1,32.21,32.21,Web,Desktop,Completed,5
2026-07-19 09:51:07,c3210,Singapore,2.0721,101.9081,Electronics,Smart Watch,5,57.85,289.25,Web,Mobile,Completed,4
2026-07-19 10:45:11,c3953,South Africa,-32.999,22.7353,Beauty,Makeup Brush Kit,4,31.13,124.52,Web,Mobile,Completed,4
2026-07-19 10:51:37,c3758,Japan,38.5244,137.0221,Electronics,4K Monitor,2,85.46,170.92,Affiliate,Mobile,Completed,3
2026-07-19 10:57:27,c3399,Australia,-27.5388,134.8397,Books,Business Guide,3,210.38,631.14,Marketplace,Desktop,Completed,2
2026-07-19 12:24:24,c9557,Australia,-27.5924,136.3189,Home,Cutting Board Set,2,51.93,103.86,Affiliate,Tablet,Completed,5
2026-07-19 12:45:15,c3306,India,20.0662,80.4682,Sports,Tennis Racket,5,69.06,345.3,Affiliate,Tablet,Completed,5
2026-07-19 12:51:32,c7980,Singapore,2.1933,101.634,Books,Cookbook,3,48.07,144.21,Affiliate,Mobile,Completed,4
2026-07-19 12:52:08,c1510,Japan,34.9346,140.4617,Home,Cutting Board Set,4,100.67,402.68,Mobile App,Tablet,Completed,5
2026-07-19 13:03:35,c3859,India,21.3306,77.1888,Home,Cutting Board Set,2,172.0,344.0,Mobile App,Desktop,Completed,3
2026-07-19 13:36:32,c5921,Canada,54.1674,-104.3958,Beauty,Makeup Brush Kit,1,134.19,134.19,Web,Tablet,Completed,5
2026-07-19 14:24:06,c6514,South Africa,-29.6376,23.4386,Books,Sci-Fi Anthology,1,153.92,153.92,Mobile App,Desktop,Completed,5
2026-07-19 14:27:04,c9310,France,44.5147,3.3007,Beauty,Face Serum,4,54.42,217.68,Web,Tablet,Completed,2
2026-07-19 14:44:32,c9854,Mexico,23.8629,-101.588,Beauty,Face Serum,2,71.44,142.88,Mobile App,Tablet,Completed,5
2026-07-19 15:02:32,c5940,Germany,52.9888,7.8141,Sports,Tennis Racket,5,170.11,850.55,Affiliate,Tablet,Completed,1
2026-07-19 15:22:27,c1119,Australia,-23.5955,136.5822,Apparel,Graphic T-Shirt,1,167.7,167.7,Web,Mobile,Completed,5
2026-07-19 15:42:44,c7138,United Kingdom,54.4837,-1.6775,Books,Business Guide,4,9.61,38.44,Mobile App,Tablet,Completed,4
2026-07-19 16:20:44,c9992,Australia,-23.7475,134.2539,Apparel,Running Shoes,2,115.62,231.24,Web,Mobile,Completed,3
2026-07-19 17:25:36,c7646,Mexico,26.3524,-105.365,Home,Coffee Maker,2,182.22,364.44,Marketplace,Tablet,Completed,5
2026-07-19 18:16:49,c2030,Brazil,-14.9691,-49.8949,Beauty,Perfume,3,17.5,52.5,Marketplace,Mobile,Cancelled,4
2026-07-19 18:29:23,c2627,Singapore,3.5173,102.5679,Books,Sci-Fi Anthology,5,58.15,290.75,Web,Desktop,Completed,5
2026-07-19 18:36:34,c2800,Germany,51.3154,11.7771,Books,Cookbook,2,14.69,29.38,Mobile App,Desktop,Completed,5
2026-07-19 18:56:19,c7572,South Africa,-31.6143,24.5499,Electronics,4K Monitor,1,178.67,178.67,Marketplace,Desktop,Completed,5
2026-07-19 19:01:26,c1818,France,46.2906,5.2024,Sports,Tennis Racket,5,42.27,211.35,Marketplace,Desktop,Cancelled,2
2026-07-19 19:13:06,c5675,South Africa,-31.1673,20.2537,Electronics,4K Monitor,4,95.47,381.88,Affiliate,Tablet,Refunded,5
2026-07-19 19:39:26,c2706,Australia,-22.9687,134.269,Apparel,Graphic T-Shirt,1,94.99,94.99,Affiliate,Mobile,Pending,4
2026-07-19 19:56:56,c5332,Japan,38.3046,140.9599,Books,Cookbook,5,139.3,696.5,Web,Mobile,Completed,1
2026-07-19 20:16:15,c9933,India,18.8412,76.6737,Electronics,Wireless Headphones,2,175.0,350.0,Web,Desktop,Completed,5
2026-07-19 20:30:41,c5046,United Kingdom,57.3564,-5.5856,Books,Sci-Fi Anthology,1,77.03,77.03,Marketplace,Desktop,Pending,4
2026-07-19 21:26:09,c4995,Canada,57.6343,-107.6143,Beauty,Face Serum,5,129.33,646.65,Marketplace,Mobile,Refunded,5
2026-07-19 21:49:27,c7807,Canada,56.951,-106.3659,Beauty,Lip Balm Set,5,33.38,166.9,Web,Tablet,Completed,5
2026-07-19 22:06:42,c3290,Japan,36.4668,140.3624,Books,Sci-Fi Anthology,1,43.17,43.17,Mobile App,Tablet,Completed,4
2026-07-19 22:14:10,c6536,Mexico,24.8825,-104.8233,Sports,Dumbbell Set,1,146.72,146.72,Web,Mobile,Refunded,2
2026-07-19 22:41:05,c1022,Australia,-22.7065,132.4026,Electronics,4K Monitor,2,121.33,242.66,Marketplace,Tablet,Completed,5
2026-07-19 23:04:32,c5983,Mexico,21.9473,-100.4371,Sports,Tennis Racket,3,12.93,38.79,Affiliate,Tablet,Completed,5
2026-07-19 23:13:09,c9997,United Kingdom,53.8689,-4.8769,Home,Cutting Board Set,1,37.33,37.33,Mobile App,Mobile,Completed,4
2026-07-19 23:52:39,c9882,United States,38.3406,-93.9305,Books,Sci-Fi Anthology,3,193.06,579.18,Affiliate,Desktop,Completed,4
2026-07-20 00:13:11,c4587,United States,39.8026,-96.9079,Home,Coffee Maker,2,125.66,251.32,Mobile App,Mobile,Cancelled,2
2026-07-20 00:20:36,c2839,United States,36.965,-97.7735,Books,Cookbook,1,161.49,161.49,Marketplace,Mobile,Completed,4
2026-07-20 00:28:26,c1518,United Kingdom,57.6507,-1.734,Beauty,Perfume,3,203.18,609.54,Mobile App,Tablet,Completed,2
2026-07-20 00:47:00,c2676,Canada,54.642,-106.5498,Beauty,Makeup Brush Kit,5,92.2,461.0,Web,Tablet,Pending,5
2026-07-20 01:25:00,c5044,Australia,-27.0598,136.7265,Books,Mystery Novel,4,136.23,544.92,Marketplace,Tablet,Refunded,5
2026-07-20 01:53:50,c3765,France,43.7875,3.3683,Books,Business Guide,3,65.8,197.4,Marketplace,Mobile,Completed,2
2026-07-20 01:59:13,c4416,United States,37.2333,-97.5299,Beauty,Lip Balm Set,5,11.9,59.5,Affiliate,Mobile,Completed,5
2026-07-20 02:04:03,c4181,France,45.1763,2.8693,Books,Sci-Fi Anthology,3,55.53,166.59,Marketplace,Tablet,Completed,2
2026-07-20 02:26:11,c1400,United Kingdom,55.9769,-6.0661,Beauty,Lip Balm Set,4,201.42,805.68,Affiliate,Mobile,Completed,4
2026-07-20 02:33:57,c1089,United Kingdom,53.5195,-2.5059,Home,Desk Lamp,4,203.13,812.52,Web,Tablet,Pending,3
2026-07-20 02:55:47,c2582,Mexico,26.3307,-104.099,Books,Sci-Fi Anthology,2,122.9,245.8,Mobile App,Desktop,Completed,4
2026-07-20 03:25:37,c7175,Brazil,-16.9441,-54.3591,Sports,Yoga Mat,4,187.84,751.36,Web,Mobile,Completed,5
2026-07-20 03:46:15,c3963,United States,37.5388,-97.3585,Electronics,Wireless Headphones,1,105.45,105.45,Marketplace,Desktop,Completed,3
2026-07-20 04:04:40,c2427,Australia,-22.4534,136.7752,Apparel,Baseball Cap,2,150.56,301.12,Mobile App,Tablet,Refunded,5
2026-07-20 04:06:09,c7742,Japan,36.5961,137.3411,Home,Desk Lamp,3,117.75,353.25,Marketplace,Mobile,Completed,4
2026-07-20 04:15:41,c8477,United Kingdom,55.7253,-2.822,Home,Cutting Board Set,3,91.49,274.47,Marketplace,Mobile,Completed,5
2026-07-20 04:17:47,c6890,Mexico,22.8919,-102.7106,Electronics,Mechanical Keyboard,5,30.03,150.15,Affiliate,Desktop,Completed,1
2026-07-20 05:02:31,c3910,Japan,38.3543,138.219,Books,Sci-Fi Anthology,4,41.28,165.12,Affiliate,Mobile,Completed,5
2026-07-20 05:19:29,c5434,South Africa,-31.9159,22.0511,Books,Cookbook,3,180.89,542.67,Affiliate,Tablet,Completed,1
2026-07-20 05:22:26,c6629,Brazil,-17.1005,-50.7292,Electronics,4K Monitor,2,161.79,323.58,Web,Desktop,Completed,3
2026-07-20 06:02:02,c7686,United Kingdom,56.1088,-4.7423,Books,Cookbook,2,67.46,134.92,Web,Mobile,Completed,4
2026-07-20 06:10:06,c6993,Brazil,-11.9085,-49.7684,Sports,Yoga Mat,4,125.01,500.04,Marketplace,Tablet,Completed,4
2026-07-20 06:59:28,c6386,Japan,33.5823,136.977,Beauty,Makeup Brush Kit,4,132.64,530.56,Affiliate,Mobile,Cancelled,1
2026-07-20 07:01:33,c2421,Singapore,2.3964,101.979,Sports,Camping Tent,4,117.24,468.96,Affiliate,Tablet,Completed,3
2026-07-20 07:04:24,c4704,Canada,55.934,-108.7292,Electronics,Smart Watch,3,20.34,61.02,Mobile App,Mobile,Pending,5
2026-07-20 07:35:54,c4626,France,47.3935,1.2162,Apparel,Denim Jacket,5,28.9,144.5,Mobile App,Desktop,Cancelled,4
2026-07-20 07:38:26,c7086,Mexico,23.4406,-103.6709,Beauty,Perfume,4,42.94,171.76,Affiliate,Desktop,Completed,2
2026-07-20 07:43:33,c7255,India,22.8386,78.6793,Electronics,4K Monitor,3,12.92,38.76,Affiliate,Mobile,Completed,5
2026-07-20 07:48:06,c4168,South Africa,-33.0064,22.8895,Sports,Water Bottle,2,29.7,59.4,Marketplace,Tablet,Cancelled,5
2026-07-20 08:20:43,c2354,Japan,37.8362,137.4583,Apparel,Baseball Cap,3,48.73,146.19,Web,Mobile,Completed,4
2026-07-20 08:37:05,c6165,Australia,-25.8891,135.5379,Home,Coffee Maker,2,9.34,18.68,Mobile App,Tablet,Cancelled,2
2026-07-20 09:14:32,c3440,India,22.4701,75.9879,Beauty,Lip Balm Set,4,76.63,306.52,Affiliate,Mobile,Completed,5
2026-07-20 09:55:42,c7116,Brazil,-14.0275,-50.0212,Home,Air Purifier,3,17.08,51.24,Web,Desktop,Completed,1
2026-07-20 10:05:48,c9381,Canada,56.0148,-104.9938,Home,Air Purifier,1,85.04,85.04,Affiliate,Mobile,Completed,2
2026-07-20 10:06:27,c3677,United Kingdom,53.3209,-1.9342,Beauty,Makeup Brush Kit,1,124.73,124.73,Mobile App,Mobile,Completed,1
2026-07-20 10:22:28,c2297,France,45.8526,0.7094,Beauty,Perfume,4,54.77,219.08,Affiliate,Tablet,Completed,4
2026-07-20 10:24:37,c4481,Germany,50.175,7.4983,Apparel,Graphic T-Shirt,1,23.45,23.45,Affiliate,Mobile,Completed,5
2026-07-20 10:26:18,c2823,South Africa,-29.6794,20.5154,Books,Mystery Novel,3,101.46,304.38,Mobile App,Mobile,Completed,3
2026-07-20 10:28:29,c7774,Australia,-27.5406,133.0864,Beauty,Shampoo Bar,1,40.97,40.97,Marketplace,Desktop,Completed,5
2026-07-20 10:37:00,c3895,India,19.4091,79.5718,Home,Coffee Maker,5,146.79,733.95,Affiliate,Desktop,Completed,5
2026-07-20 12:01:52,c7987,France,43.6947,0.4343,Sports,Tennis Racket,4,23.14,92.56,Marketplace,Desktop,Completed,5
2026-07-20 12:14:56,c7968,Australia,-26.0453,132.6174,Beauty,Lip Balm Set,3,103.34,310.02,Affiliate,Mobile,Completed,5
2026-07-20 12:38:32,c1138,Japan,35.6282,139.8159,Books,Mystery Novel,3,27.99,83.97,Web,Tablet,Cancelled,5
2026-07-20 12:45:28,c1841,Brazil,-16.7837,-53.9068,Home,Cutting Board Set,3,96.89,290.67,Web,Tablet,Completed,5
2026-07-20 13:04:47,c7379,India,21.7735,81.4279,Sports,Water Bottle,2,23.7,47.4,Web,Mobile,Completed,3
2026-07-20 13:04:58,c8139,Mexico,22.7936,-102.9695,Home,Cutting Board Set,3,117.6,352.8,Mobile App,Mobile,Completed,5
2026-07-20 13:47:37,c2595,France,45.9913,-0.4639,Electronics,Mechanical Keyboard,1,78.7,78.7,Marketplace,Tablet,Completed,5
2026-07-20 15:06:51,c7664,Australia,-23.3851,134.2465,Beauty,Lip Balm Set,1,12.6,12.6,Mobile App,Mobile,Completed,5
2026-07-20 15:19:10,c8021,India,20.7387,79.9779,Home,Desk Lamp,1,27.6,27.6,Marketplace,Mobile,Completed,5
2026-07-20 15:32:27,c1882,United States,39.0015,-93.7897,Beauty,Shampoo Bar,2,66.98,133.96,Affiliate,Desktop,Completed,2
2026-07-20 15:51:09,c9354,United States,37.9925,-96.3538,Beauty,Lip Balm Set,1,80.03,80.03,Mobile App,Mobile,Completed,1
2026-07-20 16:15:21,c3401,Canada,58.9714,-104.9456,Sports,Tennis Racket,5,108.69,543.45,Web,Desktop,Completed,4
2026-07-20 16:15:42,c8142,Brazil,-14.8402,-52.5286,Beauty,Perfume,1,108.49,108.49,Mobile App,Mobile,Completed,5
2026-07-20 16:44:19,c8433,Brazil,-12.7136,-52.8264,Beauty,Shampoo Bar,3,121.98,365.94,Mobile App,Mobile,Completed,4
2026-07-20 17:06:38,c6620,United Kingdom,54.1526,-0.9167,Electronics,Wireless Headphones,2,81.85,163.7,Affiliate,Desktop,Completed,5
2026-07-20 17:41:15,c5055,India,17.8539,78.9523,Books,Mystery Novel,3,174.88,524.64,Affiliate,Desktop,Pending,4
2026-07-20 18:04:35,c4709,Germany,48.9034,11.5991,Books,Sci-Fi Anthology,2,204.44,408.88,Affiliate,Tablet,Completed,2
2026-07-20 18:14:22,c2064,United Kingdom,53.984,-4.6914,Sports,Yoga Mat,5,68.3,341.5,Affiliate,Tablet,Refunded,3
2026-07-20 18:36:52,c2712,Canada,54.2979,-107.3192,Beauty,Perfume,1,12.94,12.94,Affiliate,Tablet,Completed,5
2026-07-20 18:52:01,c3940,Brazil,-13.8941,-49.661,Beauty,Lip Balm Set,4,191.94,767.76,Web,Tablet,Pending,4
2026-07-20 19:37:41,c2595,Japan,38.4396,139.002,Home,Cutting Board Set,3,156.87,470.61,Mobile App,Tablet,Completed,1
2026-07-20 19:41:19,c7115,Singapore,3.0521,101.1862,Books,Mystery Novel,3,141.75,425.25,Marketplace,Desktop,Completed,1
2026-07-20 19:42:33,c3386,Japan,36.1437,140.8063,Beauty,Lip Balm Set,5,42.12,210.6,Affiliate,Desktop,Completed,1
2026-07-20 20:16:51,c6731,Germany,50.9712,13.171,Electronics,Wireless Headphones,3,131.6,394.8,Affiliate,Tablet,Completed,2
2026-07-20 20:34:18,c3916,Japan,38.1745,136.259,Books,Sci-Fi Anthology,3,103.11,309.33,Affiliate,Desktop,Completed,4
2026-07-20 20:36:39,c5512,United States,38.211,-95.2426,Sports,Dumbbell Set,5,38.8,194.0,Marketplace,Desktop,Completed,5
2026-07-20 21:18:04,c5008,Japan,35.4295,135.5459,Books,Cookbook,4,191.27,765.08,Web,Tablet,Completed,1
2026-07-20 21:29:49,c1812,Australia,-25.9605,136.2584,Sports,Tennis Racket,3,108.12,324.36,Web,Mobile,Completed,4
2026-07-20 21:34:06,c4360,Australia,-22.4376,132.0727,Beauty,Perfume,4,147.24,588.96,Marketplace,Tablet,Completed,4
2026-07-20 22:07:30,c7203,South Africa,-31.9671,25.7208,Beauty,Face Serum,5,66.78,333.9,Mobile App,Tablet,Completed,4
2026-07-20 23:32:22,c8812,Germany,49.9398,8.1267,Apparel,Winter Coat,5,16.6,83.0,Web,Desktop,Completed,4
2026-07-20 23:45:38,c8455,Australia,-27.1266,134.2571,Beauty,Lip Balm Set,5,34.07,170.35,Marketplace,Mobile,Completed,1
2026-07-21 00:33:07,c8501,Singapore,2.8364,101.2214,Beauty,Shampoo Bar,4,126.18,504.72,Affiliate,Mobile,Completed,4
2026-07-21 01:01:12,c5667,Singapore,-1.1288,105.3465,Apparel,Running Shoes,1,178.91,178.91,Marketplace,Mobile,Cancelled,3
2026-07-21 01:06:00,c2036,United Kingdom,56.7345,-2.0956,Home,Throw Blanket,4,40.63,162.52,Mobile App,Mobile,Completed,3
2026-07-21 01:08:30,c9876,Japan,36.4236,135.8096,Home,Coffee Maker,1,140.52,140.52,Mobile App,Tablet,Completed,4
2026-07-21 01:34:58,c5469,United Kingdom,54.4776,-5.2176,Home,Desk Lamp,2,166.99,333.98,Mobile App,Tablet,Pending,1
2026-07-21 02:19:56,c4264,Germany,49.8438,10.8402,Books,Cookbook,2,65.83,131.66,Mobile App,Mobile,Completed,5
2026-07-21 02:57:45,c1128,Singapore,1.6708,101.0143,Apparel,Running Shoes,4,210.54,842.16,Mobile App,Tablet,Refunded,3
2026-07-21 03:14:26,c8130,South Africa,-33.1672,23.962,Apparel,Winter Coat,1,51.58,51.58,Web,Tablet,Completed,1
2026-07-21 03:17:11,c3855,Germany,50.2637,10.2518,Books,Business Guide,5,140.07,700.35,Web,Desktop,Completed,5
2026-07-21 03:17:43,c9303,Mexico,24.5091,-102.571,Sports,Yoga Mat,2,173.82,347.64,Marketplace,Tablet,Completed,5
2026-07-21 03:32:44,c5685,Australia,-25.722,131.2053,Books,Mystery Novel,1,191.27,191.27,Affiliate,Tablet,Completed,5
2026-07-21 03:38:36,c2429,United Kingdom,53.372,-1.9744,Beauty,Makeup Brush Kit,2,63.89,127.78,Web,Mobile,Completed,5
2026-07-21 03:46:40,c7659,Singapore,-0.8977,106.1787,Books,Kids Picture Book,4,136.76,547.04,Web,Mobile,Completed,5
2026-07-21 04:08:02,c8647,Canada,56.8591,-107.5564,Sports,Water Bottle,1,105.3,105.3,Mobile App,Desktop,Completed,2
2026-07-21 04:22:00,c6006,India,22.6314,80.6674,Sports,Camping Tent,5,107.9,539.5,Web,Desktop,Completed,1
2026-07-21 04:49:23,c6268,Brazil,-12.915,-52.0034,Home,Desk Lamp,3,209.68,629.04,Mobile App,Mobile,Refunded,5
2026-07-21 05:05:12,c7102,United Kingdom,56.7648,-1.803,Electronics,Mechanical Keyboard,2,158.17,316.34,Mobile App,Tablet,Completed,3
2026-07-21 07:04:11,c3174,Canada,53.6176,-105.0043,Apparel,Graphic T-Shirt,2,166.45,332.9,Marketplace,Desktop,Completed,4
2026-07-21 07:34:27,c9396,Germany,51.0452,10.8186,Apparel,Graphic T-Shirt,4,129.3,517.2,Mobile App,Mobile,Completed,4
2026-07-21 07:59:40,c8510,United Kingdom,54.5759,-5.1292,Books,Sci-Fi Anthology,2,77.13,154.26,Web,Desktop,Completed,5
2026-07-21 08:02:55,c6794,United Kingdom,54.5168,-1.8078,Electronics,Smart Watch,2,52.92,105.84,Mobile App,Tablet,Completed,2
2026-07-21 08:22:16,c2937,Australia,-26.281,132.5178,Beauty,Lip Balm Set,2,102.11,204.22,Marketplace,Mobile,Completed,2
2026-07-21 09:42:01,c2114,Mexico,21.3352,-99.6108,Apparel,Winter Coat,1,132.58,132.58,Marketplace,Tablet,Completed,2
2026-07-21 09:50:13,c3903,Germany,50.9947,9.1249,Apparel,Denim Jacket,1,136.68,136.68,Marketplace,Desktop,Completed,5
2026-07-21 10:32:36,c5995,India,21.286,81.366,Electronics,Wireless Headphones,1,67.7,67.7,Web,Desktop,Completed,5
2026-07-21 10:59:47,c9013,Brazil,-14.8062,-49.7873,Books,Sci-Fi Anthology,2,132.86,265.72,Affiliate,Desktop,Completed,5
2026-07-21 11:14:33,c9519,Japan,33.2222,138.3819,Beauty,Shampoo Bar,5,75.84,379.2,Affiliate,Tablet,Completed,4
2026-07-21 11:19:30,c7869,Canada,56.6727,-105.35,Sports,Water Bottle,1,98.28,98.28,Web,Tablet,Completed,2
2026-07-21 11:31:46,c6210,Japan,36.6542,141.146,Books,Sci-Fi Anthology,2,45.33,90.66,Marketplace,Tablet,Completed,5
2026-07-21 11:46:55,c2066,United States,35.7745,-96.1388,Electronics,Wireless Headphones,1,15.4,15.4,Marketplace,Tablet,Completed,2
2026-07-21 11:57:57,c5902,Japan,34.3286,136.2892,Books,Sci-Fi Anthology,1,118.34,118.34,Marketplace,Mobile,Completed,1
2026-07-21 12:06:07,c5417,Brazil,-15.4208,-53.5841,Apparel,Graphic T-Shirt,4,212.26,849.04,Mobile App,Mobile,Completed,3
2026-07-21 12:09:57,c9640,Germany,48.7959,10.8307,Beauty,Perfume,2,93.6,187.2,Mobile App,Tablet,Completed,2
2026-07-21 12:31:28,c5639,Canada,57.2551,-106.4638,Sports,Dumbbell Set,4,30.84,123.36,Affiliate,Tablet,Completed,2
2026-07-21 12:38:09,c8209,Germany,53.0138,12.0082,Books,Cookbook,1,196.62,196.62,Affiliate,Mobile,Cancelled,5
2026-07-21 12:39:11,c2713,Germany,48.7883,10.3901,Electronics,Wireless Headphones,2,103.94,207.88,Marketplace,Desktop,Completed,5
2026-07-21 12:53:34,c3195,Brazil,-14.9834,-49.8122,Apparel,Winter Coat,4,170.01,680.04,Marketplace,Tablet,Completed,4
2026-07-21 12:55:29,c6763,United Kingdom,54.7599,-0.6254,Beauty,Makeup Brush Kit,3,194.4,583.2,Marketplace,Desktop,Completed,4
2026-07-21 13:02:36,c3997,France,45.782,2.4986,Books,Kids Picture Book,4,183.42,733.68,Web,Tablet,Completed,3
2026-07-21 13:17:18,c4318,South Africa,-32.3783,22.9327,Sports,Yoga Mat,5,198.4,992.0,Marketplace,Tablet,Completed,2
2026-07-21 13:36:37,c6888,South Africa,-28.6456,25.3682,Home,Throw Blanket,4,8.64,34.56,Mobile App,Desktop,Pending,4
2026-07-21 14:31:12,c9751,United States,36.4231,-94.6968,Books,Cookbook,4,202.94,811.76,Web,Mobile,Completed,1
2026-07-21 14:39:08,c7687,South Africa,-30.1115,25.8407,Electronics,Mechanical Keyboard,2,92.68,185.36,Mobile App,Desktop,Completed,5
2026-07-21 14:53:25,c5991,Australia,-22.6767,135.9697,Beauty,Lip Balm Set,1,158.88,158.88,Web,Tablet,Refunded,5
2026-07-21 14:54:27,c2966,India,18.3846,79.3048,Sports,Dumbbell Set,1,58.9,58.9,Affiliate,Desktop,Completed,3
2026-07-21 15:03:53,c1072,Japan,34.213,139.9892,Apparel,Denim Jacket,2,71.53,143.06,Affiliate,Mobile,Completed,1
2026-07-21 15:04:12,c3118,France,43.6578,2.5316,Books,Business Guide,1,64.93,64.93,Marketplace,Tablet,Completed,1
2026-07-21 15:42:37,c3723,Mexico,21.5889,-100.5585,Sports,Dumbbell Set,5,186.09,930.45,Affiliate,Tablet,Completed,5
2026-07-21 15:43:36,c1935,United States,37.6598,-95.7696,Beauty,Face Serum,2,62.19,124.38,Mobile App,Mobile,Completed,2
2026-07-21 15:57:17,c9152,Germany,50.5148,9.5205,Electronics,Wireless Headphones,3,90.59,271.77,Affiliate,Tablet,Pending,5
2026-07-21 16:14:49,c5465,United Kingdom,53.174,-4.0324,Home,Air Purifier,2,110.29,220.58,Mobile App,Tablet,Completed,4
2026-07-21 16:31:42,c6323,United States,35.5801,-96.1642,Home,Desk Lamp,3,186.59,559.77,Mobile App,Tablet,Completed,5
2026-07-21 16:37:29,c1166,India,22.8067,78.7214,Sports,Camping Tent,3,88.58,265.74,Marketplace,Mobile,Completed,4
2026-07-21 16:46:26,c4926,Australia,-28.1436,136.5808,Sports,Yoga Mat,1,154.42,154.42,Marketplace,Tablet,Completed,5
2026-07-21 17:31:11,c3293,Canada,56.44,-108.2954,Sports,Yoga Mat,3,190.05,570.15,Mobile App,Mobile,Completed,2
2026-07-21 17:53:36,c5325,France,43.4988,3.8669,Beauty,Perfume,5,145.51,727.55,Mobile App,Desktop,Refunded,5
2026-07-21 17:58:03,c6882,France,44.2312,0.943,Apparel,Graphic T-Shirt,4,139.31,557.24,Web,Mobile,Completed,5
2026-07-21 18:26:29,c9736,Germany,49.7143,7.533,Books,Cookbook,4,43.95,175.8,Affiliate,Desktop,Completed,5
2026-07-21 19:01:27,c9361,Australia,-24.6828,135.8169,Books,Sci-Fi Anthology,2,132.05,264.1,Marketplace,Desktop,Completed,2
2026-07-21 19:54:26,c2987,France,47.9601,0.5467,Sports,Dumbbell Set,4,81.68,326.72,Affiliate,Tablet,Completed,5
2026-07-21 20:30:31,c2683,Mexico,26.5338,-102.59,Beauty,Face Serum,3,206.79,620.37,Web,Desktop,Completed,1
2026-07-21 20:34:42,c4961,Japan,34.7219,140.538,Apparel,Running Shoes,1,72.38,72.38,Affiliate,Desktop,Pending,5
2026-07-21 21:03:13,c8713,Brazil,-15.0286,-52.6564,Electronics,Smart Watch,5,21.76,108.8,Mobile App,Desktop,Completed,4
2026-07-21 21:18:59,c5715,Brazil,-13.2919,-52.2968,Books,Mystery Novel,2,135.55,271.1,Mobile App,Desktop,Completed,5
2026-07-21 21:57:25,c6643,Singapore,0.1708,106.0595,Books,Cookbook,1,122.78,122.78,Affiliate,Desktop,Refunded,4
2026-07-21 22:24:47,c7177,Brazil,-12.4229,-52.3575,Home,Air Purifier,1,128.7,128.7,Web,Tablet,Completed,3
2026-07-21 22:24:48,c2542,France,44.6417,4.0181,Beauty,Makeup Brush Kit,5,91.97,459.85,Web,Mobile,Completed,4
2026-07-21 22:26:37,c4652,Germany,48.406,10.1079,Books,Sci-Fi Anthology,1,219.67,219.67,Mobile App,Mobile,Completed,4
2026-07-21 23:01:44,c8503,Canada,55.4009,-107.5254,Home,Air Purifier,4,84.9,339.6,Mobile App,Tablet,Completed,5
2026-07-21 23:14:49,c7729,United States,35.3761,-98.4041,Books,Kids Picture Book,2,30.41,60.82,Web,Desktop,Completed,1
2026-07-21 23:27:38,c1680,Mexico,24.2821,-102.945,Beauty,Lip Balm Set,5,134.82,674.1,Marketplace,Tablet,Completed,5
2026-07-22 00:16:09,c3771,Japan,33.9159,135.7886,Apparel,Running Shoes,2,192.71,385.42,Mobile App,Desktop,Completed,2
2026-07-22 00:23:19,c6616,United Kingdom,58.2658,-1.9306,Books,Sci-Fi Anthology,4,35.65,142.6,Mobile App,Tablet,Completed,1
2026-07-22 00:31:54,c5302,Singapore,3.8083,103.6621,Sports,Water Bottle,1,18.0,18.0,Marketplace,Tablet,Completed,5
2026-07-22 00:39:42,c3791,Australia,-24.3106,131.5064,Books,Sci-Fi Anthology,3,8.72,26.16,Affiliate,Tablet,Completed,5
2026-07-22 00:46:07,c5214,Canada,54.179,-106.9857,Beauty,Face Serum,5,18.52,92.6,Mobile App,Tablet,Completed,2
2026-07-22 00:56:42,c5979,Singapore,4.0763,104.4076,Beauty,Lip Balm Set,5,14.97,74.85,Marketplace,Desktop,Completed,5
2026-07-22 01:21:29,c9314,South Africa,-30.3444,25.3712,Books,Mystery Novel,1,112.13,112.13,Marketplace,Mobile,Completed,5
2026-07-22 02:32:29,c7354,Germany,52.0174,10.0279,Sports,Camping Tent,3,126.31,378.93,Affiliate,Tablet,Completed,5
2026-07-22 02:44:23,c8551,Canada,58.8187,-108.1445,Apparel,Running Shoes,5,170.76,853.8,Marketplace,Tablet,Completed,4
2026-07-22 02:47:06,c7970,France,46.3069,3.2842,Apparel,Winter Coat,1,164.31,164.31,Marketplace,Mobile,Completed,5
2026-07-22 02:51:38,c7843,Mexico,25.5164,-103.506,Electronics,Mechanical Keyboard,2,98.9,197.8,Mobile App,Mobile,Completed,1
2026-07-22 03:14:45,c5702,India,20.0516,81.1211,Electronics,4K Monitor,4,64.59,258.36,Mobile App,Mobile,Completed,4
2026-07-22 04:07:12,c2227,France,45.4301,1.0517,Apparel,Denim Jacket,1,62.98,62.98,Mobile App,Desktop,Completed,5
2026-07-22 04:15:10,c2253,Japan,33.8042,138.5859,Books,Mystery Novel,5,105.36,526.8,Marketplace,Mobile,Cancelled,2
2026-07-22 04:22:53,c9490,India,22.5273,81.2642,Electronics,Bluetooth Speaker,4,50.57,202.28,Web,Mobile,Completed,2
2026-07-22 04:44:04,c9589,United States,34.4374,-96.5973,Electronics,Smart Watch,1,14.47,14.47,Marketplace,Desktop,Refunded,5
2026-07-22 04:47:15,c1001,Mexico,21.7331,-103.7865,Home,Throw Blanket,4,68.76,275.04,Marketplace,Mobile,Completed,5
2026-07-22 04:50:36,c5393,Japan,35.2233,138.3851,Apparel,Baseball Cap,5,176.32,881.6,Marketplace,Desktop,Completed,5
2026-07-22 05:03:08,c1716,India,20.0209,81.157,Electronics,Mechanical Keyboard,1,181.11,181.11,Mobile App,Desktop,Completed,5
2026-07-22 05:57:49,c4120,Japan,34.73,137.2316,Electronics,Smart Watch,3,27.6,82.8,Web,Mobile,Completed,1
2026-07-22 06:10:45,c1188,Mexico,25.1908,-102.7846,Beauty,Lip Balm Set,3,14.35,43.05,Web,Tablet,Completed,1
2026-07-22 07:18:04,c1001,Mexico,22.2899,-103.529,Books,Kids Picture Book,3,209.19,627.57,Web,Desktop,Completed,5
2026-07-22 07:29:45,c6348,United Kingdom,54.009,-3.7829,Books,Kids Picture Book,1,174.9,174.9,Mobile App,Mobile,Completed,4
2026-07-22 07:53:46,c4385,Singapore,3.3031,103.5951,Electronics,Smart Watch,5,51.88,259.4,Web,Desktop,Completed,4
2026-07-22 08:08:46,c1861,United States,39.9769,-96.7111,Beauty,Shampoo Bar,2,156.49,312.98,Mobile App,Mobile,Completed,4
2026-07-22 08:21:26,c5959,India,17.7344,81.023,Beauty,Lip Balm Set,1,186.89,186.89,Mobile App,Desktop,Refunded,5
2026-07-22 08:36:23,c8282,India,23.3192,79.6145,Books,Sci-Fi Anthology,2,108.57,217.14,Web,Mobile,Completed,2
2026-07-22 08:46:27,c1458,United States,38.9435,-97.2647,Electronics,Mechanical Keyboard,5,113.9,569.5,Marketplace,Tablet,Completed,5
2026-07-22 08:47:00,c1543,South Africa,-32.9131,20.172,Apparel,Baseball Cap,2,61.6,123.2,Affiliate,Mobile,Completed,3
2026-07-22 08:47:03,c4070,Brazil,-15.0001,-51.3742,Beauty,Makeup Brush Kit,2,34.89,69.78,Web,Tablet,Completed,1
2026-07-22 09:05:55,c8748,Singapore,1.858,101.9198,Apparel,Denim Jacket,3,50.24,150.72,Affiliate,Tablet,Completed,3
2026-07-22 09:32:34,c8179,France,48.0366,3.2865,Electronics,4K Monitor,5,151.75,758.75,Web,Desktop,Completed,5
2026-07-22 09:37:11,c1071,United States,36.4625,-96.268,Apparel,Denim Jacket,5,98.38,491.9,Web,Desktop,Pending,3
2026-07-22 09:45:34,c7034,Germany,51.1014,10.6286,Electronics,4K Monitor,4,98.2,392.8,Web,Desktop,Completed,1
2026-07-22 10:07:22,c1838,United States,36.1487,-97.4764,Books,Kids Picture Book,5,28.47,142.35,Web,Mobile,Completed,5
2026-07-22 11:04:06,c2247,Australia,-24.2394,133.0004,Sports,Camping Tent,4,96.51,386.04,Affiliate,Tablet,Completed,5
2026-07-22 11:17:37,c2832,Japan,36.6459,141.1337,Sports,Dumbbell Set,5,14.39,71.95,Affiliate,Tablet,Completed,2
2026-07-22 11:18:55,c6636,Australia,-22.746,135.5914,Beauty,Perfume,3,84.02,252.06,Marketplace,Desktop,Completed,1
2026-07-22 11:50:58,c9602,Japan,35.0298,136.0791,Electronics,Smart Watch,1,117.34,117.34,Web,Mobile,Completed,4
2026-07-22 11:57:17,c3327,United Kingdom,55.0016,-2.2994,Apparel,Baseball Cap,3,155.76,467.28,Web,Mobile,Completed,2
2026-07-22 12:01:56,c4185,Japan,34.0841,135.5273,Books,Kids Picture Book,1,104.55,104.55,Affiliate,Mobile,Completed,3
2026-07-22 12:08:51,c6250,Japan,34.2506,137.4585,Apparel,Denim Jacket,5,174.66,873.3,Mobile App,Desktop,Completed,5
2026-07-22 12:27:37,c1024,United Kingdom,54.6577,-1.3345,Sports,Dumbbell Set,5,27.75,138.75,Mobile App,Mobile,Completed,2
2026-07-22 12:28:43,c7735,United Kingdom,52.991,-6.1053,Electronics,Mechanical Keyboard,4,93.16,372.64,Mobile App,Tablet,Completed,1
2026-07-22 12:39:36,c9394,United Kingdom,54.1803,-3.8381,Beauty,Face Serum,1,9.46,9.46,Affiliate,Tablet,Completed,2
2026-07-22 12:53:28,c7516,Mexico,21.1888,-99.7171,Beauty,Lip Balm Set,1,176.68,176.68,Mobile App,Mobile,Refunded,5
2026-07-22 13:08:53,c6680,Germany,52.8563,12.3607,Books,Kids Picture Book,3,162.64,487.92,Marketplace,Mobile,Completed,1
2026-07-22 14:40:35,c4765,France,48.4385,4.9285,Apparel,Running Shoes,3,177.26,531.78,Affiliate,Tablet,Completed,4
2026-07-22 15:12:06,c4372,Singapore,0.3999,104.6162,Beauty,Shampoo Bar,5,37.58,187.9,Affiliate,Desktop,Refunded,2
2026-07-22 16:02:16,c4419,Japan,34.0592,137.8741,Sports,Water Bottle,4,88.56,354.24,Mobile App,Mobile,Completed,4
2026-07-22 16:21:38,c8336,South Africa,-32.3698,22.4055,Sports,Camping Tent,3,214.59,643.77,Affiliate,Desktop,Cancelled,4
2026-07-22 16:37:01,c8448,South Africa,-30.8954,23.4274,Electronics,Mechanical Keyboard,4,52.92,211.68,Affiliate,Desktop,Completed,5
2026-07-22 16:57:09,c9064,United States,38.329,-95.4749,Beauty,Shampoo Bar,1,58.57,58.57,Marketplace,Desktop,Completed,4
2026-07-22 17:08:27,c1686,India,18.846,78.3398,Apparel,Running Shoes,5,70.22,351.1,Web,Mobile,Completed,5
2026-07-22 17:47:25,c6573,Japan,33.7602,139.52,Beauty,Perfume,3,38.9,116.7,Marketplace,Mobile,Completed,5
2026-07-22 18:10:42,c8191,United States,35.752,-94.4236,Apparel,Denim Jacket,2,35.68,71.36,Affiliate,Mobile,Refunded,3
2026-07-22 18:11:14,c7298,Brazil,-14.5056,-49.075,Electronics,Smart Watch,4,46.14,184.56,Affiliate,Tablet,Completed,3
2026-07-22 18:25:33,c3990,Australia,-22.8714,131.8354,Beauty,Lip Balm Set,3,64.88,194.64,Affiliate,Mobile,Completed,4
2026-07-22 18:58:55,c8871,United States,39.8357,-98.072,Beauty,Lip Balm Set,1,50.89,50.89,Affiliate,Desktop,Completed,5
2026-07-22 19:31:33,c2624,South Africa,-28.982,23.4943,Sports,Dumbbell Set,4,172.44,689.76,Affiliate,Mobile,Refunded,1
2026-07-22 20:24:28,c4914,Canada,56.9092,-103.4853,Beauty,Makeup Brush Kit,3,27.04,81.12,Mobile App,Tablet,Completed,2
2026-07-22 21:15:14,c9428,France,44.2836,3.5574,Beauty,Makeup Brush Kit,1,133.92,133.92,Mobile App,Desktop,Pending,3
2026-07-22 21:38:15,c7666,United States,39.7173,-94.8642,Beauty,Face Serum,3,99.7,299.1,Marketplace,Desktop,Completed,5
2026-07-22 21:39:00,c5184,France,48.4168,3.5196,Apparel,Running Shoes,3,107.74,323.22,Marketplace,Mobile,Completed,1
2026-07-22 22:31:55,c1800,Singapore,-0.0841,102.6392,Sports,Water Bottle,2,155.18,310.36,Marketplace,Tablet,Completed,5
2026-07-22 23:02:34,c4243,Australia,-24.2019,136.5194,Apparel,Graphic T-Shirt,1,108.67,108.67,Affiliate,Tablet,Completed,4
2026-07-22 23:41:12,c8445,Japan,34.9447,138.5464,Home,Coffee Maker,3,106.23,318.69,Web,Tablet,Completed,5
2026-07-22 23:59:16,c7327,Singapore,2.614,105.0708,Books,Mystery Novel,5,213.85,1069.25,Affiliate,Mobile,Completed,3
2026-07-23 00:11:56,c6101,Japan,38.5518,136.6486,Books,Business Guide,4,104.28,417.12,Web,Desktop,Refunded,4
2026-07-23 00:32:49,c1129,Canada,53.9516,-103.7554,Apparel,Denim Jacket,2,34.48,68.96,Marketplace,Desktop,Completed,4
2026-07-23 00:50:21,c7373,Singapore,-0.3695,104.7877,Home,Coffee Maker,2,204.23,408.46,Marketplace,Desktop,Completed,4
2026-07-23 01:15:47,c9388,Mexico,24.3709,-102.4644,Apparel,Running Shoes,2,8.26,16.52,Mobile App,Tablet,Completed,4
2026-07-23 01:33:31,c1159,Brazil,-14.8221,-51.6215,Beauty,Face Serum,2,196.99,393.98,Web,Mobile,Completed,4
2026-07-23 01:38:00,c6351,United States,34.1412,-96.7757,Apparel,Graphic T-Shirt,2,131.89,263.78,Affiliate,Tablet,Completed,5
2026-07-23 01:51:25,c2065,Mexico,22.3523,-103.2788,Beauty,Perfume,5,68.43,342.15,Marketplace,Mobile,Completed,4
2026-07-23 02:12:40,c7070,Japan,34.2829,138.2657,Home,Coffee Maker,5,137.73,688.65,Marketplace,Desktop,Cancelled,5
2026-07-23 02:15:15,c9338,Australia,-26.3373,134.9408,Apparel,Graphic T-Shirt,4,166.9,667.6,Web,Tablet,Completed,3
2026-07-23 02:30:50,c7350,Canada,57.8421,-107.3159,Home,Cutting Board Set,4,16.48,65.92,Mobile App,Desktop,Pending,2
2026-07-23 03:07:22,c1652,Mexico,23.5667,-101.5182,Beauty,Perfume,4,15.83,63.32,Affiliate,Mobile,Completed,4
2026-07-23 03:57:27,c4735,United States,34.8983,-95.2668,Books,Sci-Fi Anthology,5,25.73,128.65,Marketplace,Desktop,Completed,3
2026-07-23 04:21:38,c7955,France,45.8171,3.1879,Books,Business Guide,5,143.08,715.4,Affiliate,Tablet,Completed,4
2026-07-23 04:34:56,c7731,Japan,38.6085,139.3309,Apparel,Denim Jacket,1,23.12,23.12,Marketplace,Mobile,Completed,1
2026-07-23 04:42:17,c7961,India,21.5771,80.4336,Sports,Water Bottle,4,163.14,652.56,Marketplace,Desktop,Completed,1
2026-07-23 04:53:36,c4546,Singapore,4.1708,105.95,Electronics,Smart Watch,5,111.71,558.55,Affiliate,Mobile,Completed,5
2026-07-23 05:12:49,c4387,Australia,-28.1053,131.0779,Sports,Dumbbell Set,2,145.24,290.48,Marketplace,Tablet,Completed,1
2026-07-23 05:12:51,c7228,Australia,-26.9016,132.5577,Home,Air Purifier,4,184.95,739.8,Mobile App,Desktop,Completed,5
2026-07-23 05:33:18,c7305,Canada,54.4761,-108.6555,Books,Business Guide,5,168.53,842.65,Marketplace,Mobile,Completed,5
2026-07-23 06:02:43,c4058,Brazil,-13.8295,-50.7533,Home,Desk Lamp,1,129.79,129.79,Affiliate,Desktop,Completed,5
2026-07-23 06:06:13,c6078,Canada,53.2269,-107.0698,Books,Business Guide,1,83.19,83.19,Web,Mobile,Cancelled,4
2026-07-23 06:16:10,c7562,Singapore,0.7156,101.8171,Home,Coffee Maker,3,170.47,511.41,Marketplace,Mobile,Completed,2
2026-07-23 06:32:25,c7646,Germany,50.5506,7.5203,Books,Business Guide,3,47.8,143.4,Affiliate,Desktop,Completed,4
2026-07-23 06:33:58,c5924,Australia,-24.8657,132.6454,Home,Cutting Board Set,2,11.2,22.4,Marketplace,Desktop,Completed,4
2026-07-23 06:39:46,c9117,Canada,55.2178,-107.3501,Beauty,Face Serum,2,77.92,155.84,Marketplace,Tablet,Cancelled,1
2026-07-23 06:43:00,c6786,South Africa,-30.4468,21.5904,Beauty,Shampoo Bar,2,51.84,103.68,Mobile App,Tablet,Refunded,4
2026-07-23 07:11:32,c1697,United Kingdom,55.3792,-3.8365,Home,Cutting Board Set,1,197.7,197.7,Mobile App,Desktop,Cancelled,5
2026-07-23 07:19:26,c2560,Brazil,-11.366,-53.1742,Sports,Tennis Racket,5,216.92,1084.6,Mobile App,Mobile,Cancelled,4
2026-07-23 07:23:09,c6409,Mexico,25.4939,-100.8547,Beauty,Lip Balm Set,5,54.49,272.45,Marketplace,Desktop,Completed,5
2026-07-23 07:36:14,c6346,Mexico,24.2028,-103.2652,Sports,Water Bottle,1,126.0,126.0,Web,Tablet,Completed,4
2026-07-23 07:49:55,c4734,Brazil,-12.3357,-53.1117,Home,Air Purifier,1,214.17,214.17,Mobile App,Mobile,Pending,5
2026-07-23 07:53:10,c9551,United States,36.3423,-98.3242,Home,Desk Lamp,1,31.83,31.83,Marketplace,Tablet,Completed,2
2026-07-23 08:19:40,c2556,India,22.4321,77.3973,Beauty,Shampoo Bar,1,56.49,56.49,Web,Tablet,Cancelled,2
2026-07-23 08:21:51,c3858,United States,34.6974,-97.0511,Sports,Water Bottle,3,52.9,158.7,Web,Mobile,Completed,5
2026-07-23 08:42:11,c1883,Japan,37.0577,136.5256,Books,Cookbook,5,98.62,493.1,Mobile App,Mobile,Completed,5
2026-07-23 08:48:56,c5918,Japan,35.0723,140.183,Home,Coffee Maker,1,19.64,19.64,Mobile App,Tablet,Completed,5
2026-07-23 09:53:02,c8228,India,21.9837,79.1766,Sports,Water Bottle,4,191.54,766.16,Web,Tablet,Completed,1
2026-07-23 09:58:38,c4645,Brazil,-16.836,-51.1839,Sports,Water Bottle,2,150.99,301.98,Affiliate,Desktop,Completed,5
2026-07-23 09:59:20,c9272,United Kingdom,55.1467,-2.6646,Books,Cookbook,4,80.78,323.12,Web,Desktop,Completed,5
2026-07-23 10:19:16,c7965,United Kingdom,56.7952,-1.6843,Apparel,Baseball Cap,3,174.37,523.11,Web,Mobile,Completed,4
2026-07-23 10:52:03,c6722,Australia,-25.2734,131.4067,Electronics,Bluetooth Speaker,5,106.15,530.75,Web,Mobile,Completed,5
2026-07-23 10:59:37,c3450,India,19.9028,76.6114,Apparel,Baseball Cap,5,153.09,765.45,Web,Desktop,Completed,1
2026-07-23 11:46:38,c8576,Australia,-27.1224,132.6143,Beauty,Lip Balm Set,3,140.0,420.0,Affiliate,Desktop,Completed,5
2026-07-23 11:47:09,c1831,Singapore,0.4941,106.5919,Electronics,4K Monitor,4,169.02,676.08,Web,Mobile,Completed,4
2026-07-23 12:02:49,c5304,Mexico,22.8343,-104.0186,Home,Desk Lamp,3,82.52,247.56,Affiliate,Tablet,Completed,3
2026-07-23 12:03:29,c2413,United Kingdom,58.2693,-2.7081,Electronics,Mechanical Keyboard,4,126.09,504.36,Mobile App,Mobile,Completed,5
2026-07-23 14:40:58,c2605,Canada,55.0478,-109.1638,Beauty,Perfume,4,167.62,670.48,Affiliate,Tablet,Completed,5
2026-07-23 14:46:29,c6611,Canada,58.0043,-103.5596,Books,Sci-Fi Anthology,2,212.62,425.24,Marketplace,Mobile,Pending,4
2026-07-23 14:51:10,c4854,United States,38.3101,-93.7855,Home,Coffee Maker,3,191.52,574.56,Affiliate,Tablet,Completed,5
2026-07-23 15:02:20,c7456,Brazil,-12.3415,-50.6125,Books,Business Guide,3,109.9,329.7,Web,Tablet,Completed,1
2026-07-23 15:23:53,c5478,Singapore,1.9408,104.4422,Apparel,Baseball Cap,5,119.74,598.7,Affiliate,Desktop,Completed,2
2026-07-23 15:57:36,c2070,Canada,55.7728,-108.2438,Electronics,Mechanical Keyboard,4,32.19,128.76,Affiliate,Mobile,Completed,1
2026-07-23 15:57:57,c4080,India,22.7253,76.2861,Home,Desk Lamp,4,116.85,467.4,Mobile App,Desktop,Completed,3
2026-07-23 16:15:19,c8884,United States,38.9308,-93.371,Books,Kids Picture Book,4,200.37,801.48,Mobile App,Mobile,Completed,2
2026-07-23 16:27:29,c9096,South Africa,-30.5951,21.2869,Apparel,Denim Jacket,3,69.05,207.15,Affiliate,Desktop,Completed,4
2026-07-23 16:39:35,c5224,Brazil,-11.4726,-52.1769,Books,Kids Picture Book,1,110.18,110.18,Web,Mobile,Completed,4
2026-07-23 18:19:28,c6331,France,46.9964,2.113,Books,Cookbook,5,207.73,1038.65,Mobile App,Tablet,Completed,5
2026-07-23 19:28:35,c5146,United Kingdom,52.7362,-2.4125,Books,Sci-Fi Anthology,1,72.6,72.6,Affiliate,Desktop,Completed,5
2026-07-23 19:35:03,c2315,Singapore,-0.9596,102.8186,Beauty,Makeup Brush Kit,2,9.62,19.24,Affiliate,Tablet,Completed,4
2026-07-23 20:01:28,c7934,India,21.4565,81.2032,Electronics,Bluetooth Speaker,4,209.63,838.52,Web,Desktop,Refunded,1
2026-07-23 20:10:51,c3125,South Africa,-28.7051,21.3717,Books,Sci-Fi Anthology,3,145.33,435.99,Marketplace,Desktop,Completed,4
2026-07-23 21:08:29,c5454,Germany,51.2209,12.0859,Electronics,4K Monitor,4,142.14,568.56,Marketplace,Mobile,Cancelled,3
2026-07-23 21:19:43,c7798,India,18.7337,79.5563,Beauty,Shampoo Bar,1,66.56,66.56,Marketplace,Tablet,Completed,1
2026-07-23 21:44:40,c6749,Brazil,-15.8893,-52.2029,Beauty,Shampoo Bar,3,99.85,299.55,Marketplace,Desktop,Completed,2
2026-07-23 22:16:21,c5425,United States,35.9522,-92.9085,Electronics,Wireless Headphones,3,152.62,457.86,Affiliate,Tablet,Completed,4
2026-07-23 22:41:07,c8182,Canada,58.5807,-106.9068,Books,Cookbook,2,187.82,375.64,Web,Desktop,Completed,4
2026-07-23 23:23:15,c1018,Canada,53.6584,-107.8356,Electronics,Smart Watch,5,182.88,914.4,Affiliate,Mobile,Completed,5
2026-07-23 23:35:37,c1358,United Kingdom,54.6089,-4.3812,Beauty,Shampoo Bar,4,214.63,858.52,Web,Tablet,Completed,1
2026-07-23 23:36:54,c9316,Singapore,2.5876,103.6353,Beauty,Makeup Brush Kit,1,101.81,101.81,Web,Desktop,Completed,4
2026-07-23 23:38:32,c5195,United Kingdom,53.0849,-0.9967,Books,Cookbook,4,187.37,749.48,Mobile App,Mobile,Completed,4
2026-07-24 00:12:11,c8935,Australia,-23.9137,135.8049,Sports,Camping Tent,2,102.67,205.34,Marketplace,Mobile,Completed,5
2026-07-24 00:14:34,c7341,Japan,38.9852,136.3218,Electronics,Wireless Headphones,5,76.24,381.2,Affiliate,Desktop,Completed,4
2026-07-24 00:16:22,c4882,Canada,54.7069,-104.1768,Electronics,Smart Watch,1,172.43,172.43,Mobile App,Tablet,Completed,5
2026-07-24 00:39:31,c9827,Germany,53.2988,10.7477,Apparel,Running Shoes,2,174.94,349.88,Mobile App,Desktop,Completed,4
2026-07-24 00:43:37,c6971,India,20.9172,76.3113,Books,Sci-Fi Anthology,5,184.57,922.85,Web,Desktop,Completed,4
2026-07-24 00:58:20,c3876,Japan,35.0227,141.2236,Beauty,Perfume,1,213.36,213.36,Marketplace,Desktop,Completed,1
2026-07-24 02:11:18,c7973,Japan,36.551,136.1859,Books,Cookbook,2,79.51,159.02,Mobile App,Mobile,Completed,5
2026-07-24 02:51:16,c6740,Brazil,-15.8721,-52.8557,Sports,Camping Tent,5,18.2,91.0,Mobile App,Mobile,Pending,3
2026-07-24 03:26:08,c1795,France,48.1428,3.8981,Sports,Camping Tent,1,66.16,66.16,Affiliate,Desktop,Completed,4
2026-07-24 03:57:48,c4554,France,43.3682,2.2805,Apparel,Denim Jacket,3,32.34,97.02,Web,Mobile,Completed,2
2026-07-24 04:05:02,c6244,Singapore,-1.5679,103.6928,Home,Cutting Board Set,3,42.76,128.28,Mobile App,Mobile,Refunded,5
2026-07-24 04:49:59,c5758,United States,35.4409,-97.176,Beauty,Lip Balm Set,3,116.3,348.9,Affiliate,Tablet,Completed,3
2026-07-24 04:52:09,c8415,United States,37.1654,-97.3097,Home,Air Purifier,1,162.8,162.8,Web,Desktop,Completed,1
2026-07-24 05:08:46,c4806,Australia,-24.1742,136.0985,Electronics,Wireless Headphones,5,118.64,593.2,Marketplace,Mobile,Completed,1
2026-07-24 05:20:33,c1765,Singapore,3.9483,101.7767,Beauty,Makeup Brush Kit,3,146.16,438.48,Mobile App,Desktop,Completed,1
2026-07-24 05:23:40,c2042,Brazil,-14.8732,-53.1413,Apparel,Baseball Cap,1,131.61,131.61,Marketplace,Mobile,Refunded,5
2026-07-24 05:31:04,c6906,India,18.7026,77.4039,Sports,Tennis Racket,1,201.22,201.22,Marketplace,Mobile,Completed,2
2026-07-24 05:44:46,c7748,Canada,54.447,-105.5026,Sports,Dumbbell Set,4,187.26,749.04,Web,Tablet,Completed,5
2026-07-24 06:09:34,c2590,South Africa,-28.2282,25.3322,Beauty,Lip Balm Set,1,114.3,114.3,Affiliate,Desktop,Completed,3
2026-07-24 06:59:56,c5399,Japan,36.0405,139.6069,Electronics,Bluetooth Speaker,5,196.26,981.3,Mobile App,Tablet,Completed,2
2026-07-24 07:37:14,c3156,Singapore,-0.8251,106.0093,Electronics,Wireless Headphones,3,94.03,282.09,Affiliate,Mobile,Completed,1
2026-07-24 07:43:01,c1091,South Africa,-28.2958,25.2385,Electronics,Mechanical Keyboard,3,22.68,68.04,Marketplace,Mobile,Completed,4
2026-07-24 08:07:51,c6156,Canada,57.8493,-109.2482,Apparel,Denim Jacket,2,112.71,225.42,Web,Desktop,Completed,3
2026-07-24 08:10:35,c3327,India,20.3797,78.7298,Books,Business Guide,4,103.86,415.44,Affiliate,Mobile,Cancelled,3
2026-07-24 08:12:53,c7271,Brazil,-15.8575,-53.567,Electronics,4K Monitor,2,79.37,158.74,Affiliate,Mobile,Completed,4
2026-07-24 08:35:22,c3524,Germany,49.2995,12.397,Electronics,Bluetooth Speaker,5,15.65,78.25,Web,Tablet,Completed,5
2026-07-24 09:02:44,c3858,Canada,54.2088,-104.7541,Home,Throw Blanket,4,34.97,139.88,Mobile App,Tablet,Completed,4
2026-07-24 09:13:52,c7389,Singapore,-1.5907,101.5261,Books,Kids Picture Book,5,59.91,299.55,Marketplace,Desktop,Completed,2
2026-07-24 09:44:51,c8851,Brazil,-14.6909,-52.0598,Home,Throw Blanket,4,113.27,453.08,Affiliate,Tablet,Completed,3
2026-07-24 09:59:09,c1392,France,47.4983,2.0292,Electronics,4K Monitor,1,184.78,184.78,Mobile App,Desktop,Completed,5
2026-07-24 10:04:58,c3952,Germany,48.6694,10.5853,Books,Business Guide,5,50.95,254.75,Mobile App,Mobile,Completed,4
2026-07-24 10:50:47,c4093,Brazil,-13.1207,-51.518,Electronics,Bluetooth Speaker,3,195.86,587.58,Web,Desktop,Completed,3
2026-07-24 10:55:03,c9267,Mexico,22.9392,-101.907,Beauty,Shampoo Bar,5,193.76,968.8,Web,Desktop,Completed,2
2026-07-24 11:01:16,c6966,Singapore,-0.8344,106.5755,Home,Desk Lamp,1,191.07,191.07,Marketplace,Tablet,Refunded,5
2026-07-24 11:25:19,c5953,United States,35.1806,-96.9015,Apparel,Winter Coat,2,161.47,322.94,Marketplace,Tablet,Completed,4
2026-07-24 11:28:05,c9940,Canada,55.5624,-107.6912,Electronics,Mechanical Keyboard,1,52.67,52.67,Marketplace,Mobile,Completed,4
2026-07-24 11:30:40,c6473,Mexico,22.4299,-103.2358,Beauty,Lip Balm Set,3,183.54,550.62,Mobile App,Mobile,Completed,5
2026-07-24 11:34:13,c2832,Germany,49.2838,7.5997,Home,Throw Blanket,3,165.62,496.86,Affiliate,Desktop,Completed,2
2026-07-24 11:38:15,c3772,South Africa,-33.2685,21.9301,Sports,Tennis Racket,2,88.8,177.6,Mobile App,Desktop,Completed,5
2026-07-24 11:50:34,c3711,Mexico,21.7711,-100.6628,Books,Kids Picture Book,5,213.97,1069.85,Affiliate,Tablet,Completed,5
2026-07-24 12:11:27,c9070,Canada,54.3478,-104.7752,Electronics,Mechanical Keyboard,4,14.25,57.0,Marketplace,Desktop,Completed,4
2026-07-24 12:12:55,c4264,Japan,38.1749,137.3403,Apparel,Graphic T-Shirt,3,11.31,33.93,Mobile App,Tablet,Completed,1
2026-07-24 13:16:43,c1853,Germany,51.862,9.4513,Apparel,Graphic T-Shirt,4,9.36,37.44,Web,Tablet,Completed,1
2026-07-24 13:26:45,c1671,Japan,34.4863,136.2111,Apparel,Denim Jacket,5,76.16,380.8,Affiliate,Desktop,Completed,4
2026-07-24 13:46:46,c8813,Australia,-26.4202,131.2643,Beauty,Perfume,4,28.36,113.44,Affiliate,Tablet,Completed,4
2026-07-24 13:47:54,c9215,Australia,-27.9311,133.8425,Beauty,Face Serum,3,185.93,557.79,Web,Desktop,Completed,5
2026-07-24 13:54:39,c6067,South Africa,-30.0617,20.2565,Electronics,Mechanical Keyboard,2,45.43,90.86,Marketplace,Desktop,Completed,5
2026-07-24 14:00:22,c9219,Japan,36.6959,137.521,Apparel,Baseball Cap,1,43.79,43.79,Mobile App,Tablet,Completed,5
2026-07-24 14:32:05,c2986,Germany,48.3351,11.3813,Books,Mystery Novel,2,208.08,416.16,Marketplace,Mobile,Completed,5
2026-07-24 14:34:27,c4427,Germany,48.3891,11.584,Sports,Camping Tent,1,64.85,64.85,Affiliate,Tablet,Completed,4
2026-07-24 15:00:41,c2789,Japan,33.5539,136.3464,Apparel,Graphic T-Shirt,4,101.43,405.72,Mobile App,Desktop,Completed,5
2026-07-24 15:03:01,c4459,Brazil,-15.6728,-51.1607,Beauty,Lip Balm Set,3,191.45,574.35,Mobile App,Tablet,Completed,3
2026-07-24 15:25:35,c9513,Mexico,24.4981,-103.8009,Electronics,Wireless Headphones,2,185.01,370.02,Marketplace,Mobile,Completed,5
2026-07-24 15:46:07,c2059,France,47.0313,2.1618,Beauty,Lip Balm Set,2,205.54,411.08,Marketplace,Mobile,Cancelled,5
2026-07-24 16:04:35,c5659,Mexico,23.8713,-101.9796,Home,Throw Blanket,1,83.42,83.42,Affiliate,Mobile,Completed,4
2026-07-24 16:19:57,c2392,Canada,53.2284,-105.1452,Books,Mystery Novel,4,131.86,527.44,Marketplace,Tablet,Completed,2
2026-07-24 16:46:39,c1409,Brazil,-16.544,-50.7839,Home,Cutting Board Set,2,58.61,117.22,Affiliate,Tablet,Cancelled,2
2026-07-24 17:15:26,c2339,Singapore,0.0893,103.8238,Books,Cookbook,2,19.7,39.4,Mobile App,Tablet,Cancelled,1
2026-07-24 17:20:30,c1917,Brazil,-14.1955,-53.3012,Sports,Water Bottle,1,213.73,213.73,Affiliate,Tablet,Completed,4
2026-07-24 18:33:07,c9653,France,48.042,4.1636,Apparel,Baseball Cap,1,119.41,119.41,Marketplace,Desktop,Cancelled,2
2026-07-24 18:44:48,c1740,Singapore,0.4629,103.663,Electronics,Smart Watch,2,108.18,216.36,Web,Tablet,Completed,4
2026-07-24 18:55:03,c9067,Australia,-25.5904,131.706,Electronics,Wireless Headphones,3,217.99,653.97,Marketplace,Mobile,Completed,3
2026-07-24 19:14:31,c4633,Germany,50.8235,9.2324,Home,Throw Blanket,1,194.38,194.38,Mobile App,Mobile,Completed,4
2026-07-24 19:38:06,c9913,Mexico,24.9994,-100.9877,Beauty,Shampoo Bar,5,163.15,815.75,Mobile App,Desktop,Pending,4
2026-07-24 19:41:33,c4432,South Africa,-28.3662,21.4324,Books,Kids Picture Book,4,68.08,272.32,Marketplace,Tablet,Completed,5
2026-07-24 20:17:14,c2924,South Africa,-30.5801,22.899,Home,Cutting Board Set,2,86.43,172.86,Mobile App,Desktop,Completed,3
2026-07-24 20:52:42,c7972,France,45.969,2.224,Beauty,Lip Balm Set,5,163.89,819.45,Mobile App,Tablet,Completed,4
2026-07-24 21:15:20,c1242,United States,35.2383,-96.329,Beauty,Shampoo Bar,1,110.54,110.54,Marketplace,Desktop,Completed,4
2026-07-24 21:52:20,c4130,South Africa,-29.109,23.1383,Home,Throw Blanket,2,65.34,130.68,Mobile App,Tablet,Completed,5
2026-07-24 22:06:11,c6036,South Africa,-30.9523,21.7312,Home,Throw Blanket,3,166.01,498.03,Marketplace,Desktop,Completed,4
2026-07-24 22:24:36,c9447,Brazil,-15.4003,-52.5999,Apparel,Winter Coat,4,138.61,554.44,Mobile App,Mobile,Completed,4
2026-07-24 22:39:44,c7622,Germany,53.4701,8.1319,Beauty,Lip Balm Set,5,171.9,859.5,Mobile App,Desktop,Completed,3
2026-07-24 22:45:32,c3748,India,18.4614,81.9474,Sports,Yoga Mat,4,162.7,650.8,Affiliate,Desktop,Completed,1
2026-07-24 22:51:57,c8831,Japan,36.2224,139.4652,Books,Cookbook,1,200.19,200.19,Affiliate,Mobile,Refunded,5
2026-07-24 23:01:20,c6694,South Africa,-33.2543,24.1917,Books,Kids Picture Book,2,46.25,92.5,Web,Mobile,Completed,4
2026-07-24 23:07:20,c2010,Singapore,1.9771,104.6399,Books,Kids Picture Book,3,42.75,128.25,Web,Mobile,Completed,4
2026-07-24 23:10:55,c4343,Germany,49.7546,10.9073,Apparel,Running Shoes,5,108.18,540.9,Web,Desktop,Completed,1
2026-07-24 23:26:47,c1671,Germany,48.5924,13.324,Beauty,Lip Balm Set,3,209.29,627.87,Affiliate,Mobile,Completed,5
2026-07-24 23:58:25,c9809,United States,34.1314,-95.4721,Beauty,Face Serum,3,202.38,607.14,Mobile App,Mobile,Completed,1
2026-07-25 01:05:32,c5500,Japan,39.1982,135.7567,Beauty,Perfume,4,11.36,45.44,Marketplace,Desktop,Completed,4
2026-07-25 01:06:48,c9912,France,44.5647,3.378,Apparel,Winter Coat,4,133.45,533.8,Mobile App,Tablet,Refunded,1
2026-07-25 01:28:25,c1060,Singapore,0.1478,102.7917,Electronics,Smart Watch,1,113.14,113.14,Mobile App,Tablet,Completed,4
2026-07-25 01:29:28,c5098,France,44.9955,4.8921,Sports,Tennis Racket,5,180.39,901.95,Affiliate,Mobile,Completed,4
2026-07-25 02:01:04,c3658,South Africa,-28.3512,21.1049,Apparel,Denim Jacket,4,212.37,849.48,Web,Mobile,Completed,5
2026-07-25 02:11:44,c7669,Germany,48.2702,10.5035,Home,Coffee Maker,5,47.64,238.2,Marketplace,Mobile,Completed,5
2026-07-25 02:21:45,c6617,Australia,-24.1921,135.7441,Apparel,Graphic T-Shirt,3,183.02,549.06,Affiliate,Desktop,Refunded,5
2026-07-25 02:21:59,c9657,Mexico,25.5881,-101.7444,Sports,Camping Tent,4,115.15,460.6,Web,Desktop,Completed,5
2026-07-25 02:35:57,c9647,South Africa,-31.0267,22.4834,Sports,Yoga Mat,4,158.57,634.28,Affiliate,Tablet,Completed,1
2026-07-25 02:55:22,c9195,India,22.7795,80.5027,Books,Kids Picture Book,3,148.54,445.62,Affiliate,Desktop,Completed,5
2026-07-25 03:51:04,c9015,Mexico,26.3596,-102.0966,Electronics,Wireless Headphones,1,12.48,12.48,Affiliate,Desktop,Completed,2
2026-07-25 04:03:22,c7896,Australia,-23.0297,135.1955,Apparel,Baseball Cap,2,58.5,117.0,Web,Mobile,Completed,2
2026-07-25 04:14:13,c2861,United Kingdom,57.4848,-1.6418,Sports,Water Bottle,5,96.12,480.6,Mobile App,Desktop,Completed,4
2026-07-25 04:33:59,c9306,Singapore,0.3773,104.8913,Home,Coffee Maker,2,169.79,339.58,Web,Mobile,Completed,4
2026-07-25 05:05:50,c4494,South Africa,-27.8651,22.2844,Books,Cookbook,2,84.73,169.46,Mobile App,Mobile,Refunded,4
2026-07-25 05:09:06,c4832,India,20.88,76.6239,Electronics,Mechanical Keyboard,3,199.78,599.34,Marketplace,Tablet,Completed,5
2026-07-25 05:44:31,c5787,South Africa,-30.7891,25.624,Books,Kids Picture Book,1,141.41,141.41,Affiliate,Mobile,Completed,3
2026-07-25 06:14:08,c3660,South Africa,-28.3605,25.7042,Beauty,Perfume,2,38.0,76.0,Mobile App,Desktop,Cancelled,4
2026-07-25 06:55:07,c3843,Australia,-24.3062,132.5096,Sports,Water Bottle,5,218.03,1090.15,Marketplace,Mobile,Completed,5
2026-07-25 06:56:40,c6274,Singapore,-0.7401,101.2732,Apparel,Denim Jacket,4,14.47,57.88,Web,Desktop,Completed,5
2026-07-25 06:59:46,c6615,Brazil,-15.0948,-52.3037,Sports,Tennis Racket,1,87.0,87.0,Mobile App,Desktop,Completed,5
2026-07-25 07:17:42,c4173,United States,38.5682,-93.1414,Electronics,Smart Watch,1,147.92,147.92,Web,Mobile,Completed,1
2026-07-25 07:45:25,c9547,Canada,58.89,-107.3804,Sports,Yoga Mat,1,142.44,142.44,Marketplace,Desktop,Cancelled,4
2026-07-25 07:47:54,c6227,Canada,58.6491,-103.6492,Electronics,Wireless Headphones,5,70.01,350.05,Mobile App,Tablet,Completed,5
2026-07-25 08:35:14,c7234,Australia,-25.1327,131.0026,Apparel,Baseball Cap,1,20.14,20.14,Affiliate,Mobile,Completed,2
2026-07-25 08:39:40,c9504,Germany,52.5882,12.4332,Apparel,Denim Jacket,1,72.71,72.71,Marketplace,Tablet,Completed,4
2026-07-25 09:01:35,c6971,South Africa,-27.6336,22.1601,Sports,Dumbbell Set,1,26.06,26.06,Mobile App,Tablet,Cancelled,5
2026-07-25 09:18:25,c5489,Australia,-27.0077,136.1215,Books,Sci-Fi Anthology,4,175.34,701.36,Web,Mobile,Completed,5
2026-07-25 09:50:44,c1753,Mexico,23.2065,-102.3063,Books,Cookbook,1,161.94,161.94,Web,Desktop,Cancelled,5
2026-07-25 10:03:54,c2974,United Kingdom,57.0607,-0.9088,Home,Throw Blanket,4,96.3,385.2,Mobile App,Tablet,Completed,1
2026-07-25 10:32:50,c8755,Singapore,0.1039,104.5621,Electronics,Mechanical Keyboard,4,179.48,717.92,Marketplace,Mobile,Completed,5
2026-07-25 10:57:42,c4819,Australia,-26.4453,131.6094,Electronics,Smart Watch,3,118.65,355.95,Affiliate,Tablet,Completed,1
2026-07-25 11:20:10,c6704,India,21.1711,81.6248,Apparel,Denim Jacket,5,38.11,190.55,Mobile App,Tablet,Completed,5
2026-07-25 11:53:41,c8352,Brazil,-12.6934,-54.2647,Beauty,Makeup Brush Kit,1,9.15,9.15,Affiliate,Tablet,Completed,4
2026-07-25 12:32:15,c7470,Australia,-27.2023,135.2846,Beauty,Shampoo Bar,3,108.37,325.11,Web,Mobile,Pending,4
2026-07-25 13:05:24,c8785,India,21.6993,77.7527,Electronics,Mechanical Keyboard,4,56.31,225.24,Affiliate,Tablet,Completed,2
2026-07-25 13:28:44,c4755,United Kingdom,53.926,-1.3106,Beauty,Makeup Brush Kit,2,23.71,47.42,Mobile App,Desktop,Refunded,2
2026-07-25 13:33:05,c9254,India,18.9738,81.8106,Apparel,Baseball Cap,4,97.18,388.72,Mobile App,Tablet,Completed,4
2026-07-25 13:42:14,c8765,Germany,49.0829,8.5363,Books,Business Guide,4,155.12,620.48,Marketplace,Mobile,Completed,5
2026-07-25 13:49:43,c8062,Japan,38.3117,140.5088,Apparel,Denim Jacket,3,35.62,106.86,Affiliate,Desktop,Completed,2
2026-07-25 14:09:54,c6309,France,48.6764,1.3775,Books,Business Guide,1,16.46,16.46,Web,Tablet,Pending,4
2026-07-25 14:23:24,c9585,Japan,37.3076,135.6623,Home,Desk Lamp,3,100.82,302.46,Mobile App,Mobile,Refunded,3
2026-07-25 14:24:08,c2293,France,45.7418,2.4231,Books,Kids Picture Book,2,108.97,217.94,Affiliate,Tablet,Completed,3
2026-07-25 14:43:55,c2744,Brazil,-12.1392,-53.8638,Beauty,Makeup Brush Kit,4,79.97,319.88,Marketplace,Tablet,Cancelled,4
2026-07-25 14:49:35,c6554,India,20.2914,80.3805,Sports,Water Bottle,4,113.96,455.84,Marketplace,Mobile,Completed,2
2026-07-25 15:02:29,c3384,Japan,34.4675,139.3106,Beauty,Makeup Brush Kit,5,151.44,757.2,Marketplace,Tablet,Completed,5
2026-07-25 15:16:21,c8325,Singapore,-1.5016,102.9727,Home,Desk Lamp,3,125.9,377.7,Marketplace,Tablet,Completed,2
2026-07-25 15:32:03,c6478,South Africa,-31.6857,21.865,Sports,Dumbbell Set,1,112.93,112.93,Affiliate,Tablet,Refunded,5
2026-07-25 15:48:47,c9374,Brazil,-15.9858,-54.5514,Electronics,Wireless Headphones,1,160.49,160.49,Marketplace,Mobile,Completed,4
2026-07-25 16:19:38,c5915,Brazil,-11.3811,-52.7938,Apparel,Winter Coat,4,218.15,872.6,Affiliate,Tablet,Completed,2
2026-07-25 16:37:34,c7771,India,19.0953,79.7954,Home,Cutting Board Set,3,74.48,223.44,Web,Desktop,Completed,5
2026-07-25 16:45:03,c8769,United Kingdom,55.282,-4.8338,Home,Cutting Board Set,1,176.78,176.78,Mobile App,Desktop,Completed,5
2026-07-25 17:01:19,c7360,Australia,-22.3073,135.0348,Beauty,Lip Balm Set,4,197.85,791.4,Affiliate,Desktop,Completed,5
2026-07-25 17:20:19,c5164,South Africa,-29.6082,22.8716,Sports,Water Bottle,2,116.19,232.38,Affiliate,Desktop,Completed,1
2026-07-25 17:56:35,c7395,Singapore,3.4707,105.1112,Books,Cookbook,3,161.27,483.81,Affiliate,Tablet,Completed,5
2026-07-25 18:02:11,c4083,Australia,-22.53,133.6882,Home,Cutting Board Set,5,50.41,252.05,Web,Mobile,Completed,4
2026-07-25 18:08:38,c3160,South Africa,-31.8625,23.3337,Sports,Yoga Mat,5,19.84,99.2,Affiliate,Desktop,Cancelled,3
2026-07-25 18:14:33,c1370,Singapore,-0.0204,105.2714,Books,Business Guide,2,87.68,175.36,Mobile App,Tablet,Completed,5
2026-07-25 18:20:01,c9084,Germany,50.5762,8.6302,Sports,Camping Tent,3,69.92,209.76,Affiliate,Tablet,Completed,5
2026-07-25 18:43:59,c4162,South Africa,-33.0142,22.1618,Beauty,Makeup Brush Kit,4,125.04,500.16,Mobile App,Mobile,Completed,4
2026-07-25 18:45:00,c9929,France,47.9511,2.0067,Electronics,4K Monitor,2,53.89,107.78,Web,Desktop,Completed,5
2026-07-25 18:51:56,c4823,Canada,53.85,-108.4265,Beauty,Lip Balm Set,2,171.79,343.58,Affiliate,Desktop,Completed,1
2026-07-25 18:52:54,c5667,Germany,49.0092,11.9325,Electronics,Mechanical Keyboard,2,31.46,62.92,Web,Desktop,Completed,5
2026-07-25 20:02:16,c6498,United States,34.2793,-96.7433,Books,Kids Picture Book,4,121.2,484.8,Mobile App,Desktop,Completed,3
2026-07-25 20:12:29,c4106,United Kingdom,56.4154,-1.0762,Electronics,4K Monitor,3,120.19,360.57,Marketplace,Desktop,Completed,5
2026-07-25 20:17:31,c7033,Mexico,23.3934,-102.8095,Electronics,Bluetooth Speaker,4,120.33,481.32,Mobile App,Mobile,Completed,2
2026-07-25 20:22:47,c9115,United Kingdom,55.3014,-0.5098,Apparel,Running Shoes,2,58.88,117.76,Marketplace,Desktop,Completed,5
2026-07-25 20:24:48,c6963,United Kingdom,54.865,-1.4823,Beauty,Shampoo Bar,5,186.34,931.7,Web,Tablet,Completed,2
2026-07-25 20:46:13,c5190,Mexico,23.2377,-101.1525,Home,Throw Blanket,5,212.49,1062.45,Affiliate,Tablet,Completed,3
2026-07-25 21:30:03,c3203,Canada,55.8879,-109.1528,Sports,Tennis Racket,2,112.19,224.38,Marketplace,Tablet,Completed,2
2026-07-25 22:19:22,c9626,France,47.5422,3.7838,Books,Kids Picture Book,2,163.57,327.14,Marketplace,Tablet,Completed,3
2026-07-25 22:42:23,c7891,Australia,-25.2763,133.2643,Sports,Tennis Racket,3,196.42,589.26,Web,Tablet,Completed,2
2026-07-25 22:42:40,c1690,South Africa,-27.6918,20.8783,Home,Throw Blanket,2,98.74,197.48,Affiliate,Desktop,Completed,3
2026-07-25 23:13:13,c1259,India,21.6173,81.111,Books,Kids Picture Book,2,158.13,316.26,Marketplace,Tablet,Completed,5
2026-07-25 23:22:16,c9594,Germany,49.3542,12.6685,Electronics,Wireless Headphones,4,112.98,451.92,Affiliate,Desktop,Completed,5
2026-07-25 23:28:34,c2249,France,48.0967,2.6052,Books,Cookbook,5,113.38,566.9,Marketplace,Desktop,Completed,5
2026-07-25 23:32:24,c3349,Mexico,24.0865,-101.0793,Sports,Yoga Mat,1,162.44,162.44,Web,Tablet,Pending,5
2026-07-25 23:56:18,c7951,South Africa,-31.2753,20.3531,Home,Air Purifier,4,45.29,181.16,Mobile App,Tablet,Completed,4
2026-07-25 23:59:32,c8340,Mexico,24.5858,-103.0191,Beauty,Lip Balm Set,3,173.07,519.21,Affiliate,Tablet,Cancelled,4
2026-07-26 00:07:27,c6112,United States,36.7614,-97.178,Sports,Camping Tent,2,163.39,326.78,Web,Mobile,Refunded,5
2026-07-26 00:45:45,c9643,Canada,54.852,-105.8337,Sports,Tennis Racket,1,52.62,52.62,Web,Tablet,Completed,1
2026-07-26 01:15:52,c7188,Brazil,-14.1974,-51.8865,Sports,Water Bottle,2,178.33,356.66,Web,Mobile,Completed,5
2026-07-26 02:03:27,c4420,United Kingdom,52.6726,-4.5657,Electronics,Wireless Headphones,5,151.56,757.8,Marketplace,Desktop,Completed,5
2026-07-26 02:03:48,c8621,India,20.6653,80.2958,Sports,Camping Tent,4,156.8,627.2,Marketplace,Mobile,Completed,1
2026-07-26 02:05:17,c4410,United States,35.6025,-93.9511,Sports,Yoga Mat,4,215.94,863.76,Web,Tablet,Completed,4
2026-07-26 02:08:34,c3158,Canada,56.1445,-105.9803,Electronics,Wireless Headphones,3,79.51,238.53,Affiliate,Tablet,Completed,5
2026-07-26 02:39:43,c8798,United Kingdom,52.4181,-5.3635,Electronics,Bluetooth Speaker,3,96.24,288.72,Mobile App,Desktop,Completed,4
2026-07-26 02:39:51,c8538,South Africa,-30.4123,20.5894,Sports,Yoga Mat,5,69.56,347.8,Marketplace,Mobile,Completed,4
2026-07-26 03:06:49,c2200,Mexico,25.6568,-102.8413,Beauty,Shampoo Bar,3,140.06,420.18,Affiliate,Tablet,Refunded,4
2026-07-26 03:21:08,c9898,Japan,33.814,137.6659,Sports,Dumbbell Set,2,69.44,138.88,Marketplace,Tablet,Pending,3
2026-07-26 04:07:55,c6308,Mexico,25.5609,-101.4107,Home,Cutting Board Set,5,168.88,844.4,Affiliate,Desktop,Completed,4
2026-07-26 04:14:20,c6368,Japan,34.9045,136.4949,Home,Cutting Board Set,4,130.0,520.0,Web,Mobile,Completed,1
2026-07-26 04:35:41,c7683,United States,35.3728,-95.5022,Electronics,Smart Watch,2,149.69,299.38,Marketplace,Desktop,Completed,5
2026-07-26 04:43:12,c3004,Singapore,1.1142,101.5777,Apparel,Baseball Cap,4,143.02,572.08,Mobile App,Tablet,Completed,5
2026-07-26 06:35:55,c4330,Mexico,22.9723,-101.477,Electronics,Bluetooth Speaker,5,83.45,417.25,Web,Mobile,Completed,2
2026-07-26 07:14:23,c2423,Australia,-22.762,135.0775,Electronics,Smart Watch,4,112.57,450.28,Mobile App,Mobile,Completed,2
2026-07-26 07:27:15,c6026,Brazil,-13.3632,-52.1729,Electronics,Wireless Headphones,4,120.07,480.28,Marketplace,Desktop,Completed,5
2026-07-26 07:55:01,c6349,Canada,58.864,-107.8015,Sports,Water Bottle,3,141.88,425.64,Mobile App,Tablet,Completed,4
2026-07-26 07:57:11,c6119,South Africa,-28.4713,25.1713,Home,Air Purifier,1,29.86,29.86,Web,Tablet,Completed,4
2026-07-26 08:05:25,c7613,Japan,36.0826,140.9071,Electronics,Mechanical Keyboard,4,33.99,135.96,Mobile App,Desktop,Completed,4
2026-07-26 08:22:10,c9184,Japan,37.5048,135.6918,Sports,Dumbbell Set,4,68.95,275.8,Web,Tablet,Completed,4
2026-07-26 08:35:14,c8917,Canada,57.0891,-105.7221,Sports,Dumbbell Set,5,9.93,49.65,Marketplace,Mobile,Refunded,5
2026-07-26 08:48:26,c5803,Australia,-26.977,130.9637,Books,Sci-Fi Anthology,5,173.0,865.0,Marketplace,Tablet,Completed,4
2026-07-26 08:51:29,c1807,Singapore,2.0019,104.982,Electronics,Smart Watch,3,154.39,463.17,Affiliate,Mobile,Refunded,1
2026-07-26 08:55:42,c7604,United Kingdom,57.2495,-5.7,Sports,Camping Tent,1,136.63,136.63,Mobile App,Mobile,Completed,5
2026-07-26 09:10:21,c6282,Australia,-26.3937,134.1012,Apparel,Winter Coat,3,42.21,126.63,Web,Desktop,Pending,4
2026-07-26 09:17:10,c3501,United Kingdom,53.7662,-3.6689,Sports,Yoga Mat,3,207.13,621.39,Mobile App,Desktop,Completed,5
2026-07-26 09:21:56,c4010,India,20.9834,80.2852,Apparel,Winter Coat,5,11.68,58.4,Mobile App,Desktop,Completed,5
2026-07-26 09:37:16,c8148,India,23.1743,77.3142,Sports,Tennis Racket,5,155.64,778.2,Web,Desktop,Completed,1
2026-07-26 10:25:08,c4542,Australia,-23.8504,135.9131,Beauty,Makeup Brush Kit,3,141.97,425.91,Web,Tablet,Completed,5
2026-07-26 10:40:49,c8349,Australia,-25.9714,136.1638,Apparel,Running Shoes,5,98.25,491.25,Mobile App,Desktop,Completed,3
2026-07-26 11:15:39,c1787,Australia,-23.2831,131.6568,Beauty,Perfume,1,78.37,78.37,Marketplace,Mobile,Completed,4
2026-07-26 11:51:43,c6543,South Africa,-29.4555,20.9753,Books,Kids Picture Book,5,148.85,744.25,Marketplace,Tablet,Completed,1
2026-07-26 12:05:11,c1281,Germany,49.7167,10.9389,Sports,Camping Tent,4,181.73,726.92,Affiliate,Mobile,Completed,5
2026-07-26 12:06:06,c1007,Brazil,-12.2672,-49.9008,Books,Cookbook,4,191.98,767.92,Web,Tablet,Completed,4
2026-07-26 12:16:23,c4166,South Africa,-30.8216,19.9689,Apparel,Denim Jacket,3,118.12,354.36,Mobile App,Desktop,Completed,5
2026-07-26 13:25:25,c7798,Canada,55.2317,-107.0937,Books,Mystery Novel,2,90.11,180.22,Mobile App,Desktop,Cancelled,5
2026-07-26 14:17:37,c6884,Japan,39.1429,137.2709,Sports,Water Bottle,2,211.49,422.98,Marketplace,Desktop,Cancelled,5
2026-07-26 14:22:28,c4087,Mexico,26.2771,-103.8045,Books,Mystery Novel,4,77.89,311.56,Web,Desktop,Completed,5
2026-07-26 14:35:24,c1833,United Kingdom,57.2833,-3.2251,Apparel,Graphic T-Shirt,1,167.99,167.99,Web,Mobile,Completed,4
2026-07-26 14:38:14,c5351,United Kingdom,53.1735,-4.3078,Beauty,Face Serum,4,80.97,323.88,Mobile App,Tablet,Completed,5
2026-07-26 14:52:48,c7725,South Africa,-32.9402,20.6034,Beauty,Face Serum,3,83.28,249.84,Mobile App,Tablet,Completed,2
2026-07-26 16:22:54,c3353,Australia,-26.4194,134.5297,Beauty,Makeup Brush Kit,1,90.99,90.99,Affiliate,Tablet,Completed,5
2026-07-26 16:38:05,c9944,Australia,-26.5084,131.2524,Books,Sci-Fi Anthology,4,8.65,34.6,Marketplace,Tablet,Completed,5
2026-07-26 17:09:04,c1859,Brazil,-12.3289,-52.8035,Beauty,Shampoo Bar,2,139.61,279.22,Mobile App,Tablet,Completed,4
2026-07-26 18:23:08,c6968,Germany,53.8286,12.3344,Electronics,Wireless Headphones,5,215.51,1077.55,Affiliate,Desktop,Completed,4
2026-07-26 18:31:21,c6833,Canada,55.1556,-104.5195,Sports,Yoga Mat,4,124.74,498.96,Affiliate,Desktop,Cancelled,5
2026-07-26 18:48:48,c7821,India,22.537,76.0416,Electronics,Mechanical Keyboard,2,217.89,435.78,Web,Tablet,Completed,4
2026-07-26 19:03:33,c8066,Japan,38.5741,139.0479,Apparel,Winter Coat,1,185.34,185.34,Web,Tablet,Completed,3
2026-07-26 19:49:22,c9241,South Africa,-29.7979,20.9205,Home,Coffee Maker,5,59.45,297.25,Affiliate,Tablet,Completed,4
2026-07-26 21:10:25,c3066,Singapore,0.1463,104.61,Apparel,Graphic T-Shirt,5,112.5,562.5,Web,Desktop,Refunded,5
2026-07-26 21:19:42,c5105,Germany,50.106,11.706,Home,Cutting Board Set,3,187.34,562.02,Mobile App,Tablet,Cancelled,4
2026-07-26 21:33:29,c3758,India,20.8418,77.5457,Sports,Water Bottle,2,25.39,50.78,Mobile App,Tablet,Cancelled,2
2026-07-26 21:38:14,c4911,South Africa,-32.0663,20.6065,Electronics,Wireless Headphones,1,129.95,129.95,Web,Tablet,Completed,4
2026-07-26 22:08:17,c1846,Germany,52.3855,11.8004,Books,Cookbook,4,92.83,371.32,Affiliate,Tablet,Completed,3
2026-07-26 22:16:49,c1602,France,45.5523,0.9894,Electronics,4K Monitor,5,18.99,94.95,Web,Tablet,Cancelled,3
2026-07-26 22:21:58,c6243,Australia,-27.9334,133.1486,Sports,Camping Tent,2,26.27,52.54,Marketplace,Tablet,Completed,1
2026-07-26 22:22:57,c8571,France,47.8183,0.9702,Books,Sci-Fi Anthology,4,203.82,815.28,Web,Mobile,Completed,5
2026-07-26 23:02:30,c3710,Japan,36.3814,140.0137,Home,Throw Blanket,1,122.78,122.78,Web,Desktop,Completed,2
2026-07-26 23:26:02,c1640,Canada,54.8362,-104.3001,Books,Mystery Novel,5,202.62,1013.1,Marketplace,Tablet,Completed,5
2026-07-26 23:57:04,c5128,South Africa,-28.0008,24.5806,Home,Air Purifier,2,111.0,222.0,Marketplace,Tablet,Cancelled,3
2026-07-26 23:58:13,c3674,Australia,-27.8269,136.7723,Electronics,Bluetooth Speaker,2,83.84,167.68,Mobile App,Tablet,Completed,4
