_time,session_id,customer_id,event_type,device,region,genre,plan_tier_raw,duration_sec,buffer_ms,bitrate_label,error_code,watch_pct_raw,rating_raw
2026-06-01 03:34:30,sess_000912,cust_0123,session_start,Smart TV,Europe,,Basic,0,0,,,,
2026-06-01 03:42:33,sess_000912,cust_0123,play,Smart TV,Europe,Documentary,Basic,1407,0,480p-2000kbps,,,
2026-06-01 03:54:52,sess_000912,cust_0123,play,Smart TV,Europe,Drama,Basic,1734,0,720p-3000kbps,,,
2026-06-01 04:07:37,sess_000912,cust_0123,play,Smart TV,Europe,Drama,Basic,486,0,8000kbps,,,
2026-06-01 04:19:17,sess_000912,cust_0123,play,Smart TV,Europe,SciFi,Basic,997,0,1080p-8000kbps,,,
2026-06-01 04:21:32,sess_000912,cust_0123,play,Smart TV,Europe,SciFi,Basic,571,0,1500kbps,,,
2026-06-01 04:23:00,sess_000912,cust_0123,buffer,Smart TV,Europe,Comedy,Basic,0,1262,,,,
2026-06-01 04:25:18,sess_000097,cust_0077,session_start,Console,Africa,,standard,0,0,,,,
2026-06-01 04:33:42,sess_000912,cust_0123,error,Smart TV,Europe,Documentary,Basic,0,0,,E2002,,
2026-06-01 04:35:03,sess_000097,cust_0077,play,Console,Africa,Documentary,standard,1282,0,4500kbps,,,
2026-06-01 04:43:29,sess_000912,cust_0123,play,Smart TV,Europe,Kids,Basic,1758,0,720p-4500kbps,,,
2026-06-01 04:48:36,sess_000097,cust_0077,play,Console,Africa,Horror,standard,1441,0,1080p-8000kbps,,,
2026-06-01 04:49:21,sess_000912,cust_0123,pause,Smart TV,Europe,Documentary,Basic,0,0,,,,
2026-06-01 04:58:29,sess_000912,cust_0123,play,Smart TV,Europe,Kids,Basic,1641,0,4500 kbps,,,
2026-06-01 04:58:50,sess_000097,cust_0077,error,Console,Africa,Comedy,standard,0,0,,E1001,,
2026-06-01 04:59:36,sess_000912,cust_0123,session_end,Smart TV,Europe,,Basic,0,0,,,75%,5.0
2026-06-01 05:02:40,sess_000097,cust_0077,play,Console,Africa,Documentary,standard,1129,0,480p-2000kbps,,,
2026-06-01 05:03:05,sess_000097,cust_0077,session_end,Console,Africa,,standard,0,0,,,80%,N/A
2026-06-01 05:58:49,sess_000455,cust_0075,session_start,Smart TV,LATAM,,BASIC,0,0,,,,
2026-06-01 06:12:46,sess_000455,cust_0075,play,Smart TV,LATAM,Kids,BASIC,971,0,6000kbps,,,
2026-06-01 06:25:21,sess_000455,cust_0075,play,Smart TV,,Drama,BASIC,826,0,480p-1500kbps,,,
2026-06-01 06:38:44,sess_000455,cust_0075,buffer,Smart TV,LATAM,Comedy,BASIC,0,237,,,,
2026-06-01 06:43:57,sess_000455,cust_0075,play,Smart TV,LATAM,SciFi,BASIC,1177,0,2000kbps,,,
2026-06-01 06:48:26,sess_000455,cust_0075,play,Smart TV,LATAM,Comedy,BASIC,1422,0,1500kbps,,,
2026-06-01 06:53:47,sess_000455,cust_0075,pause,Smart TV,LATAM,Kids,BASIC,0,0,,,,
2026-06-01 06:58:26,sess_000455,cust_0075,play,Smart TV,LATAM,Kids,BASIC,1786,0,1500kbps,,,
2026-06-01 07:12:43,sess_000455,cust_0075,pause,Smart TV,LATAM,SciFi,BASIC,0,0,,,,
2026-06-01 07:13:55,sess_000455,cust_0075,session_end,Smart TV,LATAM,,BASIC,0,0,,,75%,3.0
2026-06-01 07:40:25,sess_000588,cust_0056,session_start,Mobile,Africa,,BASIC,0,0,,,,
2026-06-01 07:41:27,sess_000588,cust_0056,play,Mobile,Africa,Documentary,BASIC,435,0,8000kbps,,,
2026-06-01 07:51:39,sess_000588,cust_0056,play,Mobile,Africa,Action,BASIC,1784,0,3000kbps,,,
2026-06-01 07:52:51,sess_000588,cust_0056,play,Mobile,Africa,Kids,BASIC,1610,0,6000kbps,,,
2026-06-01 08:04:18,sess_000588,cust_0056,play,Mobile,Africa,Horror,BASIC,952,0,1500kbps,,,
2026-06-01 08:11:22,sess_000588,cust_0056,play,Mobile,Africa,Action,BASIC,444,0,4500 kbps,,,
2026-06-01 08:12:19,sess_000588,cust_0056,play,Mobile,Africa,Kids,BASIC,544,0,480p-1500kbps,,,
2026-06-01 08:15:44,sess_000588,cust_0056,buffer,Mobile,Africa,Documentary,BASIC,0,1416,,,,
2026-06-01 08:30:08,sess_000588,cust_0056,pause,Mobile,Africa,Drama,BASIC,0,0,,,,
2026-06-01 08:40:40,sess_000588,cust_0056,buffer,Mobile,Africa,Kids,BASIC,0,3875,,,,
2026-06-01 08:54:48,sess_000588,cust_0056,pause,Mobile,Africa,SciFi,BASIC,0,0,,,,
2026-06-01 08:55:58,sess_000588,cust_0056,play,Mobile,Africa,Documentary,BASIC,678,0,1080p-8000kbps,,,
2026-06-01 08:56:19,sess_000588,cust_0056,session_end,Mobile,Africa,,BASIC,0,0,,,87%,n/a
2026-06-01 09:24:57,sess_000826,cust_0033,session_start,Web,Africa,,standard,0,0,,,,
2026-06-01 09:27:38,sess_000826,cust_0033,play,Web,Africa,Documentary,standard,1369,0,1080p-6000kbps,,,
2026-06-01 09:29:13,sess_000826,cust_0033,play,Web,Africa,Horror,standard,1746,0,6000 kbps,,,
2026-06-01 09:30:56,sess_000826,cust_0033,session_end,Web,Africa,,standard,0,0,,,90%,4.0
2026-06-01 10:34:21,sess_000325,cust_0124,session_start,Web,Europe,,basic ,0,0,,,,
2026-06-01 10:35:25,sess_000842,cust_0130,session_start,Mobile,,,BASIC,0,0,,,,
2026-06-01 10:38:26,sess_000804,cust_0105,session_start,Smart TV,North America,,STD,0,0,,,,
2026-06-01 10:40:57,sess_000842,cust_0130,buffer,Mobile,LATAM,Action,BASIC,0,223,,,,
2026-06-01 10:44:47,sess_000325,cust_0124,play,Web,Europe,Horror,basic ,1157,0,480p-2000kbps,,,
2026-06-01 10:46:15,sess_000325,cust_0124,play,Web,Europe,Documentary,basic ,322,0,4500 kbps,,,
2026-06-01 10:47:03,sess_000325,cust_0124,session_end,Web,Europe,,basic ,0,0,,,80%,N/A
2026-06-01 10:52:12,sess_000804,cust_0105,play,Smart TV,North America,Action,STD,1021,0,1500kbps,,,
2026-06-01 10:52:54,sess_000842,cust_0130,play,Mobile,LATAM,Comedy,BASIC,273,0,2000kbps,,,
2026-06-01 10:57:58,sess_000804,cust_0105,play,Smart TV,North America,Kids,STD,1155,0,1080p-6000kbps,,,
2026-06-01 11:00:12,sess_000804,cust_0105,play,Smart TV,North America,Horror,STD,281,0,1080p-8000kbps,,,
2026-06-01 11:03:32,sess_000842,cust_0130,play,Mobile,LATAM,Drama,BASIC,969,0,480p-1500kbps,,,
2026-06-01 11:08:01,sess_000842,cust_0130,buffer,Mobile,LATAM,SciFi,BASIC,0,3822,,,,
2026-06-01 11:12:50,sess_000804,cust_0105,play,Smart TV,North America,Horror,STD,1757,0,1080p-6000kbps,,,
2026-06-01 11:17:44,sess_000804,cust_0105,play,Smart TV,North America,Horror,STD,558,0,8000kbps,,,
2026-06-01 11:22:34,sess_000842,cust_0130,play,Mobile,LATAM,Kids,BASIC,1399,0,4500kbps,,,
2026-06-01 11:23:10,sess_000842,cust_0130,play,Mobile,LATAM,Horror,BASIC,1430,0,3000kbps,,,
2026-06-01 11:23:59,sess_000842,cust_0130,session_end,Mobile,LATAM,,BASIC,0,0,,,60%,3 stars
2026-06-01 11:25:26,sess_000804,cust_0105,error,Smart TV,North America,Kids,STD,0,0,,E3003,,
2026-06-01 11:33:59,sess_000581,cust_0099,session_start,Smart TV,Europe,,Standard ,0,0,,,,
2026-06-01 11:37:24,sess_000804,cust_0105,play,Smart TV,North America,Documentary,STD,1527,0,720p-4500kbps,,,
2026-06-01 11:43:58,sess_000581,cust_0099,pause,Smart TV,Europe,SciFi,Standard ,0,0,,,,
2026-06-01 11:46:46,sess_000972,cust_0053,session_start,Mobile,Africa,,Premium ,0,0,,,,
2026-06-01 11:47:27,sess_000581,cust_0099,play,Smart TV,Europe,Kids,Standard ,1515,0,4500 kbps,,,
2026-06-01 11:51:52,sess_000581,cust_0099,play,Smart TV,Europe,Documentary,Standard ,1450,0,480p-1500kbps,,,
2026-06-01 11:52:13,sess_000804,cust_0105,play,Smart TV,North America,Documentary,STD,1662,0,720p-3000kbps,,,
2026-06-01 11:52:40,sess_000804,cust_0105,play,Smart TV,North America,SciFi,STD,1253,0,1080p-8000kbps,,,
2026-06-01 11:53:47,sess_000581,cust_0099,session_end,Smart TV,Europe,,Standard ,0,0,,,95%,4.0
2026-06-01 11:56:45,sess_000972,cust_0053,play,Mobile,Africa,Comedy,Premium ,1336,0,480p-2000kbps,,,
2026-06-01 12:03:15,sess_000804,cust_0105,play,Smart TV,North America,Horror,STD,1602,0,3000 kbps,,,
2026-06-01 12:03:43,sess_000843,cust_0064,session_start,Tablet,APAC,,Standard,0,0,,,,
2026-06-01 12:06:12,sess_000972,cust_0053,pause,Mobile,Africa,Drama,Premium ,0,0,,,,
2026-06-01 12:08:23,sess_000972,cust_0053,play,Mobile,Africa,Horror,Premium ,1235,0,720p-4500kbps,,,
2026-06-01 12:08:57,sess_000843,cust_0064,error,Tablet,APAC,SciFi,Standard,0,0,,E3003,,
2026-06-01 12:10:19,sess_000804,cust_0105,play,Smart TV,North America,Action,STD,1579,0,480p-1500kbps,,,
2026-06-01 12:12:02,sess_000804,cust_0105,session_end,Smart TV,North America,,STD,0,0,,,80%,
2026-06-01 12:12:52,sess_000972,cust_0053,buffer,Mobile,Africa,Action,Premium ,0,3985,,,,
2026-06-01 12:15:42,sess_000972,cust_0053,buffer,Mobile,Africa,Comedy,Premium ,0,1021,,,,
2026-06-01 12:18:42,sess_000972,cust_0053,play,Mobile,Africa,Comedy,Premium ,886,0,4500kbps,,,
2026-06-01 12:31:08,sess_000972,cust_0053,play,Mobile,Africa,Action,Premium ,442,0,4500kbps,,,
2026-06-01 12:38:35,sess_000972,cust_0053,pause,Mobile,Africa,SciFi,Premium ,0,0,,,,
2026-06-01 12:45:48,sess_000972,cust_0053,buffer,Mobile,Africa,Drama,Premium ,0,780,,,,
2026-06-01 12:54:58,sess_000972,cust_0053,play,Mobile,Africa,Kids,Premium ,240,0,720p-4500kbps,,,
2026-06-01 12:58:19,sess_000972,cust_0053,pause,Mobile,Africa,Action,Premium ,0,0,,,,
2026-06-01 12:58:45,sess_000972,cust_0053,session_end,Mobile,Africa,,Premium ,0,0,,,95%,2.0
2026-06-01 13:26:15,sess_000460,cust_0148,session_start,Mobile,LATAM,,Premium,0,0,,,,
2026-06-01 13:27:24,sess_000460,cust_0148,pause,Mobile,LATAM,Comedy,Premium,0,0,,,,
2026-06-01 13:39:21,sess_000460,cust_0148,play,Mobile,LATAM,SciFi,Premium,31,0,2000 kbps,,,
2026-06-01 13:52:17,sess_000460,cust_0148,play,Mobile,LATAM,Documentary,Premium,1012,0,1080p-6000kbps,,,
2026-06-01 13:55:39,sess_000460,cust_0148,buffer,Mobile,LATAM,Kids,Premium,0,1537,,,,
2026-06-01 14:05:25,sess_000460,cust_0148,play,Mobile,LATAM,Documentary,Premium,974,0,480p-1500kbps,,,
2026-06-01 14:12:30,sess_000460,cust_0148,play,Mobile,LATAM,Horror,Premium,1173,0,6000kbps,,,
2026-06-01 14:18:55,sess_000460,cust_0148,play,Mobile,LATAM,Documentary,Premium,1584,0,4500kbps,,,
2026-06-01 14:29:50,sess_000460,cust_0148,buffer,Mobile,LATAM,SciFi,Premium,0,2131,,,,
2026-06-01 14:42:45,sess_000460,cust_0148,play,Mobile,LATAM,Comedy,Premium,1782,0,3000 kbps,,,
2026-06-01 14:43:41,sess_000460,cust_0148,session_end,Mobile,LATAM,,Premium,0,0,,,80%,2 stars
2026-06-01 15:29:54,sess_000984,cust_0056,session_start,Mobile,Africa,,basic,0,0,,,,
2026-06-01 15:37:36,sess_000984,cust_0056,buffer,Mobile,Africa,SciFi,basic,0,277,,,,
2026-06-01 15:39:21,sess_000984,cust_0056,play,Mobile,Africa,Action,basic,1626,0,2000kbps,,,
2026-06-01 15:42:48,sess_000984,cust_0056,error,Mobile,Africa,Comedy,basic,0,0,,E1001,,
2026-06-01 17:28:51,sess_000834,cust_0133,session_start,Mobile,Africa,,BASIC,0,0,,,,
2026-06-01 17:37:32,sess_000834,cust_0133,error,Mobile,Africa,Comedy,BASIC,0,0,,E1001,,
2026-06-01 17:40:51,sess_000834,cust_0133,play,Mobile,Africa,SciFi,BASIC,1050,0,1080p-8000kbps,,,
2026-06-01 17:41:39,sess_000834,cust_0133,play,Mobile,Africa,Kids,BASIC,1290,0,6000 kbps,,,
2026-06-01 17:44:21,sess_000247,cust_0008,session_start,Tablet,LATAM,,premium plus,0,0,,,,
2026-06-01 17:52:32,sess_000368,cust_0001,session_start,Tablet,Africa,,Standard ,0,0,,,,
2026-06-01 17:52:35,sess_000248,cust_0082,session_start,Smart TV,Africa,,PREM,0,0,,,,
2026-06-01 17:54:06,sess_000247,cust_0008,buffer,Tablet,LATAM,Kids,premium plus,0,216,,,,
2026-06-01 17:55:00,sess_000834,cust_0133,pause,Mobile,Africa,SciFi,BASIC,0,0,,,,
2026-06-01 17:56:44,sess_000247,cust_0008,play,Tablet,,Horror,premium plus,891,0,2000 kbps,,,
2026-06-01 17:57:45,sess_000368,cust_0001,play,Tablet,Africa,Action,Standard ,764,0,720p-3000kbps,,,
2026-06-01 18:03:48,sess_000834,cust_0133,play,Mobile,Africa,SciFi,BASIC,844,0,3000 kbps,,,
2026-06-01 18:03:50,sess_000248,cust_0082,play,Smart TV,Africa,Documentary,PREM,333,0,1080p-8000kbps,,,
2026-06-01 18:04:01,sess_000247,cust_0008,play,Tablet,LATAM,Drama,premium plus,1315,0,6000kbps,,,
2026-06-01 18:09:40,sess_000368,cust_0001,pause,Tablet,Africa,Comedy,Standard ,0,0,,,,
2026-06-01 18:10:53,sess_000248,cust_0082,play,Smart TV,Africa,Comedy,PREM,1246,0,1500 kbps,,,
2026-06-01 18:12:04,sess_000834,cust_0133,play,Mobile,Africa,Drama,BASIC,1219,0,2000 kbps,,,
2026-06-01 18:12:43,sess_000368,cust_0001,play,Tablet,Africa,Horror,Standard ,1101,0,1080p-8000kbps,,,
2026-06-01 18:16:22,sess_000248,cust_0082,play,Smart TV,Africa,Action,PREM,875,0,720p-3000kbps,,,
2026-06-01 18:18:43,sess_000247,cust_0008,play,Tablet,LATAM,SciFi,premium plus,658,0,6000kbps,,,
2026-06-01 18:19:30,sess_000368,cust_0001,play,Tablet,Africa,Action,Standard ,1761,0,6000kbps,,,
2026-06-01 18:21:48,sess_000368,cust_0001,play,Tablet,,Horror,Standard ,612,0,4500 kbps,,,
2026-06-01 18:24:39,sess_000247,cust_0008,play,Tablet,LATAM,Comedy,premium plus,808,0,8000 kbps,,,
2026-06-01 18:24:47,sess_000248,cust_0082,play,Smart TV,Africa,Kids,PREM,1571,0,480p-2000kbps,,,
2026-06-01 18:25:06,sess_000247,cust_0008,play,Tablet,LATAM,Drama,premium plus,370,0,2000kbps,,,
2026-06-01 18:26:22,sess_000834,cust_0133,play,Mobile,Africa,Horror,BASIC,898,0,3000 kbps,,,
2026-06-01 18:26:24,sess_000368,cust_0001,play,Tablet,Africa,Drama,Standard ,450,0,1500kbps,,,
2026-06-01 18:29:13,sess_000368,cust_0001,play,Tablet,Africa,Horror,Standard ,699,0,1080p-8000kbps,,,
2026-06-01 18:32:06,sess_000248,cust_0082,play,Smart TV,Africa,Kids,PREM,1156,0,2000 kbps,,,
2026-06-01 18:33:07,sess_000247,cust_0008,buffer,Tablet,LATAM,Comedy,premium plus,0,3855,,,,
2026-06-01 18:33:45,sess_000247,cust_0008,session_end,Tablet,,,premium plus,0,0,,,87%,4.0
2026-06-01 18:34:24,sess_000368,cust_0001,pause,Tablet,Africa,SciFi,Standard ,0,0,,,,
2026-06-01 18:34:59,sess_000834,cust_0133,play,Mobile,Africa,Action,BASIC,779,0,2000 kbps,,,
2026-06-01 18:39:48,sess_000368,cust_0001,pause,Tablet,Africa,Comedy,Standard ,0,0,,,,
2026-06-01 18:43:32,sess_000834,cust_0133,play,Mobile,Africa,Drama,BASIC,1730,0,1500kbps,,,
2026-06-01 18:46:26,sess_000248,cust_0082,play,Smart TV,Africa,Comedy,PREM,1009,0,1500 kbps,,,
2026-06-01 18:48:15,sess_000248,cust_0082,session_end,Smart TV,Africa,,PREM,0,0,,,45%,2 stars
2026-06-01 18:50:44,sess_000368,cust_0001,play,Tablet,Africa,Documentary,Standard ,1453,0,4500kbps,,,
2026-06-01 18:56:52,sess_000834,cust_0133,play,Mobile,Africa,Comedy,BASIC,519,0,2000kbps,,,
2026-06-01 18:57:55,sess_000834,cust_0133,play,Mobile,Africa,Kids,BASIC,837,0,8000kbps,,,
2026-06-01 19:02:03,sess_000368,cust_0001,play,Tablet,Africa,Horror,Standard ,1675,0,3000kbps,,,
2026-06-01 19:03:40,sess_000368,cust_0001,session_end,Tablet,Africa,,Standard ,0,0,,,95%,N/A
2026-06-01 19:11:22,sess_000834,cust_0133,play,Mobile,Africa,Comedy,BASIC,1108,0,720p-4500kbps,,,
2026-06-01 19:15:04,sess_000834,cust_0133,pause,Mobile,Africa,Documentary,BASIC,0,0,,,,
2026-06-01 19:26:22,sess_000834,cust_0133,play,Mobile,Africa,Horror,BASIC,1113,0,720p-4500kbps,,,
2026-06-01 19:26:59,sess_000834,cust_0133,session_end,Mobile,Africa,,BASIC,0,0,,,90%,3
2026-06-01 20:56:11,sess_000053,cust_0042,session_start,Web,North America,,Premium ,0,0,,,,
2026-06-01 20:56:56,sess_000053,cust_0042,buffer,Web,North America,Documentary,Premium ,0,927,,,,
2026-06-01 21:03:36,sess_000053,cust_0042,play,Web,North America,Kids,Premium ,1064,0,1500kbps,,,
2026-06-01 21:10:15,sess_000053,cust_0042,play,Web,North America,Kids,Premium ,1297,0,8000 kbps,,,
2026-06-01 21:11:48,sess_000053,cust_0042,play,Web,North America,Documentary,Premium ,255,0,4500 kbps,,,
2026-06-01 21:22:27,sess_000053,cust_0042,play,Web,North America,Horror,Premium ,522,0,480p-2000kbps,,,
2026-06-01 21:24:03,sess_000053,cust_0042,play,Web,North America,Documentary,Premium ,1075,0,480p-1500kbps,,,
2026-06-01 21:25:10,sess_000053,cust_0042,play,Web,North America,Horror,Premium ,46,0,8000kbps,,,
2026-06-01 21:39:29,sess_000053,cust_0042,play,Web,North America,Comedy,Premium ,1128,0,2000kbps,,,
2026-06-01 21:43:28,sess_000053,cust_0042,pause,Web,North America,Documentary,Premium ,0,0,,,,
2026-06-01 21:56:47,sess_000053,cust_0042,buffer,Web,North America,Documentary,Premium ,0,3824,,,,
2026-06-01 21:59:18,sess_000022,cust_0029,session_start,Mobile,Europe,,BASIC,0,0,,,,
2026-06-01 22:11:02,sess_000053,cust_0042,buffer,Web,North America,Horror,Premium ,0,3179,,,,
2026-06-01 22:11:13,sess_000022,cust_0029,play,Mobile,Europe,Action,BASIC,1247,0,480p-2000kbps,,,
2026-06-01 22:12:51,sess_000053,cust_0042,session_end,Web,North America,,Premium ,0,0,,,80%,3 stars
2026-06-01 22:18:38,sess_000022,cust_0029,play,Mobile,Europe,Kids,BASIC,1575,0,720p-4500kbps,,,
2026-06-01 22:26:26,sess_000022,cust_0029,error,Mobile,Europe,Comedy,BASIC,0,0,,E3003,,
2026-06-01 23:00:44,sess_000349,cust_0034,session_start,Console,APAC,,basic ,0,0,,,,
2026-06-01 23:11:08,sess_000909,cust_0136,session_start,Tablet,North America,,premium plus,0,0,,,,
2026-06-01 23:13:44,sess_000349,cust_0034,buffer,Console,APAC,SciFi,basic ,0,1284,,,,
2026-06-01 23:18:36,sess_000909,cust_0136,play,Tablet,North America,Action,premium plus,133,0,2000 kbps,,,
2026-06-01 23:19:55,sess_000349,cust_0034,play,Console,APAC,Documentary,basic ,300,0,4500 kbps,,,
2026-06-01 23:21:30,sess_000349,cust_0034,session_end,Console,APAC,,basic ,0,0,,,90%,2.0
2026-06-01 23:25:00,sess_000686,cust_0127,session_start,Tablet,Africa,,Standard ,0,0,,,,
2026-06-01 23:26:55,sess_000909,cust_0136,play,Tablet,North America,Documentary,premium plus,629,0,8000 kbps,,,
2026-06-01 23:38:05,sess_000909,cust_0136,play,Tablet,North America,Comedy,premium plus,1239,0,480p-1500kbps,,,
2026-06-01 23:38:06,sess_000686,cust_0127,play,Tablet,Africa,Drama,Standard ,1043,0,1500 kbps,,,
2026-06-01 23:44:27,sess_000686,cust_0127,play,Tablet,Africa,Drama,Standard ,107,0,4500kbps,,,
2026-06-01 23:46:07,sess_000909,cust_0136,pause,Tablet,North America,Action,premium plus,0,0,,,,
2026-06-01 23:48:00,sess_000909,cust_0136,session_end,Tablet,North America,,premium plus,0,0,,,80%,
2026-06-01 23:51:28,sess_000686,cust_0127,play,Tablet,Africa,Documentary,Standard ,1594,0,720p-4500kbps,,,
2026-06-01 23:55:22,sess_000686,cust_0127,play,Tablet,Africa,Action,Standard ,296,0,8000 kbps,,,
2026-06-01 23:57:13,sess_000686,cust_0127,session_end,Tablet,Africa,,Standard ,0,0,,,60%,4
2026-06-02 01:39:38,sess_000710,cust_0118,session_start,Web,LATAM,,premium_plus,0,0,,,,
2026-06-02 01:40:43,sess_000710,cust_0118,play,Web,LATAM,Kids,premium_plus,409,0,2000kbps,,,
2026-06-02 01:48:49,sess_000710,cust_0118,pause,Web,LATAM,Horror,premium_plus,0,0,,,,
2026-06-02 02:03:13,sess_000710,cust_0118,play,Web,LATAM,Kids,premium_plus,1045,0,8000 kbps,,,
2026-06-02 02:04:24,sess_000710,cust_0118,session_end,Web,,,premium_plus,0,0,,,45%,3.0
2026-06-02 02:36:38,sess_000640,cust_0032,session_start,Web,LATAM,,standard,0,0,,,,
2026-06-02 02:42:41,sess_000640,cust_0032,play,Web,LATAM,Kids,standard,1066,0,6000kbps,,,
2026-06-02 02:44:59,sess_000640,cust_0032,buffer,Web,LATAM,Documentary,standard,0,3633,,,,
2026-06-02 02:45:16,sess_000640,cust_0032,session_end,Web,LATAM,,standard,0,0,,,90%,2 stars
2026-06-02 02:53:22,sess_000170,cust_0132,session_start,Tablet,LATAM,,basic,0,0,,,,
2026-06-02 03:02:00,sess_000170,cust_0132,play,Tablet,LATAM,Comedy,basic,156,0,4500kbps,,,
2026-06-02 03:10:01,sess_000170,cust_0132,pause,Tablet,LATAM,Horror,basic,0,0,,,,
2026-06-02 03:15:43,sess_000170,cust_0132,play,Tablet,LATAM,Kids,basic,521,0,4500kbps,,,
2026-06-02 03:21:46,sess_000170,cust_0132,buffer,Tablet,LATAM,Horror,basic,0,2197,,,,
2026-06-02 03:30:14,sess_000170,cust_0132,pause,Tablet,LATAM,Kids,basic,0,0,,,,
2026-06-02 03:30:18,sess_000515,cust_0110,session_start,Web,Europe,,PREM,0,0,,,,
2026-06-02 03:34:55,sess_000515,cust_0110,play,Web,Europe,Comedy,PREM,810,0,3000 kbps,,,
2026-06-02 03:38:53,sess_000170,cust_0132,error,Tablet,LATAM,Kids,basic,0,0,,E3003,,
2026-06-02 03:48:43,sess_000515,cust_0110,play,Web,Europe,Horror,PREM,485,0,6000kbps,,,
2026-06-02 03:56:20,sess_000515,cust_0110,play,Web,Europe,Comedy,PREM,736,0,1500 kbps,,,
2026-06-02 04:01:24,sess_000515,cust_0110,play,Web,Europe,Horror,PREM,438,0,480p-1500kbps,,,
2026-06-02 04:03:26,sess_000515,cust_0110,play,Web,Europe,Documentary,PREM,1183,0,1080p-6000kbps,,,
2026-06-02 04:06:06,sess_000515,cust_0110,play,Web,Europe,Kids,PREM,561,0,1080p-8000kbps,,,
2026-06-02 04:09:15,sess_000911,cust_0070,session_start,Web,Africa,,Standard,0,0,,,,
2026-06-02 04:10:24,sess_000515,cust_0110,play,Web,Europe,SciFi,PREM,137,0,480p-2000kbps,,,
2026-06-02 04:11:00,sess_000515,cust_0110,pause,Web,Europe,Kids,PREM,0,0,,,,
2026-06-02 04:12:27,sess_000515,cust_0110,play,Web,Europe,Comedy,PREM,680,0,1500 kbps,,,
2026-06-02 04:22:24,sess_000911,cust_0070,play,Web,Africa,Action,Standard,153,0,480p-1500kbps,,,
2026-06-02 04:23:17,sess_000911,cust_0070,play,Web,Africa,Documentary,Standard,128,0,3000 kbps,,,
2026-06-02 04:24:09,sess_000515,cust_0110,play,Web,Europe,Comedy,PREM,607,0,1500 kbps,,,
2026-06-02 04:25:43,sess_000911,cust_0070,play,Web,Africa,Documentary,Standard,384,0,1500 kbps,,,
2026-06-02 04:26:02,sess_000515,cust_0110,session_end,Web,Europe,,PREM,0,0,,,45%,4.0
2026-06-02 04:31:40,sess_000911,cust_0070,play,Web,Africa,Kids,Standard,921,0,1080p-6000kbps,,,
2026-06-02 04:31:50,sess_000911,cust_0070,session_end,Web,Africa,,Standard,0,0,,,45%,n/a
2026-06-02 08:24:59,sess_000296,cust_0033,session_start,Web,Africa,,standard,0,0,,,,
2026-06-02 08:32:13,sess_000296,cust_0033,error,Web,Africa,SciFi,standard,0,0,,E4004,,
2026-06-02 08:38:58,sess_000296,cust_0033,pause,Web,Africa,Action,standard,0,0,,,,
2026-06-02 08:44:40,sess_000296,cust_0033,pause,Web,Africa,Action,standard,0,0,,,,
2026-06-02 08:58:21,sess_000296,cust_0033,play,Web,Africa,Kids,standard,709,0,3000kbps,,,
2026-06-02 09:01:42,sess_000296,cust_0033,pause,Web,Africa,SciFi,standard,0,0,,,,
2026-06-02 09:03:39,sess_000296,cust_0033,session_end,Web,Africa,,standard,0,0,,,45%,4 stars
2026-06-02 09:28:41,sess_000979,cust_0058,session_start,Tablet,LATAM,,Premium,0,0,,,,
2026-06-02 09:33:33,sess_000979,cust_0058,play,Tablet,LATAM,Kids,Premium,697,0,3000kbps,,,
2026-06-02 09:41:08,sess_000979,cust_0058,play,Tablet,LATAM,Horror,Premium,1149,0,720p-4500kbps,,,
2026-06-02 09:46:36,sess_000979,cust_0058,play,Tablet,LATAM,SciFi,Premium,665,0,2000 kbps,,,
2026-06-02 09:52:24,sess_000979,cust_0058,pause,Tablet,LATAM,Horror,Premium,0,0,,,,
2026-06-02 09:53:49,sess_000979,cust_0058,pause,Tablet,LATAM,Horror,Premium,0,0,,,,
2026-06-02 10:07:33,sess_000979,cust_0058,play,Tablet,LATAM,Drama,Premium,1325,0,6000 kbps,,,
2026-06-02 10:12:07,sess_000979,cust_0058,pause,Tablet,LATAM,Horror,Premium,0,0,,,,
2026-06-02 10:13:10,sess_000979,cust_0058,play,Tablet,LATAM,Kids,Premium,265,0,8000 kbps,,,
2026-06-02 10:21:32,sess_000979,cust_0058,play,Tablet,LATAM,Documentary,Premium,690,0,1080p-8000kbps,,,
2026-06-02 10:22:13,sess_000979,cust_0058,session_end,Tablet,LATAM,,Premium,0,0,,,75%,2 stars
2026-06-02 10:27:50,sess_000814,cust_0017,session_start,Mobile,North America,,Premium ,0,0,,,,
2026-06-02 10:35:12,sess_000814,cust_0017,pause,Mobile,North America,Comedy,Premium ,0,0,,,,
2026-06-02 10:45:18,sess_000814,cust_0017,error,Mobile,North America,Drama,Premium ,0,0,,E2002,,
2026-06-02 10:56:57,sess_000814,cust_0017,play,Mobile,North America,Horror,Premium ,576,0,6000kbps,,,
2026-06-02 11:10:45,sess_000814,cust_0017,play,Mobile,North America,Comedy,Premium ,142,0,720p-4500kbps,,,
2026-06-02 11:18:13,sess_000814,cust_0017,play,Mobile,North America,Action,Premium ,995,0,480p-1500kbps,,,
2026-06-02 11:21:50,sess_000234,cust_0122,session_start,Smart TV,APAC,,basic ,0,0,,,,
2026-06-02 11:27:55,sess_000814,cust_0017,buffer,Mobile,North America,Documentary,Premium ,0,1962,,,,
2026-06-02 11:30:38,sess_000234,cust_0122,pause,Smart TV,APAC,Action,basic ,0,0,,,,
2026-06-02 11:31:25,sess_000234,cust_0122,pause,Smart TV,APAC,Action,basic ,0,0,,,,
2026-06-02 11:37:41,sess_000814,cust_0017,play,Mobile,North America,Kids,Premium ,1223,0,6000kbps,,,
2026-06-02 11:39:03,sess_000814,cust_0017,session_end,Mobile,North America,,Premium ,0,0,,,95%,N/A
2026-06-02 11:44:24,sess_000234,cust_0122,pause,Smart TV,APAC,Drama,basic ,0,0,,,,
2026-06-02 11:45:25,sess_000234,cust_0122,session_end,Smart TV,APAC,,basic ,0,0,,,75%,2
2026-06-02 15:58:58,sess_000315,cust_0140,session_start,Console,LATAM,,Premium+,0,0,,,,
2026-06-02 16:03:48,sess_000315,cust_0140,pause,Console,LATAM,Drama,Premium+,0,0,,,,
2026-06-02 16:15:05,sess_000315,cust_0140,pause,Console,LATAM,SciFi,Premium+,0,0,,,,
2026-06-02 16:15:44,sess_000425,cust_0104,session_start,Console,Europe,,standard,0,0,,,,
2026-06-02 16:16:28,sess_000518,cust_0005,session_start,Mobile,Africa,,Premium,0,0,,,,
2026-06-02 16:20:59,sess_000425,cust_0104,play,Console,Europe,Comedy,standard,1042,0,3000 kbps,,,
2026-06-02 16:23:52,sess_000315,cust_0140,play,Console,LATAM,Comedy,Premium+,1695,0,6000 kbps,,,
2026-06-02 16:24:21,sess_000425,cust_0104,play,Console,Europe,Documentary,standard,1557,0,3000 kbps,,,
2026-06-02 16:24:31,sess_000518,cust_0005,play,Mobile,Africa,Action,Premium,139,0,2000kbps,,,
2026-06-02 16:26:11,sess_000425,cust_0104,pause,Console,Europe,SciFi,standard,0,0,,,,
2026-06-02 16:32:12,sess_000425,cust_0104,play,Console,Europe,SciFi,standard,57,0,8000kbps,,,
2026-06-02 16:34:45,sess_000425,cust_0104,error,Console,Europe,Horror,standard,0,0,,E3003,,
2026-06-02 16:35:31,sess_000315,cust_0140,pause,Console,LATAM,Documentary,Premium+,0,0,,,,
2026-06-02 16:36:57,sess_000425,cust_0104,pause,Console,Europe,Kids,standard,0,0,,,,
2026-06-02 16:37:25,sess_000315,cust_0140,session_end,Console,LATAM,,Premium+,0,0,,,80%,n/a
2026-06-02 16:37:50,sess_000518,cust_0005,play,Mobile,Africa,SciFi,Premium,312,0,6000 kbps,,,
2026-06-02 16:42:03,sess_000425,cust_0104,pause,Console,Europe,Horror,standard,0,0,,,,
2026-06-02 16:47:20,sess_000425,cust_0104,pause,Console,Europe,Documentary,standard,0,0,,,,
2026-06-02 16:48:25,sess_000518,cust_0005,pause,Mobile,Africa,Drama,Premium,0,0,,,,
2026-06-02 16:53:12,sess_000518,cust_0005,play,Mobile,Africa,Comedy,Premium,1113,0,480p-2000kbps,,,
2026-06-02 16:54:02,sess_000518,cust_0005,play,Mobile,Africa,Kids,Premium,1028,0,1500 kbps,,,
2026-06-02 16:55:20,sess_000425,cust_0104,play,Console,Europe,Drama,standard,163,0,2000 kbps,,,
2026-06-02 17:04:19,sess_000518,cust_0005,play,Mobile,Africa,Action,Premium,1530,0,1080p-6000kbps,,,
2026-06-02 17:09:13,sess_000425,cust_0104,play,Console,Europe,Drama,standard,655,0,2000 kbps,,,
2026-06-02 17:11:17,sess_000425,cust_0104,play,Console,Europe,Kids,standard,483,0,1500 kbps,,,
2026-06-02 17:15:19,sess_000518,cust_0005,play,Mobile,Africa,SciFi,Premium,1385,0,4500 kbps,,,
2026-06-02 17:21:40,sess_000425,cust_0104,play,Console,Europe,Kids,standard,543,0,6000 kbps,,,
2026-06-02 17:23:14,sess_000518,cust_0005,play,Mobile,Africa,Horror,Premium,1114,0,6000 kbps,,,
2026-06-02 17:24:04,sess_000518,cust_0005,session_end,Mobile,Africa,,Premium,0,0,,,95%,5 stars
2026-06-02 17:31:55,sess_000425,cust_0104,play,Console,Europe,Drama,standard,374,0,480p-2000kbps,,,
2026-06-02 17:32:11,sess_000425,cust_0104,session_end,Console,Europe,,standard,0,0,,,100%,4.0
2026-06-02 21:04:08,sess_000198,cust_0110,session_start,Web,Europe,,PREM,0,0,,,,
2026-06-02 21:16:42,sess_000198,cust_0110,buffer,Web,Europe,Horror,PREM,0,3891,,,,
2026-06-02 21:17:48,sess_000794,cust_0064,session_start,Tablet,APAC,,standard,0,0,,,,
2026-06-02 21:22:58,sess_000198,cust_0110,buffer,Web,Europe,Comedy,PREM,0,3696,,,,
2026-06-02 21:28:06,sess_000794,cust_0064,play,Tablet,APAC,Action,standard,506,0,8000 kbps,,,
2026-06-02 21:36:33,sess_000198,cust_0110,play,Web,Europe,Documentary,PREM,803,0,480p-1500kbps,,,
2026-06-02 21:36:37,sess_000794,cust_0064,play,Tablet,APAC,Kids,standard,161,0,1080p-8000kbps,,,
2026-06-02 21:41:54,sess_000198,cust_0110,pause,Web,Europe,Drama,PREM,0,0,,,,
2026-06-02 21:43:01,sess_000794,cust_0064,play,Tablet,APAC,Documentary,standard,847,0,4500 kbps,,,
2026-06-02 21:48:56,sess_000794,cust_0064,play,Tablet,APAC,Horror,standard,748,0,1080p-6000kbps,,,
2026-06-02 21:49:28,sess_000198,cust_0110,play,Web,Europe,Drama,PREM,1038,0,1080p-8000kbps,,,
2026-06-02 21:54:42,sess_000794,cust_0064,pause,Tablet,APAC,Kids,standard,0,0,,,,
2026-06-02 21:59:28,sess_000501,cust_0098,session_start,Tablet,LATAM,,Premium,0,0,,,,
2026-06-02 21:59:37,sess_000794,cust_0064,play,Tablet,APAC,Kids,standard,1388,0,720p-4500kbps,,,
2026-06-02 22:00:44,sess_000198,cust_0110,play,Web,Europe,Action,PREM,1457,0,1080p-6000kbps,,,
2026-06-02 22:05:09,sess_000794,cust_0064,play,Tablet,APAC,SciFi,standard,1542,0,2000kbps,,,
2026-06-02 22:11:47,sess_000198,cust_0110,play,Web,Europe,Documentary,PREM,643,0,720p-3000kbps,,,
2026-06-02 22:12:12,sess_000501,cust_0098,play,Tablet,LATAM,Documentary,Premium,872,0,6000 kbps,,,
2026-06-02 22:15:48,sess_000794,cust_0064,play,Tablet,APAC,SciFi,standard,1566,0,3000kbps,,,
2026-06-02 22:19:50,sess_000501,cust_0098,play,Tablet,LATAM,Horror,Premium,710,0,480p-1500kbps,,,
2026-06-02 22:25:36,sess_000198,cust_0110,play,Web,,Horror,PREM,1137,0,480p-2000kbps,,,
2026-06-02 22:27:38,sess_000794,cust_0064,play,Tablet,APAC,Kids,standard,1144,0,1500kbps,,,
2026-06-02 22:32:59,sess_000501,cust_0098,play,Tablet,LATAM,SciFi,Premium,402,0,8000 kbps,,,
2026-06-02 22:39:58,sess_000198,cust_0110,play,Web,Europe,Kids,PREM,639,0,480p-1500kbps,,,
2026-06-02 22:41:05,sess_000501,cust_0098,buffer,Tablet,LATAM,Documentary,Premium,0,3966,,,,
2026-06-02 22:41:40,sess_000794,cust_0064,pause,Tablet,APAC,Documentary,standard,0,0,,,,
2026-06-02 22:43:13,sess_000794,cust_0064,play,Tablet,APAC,Documentary,standard,566,0,1500kbps,,,
2026-06-02 22:44:00,sess_000794,cust_0064,session_end,Tablet,APAC,,standard,0,0,,,45%,4 stars
2026-06-02 22:45:26,sess_000198,cust_0110,play,Web,Europe,Comedy,PREM,1650,0,4500 kbps,,,
2026-06-02 22:45:55,sess_000198,cust_0110,session_end,Web,Europe,,PREM,0,0,,,100%,n/a
2026-06-02 22:47:36,sess_000501,cust_0098,pause,Tablet,,Kids,Premium,0,0,,,,
2026-06-02 22:59:05,sess_000501,cust_0098,error,Tablet,LATAM,Comedy,Premium,0,0,,E2002,,
2026-06-03 03:09:06,sess_000402,cust_0041,session_start,,North America,,BASIC,0,0,,,,
2026-06-03 03:15:03,sess_000402,cust_0041,play,,North America,Documentary,BASIC,1518,0,2000kbps,,,
2026-06-03 03:16:55,sess_000402,cust_0041,play,,,Horror,BASIC,1142,0,720p-3000kbps,,,
2026-06-03 03:20:11,sess_000402,cust_0041,play,,,Drama,BASIC,560,0,4500 kbps,,,
2026-06-03 03:21:00,sess_000402,cust_0041,session_end,,North America,,BASIC,0,0,,,45%,n/a
2026-06-03 04:42:58,sess_000975,cust_0061,session_start,Web,Africa,,basic,0,0,,,,
2026-06-03 04:45:35,sess_000975,cust_0061,play,Web,,Action,basic,652,0,720p-4500kbps,,,
2026-06-03 04:53:08,sess_000975,cust_0061,buffer,Web,Africa,Action,basic,0,1139,,,,
2026-06-03 05:00:05,sess_000975,cust_0061,play,Web,Africa,SciFi,basic,967,0,2000 kbps,,,
2026-06-03 05:09:58,sess_000975,cust_0061,pause,Web,Africa,Action,basic,0,0,,,,
2026-06-03 05:11:04,sess_000975,cust_0061,session_end,Web,Africa,,basic,0,0,,,80%,N/A
2026-06-03 05:11:44,sess_000477,cust_0088,session_start,Tablet,Europe,,Basic,0,0,,,,
2026-06-03 05:14:50,sess_000477,cust_0088,play,Tablet,Europe,Kids,Basic,525,0,3000kbps,,,
2026-06-03 05:24:40,sess_000477,cust_0088,pause,Tablet,Europe,Comedy,Basic,0,0,,,,
2026-06-03 05:35:26,sess_000477,cust_0088,error,Tablet,Europe,Drama,Basic,0,0,,E3003,,
2026-06-03 05:41:15,sess_000477,cust_0088,pause,Tablet,Europe,Action,Basic,0,0,,,,
2026-06-03 05:53:18,sess_000477,cust_0088,play,Tablet,Europe,Documentary,Basic,1119,0,4500kbps,,,
2026-06-03 06:03:13,sess_000477,cust_0088,play,Tablet,Europe,SciFi,Basic,769,0,3000kbps,,,
2026-06-03 06:08:38,sess_000477,cust_0088,play,Tablet,Europe,Documentary,Basic,1046,0,1080p-8000kbps,,,
2026-06-03 06:23:20,sess_000477,cust_0088,play,Tablet,Europe,Kids,Basic,898,0,720p-4500kbps,,,
2026-06-03 06:28:30,sess_000477,cust_0088,play,Tablet,Europe,Action,Basic,611,0,2000 kbps,,,
2026-06-03 06:28:44,sess_000477,cust_0088,session_end,Tablet,Europe,,Basic,0,0,,,75%,1.0
2026-06-03 07:44:26,sess_000550,cust_0136,session_start,Tablet,North America,,Premium+,0,0,,,,
2026-06-03 07:56:54,sess_000550,cust_0136,play,Tablet,North America,SciFi,Premium+,361,0,4500 kbps,,,
2026-06-03 08:09:53,sess_000550,cust_0136,play,Tablet,North America,Comedy,Premium+,116,0,1080p-8000kbps,,,
2026-06-03 08:18:56,sess_000550,cust_0136,buffer,Tablet,North America,Action,Premium+,0,405,,,,
2026-06-03 08:21:06,sess_000550,cust_0136,play,Tablet,North America,Horror,Premium+,1682,0,1500kbps,,,
2026-06-03 08:26:02,sess_000550,cust_0136,play,Tablet,North America,SciFi,Premium+,196,0,6000 kbps,,,
2026-06-03 08:32:23,sess_000550,cust_0136,buffer,Tablet,North America,Drama,Premium+,0,208,,,,
2026-06-03 08:39:29,sess_000550,cust_0136,play,Tablet,North America,Kids,Premium+,1701,0,1500 kbps,,,
2026-06-03 08:53:48,sess_000550,cust_0136,play,Tablet,North America,Kids,Premium+,276,0,3000kbps,,,
2026-06-03 09:02:21,sess_000550,cust_0136,play,Tablet,North America,Comedy,Premium+,1549,0,1080p-6000kbps,,,
2026-06-03 09:11:35,sess_000550,cust_0136,play,Tablet,North America,Horror,Premium+,658,0,480p-2000kbps,,,
2026-06-03 09:19:42,sess_000550,cust_0136,play,Tablet,North America,Horror,Premium+,622,0,3000kbps,,,
2026-06-03 09:20:44,sess_000550,cust_0136,play,Tablet,North America,Drama,Premium+,1043,0,4500 kbps,,,
2026-06-03 09:21:38,sess_000550,cust_0136,session_end,Tablet,North America,,Premium+,0,0,,,80%,
2026-06-03 14:46:04,sess_000217,cust_0018,session_start,Smart TV,Africa,,BASIC,0,0,,,,
2026-06-03 14:58:44,sess_000217,cust_0018,pause,Smart TV,Africa,Comedy,BASIC,0,0,,,,
2026-06-03 15:10:43,sess_000217,cust_0018,play,Smart TV,Africa,Drama,BASIC,362,0,1080p-8000kbps,,,
2026-06-03 15:16:54,sess_000217,cust_0018,play,Smart TV,,Kids,BASIC,227,0,1500kbps,,,
2026-06-03 15:19:06,sess_000217,cust_0018,play,Smart TV,,Horror,BASIC,1419,0,720p-4500kbps,,,
2026-06-03 15:22:10,sess_000595,cust_0049,session_start,Tablet,North America,,STD,0,0,,,,
2026-06-03 15:29:50,sess_000595,cust_0049,play,Tablet,North America,Drama,STD,554,0,480p-2000kbps,,,
2026-06-03 15:31:11,sess_000595,cust_0049,play,Tablet,North America,Action,STD,238,0,3000kbps,,,
2026-06-03 15:31:25,sess_000217,cust_0018,play,Smart TV,Africa,Horror,BASIC,972,0,6000kbps,,,
2026-06-03 15:40:47,sess_000217,cust_0018,buffer,Smart TV,Africa,Comedy,BASIC,0,2115,,,,
2026-06-03 15:41:53,sess_000217,cust_0018,session_end,Smart TV,Africa,,BASIC,0,0,,,90%,3.0
2026-06-03 15:42:33,sess_000595,cust_0049,play,Tablet,North America,Action,STD,277,0,480p-2000kbps,,,
2026-06-03 15:47:24,sess_000595,cust_0049,buffer,Tablet,North America,SciFi,STD,0,3322,,,,
2026-06-03 15:58:46,sess_000595,cust_0049,play,Tablet,North America,Horror,STD,691,0,720p-3000kbps,,,
2026-06-03 15:59:11,sess_000595,cust_0049,error,Tablet,North America,Comedy,STD,0,0,,E1001,,
2026-06-03 16:35:17,sess_000685,cust_0116,session_start,Web,Europe,,standard,0,0,,,,
2026-06-03 16:40:57,sess_000685,cust_0116,buffer,Web,Europe,SciFi,standard,0,264,,,,
2026-06-03 16:50:28,sess_000685,cust_0116,buffer,Web,Europe,Kids,standard,0,3343,,,,
2026-06-03 16:58:35,sess_000685,cust_0116,play,Web,Europe,Documentary,standard,501,0,1500kbps,,,
2026-06-03 17:06:10,sess_000685,cust_0116,pause,Web,Europe,Comedy,standard,0,0,,,,
2026-06-03 17:15:32,sess_000685,cust_0116,error,Web,Europe,SciFi,standard,0,0,,E4004,,
2026-06-03 19:26:28,sess_000089,cust_0007,session_start,Smart TV,APAC,,basic,0,0,,,,
2026-06-03 19:28:31,sess_000089,cust_0007,play,Smart TV,APAC,Horror,basic,1126,0,480p-1500kbps,,,
2026-06-03 19:39:24,sess_000089,cust_0007,play,Smart TV,APAC,Drama,basic,478,0,480p-2000kbps,,,
2026-06-03 19:45:08,sess_000089,cust_0007,play,Smart TV,APAC,Drama,basic,227,0,1500 kbps,,,
2026-06-03 19:46:28,sess_000089,cust_0007,play,Smart TV,APAC,Action,basic,1633,0,4500 kbps,,,
2026-06-03 19:59:33,sess_000089,cust_0007,play,Smart TV,APAC,Horror,basic,1543,0,1080p-8000kbps,,,
2026-06-03 20:12:39,sess_000089,cust_0007,play,Smart TV,APAC,Horror,basic,1190,0,4500kbps,,,
2026-06-03 20:13:02,sess_000089,cust_0007,session_end,Smart TV,APAC,,basic,0,0,,,95%,3.0
2026-06-03 20:26:36,sess_000870,cust_0058,session_start,Tablet,LATAM,,PREM,0,0,,,,
2026-06-03 20:32:58,sess_000870,cust_0058,error,Tablet,LATAM,Documentary,PREM,0,0,,E3003,,
2026-06-03 20:36:51,sess_000870,cust_0058,play,Tablet,LATAM,Comedy,PREM,133,0,480p-2000kbps,,,
2026-06-03 20:40:12,sess_000870,cust_0058,play,Tablet,LATAM,Drama,PREM,375,0,720p-3000kbps,,,
2026-06-03 20:41:24,sess_000870,cust_0058,play,Tablet,LATAM,Documentary,PREM,917,0,480p-2000kbps,,,
2026-06-03 20:50:21,sess_000870,cust_0058,play,Tablet,LATAM,SciFi,PREM,1155,0,2000 kbps,,,
2026-06-03 21:00:11,sess_000870,cust_0058,pause,Tablet,LATAM,Horror,PREM,0,0,,,,
2026-06-03 21:01:40,sess_000870,cust_0058,play,Tablet,LATAM,SciFi,PREM,245,0,6000kbps,,,
2026-06-03 21:03:59,sess_000870,cust_0058,play,Tablet,LATAM,SciFi,PREM,1722,0,4500kbps,,,
2026-06-03 21:14:37,sess_000870,cust_0058,play,Tablet,LATAM,Horror,PREM,730,0,8000kbps,,,
2026-06-03 21:21:25,sess_000870,cust_0058,play,Tablet,LATAM,Documentary,PREM,39,0,8000 kbps,,,
2026-06-03 21:21:52,sess_000870,cust_0058,session_end,Tablet,LATAM,,PREM,0,0,,,80%,2
2026-06-03 22:48:59,sess_000633,cust_0073,session_start,Mobile,LATAM,,Standard ,0,0,,,,
2026-06-03 23:03:34,sess_000633,cust_0073,pause,Mobile,LATAM,Kids,Standard ,0,0,,,,
2026-06-03 23:10:44,sess_000633,cust_0073,play,Mobile,LATAM,Kids,Standard ,806,0,8000 kbps,,,
2026-06-03 23:25:16,sess_000633,cust_0073,buffer,Mobile,LATAM,Documentary,Standard ,0,1425,,,,
2026-06-03 23:32:04,sess_000633,cust_0073,play,Mobile,LATAM,Drama,Standard ,688,0,720p-3000kbps,,,
2026-06-03 23:44:33,sess_000633,cust_0073,play,Mobile,LATAM,Horror,Standard ,1319,0,720p-4500kbps,,,
2026-06-03 23:57:02,sess_000633,cust_0073,play,Mobile,LATAM,Documentary,Standard ,283,0,4500kbps,,,
2026-06-04 00:06:23,sess_000633,cust_0073,play,Mobile,LATAM,Horror,Standard ,48,0,480p-2000kbps,,,
2026-06-04 00:06:35,sess_000673,cust_0101,session_start,Mobile,North America,,standard,0,0,,,,
2026-06-04 00:18:06,sess_000673,cust_0101,play,Mobile,North America,Comedy,standard,1304,0,8000 kbps,,,
2026-06-04 00:19:12,sess_000633,cust_0073,play,Mobile,LATAM,Action,Standard ,587,0,1080p-8000kbps,,,
2026-06-04 00:20:16,sess_000673,cust_0101,play,Mobile,North America,Action,standard,864,0,720p-4500kbps,,,
2026-06-04 00:25:23,sess_000673,cust_0101,play,Mobile,North America,Comedy,standard,1073,0,1500kbps,,,
2026-06-04 00:25:33,sess_000995,cust_0136,session_start,Tablet,North America,,Premium+,0,0,,,,
2026-06-04 00:26:07,sess_000673,cust_0101,session_end,Mobile,North America,,standard,0,0,,,75%,3.0
2026-06-04 00:31:53,sess_000633,cust_0073,buffer,Mobile,LATAM,Horror,Standard ,0,1518,,,,
2026-06-04 00:33:32,sess_000633,cust_0073,play,Mobile,LATAM,Documentary,Standard ,1251,0,4500 kbps,,,
2026-06-04 00:38:09,sess_000995,cust_0136,play,Tablet,North America,Action,Premium+,1560,0,1080p-6000kbps,,,
2026-06-04 00:41:23,sess_000995,cust_0136,pause,Tablet,North America,Comedy,Premium+,0,0,,,,
2026-06-04 00:45:02,sess_000564,cust_0053,session_start,Mobile,,,PREM,0,0,,,,
2026-06-04 00:47:04,sess_000633,cust_0073,play,Mobile,,Documentary,Standard ,1150,0,720p-4500kbps,,,
2026-06-04 00:48:48,sess_000633,cust_0073,session_end,Mobile,LATAM,,Standard ,0,0,,,60%,
2026-06-04 00:51:21,sess_000995,cust_0136,pause,Tablet,North America,Horror,Premium+,0,0,,,,
2026-06-04 00:52:14,sess_000995,cust_0136,play,Tablet,North America,Action,Premium+,497,0,8000 kbps,,,
2026-06-04 00:52:31,sess_000995,cust_0136,session_end,Tablet,North America,,Premium+,0,0,,,75%,n/a
2026-06-04 00:56:36,sess_000564,cust_0053,play,Mobile,Africa,Drama,PREM,1573,0,1500kbps,,,
2026-06-04 00:59:17,sess_000564,cust_0053,play,Mobile,Africa,Kids,PREM,337,0,6000 kbps,,,
2026-06-04 01:11:47,sess_000564,cust_0053,play,Mobile,Africa,Kids,PREM,1415,0,480p-2000kbps,,,
2026-06-04 01:14:12,sess_000813,cust_0088,session_start,Tablet,Europe,,Basic,0,0,,,,
2026-06-04 01:16:41,sess_000564,cust_0053,play,Mobile,Africa,Kids,PREM,906,0,720p-4500kbps,,,
2026-06-04 01:16:44,sess_000813,cust_0088,play,Tablet,Europe,Horror,Basic,845,0,1080p-8000kbps,,,
2026-06-04 01:21:53,sess_000813,cust_0088,play,Tablet,Europe,Documentary,Basic,1531,0,1500 kbps,,,
2026-06-04 01:30:47,sess_000564,cust_0053,play,Mobile,Africa,Comedy,PREM,1487,0,1080p-6000kbps,,,
2026-06-04 01:35:51,sess_000813,cust_0088,play,Tablet,Europe,Comedy,Basic,1513,0,8000kbps,,,
2026-06-04 01:36:59,sess_000564,cust_0053,play,Mobile,Africa,Drama,PREM,296,0,6000kbps,,,
2026-06-04 01:44:03,sess_000564,cust_0053,pause,Mobile,Africa,Action,PREM,0,0,,,,
2026-06-04 01:45:25,sess_000813,cust_0088,play,Tablet,Europe,Kids,Basic,1770,0,2000 kbps,,,
2026-06-04 01:48:31,sess_000564,cust_0053,buffer,Mobile,,Drama,PREM,0,1979,,,,
2026-06-04 01:51:07,sess_000813,cust_0088,buffer,Tablet,Europe,Action,Basic,0,3836,,,,
2026-06-04 01:53:55,sess_000564,cust_0053,play,Mobile,Africa,Kids,PREM,600,0,4500kbps,,,
2026-06-04 01:55:15,sess_000557,cust_0072,session_start,Mobile,North America,,Standard,0,0,,,,
2026-06-04 02:00:58,sess_000564,cust_0053,pause,Mobile,Africa,SciFi,PREM,0,0,,,,
2026-06-04 02:03:32,sess_000557,cust_0072,play,Mobile,North America,SciFi,Standard,953,0,480p-1500kbps,,,
2026-06-04 02:05:23,sess_000813,cust_0088,play,Tablet,Europe,Action,Basic,567,0,720p-3000kbps,,,
2026-06-04 02:06:50,sess_000813,cust_0088,pause,Tablet,Europe,SciFi,Basic,0,0,,,,
2026-06-04 02:08:54,sess_000557,cust_0072,play,Mobile,North America,Kids,Standard,808,0,4500kbps,,,
2026-06-04 02:12:47,sess_000813,cust_0088,error,Tablet,Europe,Documentary,Basic,0,0,,E3003,,
2026-06-04 02:15:17,sess_000557,cust_0072,play,Mobile,North America,SciFi,Standard,547,0,4500 kbps,,,
2026-06-04 02:15:42,sess_000564,cust_0053,pause,Mobile,Africa,SciFi,PREM,0,0,,,,
2026-06-04 02:16:41,sess_000557,cust_0072,session_end,Mobile,North America,,Standard,0,0,,,90%,N/A
2026-06-04 02:19:30,sess_000564,cust_0053,buffer,Mobile,Africa,Horror,PREM,0,3421,,,,
2026-06-04 02:20:04,sess_000564,cust_0053,session_end,Mobile,Africa,,PREM,0,0,,,100%,2 stars
2026-06-04 02:42:18,sess_000953,cust_0072,session_start,Mobile,North America,,Standard,0,0,,,,
2026-06-04 02:49:34,sess_000953,cust_0072,play,Mobile,North America,Drama,Standard,1247,0,480p-1500kbps,,,
2026-06-04 02:56:04,sess_000953,cust_0072,play,Mobile,,Action,Standard,889,0,8000 kbps,,,
2026-06-04 02:59:55,sess_000953,cust_0072,error,Mobile,North America,Kids,Standard,0,0,,E2002,,
2026-06-04 03:00:49,sess_000953,cust_0072,play,Mobile,North America,Horror,Standard,516,0,3000 kbps,,,
2026-06-04 03:11:48,sess_000953,cust_0072,play,Mobile,North America,Comedy,Standard,275,0,3000 kbps,,,
2026-06-04 03:12:41,sess_000953,cust_0072,session_end,Mobile,North America,,Standard,0,0,,,95%,
2026-06-04 04:13:15,sess_000865,cust_0066,session_start,Smart TV,Africa,,Premium,0,0,,,,
2026-06-04 04:20:42,sess_000865,cust_0066,play,Smart TV,Africa,Kids,Premium,796,0,720p-4500kbps,,,
2026-06-04 04:32:41,sess_000865,cust_0066,play,Smart TV,Africa,Comedy,Premium,442,0,8000 kbps,,,
2026-06-04 04:34:52,sess_000865,cust_0066,play,Smart TV,Africa,SciFi,Premium,1021,0,6000 kbps,,,
2026-06-04 04:45:39,sess_000865,cust_0066,pause,Smart TV,Africa,Kids,Premium,0,0,,,,
2026-06-04 04:48:56,sess_000865,cust_0066,error,Smart TV,Africa,Comedy,Premium,0,0,,E2002,,
2026-06-04 04:57:37,sess_000865,cust_0066,play,Smart TV,Africa,Drama,Premium,376,0,1500 kbps,,,
2026-06-04 04:59:56,sess_000865,cust_0066,play,Smart TV,Africa,Documentary,Premium,154,0,720p-3000kbps,,,
2026-06-04 05:07:51,sess_000865,cust_0066,error,Smart TV,Africa,Comedy,Premium,0,0,,E2002,,
2026-06-04 05:20:37,sess_000865,cust_0066,play,Smart TV,Africa,SciFi,Premium,848,0,1500 kbps,,,
2026-06-04 05:34:41,sess_000865,cust_0066,play,Smart TV,Africa,Kids,Premium,1257,0,4500 kbps,,,
2026-06-04 05:40:46,sess_000856,cust_0119,session_start,Smart TV,Africa,,Standard,0,0,,,,
2026-06-04 05:43:33,sess_000865,cust_0066,pause,Smart TV,Africa,SciFi,Premium,0,0,,,,
2026-06-04 05:50:27,sess_000865,cust_0066,play,Smart TV,Africa,Action,Premium,38,0,1080p-8000kbps,,,
2026-06-04 05:50:42,sess_000865,cust_0066,session_end,Smart TV,Africa,,Premium,0,0,,,60%,3.0
2026-06-04 05:55:36,sess_000856,cust_0119,play,Smart TV,Africa,Documentary,Standard,572,0,480p-1500kbps,,,
2026-06-04 06:02:38,sess_000856,cust_0119,buffer,Smart TV,Africa,Drama,Standard,0,2502,,,,
2026-06-04 06:10:10,sess_000856,cust_0119,pause,Smart TV,Africa,Action,Standard,0,0,,,,
2026-06-04 06:17:17,sess_000856,cust_0119,play,Smart TV,Africa,Comedy,Standard,793,0,480p-1500kbps,,,
2026-06-04 06:28:23,sess_000856,cust_0119,play,Smart TV,Africa,Documentary,Standard,361,0,720p-3000kbps,,,
2026-06-04 06:37:57,sess_000856,cust_0119,play,Smart TV,Africa,SciFi,Standard,1404,0,6000 kbps,,,
2026-06-04 06:44:30,sess_000856,cust_0119,play,Smart TV,Africa,Horror,Standard,1695,0,1080p-6000kbps,,,
2026-06-04 06:44:51,sess_000856,cust_0119,play,Smart TV,Africa,Documentary,Standard,1166,0,4500kbps,,,
2026-06-04 06:45:51,sess_000856,cust_0119,session_end,Smart TV,Africa,,Standard,0,0,,,95%,1.0
2026-06-04 09:50:41,sess_000438,cust_0150,session_start,Smart TV,LATAM,,Basic,0,0,,,,
2026-06-04 09:55:42,sess_000438,cust_0150,play,Smart TV,LATAM,Kids,Basic,1787,0,4500kbps,,,
2026-06-04 10:03:34,sess_000438,cust_0150,play,Smart TV,LATAM,Horror,Basic,900,0,8000kbps,,,
2026-06-04 10:12:09,sess_000438,cust_0150,play,Smart TV,LATAM,Documentary,Basic,257,0,4500 kbps,,,
2026-06-04 10:26:02,sess_000438,cust_0150,buffer,Smart TV,LATAM,Comedy,Basic,0,286,,,,
2026-06-04 10:33:23,sess_000438,cust_0150,play,Smart TV,LATAM,Comedy,Basic,217,0,1080p-8000kbps,,,
2026-06-04 10:35:31,sess_000438,cust_0150,play,Smart TV,LATAM,Comedy,Basic,1164,0,4500kbps,,,
2026-06-04 10:48:44,sess_000438,cust_0150,buffer,Smart TV,LATAM,Kids,Basic,0,3358,,,,
2026-06-04 10:53:23,sess_000438,cust_0150,play,Smart TV,LATAM,Horror,Basic,613,0,6000 kbps,,,
2026-06-04 10:56:46,sess_000438,cust_0150,play,Smart TV,LATAM,Action,Basic,1398,0,720p-3000kbps,,,
2026-06-04 10:58:01,sess_000438,cust_0150,pause,Smart TV,LATAM,Drama,Basic,0,0,,,,
2026-06-04 11:09:17,sess_000438,cust_0150,play,Smart TV,LATAM,Horror,Basic,1594,0,480p-1500kbps,,,
2026-06-04 11:18:48,sess_000438,cust_0150,play,Smart TV,LATAM,Horror,Basic,1327,0,6000 kbps,,,
2026-06-04 11:20:16,sess_000438,cust_0150,session_end,Smart TV,LATAM,,Basic,0,0,,,80%,1
2026-06-04 11:28:52,sess_000254,cust_0087,session_start,Console,North America,,BASIC,0,0,,,,
2026-06-04 11:38:59,sess_000254,cust_0087,error,Console,North America,Drama,BASIC,0,0,,E4004,,
2026-06-04 11:40:54,sess_000254,cust_0087,play,Console,North America,Documentary,BASIC,1036,0,3000 kbps,,,
2026-06-04 11:45:39,sess_000254,cust_0087,play,Console,North America,Horror,BASIC,737,0,4500kbps,,,
2026-06-04 11:48:57,sess_000254,cust_0087,pause,Console,North America,Drama,BASIC,0,0,,,,
2026-06-04 12:00:32,sess_000254,cust_0087,play,Console,North America,Action,BASIC,157,0,3000kbps,,,
2026-06-04 12:01:49,sess_000254,cust_0087,session_end,Console,North America,,BASIC,0,0,,,75%,5 stars
2026-06-04 12:26:44,sess_000873,cust_0002,session_start,Mobile,Africa,,premium plus,0,0,,,,
2026-06-04 12:40:55,sess_000873,cust_0002,play,Mobile,Africa,Documentary,premium plus,1117,0,480p-1500kbps,,,
2026-06-04 12:48:59,sess_000873,cust_0002,pause,Mobile,Africa,Horror,premium plus,0,0,,,,
2026-06-04 12:53:59,sess_000873,cust_0002,play,Mobile,Africa,SciFi,premium plus,1639,0,4500kbps,,,
2026-06-04 13:04:23,sess_000873,cust_0002,play,Mobile,Africa,Documentary,premium plus,1270,0,6000 kbps,,,
2026-06-04 13:16:33,sess_000873,cust_0002,play,Mobile,Africa,Comedy,premium plus,1290,0,1080p-6000kbps,,,
2026-06-04 13:24:12,sess_000873,cust_0002,buffer,Mobile,Africa,Drama,premium plus,0,2947,,,,
2026-06-04 13:34:17,sess_000873,cust_0002,play,Mobile,Africa,Drama,premium plus,298,0,2000 kbps,,,
2026-06-04 13:46:52,sess_000873,cust_0002,play,Mobile,Africa,Horror,premium plus,239,0,6000kbps,,,
2026-06-04 14:00:23,sess_000873,cust_0002,play,Mobile,Africa,SciFi,premium plus,181,0,720p-3000kbps,,,
2026-06-04 14:01:49,sess_000873,cust_0002,session_end,Mobile,Africa,,premium plus,0,0,,,45%,n/a
2026-06-04 14:43:15,sess_000367,cust_0123,session_start,Smart TV,Europe,,Basic,0,0,,,,
2026-06-04 14:50:30,sess_000367,cust_0123,error,Smart TV,Europe,Kids,Basic,0,0,,E3003,,
2026-06-04 15:03:24,sess_000367,cust_0123,pause,Smart TV,Europe,Documentary,Basic,0,0,,,,
2026-06-04 15:03:37,sess_000367,cust_0123,session_end,Smart TV,Europe,,Basic,0,0,,,45%,5.0
2026-06-04 17:10:56,sess_000446,cust_0070,session_start,Web,Africa,,standard,0,0,,,,
2026-06-04 17:22:09,sess_000446,cust_0070,play,Web,Africa,SciFi,standard,301,0,2000 kbps,,,
2026-06-04 17:25:48,sess_000446,cust_0070,play,Web,Africa,Comedy,standard,818,0,2000 kbps,,,
2026-06-04 17:35:04,sess_000446,cust_0070,play,Web,Africa,Drama,standard,85,0,720p-3000kbps,,,
2026-06-04 17:42:40,sess_000446,cust_0070,play,Web,Africa,Kids,standard,1249,0,2000kbps,,,
2026-06-04 17:44:11,sess_000446,cust_0070,pause,Web,Africa,SciFi,standard,0,0,,,,
2026-06-04 17:47:15,sess_000025,cust_0063,session_start,Smart TV,Africa,,basic ,0,0,,,,
2026-06-04 17:51:29,sess_000025,cust_0063,play,Smart TV,Africa,Kids,basic ,1049,0,2000kbps,,,
2026-06-04 17:54:21,sess_000446,cust_0070,error,Web,Africa,Horror,standard,0,0,,E3003,,
2026-06-04 17:55:28,sess_000446,cust_0070,error,Web,Africa,Drama,standard,0,0,,E2002,,
2026-06-04 17:56:21,sess_000025,cust_0063,buffer,Smart TV,Africa,Action,basic ,0,551,,,,
2026-06-04 17:57:47,sess_000025,cust_0063,buffer,Smart TV,Africa,SciFi,basic ,0,3438,,,,
2026-06-04 17:58:13,sess_000025,cust_0063,session_end,Smart TV,,,basic ,0,0,,,,
2026-06-04 18:06:04,sess_000446,cust_0070,buffer,Web,Africa,Kids,standard,0,2841,,,,
2026-06-04 18:17:56,sess_000446,cust_0070,play,Web,Africa,Drama,standard,226,0,8000kbps,,,
2026-06-04 18:18:18,sess_000446,cust_0070,play,Web,Africa,SciFi,standard,862,0,720p-4500kbps,,,
2026-06-04 18:32:55,sess_000446,cust_0070,play,Web,,Horror,standard,1183,0,6000kbps,,,
2026-06-04 18:33:09,sess_000446,cust_0070,session_end,Web,Africa,,standard,0,0,,,N/A,
2026-06-04 20:33:28,sess_000476,cust_0072,session_start,Mobile,North America,,Standard ,0,0,,,,
2026-06-04 20:34:53,sess_000476,cust_0072,play,Mobile,,Drama,Standard ,201,0,3000kbps,,,
2026-06-04 20:41:58,sess_000476,cust_0072,play,Mobile,North America,Horror,Standard ,334,0,1080p-8000kbps,,,
2026-06-04 20:45:42,sess_000476,cust_0072,play,Mobile,North America,Comedy,Standard ,151,0,2000kbps,,,
2026-06-04 20:47:03,sess_000476,cust_0072,session_end,Mobile,North America,,Standard ,0,0,,,90%,3.0
2026-06-04 20:57:14,sess_000617,cust_0088,session_start,Tablet,Europe,,BASIC,0,0,,,,
2026-06-04 21:11:35,sess_000617,cust_0088,pause,Tablet,Europe,Documentary,BASIC,0,0,,,,
2026-06-04 21:19:32,sess_000617,cust_0088,play,Tablet,Europe,Kids,BASIC,496,0,4500 kbps,,,
2026-06-04 21:22:25,sess_000617,cust_0088,error,Tablet,Europe,Comedy,BASIC,0,0,,E1001,,
2026-06-05 01:57:19,sess_000026,cust_0030,session_start,Web,APAC,,STD,0,0,,,,
2026-06-05 02:06:54,sess_000026,cust_0030,play,Web,APAC,Comedy,STD,1114,0,2000 kbps,,,
2026-06-05 02:18:46,sess_000026,cust_0030,play,Web,APAC,Action,STD,381,0,6000 kbps,,,
2026-06-05 02:26:17,sess_000026,cust_0030,play,Web,APAC,Action,STD,1088,0,2000 kbps,,,
2026-06-05 02:36:08,sess_000026,cust_0030,play,Web,APAC,Comedy,STD,996,0,8000 kbps,,,
2026-06-05 02:36:16,sess_000954,cust_0129,session_start,Tablet,Africa,,Standard,0,0,,,,
2026-06-05 02:43:40,sess_000026,cust_0030,play,Web,APAC,Comedy,STD,1258,0,8000 kbps,,,
2026-06-05 02:44:37,sess_000954,cust_0129,play,Tablet,Africa,Horror,Standard,959,0,8000kbps,,,
2026-06-05 02:49:58,sess_000954,cust_0129,pause,Tablet,Africa,Action,Standard,0,0,,,,
2026-06-05 02:50:13,sess_000954,cust_0129,play,Tablet,Africa,Comedy,Standard,1122,0,3000 kbps,,,
2026-06-05 02:51:59,sess_000026,cust_0030,play,Web,APAC,Horror,STD,52,0,480p-2000kbps,,,
2026-06-05 02:52:44,sess_000954,cust_0129,play,Tablet,Africa,Drama,Standard,1740,0,6000 kbps,,,
2026-06-05 02:57:37,sess_000026,cust_0030,play,Web,APAC,Horror,STD,556,0,1080p-6000kbps,,,
2026-06-05 02:58:59,sess_000026,cust_0030,error,Web,APAC,Horror,STD,0,0,,E1001,,
2026-06-05 03:05:20,sess_000954,cust_0129,pause,Tablet,Africa,Action,Standard,0,0,,,,
2026-06-05 03:08:26,sess_000026,cust_0030,play,Web,APAC,Drama,STD,1312,0,2000kbps,,,
2026-06-05 03:08:46,sess_000954,cust_0129,buffer,Tablet,Africa,Horror,Standard,0,3416,,,,
2026-06-05 03:21:29,sess_000954,cust_0129,pause,Tablet,Africa,Drama,Standard,0,0,,,,
2026-06-05 03:23:09,sess_000026,cust_0030,play,Web,APAC,Drama,STD,1319,0,4500 kbps,,,
2026-06-05 03:24:13,sess_000893,cust_0054,session_start,Mobile,APAC,,Premium,0,0,,,,
2026-06-05 03:24:41,sess_000026,cust_0030,session_end,Web,APAC,,STD,0,0,,,80%,
2026-06-05 03:30:00,sess_000954,cust_0129,play,Tablet,Africa,Comedy,Standard,998,0,2000 kbps,,,
2026-06-05 03:30:37,sess_000954,cust_0129,session_end,Tablet,Africa,,Standard,0,0,,,,
2026-06-05 03:31:36,sess_000893,cust_0054,play,Mobile,APAC,Horror,Premium,336,0,8000 kbps,,,
2026-06-05 03:36:08,sess_000885,cust_0138,session_start,Smart TV,Africa,,Standard ,0,0,,,,
2026-06-05 03:46:12,sess_000885,cust_0138,play,Smart TV,Africa,Documentary,Standard ,1256,0,4500 kbps,,,
2026-06-05 03:46:32,sess_000893,cust_0054,play,Mobile,APAC,Horror,Premium,169,0,4500 kbps,,,
2026-06-05 03:50:18,sess_000893,cust_0054,pause,Mobile,APAC,Kids,Premium,0,0,,,,
2026-06-05 03:58:54,sess_000885,cust_0138,pause,Smart TV,Africa,Action,Standard ,0,0,,,,
2026-06-05 04:00:37,sess_000893,cust_0054,play,Mobile,APAC,Horror,Premium,518,0,2000kbps,,,
2026-06-05 04:01:05,sess_000885,cust_0138,pause,Smart TV,Africa,Horror,Standard ,0,0,,,,
2026-06-05 04:01:35,sess_000885,cust_0138,play,Smart TV,Africa,Documentary,Standard ,1738,0,6000kbps,,,
2026-06-05 04:01:50,sess_000885,cust_0138,session_end,Smart TV,Africa,,Standard ,0,0,,,75%,n/a
2026-06-05 04:05:46,sess_000394,cust_0032,session_start,Web,LATAM,,STD,0,0,,,,
2026-06-05 04:07:53,sess_000893,cust_0054,play,Mobile,APAC,Comedy,Premium,1221,0,480p-2000kbps,,,
2026-06-05 04:08:59,sess_000893,cust_0054,pause,Mobile,APAC,Kids,Premium,0,0,,,,
2026-06-05 04:14:11,sess_000893,cust_0054,pause,Mobile,APAC,Action,Premium,0,0,,,,
2026-06-05 04:15:24,sess_000394,cust_0032,play,Web,LATAM,Action,STD,623,0,1500kbps,,,
2026-06-05 04:20:02,sess_000394,cust_0032,play,Web,LATAM,Action,STD,324,0,480p-1500kbps,,,
2026-06-05 04:25:14,sess_000893,cust_0054,play,Mobile,APAC,Drama,Premium,1152,0,1500 kbps,,,
2026-06-05 04:26:34,sess_000893,cust_0054,session_end,Mobile,APAC,,Premium,0,0,,,80%,3.0
2026-06-05 04:33:13,sess_000394,cust_0032,play,Web,LATAM,Drama,STD,1355,0,4500kbps,,,
2026-06-05 04:34:13,sess_000394,cust_0032,play,Web,LATAM,Drama,STD,256,0,1500 kbps,,,
2026-06-05 04:41:21,sess_000394,cust_0032,play,Web,LATAM,Documentary,STD,1280,0,2000kbps,,,
2026-06-05 04:41:53,sess_000394,cust_0032,play,Web,LATAM,SciFi,STD,1413,0,6000 kbps,,,
2026-06-05 04:43:23,sess_000394,cust_0032,session_end,Web,LATAM,,STD,0,0,,,80%,N/A
2026-06-05 04:59:08,sess_000340,cust_0139,session_start,Console,Europe,,basic ,0,0,,,,
2026-06-05 05:00:06,sess_000340,cust_0139,play,Console,Europe,Comedy,basic ,958,0,2000kbps,,,
2026-06-05 05:08:39,sess_000340,cust_0139,buffer,Console,Europe,Kids,basic ,0,1867,,,,
2026-06-05 05:09:05,sess_000340,cust_0139,pause,Console,Europe,Horror,basic ,0,0,,,,
2026-06-05 05:22:55,sess_000340,cust_0139,play,Console,Europe,Comedy,basic ,285,0,2000kbps,,,
2026-06-05 05:33:12,sess_000340,cust_0139,error,Console,Europe,Action,basic ,0,0,,E1001,,
2026-06-05 05:36:33,sess_000340,cust_0139,error,Console,Europe,Horror,basic ,0,0,,E1001,,
2026-06-05 05:36:53,sess_000750,cust_0060,session_start,Tablet,Europe,,Premium ,0,0,,,,
2026-06-05 05:37:18,sess_000340,cust_0139,session_end,Console,Europe,,basic ,0,0,,,80%,
2026-06-05 05:41:27,sess_000750,cust_0060,play,Tablet,Europe,Documentary,Premium ,1278,0,6000kbps,,,
2026-06-05 05:53:37,sess_000750,cust_0060,play,Tablet,,Documentary,Premium ,1513,0,4500kbps,,,
2026-06-05 06:00:46,sess_000750,cust_0060,pause,Tablet,Europe,Action,Premium ,0,0,,,,
2026-06-05 06:14:31,sess_000750,cust_0060,play,Tablet,Europe,Comedy,Premium ,635,0,480p-1500kbps,,,
2026-06-05 06:16:42,sess_000572,cust_0016,session_start,Tablet,LATAM,,basic,0,0,,,,
2026-06-05 06:16:44,sess_000750,cust_0060,pause,Tablet,Europe,Horror,Premium ,0,0,,,,
2026-06-05 06:24:40,sess_000572,cust_0016,play,Tablet,LATAM,Horror,basic,770,0,8000kbps,,,
2026-06-05 06:26:55,sess_000750,cust_0060,pause,Tablet,Europe,Drama,Premium ,0,0,,,,
2026-06-05 06:33:05,sess_000572,cust_0016,buffer,Tablet,LATAM,Comedy,basic,0,2215,,,,
2026-06-05 06:41:44,sess_000750,cust_0060,pause,Tablet,Europe,Drama,Premium ,0,0,,,,
2026-06-05 06:43:03,sess_000750,cust_0060,play,Tablet,Europe,Kids,Premium ,1729,0,1500kbps,,,
2026-06-05 06:44:35,sess_000572,cust_0016,play,Tablet,LATAM,Drama,basic,778,0,720p-4500kbps,,,
2026-06-05 06:53:16,sess_000750,cust_0060,pause,Tablet,Europe,Kids,Premium ,0,0,,,,
2026-06-05 06:54:02,sess_000849,cust_0035,session_start,Smart TV,Europe,,standard,0,0,,,,
2026-06-05 06:54:35,sess_000849,cust_0035,error,Smart TV,Europe,Comedy,standard,0,0,,E1001,,
2026-06-05 06:57:24,sess_000572,cust_0016,error,Tablet,LATAM,Horror,basic,0,0,,E3003,,
2026-06-05 07:05:24,sess_000849,cust_0035,play,Smart TV,Europe,Documentary,standard,1445,0,720p-3000kbps,,,
2026-06-05 07:05:38,sess_000750,cust_0060,play,Tablet,Europe,Action,Premium ,809,0,2000kbps,,,
2026-06-05 07:07:41,sess_000572,cust_0016,play,Tablet,LATAM,Drama,basic,128,0,4500 kbps,,,
2026-06-05 07:08:57,sess_000572,cust_0016,session_end,Tablet,LATAM,,basic,0,0,,,80%,2
2026-06-05 07:15:29,sess_000849,cust_0035,play,Smart TV,Europe,Horror,standard,903,0,2000kbps,,,
2026-06-05 07:18:09,sess_000750,cust_0060,play,Tablet,Europe,Drama,Premium ,832,0,4500kbps,,,
2026-06-05 07:20:21,sess_000849,cust_0035,play,Smart TV,Europe,Action,standard,1112,0,720p-3000kbps,,,
2026-06-05 07:28:30,sess_000750,cust_0060,play,Tablet,Europe,Horror,Premium ,1406,0,6000kbps,,,
2026-06-05 07:30:49,sess_000849,cust_0035,play,Smart TV,Europe,SciFi,standard,479,0,4500kbps,,,
2026-06-05 07:39:44,sess_000849,cust_0035,play,Smart TV,Europe,Horror,standard,1313,0,480p-2000kbps,,,
2026-06-05 07:42:13,sess_000750,cust_0060,play,Tablet,Europe,Comedy,Premium ,43,0,4500kbps,,,
2026-06-05 07:48:47,sess_000849,cust_0035,play,Smart TV,Europe,Comedy,standard,603,0,6000 kbps,,,
2026-06-05 07:52:02,sess_000750,cust_0060,play,Tablet,Europe,Drama,Premium ,705,0,720p-3000kbps,,,
2026-06-05 07:56:17,sess_000849,cust_0035,pause,Smart TV,Europe,SciFi,standard,0,0,,,,
2026-06-05 07:59:19,sess_000750,cust_0060,play,Tablet,Europe,Documentary,Premium ,46,0,480p-1500kbps,,,
2026-06-05 08:00:49,sess_000750,cust_0060,session_end,Tablet,Europe,,Premium ,0,0,,,60%,5 stars
2026-06-05 08:05:54,sess_000849,cust_0035,play,Smart TV,Europe,Kids,standard,1401,0,6000kbps,,,
2026-06-05 08:10:29,sess_000849,cust_0035,play,Smart TV,Europe,Comedy,standard,1321,0,8000 kbps,,,
2026-06-05 08:10:41,sess_000849,cust_0035,session_end,Smart TV,Europe,,standard,0,0,,,90%,n/a
2026-06-05 08:55:03,sess_000851,cust_0138,session_start,Smart TV,Africa,,STD,0,0,,,,
2026-06-05 08:56:03,sess_000630,cust_0092,session_start,Smart TV,LATAM,,Basic,0,0,,,,
2026-06-05 08:57:31,sess_000630,cust_0092,play,Smart TV,LATAM,Documentary,Basic,1697,0,4500 kbps,,,
2026-06-05 08:59:31,sess_000630,cust_0092,pause,Smart TV,LATAM,Kids,Basic,0,0,,,,
2026-06-05 09:07:57,sess_000851,cust_0138,error,Smart TV,,Horror,STD,0,0,,E2002,,
2026-06-05 09:12:30,sess_000630,cust_0092,play,Smart TV,LATAM,Action,Basic,1353,0,6000 kbps,,,
2026-06-05 09:15:43,sess_000630,cust_0092,play,Smart TV,LATAM,Horror,Basic,878,0,2000 kbps,,,
2026-06-05 09:17:54,sess_000851,cust_0138,play,Smart TV,Africa,Drama,STD,302,0,1500 kbps,,,
2026-06-05 09:23:45,sess_000851,cust_0138,play,Smart TV,Africa,SciFi,STD,111,0,4500kbps,,,
2026-06-05 09:26:01,sess_000851,cust_0138,pause,Smart TV,Africa,Documentary,STD,0,0,,,,
2026-06-05 09:26:42,sess_000630,cust_0092,pause,Smart TV,LATAM,Kids,Basic,0,0,,,,
2026-06-05 09:29:39,sess_000851,cust_0138,play,Smart TV,Africa,Action,STD,362,0,4500kbps,,,
2026-06-05 09:33:32,sess_000630,cust_0092,play,Smart TV,LATAM,Drama,Basic,122,0,1080p-8000kbps,,,
2026-06-05 09:40:33,sess_000851,cust_0138,play,Smart TV,Africa,Comedy,STD,625,0,3000 kbps,,,
2026-06-05 09:42:43,sess_000630,cust_0092,play,Smart TV,LATAM,Horror,Basic,1556,0,8000 kbps,,,
2026-06-05 09:44:06,sess_000851,cust_0138,play,Smart TV,Africa,Comedy,STD,684,0,8000kbps,,,
2026-06-05 09:52:26,sess_000851,cust_0138,play,Smart TV,Africa,SciFi,STD,203,0,8000kbps,,,
2026-06-05 09:54:56,sess_000630,cust_0092,play,Smart TV,LATAM,Horror,Basic,1644,0,4500 kbps,,,
2026-06-05 10:00:13,sess_000630,cust_0092,error,Smart TV,LATAM,Drama,Basic,0,0,,E1001,,
2026-06-05 10:05:36,sess_000851,cust_0138,pause,Smart TV,Africa,Drama,STD,0,0,,,,
2026-06-05 10:09:18,sess_000630,cust_0092,play,Smart TV,LATAM,Horror,Basic,1736,0,2000 kbps,,,
2026-06-05 10:11:00,sess_000630,cust_0092,session_end,Smart TV,LATAM,,Basic,0,0,,,90%,5 stars
2026-06-05 10:19:21,sess_000851,cust_0138,pause,Smart TV,Africa,Horror,STD,0,0,,,,
2026-06-05 10:30:25,sess_000851,cust_0138,play,Smart TV,Africa,SciFi,STD,1575,0,8000kbps,,,
2026-06-05 10:32:13,sess_000851,cust_0138,session_end,Smart TV,Africa,,STD,0,0,,,75%,4.0
2026-06-05 11:12:23,sess_000703,cust_0005,session_start,Mobile,Africa,,Premium ,0,0,,,,
2026-06-05 11:12:41,sess_000703,cust_0005,play,Mobile,Africa,SciFi,Premium ,817,0,8000 kbps,,,
2026-06-05 11:19:12,sess_000703,cust_0005,play,Mobile,Africa,Drama,Premium ,259,0,1500 kbps,,,
2026-06-05 11:24:09,sess_000703,cust_0005,play,Mobile,Africa,Horror,Premium ,1378,0,4500 kbps,,,
2026-06-05 11:25:00,sess_000703,cust_0005,session_end,Mobile,Africa,,Premium ,0,0,,,87%,
2026-06-05 13:03:16,sess_000853,cust_0044,session_start,Mobile,Africa,,basic,0,0,,,,
2026-06-05 13:07:43,sess_000853,cust_0044,play,Mobile,Africa,Action,basic,813,0,1080p-6000kbps,,,
2026-06-05 13:10:39,sess_000853,cust_0044,play,Mobile,Africa,Kids,basic,1564,0,3000kbps,,,
2026-06-05 13:12:39,sess_000853,cust_0044,session_end,Mobile,Africa,,basic,0,0,,,90%,N/A
2026-06-05 13:46:12,sess_000164,cust_0026,session_start,Web,North America,,Premium,0,0,,,,
2026-06-05 14:00:36,sess_000164,cust_0026,play,Web,North America,SciFi,Premium,1217,0,2000kbps,,,
2026-06-05 14:14:26,sess_000164,cust_0026,play,Web,North America,Documentary,Premium,136,0,1080p-6000kbps,,,
2026-06-05 14:21:43,sess_000164,cust_0026,play,Web,North America,Comedy,Premium,127,0,4500kbps,,,
2026-06-05 14:23:48,sess_000458,cust_0026,session_start,Web,North America,,Premium,0,0,,,,
2026-06-05 14:28:52,sess_000164,cust_0026,pause,Web,North America,Action,Premium,0,0,,,,
2026-06-05 14:35:53,sess_000458,cust_0026,play,Web,North America,Comedy,Premium,643,0,720p-3000kbps,,,
2026-06-05 14:43:49,sess_000164,cust_0026,buffer,Web,North America,Kids,Premium,0,2025,,,,
2026-06-05 14:45:44,sess_000164,cust_0026,play,Web,North America,Action,Premium,1191,0,4500kbps,,,
2026-06-05 14:47:15,sess_000458,cust_0026,pause,Web,North America,Drama,Premium,0,0,,,,
2026-06-05 14:51:22,sess_000458,cust_0026,play,Web,North America,Comedy,Premium,1528,0,8000 kbps,,,
2026-06-05 14:52:20,sess_000458,cust_0026,pause,Web,North America,SciFi,Premium,0,0,,,,
2026-06-05 14:53:36,sess_000164,cust_0026,play,Web,North America,Horror,Premium,667,0,1500kbps,,,
2026-06-05 14:59:00,sess_000458,cust_0026,play,Web,North America,SciFi,Premium,1777,0,3000kbps,,,
2026-06-05 15:02:06,sess_000164,cust_0026,pause,Web,North America,Horror,Premium,0,0,,,,
2026-06-05 15:13:04,sess_000164,cust_0026,error,Web,North America,SciFi,Premium,0,0,,E4004,,
2026-06-05 15:13:22,sess_000830,cust_0041,session_start,Tablet,North America,,basic ,0,0,,,,
2026-06-05 15:13:33,sess_000458,cust_0026,play,Web,North America,Comedy,Premium,1687,0,3000 kbps,,,
2026-06-05 15:19:44,sess_000830,cust_0041,play,Tablet,North America,Action,basic ,1668,0,720p-4500kbps,,,
2026-06-05 15:25:48,sess_000164,cust_0026,play,Web,North America,Kids,Premium,1199,0,3000 kbps,,,
2026-06-05 15:28:00,sess_000458,cust_0026,pause,Web,North America,SciFi,Premium,0,0,,,,
2026-06-05 15:31:35,sess_000830,cust_0041,play,Tablet,North America,Drama,basic ,1057,0,3000kbps,,,
2026-06-05 15:38:18,sess_000458,cust_0026,play,Web,North America,Horror,Premium,801,0,480p-1500kbps,,,
2026-06-05 15:40:42,sess_000164,cust_0026,buffer,Web,North America,Documentary,Premium,0,2485,,,,
2026-06-05 15:46:19,sess_000830,cust_0041,play,Tablet,North America,SciFi,basic ,1235,0,720p-3000kbps,,,
2026-06-05 15:48:03,sess_000164,cust_0026,play,Web,North America,Action,Premium,1684,0,3000 kbps,,,
2026-06-05 15:48:57,sess_000164,cust_0026,buffer,Web,North America,Horror,Premium,0,1720,,,,
2026-06-05 15:50:24,sess_000164,cust_0026,session_end,Web,,,Premium,0,0,,,N/A,
2026-06-05 15:51:20,sess_000830,cust_0041,buffer,Tablet,North America,Kids,basic ,0,3734,,,,
2026-06-05 15:52:02,sess_000458,cust_0026,play,Web,North America,Comedy,Premium,1527,0,2000 kbps,,,
2026-06-05 16:00:46,sess_000458,cust_0026,play,Web,North America,Horror,Premium,1064,0,4500kbps,,,
2026-06-05 16:00:58,sess_000458,cust_0026,session_end,Web,North America,,Premium,0,0,,,45%,5 stars
2026-06-05 16:04:35,sess_000830,cust_0041,play,Tablet,North America,Horror,basic ,181,0,1500kbps,,,
2026-06-05 16:12:53,sess_000830,cust_0041,play,Tablet,North America,Horror,basic ,1584,0,1080p-6000kbps,,,
2026-06-05 16:17:24,sess_000830,cust_0041,error,Tablet,North America,Action,basic ,0,0,,E2002,,
2026-06-05 16:21:38,sess_000830,cust_0041,pause,Tablet,North America,Comedy,basic ,0,0,,,,
2026-06-05 16:23:22,sess_000830,cust_0041,session_end,Tablet,North America,,basic ,0,0,,,60%,1.0
2026-06-05 18:21:18,sess_000930,cust_0020,session_start,Console,LATAM,,STD,0,0,,,,
2026-06-05 18:29:42,sess_000930,cust_0020,play,Console,LATAM,Horror,STD,772,0,1500kbps,,,
2026-06-05 18:32:25,sess_000930,cust_0020,play,Console,LATAM,Documentary,STD,1253,0,6000 kbps,,,
2026-06-05 18:33:16,sess_000930,cust_0020,play,Console,LATAM,Horror,STD,339,0,1080p-6000kbps,,,
2026-06-05 18:44:02,sess_000930,cust_0020,play,Console,LATAM,SciFi,STD,232,0,1500kbps,,,
2026-06-05 18:50:48,sess_000930,cust_0020,play,Console,LATAM,Kids,STD,1790,0,4500 kbps,,,
2026-06-05 19:02:29,sess_000930,cust_0020,pause,Console,LATAM,Horror,STD,0,0,,,,
2026-06-05 19:14:43,sess_000930,cust_0020,play,Console,LATAM,Kids,STD,725,0,2000 kbps,,,
2026-06-05 19:22:54,sess_000930,cust_0020,play,Console,,Comedy,STD,1497,0,1080p-8000kbps,,,
2026-06-05 19:26:50,sess_000930,cust_0020,play,Console,LATAM,SciFi,STD,1649,0,2000kbps,,,
2026-06-05 19:39:02,sess_000930,cust_0020,play,Console,LATAM,Kids,STD,627,0,720p-3000kbps,,,
2026-06-05 19:39:34,sess_000930,cust_0020,session_end,Console,LATAM,,STD,0,0,,,95%,1
2026-06-05 20:55:08,sess_000108,cust_0049,session_start,Tablet,North America,,STD,0,0,,,,
2026-06-05 21:05:34,sess_000108,cust_0049,play,Tablet,North America,Action,STD,272,0,720p-3000kbps,,,
2026-06-05 21:08:47,sess_000108,cust_0049,play,Tablet,North America,Drama,STD,52,0,1080p-8000kbps,,,
2026-06-05 21:20:30,sess_000108,cust_0049,play,Tablet,North America,Kids,STD,431,0,720p-4500kbps,,,
2026-06-05 21:28:03,sess_000733,cust_0006,session_start,Tablet,Europe,,Standard ,0,0,,,,
2026-06-05 21:34:55,sess_000108,cust_0049,play,Tablet,North America,Comedy,STD,796,0,1080p-8000kbps,,,
2026-06-05 21:35:31,sess_000220,cust_0018,session_start,Smart TV,Africa,,basic,0,0,,,,
2026-06-05 21:39:49,sess_000200,cust_0038,session_start,Console,Africa,,STD,0,0,,,,
2026-06-05 21:40:36,sess_000733,cust_0006,buffer,Tablet,Europe,Comedy,Standard ,0,975,,,,
2026-06-05 21:41:01,sess_000220,cust_0018,play,Smart TV,Africa,Horror,basic,1514,0,480p-2000kbps,,,
2026-06-05 21:48:49,sess_000108,cust_0049,play,Tablet,North America,SciFi,STD,576,0,480p-1500kbps,,,
2026-06-05 21:49:59,sess_000733,cust_0006,play,Tablet,Europe,Comedy,Standard ,614,0,1500 kbps,,,
2026-06-05 21:51:42,sess_000200,cust_0038,buffer,Console,Africa,Documentary,STD,0,1015,,,,
2026-06-05 21:52:59,sess_000220,cust_0018,play,Smart TV,Africa,Drama,basic,218,0,2000 kbps,,,
2026-06-05 22:00:11,sess_000200,cust_0038,play,Console,Africa,Drama,STD,1131,0,2000kbps,,,
2026-06-05 22:01:32,sess_000220,cust_0018,pause,Smart TV,Africa,Horror,basic,0,0,,,,
2026-06-05 22:01:59,sess_000733,cust_0006,play,Tablet,Europe,Action,Standard ,1762,0,8000kbps,,,
2026-06-05 22:02:54,sess_000108,cust_0049,play,Tablet,North America,Horror,STD,1799,0,2000kbps,,,
2026-06-05 22:03:45,sess_000733,cust_0006,pause,Tablet,Europe,Comedy,Standard ,0,0,,,,
2026-06-05 22:03:48,sess_000200,cust_0038,play,Console,Africa,Horror,STD,1378,0,1080p-8000kbps,,,
2026-06-05 22:11:24,sess_000200,cust_0038,pause,Console,,Drama,STD,0,0,,,,
2026-06-05 22:12:31,sess_000220,cust_0018,pause,Smart TV,Africa,Kids,basic,0,0,,,,
2026-06-05 22:12:42,sess_000220,cust_0018,session_end,Smart TV,Africa,,basic,0,0,,,75%,n/a
2026-06-05 22:13:25,sess_000108,cust_0049,error,Tablet,North America,Kids,STD,0,0,,E1001,,
2026-06-05 22:15:03,sess_000200,cust_0038,buffer,Console,Africa,SciFi,STD,0,3041,,,,
2026-06-05 22:18:38,sess_000733,cust_0006,play,Tablet,Europe,Documentary,Standard ,1320,0,480p-2000kbps,,,
2026-06-05 22:24:22,sess_000733,cust_0006,play,Tablet,Europe,Documentary,Standard ,171,0,2000kbps,,,
2026-06-05 22:25:22,sess_000200,cust_0038,pause,Console,Africa,Documentary,STD,0,0,,,,
2026-06-05 22:28:00,sess_000108,cust_0049,buffer,Tablet,North America,Drama,STD,0,2320,,,,
2026-06-05 22:33:06,sess_000200,cust_0038,play,Console,Africa,Action,STD,533,0,480p-2000kbps,,,
2026-06-05 22:33:09,sess_000733,cust_0006,play,Tablet,Europe,Action,Standard ,540,0,1500kbps,,,
2026-06-05 22:34:13,sess_000733,cust_0006,session_end,Tablet,Europe,,Standard ,0,0,,,87%,
2026-06-05 22:36:10,sess_000108,cust_0049,play,Tablet,North America,Comedy,STD,527,0,6000 kbps,,,
2026-06-05 22:42:34,sess_000108,cust_0049,pause,Tablet,North America,SciFi,STD,0,0,,,,
2026-06-05 22:44:13,sess_000108,cust_0049,buffer,Tablet,North America,Documentary,STD,0,3345,,,,
2026-06-05 22:45:33,sess_000108,cust_0049,session_end,Tablet,North America,,STD,0,0,,,45%,
2026-06-05 22:46:46,sess_000200,cust_0038,play,Console,Africa,Drama,STD,124,0,720p-3000kbps,,,
2026-06-05 22:48:33,sess_000200,cust_0038,play,Console,Africa,Documentary,STD,1201,0,4500 kbps,,,
2026-06-05 22:49:56,sess_000200,cust_0038,pause,Console,Africa,Horror,STD,0,0,,,,
2026-06-05 22:53:45,sess_000200,cust_0038,play,Console,Africa,Drama,STD,566,0,4500 kbps,,,
2026-06-05 22:54:25,sess_000200,cust_0038,session_end,Console,Africa,,STD,0,0,,,60%,2 stars
2026-06-05 23:04:42,sess_000224,cust_0122,session_start,Smart TV,APAC,,BASIC,0,0,,,,
2026-06-05 23:13:50,sess_000224,cust_0122,error,Smart TV,APAC,Horror,BASIC,0,0,,E4004,,
2026-06-05 23:23:00,sess_000224,cust_0122,play,Smart TV,APAC,Comedy,BASIC,430,0,4500kbps,,,
2026-06-05 23:37:00,sess_000224,cust_0122,play,Smart TV,APAC,Comedy,BASIC,1227,0,8000 kbps,,,
2026-06-05 23:44:40,sess_000224,cust_0122,error,Smart TV,APAC,Kids,BASIC,0,0,,E4004,,
2026-06-05 23:53:21,sess_000224,cust_0122,play,Smart TV,,Drama,BASIC,206,0,6000 kbps,,,
2026-06-06 00:02:33,sess_000224,cust_0122,buffer,Smart TV,APAC,Action,BASIC,0,2402,,,,
2026-06-06 00:08:12,sess_000224,cust_0122,buffer,Smart TV,APAC,SciFi,BASIC,0,3305,,,,
2026-06-06 00:12:17,sess_000224,cust_0122,pause,Smart TV,APAC,Action,BASIC,0,0,,,,
2026-06-06 00:12:40,sess_000224,cust_0122,session_end,Smart TV,APAC,,BASIC,0,0,,,N/A,N/A
2026-06-06 00:38:40,sess_000265,cust_0036,session_start,Mobile,Africa,,STD,0,0,,,,
2026-06-06 00:40:43,sess_000265,cust_0036,error,Mobile,Africa,Documentary,STD,0,0,,E3003,,
2026-06-06 00:43:16,sess_000265,cust_0036,play,Mobile,Africa,Action,STD,1148,0,480p-1500kbps,,,
2026-06-06 00:46:38,sess_000265,cust_0036,play,Mobile,Africa,Documentary,STD,375,0,4500kbps,,,
2026-06-06 00:47:11,sess_000265,cust_0036,session_end,Mobile,Africa,,STD,0,0,,,90%,4.0
2026-06-06 01:36:55,sess_000563,cust_0028,session_start,Tablet,Europe,,Premium,0,0,,,,
2026-06-06 01:51:23,sess_000563,cust_0028,play,Tablet,Europe,Action,Premium,1584,0,4500 kbps,,,
2026-06-06 02:01:19,sess_000563,cust_0028,play,Tablet,Europe,SciFi,Premium,1642,0,6000 kbps,,,
2026-06-06 02:09:17,sess_000563,cust_0028,play,Tablet,Europe,Comedy,Premium,1414,0,8000kbps,,,
2026-06-06 02:11:53,sess_000563,cust_0028,play,Tablet,Europe,Comedy,Premium,807,0,8000kbps,,,
2026-06-06 02:15:53,sess_000563,cust_0028,play,Tablet,Europe,Comedy,Premium,873,0,480p-1500kbps,,,
2026-06-06 02:26:18,sess_000563,cust_0028,play,Tablet,Europe,SciFi,Premium,575,0,2000 kbps,,,
2026-06-06 02:39:49,sess_000563,cust_0028,play,Tablet,Europe,Kids,Premium,1007,0,1500kbps,,,
2026-06-06 02:46:44,sess_000563,cust_0028,play,Tablet,Europe,Documentary,Premium,962,0,1500 kbps,,,
2026-06-06 02:49:55,sess_000563,cust_0028,play,Tablet,Europe,Documentary,Premium,961,0,720p-4500kbps,,,
2026-06-06 03:02:31,sess_000563,cust_0028,pause,Tablet,Europe,Kids,Premium,0,0,,,,
2026-06-06 03:06:01,sess_000563,cust_0028,play,Tablet,Europe,Kids,Premium,960,0,8000kbps,,,
2026-06-06 03:17:02,sess_000563,cust_0028,play,Tablet,Europe,Kids,Premium,1399,0,4500kbps,,,
2026-06-06 03:18:35,sess_000563,cust_0028,session_end,Tablet,Europe,,Premium,0,0,,,87%,3 stars
2026-06-06 04:14:10,sess_000409,cust_0039,session_start,Smart TV,Africa,,Standard,0,0,,,,
2026-06-06 04:21:04,sess_000409,cust_0039,play,Smart TV,Africa,Drama,Standard,1653,0,1080p-6000kbps,,,
2026-06-06 04:32:51,sess_000409,cust_0039,pause,Smart TV,Africa,Kids,Standard,0,0,,,,
2026-06-06 04:38:26,sess_000935,cust_0144,session_start,Console,LATAM,,Standard,0,0,,,,
2026-06-06 04:38:59,sess_000935,cust_0144,error,Console,LATAM,Comedy,Standard,0,0,,E2002,,
2026-06-06 04:43:15,sess_000561,cust_0146,session_start,Mobile,Europe,,basic,0,0,,,,
2026-06-06 04:44:45,sess_000561,cust_0146,play,Mobile,Europe,Drama,basic,561,0,4500kbps,,,
2026-06-06 04:45:19,sess_000409,cust_0039,play,Smart TV,Africa,Action,Standard,608,0,4500kbps,,,
2026-06-06 04:54:35,sess_000561,cust_0146,play,Mobile,Europe,Kids,basic,741,0,720p-4500kbps,,,
2026-06-06 04:55:51,sess_000561,cust_0146,session_end,Mobile,Europe,,basic,0,0,,,100%,
2026-06-06 04:58:29,sess_000409,cust_0039,play,Smart TV,Africa,Comedy,Standard,447,0,1080p-8000kbps,,,
2026-06-06 04:58:44,sess_000409,cust_0039,session_end,Smart TV,Africa,,Standard,0,0,,,87%,2
2026-06-06 06:39:07,sess_000210,cust_0040,session_start,Console,Africa,,BASIC,0,0,,,,
2026-06-06 06:40:48,sess_000210,cust_0040,error,Console,Africa,Comedy,BASIC,0,0,,E1001,,
2026-06-06 06:46:35,sess_000210,cust_0040,buffer,Console,Africa,Documentary,BASIC,0,245,,,,
2026-06-06 06:59:27,sess_000210,cust_0040,buffer,Console,Africa,Horror,BASIC,0,2239,,,,
2026-06-06 07:09:35,sess_000210,cust_0040,play,Console,Africa,Horror,BASIC,827,0,2000kbps,,,
2026-06-06 07:17:43,sess_000210,cust_0040,play,Console,Africa,Kids,BASIC,1399,0,3000 kbps,,,
2026-06-06 07:18:13,sess_000210,cust_0040,session_end,Console,Africa,,BASIC,0,0,,,75%,5.0
2026-06-06 07:42:41,sess_000598,cust_0046,session_start,Tablet,North America,,Basic,0,0,,,,
2026-06-06 07:57:32,sess_000598,cust_0046,buffer,Tablet,North America,Horror,Basic,0,1764,,,,
2026-06-06 07:58:07,sess_000598,cust_0046,play,Tablet,North America,SciFi,Basic,816,0,1500 kbps,,,
2026-06-06 08:02:30,sess_000598,cust_0046,pause,Tablet,North America,Comedy,Basic,0,0,,,,
2026-06-06 08:16:15,sess_000598,cust_0046,play,Tablet,North America,Horror,Basic,1746,0,1500 kbps,,,
2026-06-06 08:30:20,sess_000598,cust_0046,pause,Tablet,North America,Kids,Basic,0,0,,,,
2026-06-06 08:30:50,sess_000598,cust_0046,pause,Tablet,North America,Horror,Basic,0,0,,,,
2026-06-06 08:33:10,sess_000598,cust_0046,play,Tablet,North America,Documentary,Basic,1346,0,1080p-8000kbps,,,
2026-06-06 08:44:58,sess_000598,cust_0046,play,Tablet,North America,Drama,Basic,1314,0,6000kbps,,,
2026-06-06 08:47:05,sess_000598,cust_0046,pause,Tablet,North America,Drama,Basic,0,0,,,,
2026-06-06 08:58:52,sess_000598,cust_0046,play,Tablet,North America,Comedy,Basic,1137,0,480p-2000kbps,,,
2026-06-06 09:08:41,sess_000598,cust_0046,play,Tablet,North America,SciFi,Basic,284,0,2000 kbps,,,
2026-06-06 09:18:13,sess_000598,cust_0046,play,Tablet,North America,Documentary,Basic,902,0,1500kbps,,,
2026-06-06 09:18:32,sess_000598,cust_0046,play,Tablet,North America,Documentary,Basic,1049,0,4500 kbps,,,
2026-06-06 09:22:12,sess_000598,cust_0046,play,Tablet,North America,Action,Basic,55,0,2000kbps,,,
2026-06-06 09:35:54,sess_000598,cust_0046,play,Tablet,North America,Horror,Basic,599,0,2000kbps,,,
2026-06-06 09:37:40,sess_000598,cust_0046,session_end,Tablet,North America,,Basic,0,0,,,100%,n/a
2026-06-06 12:08:11,sess_000351,cust_0008,session_start,Tablet,LATAM,,PremiumPlus,0,0,,,,
2026-06-06 12:15:51,sess_000351,cust_0008,play,Tablet,LATAM,Action,PremiumPlus,461,0,1500kbps,,,
2026-06-06 12:18:40,sess_000351,cust_0008,play,Tablet,LATAM,Documentary,PremiumPlus,296,0,480p-1500kbps,,,
2026-06-06 12:24:08,sess_000351,cust_0008,play,Tablet,LATAM,Kids,PremiumPlus,1239,0,6000kbps,,,
2026-06-06 12:29:38,sess_000351,cust_0008,error,Tablet,LATAM,Action,PremiumPlus,0,0,,E1001,,
2026-06-06 12:30:52,sess_000351,cust_0008,session_end,Tablet,,,PremiumPlus,0,0,,,60%,
2026-06-06 13:11:40,sess_000056,cust_0084,session_start,Mobile,APAC,,basic ,0,0,,,,
2026-06-06 13:13:53,sess_000056,cust_0084,play,Mobile,APAC,Drama,basic ,1758,0,2000 kbps,,,
2026-06-06 13:14:51,sess_000056,cust_0084,pause,Mobile,APAC,SciFi,basic ,0,0,,,,
2026-06-06 13:18:48,sess_000056,cust_0084,play,Mobile,APAC,Action,basic ,1010,0,2000kbps,,,
2026-06-06 13:19:27,sess_000056,cust_0084,play,Mobile,APAC,Comedy,basic ,1155,0,2000 kbps,,,
2026-06-06 13:20:24,sess_000056,cust_0084,play,Mobile,APAC,Kids,basic ,241,0,720p-4500kbps,,,
2026-06-06 13:21:47,sess_000056,cust_0084,session_end,Mobile,APAC,,basic ,0,0,,,N/A,N/A
2026-06-06 15:33:33,sess_000496,cust_0005,session_start,Mobile,Africa,,Premium ,0,0,,,,
2026-06-06 15:37:03,sess_000496,cust_0005,play,Mobile,Africa,Drama,Premium ,821,0,6000 kbps,,,
2026-06-06 15:42:57,sess_000496,cust_0005,play,Mobile,Africa,Drama,Premium ,1366,0,720p-4500kbps,,,
2026-06-06 15:44:46,sess_000496,cust_0005,play,Mobile,Africa,Horror,Premium ,337,0,6000kbps,,,
2026-06-06 15:54:31,sess_000496,cust_0005,play,Mobile,Africa,Action,Premium ,1692,0,2000kbps,,,
2026-06-06 15:56:11,sess_000496,cust_0005,session_end,Mobile,Africa,,Premium ,0,0,,,90%,4
2026-06-06 16:07:32,sess_000956,cust_0016,session_start,Tablet,LATAM,,BASIC,0,0,,,,
2026-06-06 16:08:20,sess_000956,cust_0016,play,Tablet,LATAM,Comedy,BASIC,80,0,480p-1500kbps,,,
2026-06-06 16:14:53,sess_000956,cust_0016,play,Tablet,LATAM,Action,BASIC,962,0,6000 kbps,,,
2026-06-06 16:25:57,sess_000956,cust_0016,play,Tablet,LATAM,Kids,BASIC,35,0,2000 kbps,,,
2026-06-06 16:26:54,sess_000956,cust_0016,play,Tablet,LATAM,Horror,BASIC,219,0,6000 kbps,,,
2026-06-06 16:38:01,sess_000956,cust_0016,play,Tablet,LATAM,SciFi,BASIC,46,0,3000 kbps,,,
2026-06-06 16:39:17,sess_000956,cust_0016,session_end,Tablet,LATAM,,BASIC,0,0,,,87%,3
2026-06-06 19:11:34,sess_000833,cust_0079,session_start,Console,Africa,,basic,0,0,,,,
2026-06-06 19:25:34,sess_000833,cust_0079,play,Console,Africa,Action,basic,57,0,2000kbps,,,
2026-06-06 19:26:22,sess_000833,cust_0079,error,Console,Africa,Comedy,basic,0,0,,E1001,,
2026-06-06 20:21:54,sess_000479,cust_0105,session_start,Smart TV,North America,,standard,0,0,,,,
2026-06-06 20:23:57,sess_000479,cust_0105,error,Smart TV,North America,SciFi,standard,0,0,,E1001,,
2026-06-06 20:31:51,sess_000479,cust_0105,play,Smart TV,North America,Horror,standard,375,0,1080p-8000kbps,,,
2026-06-06 20:36:14,sess_000479,cust_0105,play,Smart TV,North America,SciFi,standard,216,0,6000 kbps,,,
2026-06-06 20:37:14,sess_000479,cust_0105,session_end,Smart TV,North America,,standard,0,0,,,N/A,n/a
2026-06-06 21:10:10,sess_000656,cust_0126,session_start,Console,LATAM,,BASIC,0,0,,,,
2026-06-06 21:12:16,sess_000656,cust_0126,pause,Console,LATAM,Action,BASIC,0,0,,,,
2026-06-06 21:14:09,sess_000656,cust_0126,buffer,Console,LATAM,Comedy,BASIC,0,3200,,,,
2026-06-06 21:22:08,sess_000656,cust_0126,buffer,Console,LATAM,Documentary,BASIC,0,893,,,,
2026-06-06 21:23:54,sess_000656,cust_0126,session_end,Console,LATAM,,BASIC,0,0,,,,N/A
2026-06-07 00:40:48,sess_000152,cust_0082,session_start,Smart TV,Africa,,PREM,0,0,,,,
2026-06-07 00:55:15,sess_000152,cust_0082,play,Smart TV,Africa,Documentary,PREM,137,0,720p-3000kbps,,,
2026-06-07 01:08:21,sess_000152,cust_0082,play,Smart TV,Africa,Documentary,PREM,1172,0,1500kbps,,,
2026-06-07 01:18:29,sess_000152,cust_0082,play,Smart TV,Africa,Horror,PREM,204,0,1080p-8000kbps,,,
2026-06-07 01:31:03,sess_000152,cust_0082,pause,Smart TV,Africa,Drama,PREM,0,0,,,,
2026-06-07 01:31:46,sess_000152,cust_0082,play,Smart TV,Africa,Action,PREM,872,0,1080p-6000kbps,,,
2026-06-07 01:38:20,sess_000152,cust_0082,error,Smart TV,Africa,Documentary,PREM,0,0,,E2002,,
2026-06-07 01:38:53,sess_000152,cust_0082,buffer,Smart TV,Africa,Kids,PREM,0,3263,,,,
2026-06-07 01:42:51,sess_000152,cust_0082,play,Smart TV,Africa,Comedy,PREM,333,0,8000kbps,,,
2026-06-07 01:56:37,sess_000152,cust_0082,play,Smart TV,Africa,Documentary,PREM,716,0,6000 kbps,,,
2026-06-07 02:09:07,sess_000152,cust_0082,play,Smart TV,Africa,Comedy,PREM,1448,0,2000 kbps,,,
2026-06-07 02:18:48,sess_000152,cust_0082,play,Smart TV,Africa,Kids,PREM,382,0,6000 kbps,,,
2026-06-07 02:19:43,sess_000152,cust_0082,session_end,Smart TV,Africa,,PREM,0,0,,,80%,N/A
2026-06-07 05:16:05,sess_000672,cust_0029,session_start,Mobile,Europe,,basic ,0,0,,,,
2026-06-07 05:21:04,sess_000457,cust_0096,session_start,Web,Africa,,BASIC,0,0,,,,
2026-06-07 05:21:31,sess_000457,cust_0096,play,Web,Africa,Horror,BASIC,1515,0,8000 kbps,,,
2026-06-07 05:22:09,sess_000672,cust_0029,buffer,Mobile,Europe,SciFi,basic ,0,3719,,,,
2026-06-07 05:23:50,sess_000672,cust_0029,play,Mobile,Europe,Horror,basic ,546,0,3000 kbps,,,
2026-06-07 05:29:36,sess_000457,cust_0096,play,Web,Africa,SciFi,BASIC,225,0,480p-2000kbps,,,
2026-06-07 05:32:19,sess_000457,cust_0096,play,Web,Africa,SciFi,BASIC,1034,0,6000 kbps,,,
2026-06-07 05:36:43,sess_000672,cust_0029,play,Mobile,Europe,Documentary,basic ,1677,0,4500 kbps,,,
2026-06-07 05:40:24,sess_000672,cust_0029,play,Mobile,Europe,Drama,basic ,121,0,2000kbps,,,
2026-06-07 05:46:42,sess_000457,cust_0096,play,Web,Africa,SciFi,BASIC,293,0,480p-1500kbps,,,
2026-06-07 05:50:29,sess_000672,cust_0029,play,Mobile,Europe,Horror,basic ,1675,0,720p-3000kbps,,,
2026-06-07 05:52:44,sess_000457,cust_0096,play,Web,Africa,Documentary,BASIC,48,0,2000 kbps,,,
2026-06-07 06:01:09,sess_000457,cust_0096,error,Web,Africa,Kids,BASIC,0,0,,E2002,,
2026-06-07 06:02:55,sess_000672,cust_0029,play,Mobile,Europe,Action,basic ,581,0,2000kbps,,,
2026-06-07 06:05:04,sess_000457,cust_0096,play,Web,Africa,SciFi,BASIC,904,0,1080p-8000kbps,,,
2026-06-07 06:05:15,sess_000457,cust_0096,session_end,Web,Africa,,BASIC,0,0,,,95%,5
2026-06-07 06:12:31,sess_000672,cust_0029,play,Mobile,Europe,Comedy,basic ,440,0,720p-3000kbps,,,
2026-06-07 06:21:05,sess_000672,cust_0029,play,Mobile,Europe,Documentary,basic ,1709,0,720p-3000kbps,,,
2026-06-07 06:28:27,sess_000672,cust_0029,play,Mobile,Europe,Drama,basic ,1561,0,8000kbps,,,
2026-06-07 06:29:42,sess_000672,cust_0029,session_end,Mobile,Europe,,basic ,0,0,,,45%,3 stars
2026-06-07 07:22:03,sess_000960,cust_0037,session_start,Console,North America,,Premium ,0,0,,,,
2026-06-07 07:22:52,sess_000960,cust_0037,play,Console,North America,Drama,Premium ,1570,0,1080p-8000kbps,,,
2026-06-07 07:32:30,sess_000960,cust_0037,play,Console,North America,SciFi,Premium ,37,0,1080p-8000kbps,,,
2026-06-07 07:46:00,sess_000045,cust_0110,session_start,Web,Europe,,Premium,0,0,,,,
2026-06-07 07:46:33,sess_000960,cust_0037,play,Console,North America,SciFi,Premium ,1079,0,1080p-6000kbps,,,
2026-06-07 07:50:55,sess_000960,cust_0037,play,Console,North America,Drama,Premium ,526,0,1500kbps,,,
2026-06-07 07:51:09,sess_000045,cust_0110,play,Web,Europe,Documentary,Premium,1380,0,480p-1500kbps,,,
2026-06-07 07:58:06,sess_000045,cust_0110,play,Web,Europe,Drama,Premium,409,0,8000 kbps,,,
2026-06-07 07:59:14,sess_000960,cust_0037,play,Console,North America,Documentary,Premium ,1726,0,1080p-8000kbps,,,
2026-06-07 08:01:10,sess_000960,cust_0037,play,Console,North America,Kids,Premium ,1520,0,1080p-6000kbps,,,
2026-06-07 08:02:39,sess_000960,cust_0037,session_end,Console,North America,,Premium ,0,0,,,95%,N/A
2026-06-07 08:04:35,sess_000045,cust_0110,play,Web,Europe,SciFi,Premium,1240,0,2000 kbps,,,
2026-06-07 08:10:09,sess_000045,cust_0110,play,Web,Europe,Drama,Premium,383,0,4500 kbps,,,
2026-06-07 08:14:57,sess_000045,cust_0110,play,Web,Europe,SciFi,Premium,828,0,1500kbps,,,
2026-06-07 08:28:21,sess_000045,cust_0110,play,Web,Europe,Horror,Premium,1622,0,1500kbps,,,
2026-06-07 08:35:00,sess_000045,cust_0110,play,Web,Europe,Kids,Premium,247,0,1080p-8000kbps,,,
2026-06-07 08:43:52,sess_000045,cust_0110,play,Web,Europe,Horror,Premium,182,0,8000kbps,,,
2026-06-07 08:52:10,sess_000045,cust_0110,play,Web,Europe,SciFi,Premium,107,0,1500 kbps,,,
2026-06-07 08:53:08,sess_000045,cust_0110,session_end,Web,Europe,,Premium,0,0,,,100%,n/a
2026-06-07 08:55:15,sess_000142,cust_0006,session_start,Tablet,Europe,,STD,0,0,,,,
2026-06-07 09:00:59,sess_000142,cust_0006,pause,Tablet,Europe,Drama,STD,0,0,,,,
2026-06-07 09:13:55,sess_000142,cust_0006,pause,Tablet,Europe,Drama,STD,0,0,,,,
2026-06-07 09:19:25,sess_000142,cust_0006,error,Tablet,Europe,SciFi,STD,0,0,,E1001,,
2026-06-07 09:24:21,sess_000142,cust_0006,play,Tablet,Europe,Drama,STD,557,0,3000 kbps,,,
2026-06-07 09:34:03,sess_000142,cust_0006,pause,Tablet,Europe,Action,STD,0,0,,,,
2026-06-07 09:34:45,sess_000334,cust_0026,session_start,Web,North America,,premium,0,0,,,,
2026-06-07 09:35:34,sess_000142,cust_0006,pause,Tablet,Europe,Action,STD,0,0,,,,
2026-06-07 09:47:54,sess_000334,cust_0026,play,Web,North America,Drama,premium,1494,0,1080p-6000kbps,,,
2026-06-07 09:50:23,sess_000142,cust_0006,pause,Tablet,Europe,Documentary,STD,0,0,,,,
2026-06-07 09:52:54,sess_000334,cust_0026,buffer,Web,North America,Action,premium,0,383,,,,
2026-06-07 09:56:19,sess_000142,cust_0006,play,Tablet,Europe,Kids,STD,773,0,3000kbps,,,
2026-06-07 09:56:41,sess_000142,cust_0006,play,Tablet,Europe,Action,STD,274,0,1500 kbps,,,
2026-06-07 09:59:55,sess_000334,cust_0026,play,Web,North America,SciFi,premium,1731,0,2000kbps,,,
2026-06-07 10:03:33,sess_001000,cust_0086,session_start,Web,Europe,,standard,0,0,,,,
2026-06-07 10:04:48,sess_000142,cust_0006,play,Tablet,Europe,SciFi,STD,475,0,6000 kbps,,,
2026-06-07 10:06:34,sess_001000,cust_0086,pause,Web,Europe,Kids,standard,0,0,,,,
2026-06-07 10:08:24,sess_000142,cust_0006,buffer,Tablet,Europe,SciFi,STD,0,1641,,,,
2026-06-07 10:09:01,sess_000142,cust_0006,session_end,Tablet,Europe,,STD,0,0,,,60%,3.0
2026-06-07 10:10:37,sess_000334,cust_0026,pause,Web,,Horror,premium,0,0,,,,
2026-06-07 10:16:06,sess_001000,cust_0086,play,Web,Europe,Action,standard,235,0,8000 kbps,,,
2026-06-07 10:19:45,sess_000334,cust_0026,play,Web,North America,Action,premium,349,0,8000 kbps,,,
2026-06-07 10:22:59,sess_001000,cust_0086,play,Web,Europe,Horror,standard,1244,0,720p-3000kbps,,,
2026-06-07 10:26:47,sess_000334,cust_0026,play,Web,North America,SciFi,premium,91,0,1500kbps,,,
2026-06-07 10:29:03,sess_001000,cust_0086,buffer,Web,Europe,Comedy,standard,0,1028,,,,
2026-06-07 10:33:31,sess_001000,cust_0086,play,Web,Europe,SciFi,standard,1088,0,6000 kbps,,,
2026-06-07 10:34:27,sess_001000,cust_0086,session_end,Web,Europe,,standard,0,0,,,45%,3 stars
2026-06-07 10:34:52,sess_000334,cust_0026,pause,Web,,Drama,premium,0,0,,,,
2026-06-07 10:47:06,sess_000199,cust_0011,session_start,Smart TV,LATAM,,premium plus,0,0,,,,
2026-06-07 10:47:57,sess_000334,cust_0026,pause,Web,North America,Horror,premium,0,0,,,,
2026-06-07 10:49:02,sess_000678,cust_0150,session_start,Smart TV,LATAM,,basic,0,0,,,,
2026-06-07 10:53:01,sess_000334,cust_0026,pause,Web,North America,SciFi,premium,0,0,,,,
2026-06-07 10:53:19,sess_000334,cust_0026,session_end,Web,North America,,premium,0,0,,,,n/a
2026-06-07 10:58:37,sess_000199,cust_0011,play,Smart TV,LATAM,Comedy,premium plus,996,0,8000kbps,,,
2026-06-07 10:59:22,sess_000678,cust_0150,play,Smart TV,LATAM,SciFi,basic,1073,0,6000kbps,,,
2026-06-07 11:04:28,sess_000199,cust_0011,play,Smart TV,LATAM,Kids,premium plus,1254,0,2000 kbps,,,
2026-06-07 11:07:10,sess_000678,cust_0150,play,Smart TV,LATAM,Kids,basic,1210,0,480p-1500kbps,,,
2026-06-07 11:14:14,sess_000435,cust_0059,session_start,Tablet,Africa,,Premium ,0,0,,,,
2026-06-07 11:15:28,sess_000199,cust_0011,play,Smart TV,LATAM,Kids,premium plus,1746,0,3000 kbps,,,
2026-06-07 11:21:11,sess_000678,cust_0150,play,Smart TV,LATAM,Action,basic,972,0,480p-1500kbps,,,
2026-06-07 11:22:56,sess_000199,cust_0011,play,Smart TV,LATAM,Horror,premium plus,320,0,480p-2000kbps,,,
2026-06-07 11:23:00,sess_000678,cust_0150,session_end,Smart TV,LATAM,,basic,0,0,,,95%,4.0
2026-06-07 11:24:36,sess_000435,cust_0059,play,Tablet,Africa,Horror,Premium ,1394,0,6000 kbps,,,
2026-06-07 11:26:30,sess_000199,cust_0011,pause,Smart TV,LATAM,Action,premium plus,0,0,,,,
2026-06-07 11:29:37,sess_000435,cust_0059,play,Tablet,Africa,Action,Premium ,1105,0,480p-2000kbps,,,
2026-06-07 11:30:29,sess_000199,cust_0011,buffer,Smart TV,LATAM,Documentary,premium plus,0,1283,,,,
2026-06-07 11:30:41,sess_000199,cust_0011,session_end,Smart TV,LATAM,,premium plus,0,0,,,95%,5.0
2026-06-07 11:41:38,sess_000435,cust_0059,play,Tablet,Africa,Comedy,Premium ,1420,0,480p-1500kbps,,,
2026-06-07 11:47:06,sess_000435,cust_0059,play,Tablet,Africa,Comedy,Premium ,779,0,6000 kbps,,,
2026-06-07 12:01:41,sess_000435,cust_0059,pause,Tablet,Africa,Drama,Premium ,0,0,,,,
2026-06-07 12:03:21,sess_000435,cust_0059,session_end,Tablet,Africa,,Premium ,0,0,,,80%,
2026-06-07 13:03:19,sess_000249,cust_0114,session_start,Web,Europe,,standard,0,0,,,,
2026-06-07 13:14:02,sess_000249,cust_0114,play,Web,,SciFi,standard,1670,0,3000 kbps,,,
2026-06-07 13:17:40,sess_000249,cust_0114,play,Web,,Kids,standard,880,0,720p-4500kbps,,,
2026-06-07 13:30:21,sess_000249,cust_0114,buffer,Web,Europe,Documentary,standard,0,2996,,,,
2026-06-07 13:33:27,sess_000249,cust_0114,pause,Web,Europe,Action,standard,0,0,,,,
2026-06-07 13:33:57,sess_000249,cust_0114,session_end,Web,Europe,,standard,0,0,,,90%,2.0
2026-06-07 15:43:29,sess_000659,cust_0120,session_start,Console,LATAM,,standard,0,0,,,,
2026-06-07 15:57:43,sess_000659,cust_0120,play,Console,LATAM,Horror,standard,1549,0,1080p-6000kbps,,,
2026-06-07 16:01:37,sess_000659,cust_0120,play,Console,LATAM,Kids,standard,1320,0,3000kbps,,,
2026-06-07 16:15:18,sess_000659,cust_0120,pause,Console,LATAM,Horror,standard,0,0,,,,
2026-06-07 16:20:54,sess_000659,cust_0120,play,Console,LATAM,Comedy,standard,1502,0,3000kbps,,,
2026-06-07 16:23:05,sess_000659,cust_0120,play,Console,LATAM,Comedy,standard,868,0,1500 kbps,,,
2026-06-07 16:24:53,sess_000659,cust_0120,play,Console,LATAM,SciFi,standard,1070,0,1500 kbps,,,
2026-06-07 16:31:51,sess_000659,cust_0120,play,Console,LATAM,Kids,standard,1574,0,3000kbps,,,
2026-06-07 16:32:08,sess_000659,cust_0120,session_end,Console,LATAM,,standard,0,0,,,100%,
2026-06-07 16:55:40,sess_000080,cust_0104,session_start,Console,Europe,,standard,0,0,,,,
2026-06-07 17:07:58,sess_000080,cust_0104,play,Console,Europe,Documentary,standard,811,0,2000kbps,,,
2026-06-07 17:18:18,sess_000080,cust_0104,play,Console,Europe,Kids,standard,783,0,8000kbps,,,
2026-06-07 17:23:41,sess_000636,cust_0114,session_start,Web,Europe,,Standard,0,0,,,,
2026-06-07 17:25:07,sess_000080,cust_0104,play,Console,Europe,Kids,standard,307,0,720p-4500kbps,,,
2026-06-07 17:30:01,sess_000080,cust_0104,pause,Console,Europe,Horror,standard,0,0,,,,
2026-06-07 17:31:22,sess_000636,cust_0114,play,Web,Europe,Comedy,Standard,74,0,6000 kbps,,,
2026-06-07 17:38:06,sess_000080,cust_0104,play,Console,Europe,Comedy,standard,154,0,3000kbps,,,
2026-06-07 17:39:33,sess_000636,cust_0114,error,Web,Europe,Kids,Standard,0,0,,E4004,,
2026-06-07 17:43:29,sess_000080,cust_0104,pause,Console,Europe,Drama,standard,0,0,,,,
2026-06-07 17:55:49,sess_000080,cust_0104,play,Console,Europe,Action,standard,762,0,8000 kbps,,,
2026-06-07 18:02:32,sess_000080,cust_0104,play,Console,Europe,Kids,standard,1527,0,480p-1500kbps,,,
2026-06-07 18:08:47,sess_000080,cust_0104,play,Console,Europe,Comedy,standard,769,0,1500 kbps,,,
2026-06-07 18:09:54,sess_000080,cust_0104,play,Console,Europe,SciFi,standard,338,0,1500kbps,,,
2026-06-07 18:17:52,sess_000080,cust_0104,play,Console,Europe,Horror,standard,1257,0,3000 kbps,,,
2026-06-07 18:18:07,sess_000080,cust_0104,session_end,Console,Europe,,standard,0,0,,,87%,4.0
2026-06-07 21:13:58,sess_000743,cust_0138,session_start,Smart TV,Africa,,STD,0,0,,,,
2026-06-07 21:28:54,sess_000743,cust_0138,buffer,Smart TV,Africa,SciFi,STD,0,1456,,,,
2026-06-07 21:43:37,sess_000743,cust_0138,play,Smart TV,Africa,Documentary,STD,542,0,2000kbps,,,
2026-06-07 21:44:36,sess_000743,cust_0138,session_end,Smart TV,Africa,,STD,0,0,,,90%,5.0
2026-06-08 02:51:42,sess_000229,cust_0135,session_start,Smart TV,North America,,standard,0,0,,,,
2026-06-08 02:55:37,sess_000229,cust_0135,buffer,Smart TV,North America,SciFi,standard,0,1458,,,,
2026-06-08 03:00:56,sess_000229,cust_0135,play,Smart TV,North America,Drama,standard,516,0,2000 kbps,,,
2026-06-08 03:10:56,sess_000229,cust_0135,play,Smart TV,North America,Drama,standard,946,0,8000 kbps,,,
2026-06-08 03:11:41,sess_000229,cust_0135,session_end,Smart TV,North America,,standard,0,0,,,60%,4
2026-06-08 03:19:47,sess_000664,cust_0073,session_start,Mobile,LATAM,,Standard,0,0,,,,
2026-06-08 03:31:02,sess_000664,cust_0073,play,Mobile,LATAM,Documentary,Standard,230,0,4500kbps,,,
2026-06-08 03:44:04,sess_000664,cust_0073,play,Mobile,LATAM,Comedy,Standard,1612,0,2000 kbps,,,
2026-06-08 03:49:59,sess_000664,cust_0073,pause,Mobile,LATAM,Comedy,Standard,0,0,,,,
2026-06-08 03:55:06,sess_000664,cust_0073,buffer,Mobile,LATAM,Horror,Standard,0,3375,,,,
2026-06-08 04:03:41,sess_000664,cust_0073,pause,Mobile,LATAM,Horror,Standard,0,0,,,,
2026-06-08 04:06:13,sess_000664,cust_0073,pause,Mobile,LATAM,SciFi,Standard,0,0,,,,
2026-06-08 04:19:26,sess_000664,cust_0073,play,Mobile,LATAM,Documentary,Standard,369,0,480p-1500kbps,,,
2026-06-08 04:28:18,sess_000664,cust_0073,buffer,Mobile,LATAM,Horror,Standard,0,1832,,,,
2026-06-08 04:40:49,sess_000664,cust_0073,play,Mobile,LATAM,Comedy,Standard,876,0,3000 kbps,,,
2026-06-08 04:49:15,sess_000664,cust_0073,play,Mobile,,Drama,Standard,198,0,3000 kbps,,,
2026-06-08 04:50:30,sess_000664,cust_0073,play,Mobile,LATAM,Action,Standard,1526,0,720p-4500kbps,,,
2026-06-08 04:52:11,sess_000664,cust_0073,session_end,Mobile,LATAM,,Standard,0,0,,,60%,N/A
2026-06-08 05:09:02,sess_000066,cust_0020,session_start,Console,LATAM,,Standard,0,0,,,,
2026-06-08 05:20:39,sess_000066,cust_0020,play,Console,LATAM,Documentary,Standard,726,0,480p-1500kbps,,,
2026-06-08 05:30:09,sess_000066,cust_0020,buffer,Console,LATAM,Comedy,Standard,0,3150,,,,
2026-06-08 05:33:52,sess_000066,cust_0020,play,Console,LATAM,Drama,Standard,139,0,720p-4500kbps,,,
2026-06-08 05:46:48,sess_000066,cust_0020,play,Console,LATAM,SciFi,Standard,1301,0,3000 kbps,,,
2026-06-08 05:58:22,sess_000066,cust_0020,error,Console,LATAM,Horror,Standard,0,0,,E3003,,
2026-06-08 06:02:16,sess_000066,cust_0020,play,Console,LATAM,Horror,Standard,1632,0,8000kbps,,,
2026-06-08 06:04:12,sess_000066,cust_0020,session_end,Console,LATAM,,Standard,0,0,,,80%,4
2026-06-08 12:13:45,sess_000205,cust_0040,session_start,Console,Africa,,basic ,0,0,,,,
2026-06-08 12:15:00,sess_000205,cust_0040,pause,Console,Africa,Kids,basic ,0,0,,,,
2026-06-08 12:24:39,sess_000205,cust_0040,play,Console,Africa,Action,basic ,672,0,720p-3000kbps,,,
2026-06-08 12:28:33,sess_000205,cust_0040,play,Console,Africa,Comedy,basic ,1240,0,1500 kbps,,,
2026-06-08 12:29:38,sess_000019,cust_0036,session_start,Mobile,Africa,,Standard ,0,0,,,,
2026-06-08 12:30:44,sess_000019,cust_0036,pause,Mobile,Africa,Drama,Standard ,0,0,,,,
2026-06-08 12:30:44,sess_000205,cust_0040,play,Console,Africa,Action,basic ,138,0,1500 kbps,,,
2026-06-08 12:33:09,sess_000205,cust_0040,buffer,Console,Africa,Documentary,basic ,0,2833,,,,
2026-06-08 12:39:24,sess_000205,cust_0040,play,Console,Africa,Drama,basic ,802,0,3000 kbps,,,
2026-06-08 12:43:12,sess_000019,cust_0036,pause,Mobile,Africa,Horror,Standard ,0,0,,,,
2026-06-08 12:44:25,sess_000205,cust_0040,buffer,Console,Africa,Drama,basic ,0,2099,,,,
2026-06-08 12:46:07,sess_000205,cust_0040,play,Console,Africa,Comedy,basic ,915,0,1500 kbps,,,
2026-06-08 12:46:45,sess_000019,cust_0036,play,Mobile,Africa,Action,Standard ,1342,0,8000kbps,,,
2026-06-08 12:47:15,sess_000205,cust_0040,session_end,Console,Africa,,basic ,0,0,,,100%,N/A
2026-06-08 12:53:53,sess_000019,cust_0036,play,Mobile,Africa,Drama,Standard ,90,0,2000kbps,,,
2026-06-08 12:57:56,sess_000019,cust_0036,play,Mobile,Africa,Comedy,Standard ,722,0,6000 kbps,,,
2026-06-08 12:59:51,sess_000019,cust_0036,play,Mobile,Africa,Horror,Standard ,1076,0,4500kbps,,,
2026-06-08 13:00:03,sess_000019,cust_0036,session_end,Mobile,Africa,,Standard ,0,0,,,80%,4
2026-06-08 13:29:41,sess_000051,cust_0088,session_start,Tablet,Europe,,BASIC,0,0,,,,
2026-06-08 13:35:16,sess_000051,cust_0088,play,Tablet,Europe,SciFi,BASIC,693,0,6000kbps,,,
2026-06-08 13:47:57,sess_000051,cust_0088,play,Tablet,Europe,Documentary,BASIC,439,0,1080p-6000kbps,,,
2026-06-08 13:58:19,sess_000051,cust_0088,play,Tablet,Europe,Action,BASIC,140,0,8000 kbps,,,
2026-06-08 14:06:25,sess_000051,cust_0088,play,Tablet,Europe,Comedy,BASIC,639,0,720p-4500kbps,,,
2026-06-08 14:10:45,sess_000051,cust_0088,play,Tablet,Europe,Documentary,BASIC,998,0,6000 kbps,,,
2026-06-08 14:16:08,sess_000091,cust_0095,session_start,Web,North America,,basic,0,0,,,,
2026-06-08 14:24:18,sess_000051,cust_0088,buffer,Tablet,Europe,Drama,BASIC,0,3664,,,,
2026-06-08 14:24:54,sess_000091,cust_0095,play,Web,North America,Kids,basic,41,0,480p-2000kbps,,,
2026-06-08 14:31:07,sess_000051,cust_0088,play,Tablet,Europe,Action,BASIC,1226,0,8000kbps,,,
2026-06-08 14:34:37,sess_000091,cust_0095,play,Web,North America,Action,basic,741,0,1080p-8000kbps,,,
2026-06-08 14:37:03,sess_000051,cust_0088,play,Tablet,Europe,SciFi,BASIC,1016,0,2000kbps,,,
2026-06-08 14:46:57,sess_000051,cust_0088,pause,Tablet,Europe,SciFi,BASIC,0,0,,,,
2026-06-08 14:48:02,sess_000091,cust_0095,play,Web,North America,SciFi,basic,988,0,1500kbps,,,
2026-06-08 14:56:12,sess_000051,cust_0088,play,Tablet,Europe,Drama,BASIC,1749,0,4500kbps,,,
2026-06-08 14:58:05,sess_000091,cust_0095,play,Web,North America,Documentary,basic,1791,0,8000 kbps,,,
2026-06-08 14:58:33,sess_000091,cust_0095,session_end,Web,North America,,basic,0,0,,,45%,2
2026-06-08 15:00:15,sess_000051,cust_0088,play,Tablet,Europe,Horror,BASIC,810,0,480p-2000kbps,,,
2026-06-08 15:14:36,sess_000051,cust_0088,play,Tablet,Europe,SciFi,BASIC,1033,0,2000kbps,,,
2026-06-08 15:18:00,sess_000492,cust_0017,session_start,Mobile,North America,,Premium ,0,0,,,,
2026-06-08 15:24:57,sess_000051,cust_0088,pause,Tablet,Europe,Documentary,BASIC,0,0,,,,
2026-06-08 15:31:44,sess_000492,cust_0017,play,Mobile,North America,Kids,Premium ,1634,0,2000 kbps,,,
2026-06-08 15:35:22,sess_000051,cust_0088,pause,Tablet,Europe,Action,BASIC,0,0,,,,
2026-06-08 15:41:24,sess_000492,cust_0017,pause,Mobile,North America,Comedy,Premium ,0,0,,,,
2026-06-08 15:42:50,sess_000051,cust_0088,play,Tablet,Europe,Documentary,BASIC,218,0,2000kbps,,,
2026-06-08 15:43:14,sess_000051,cust_0088,pause,Tablet,Europe,SciFi,BASIC,0,0,,,,
2026-06-08 15:44:55,sess_000051,cust_0088,session_end,Tablet,Europe,,BASIC,0,0,,,45%,N/A
2026-06-08 15:51:39,sess_000492,cust_0017,buffer,Mobile,North America,Comedy,Premium ,0,418,,,,
2026-06-08 16:04:11,sess_000492,cust_0017,pause,Mobile,North America,Horror,Premium ,0,0,,,,
2026-06-08 16:13:00,sess_000492,cust_0017,pause,Mobile,North America,Drama,Premium ,0,0,,,,
2026-06-08 16:13:29,sess_000492,cust_0017,session_end,Mobile,North America,,Premium ,0,0,,,90%,5.0
2026-06-08 16:14:12,sess_000773,cust_0110,session_start,Web,Europe,,premium,0,0,,,,
2026-06-08 16:28:44,sess_000773,cust_0110,play,Web,Europe,SciFi,premium,1048,0,720p-4500kbps,,,
2026-06-08 16:30:12,sess_000773,cust_0110,error,Web,Europe,SciFi,premium,0,0,,E1001,,
2026-06-08 17:42:46,sess_000400,cust_0112,session_start,Smart TV,Africa,,Premium ,0,0,,,,
2026-06-08 17:46:08,sess_000400,cust_0112,play,Smart TV,Africa,Action,Premium ,1378,0,2000kbps,,,
2026-06-08 17:56:04,sess_000400,cust_0112,buffer,Smart TV,Africa,SciFi,Premium ,0,2138,,,,
2026-06-08 18:00:10,sess_000400,cust_0112,play,Smart TV,Africa,Drama,Premium ,541,0,6000kbps,,,
2026-06-08 18:06:53,sess_000400,cust_0112,play,Smart TV,Africa,Kids,Premium ,444,0,1500 kbps,,,
2026-06-08 18:08:41,sess_000400,cust_0112,error,Smart TV,Africa,Comedy,Premium ,0,0,,E1001,,
2026-06-08 18:11:02,sess_000400,cust_0112,pause,Smart TV,Africa,Horror,Premium ,0,0,,,,
2026-06-08 18:14:14,sess_000400,cust_0112,play,Smart TV,Africa,Horror,Premium ,1459,0,480p-2000kbps,,,
2026-06-08 18:15:07,sess_000400,cust_0112,session_end,Smart TV,Africa,,Premium ,0,0,,,100%,
2026-06-08 19:31:44,sess_000502,cust_0117,session_start,Smart TV,LATAM,,Standard ,0,0,,,,
2026-06-08 19:42:27,sess_000502,cust_0117,pause,Smart TV,LATAM,Comedy,Standard ,0,0,,,,
2026-06-08 19:48:23,sess_000502,cust_0117,buffer,Smart TV,LATAM,Kids,Standard ,0,2476,,,,
2026-06-08 19:50:25,sess_000502,cust_0117,play,Smart TV,LATAM,Horror,Standard ,661,0,1080p-6000kbps,,,
2026-06-08 19:51:28,sess_000502,cust_0117,error,Smart TV,LATAM,Action,Standard ,0,0,,E4004,,
2026-06-08 19:59:04,sess_000502,cust_0117,play,Smart TV,LATAM,Action,Standard ,975,0,4500 kbps,,,
2026-06-08 20:00:49,sess_000502,cust_0117,pause,Smart TV,LATAM,Drama,Standard ,0,0,,,,
2026-06-08 20:01:24,sess_000623,cust_0149,session_start,Tablet,Africa,,basic,0,0,,,,
2026-06-08 20:01:47,sess_000502,cust_0117,play,Smart TV,LATAM,Kids,Standard ,595,0,720p-3000kbps,,,
2026-06-08 20:02:05,sess_000623,cust_0149,play,Tablet,Africa,Action,basic,219,0,4500kbps,,,
2026-06-08 20:12:58,sess_000623,cust_0149,buffer,Tablet,Africa,Horror,basic,0,3030,,,,
2026-06-08 20:14:37,sess_000623,cust_0149,play,Tablet,Africa,Comedy,basic,1398,0,4500 kbps,,,
2026-06-08 20:14:41,sess_000502,cust_0117,play,Smart TV,LATAM,Comedy,Standard ,649,0,1080p-6000kbps,,,
2026-06-08 20:16:46,sess_000502,cust_0117,pause,Smart TV,LATAM,Action,Standard ,0,0,,,,
2026-06-08 20:18:31,sess_000502,cust_0117,session_end,Smart TV,LATAM,,Standard ,0,0,,,90%,1
2026-06-08 20:23:03,sess_000623,cust_0149,play,Tablet,Africa,Horror,basic,1599,0,4500 kbps,,,
2026-06-08 20:30:28,sess_000623,cust_0149,play,Tablet,Africa,Action,basic,1200,0,3000 kbps,,,
2026-06-08 20:43:20,sess_000623,cust_0149,play,Tablet,Africa,Documentary,basic,850,0,4500 kbps,,,
2026-06-08 20:47:21,sess_000623,cust_0149,play,Tablet,Africa,Kids,basic,1388,0,720p-4500kbps,,,
2026-06-08 20:55:41,sess_000623,cust_0149,play,Tablet,Africa,Comedy,basic,373,0,1500kbps,,,
2026-06-08 20:57:32,sess_000623,cust_0149,session_end,Tablet,Africa,,basic,0,0,,,100%,1
2026-06-09 00:02:22,sess_000582,cust_0098,session_start,Tablet,LATAM,,PREM,0,0,,,,
2026-06-09 00:09:02,sess_000582,cust_0098,pause,Tablet,LATAM,Kids,PREM,0,0,,,,
2026-06-09 00:12:32,sess_000582,cust_0098,play,Tablet,LATAM,Comedy,PREM,1383,0,1500kbps,,,
2026-06-09 00:24:19,sess_000582,cust_0098,play,Tablet,LATAM,Drama,PREM,676,0,8000 kbps,,,
2026-06-09 00:35:52,sess_000582,cust_0098,play,Tablet,LATAM,Horror,PREM,1034,0,480p-2000kbps,,,
2026-06-09 00:45:05,sess_000582,cust_0098,play,Tablet,LATAM,Action,PREM,1672,0,480p-2000kbps,,,
2026-06-09 00:57:43,sess_000582,cust_0098,play,Tablet,LATAM,Horror,PREM,1585,0,1080p-6000kbps,,,
2026-06-09 01:00:22,sess_000582,cust_0098,play,Tablet,LATAM,Horror,PREM,1087,0,720p-4500kbps,,,
2026-06-09 01:01:22,sess_000582,cust_0098,play,Tablet,LATAM,Horror,PREM,704,0,8000 kbps,,,
2026-06-09 01:03:13,sess_000331,cust_0100,session_start,Smart TV,Africa,,BASIC,0,0,,,,
2026-06-09 01:16:19,sess_000582,cust_0098,pause,Tablet,LATAM,SciFi,PREM,0,0,,,,
2026-06-09 01:16:44,sess_000582,cust_0098,session_end,Tablet,LATAM,,PREM,0,0,,,45%,N/A
2026-06-09 01:17:52,sess_000331,cust_0100,buffer,Smart TV,Africa,SciFi,BASIC,0,3761,,,,
2026-06-09 01:20:53,sess_000331,cust_0100,play,Smart TV,Africa,Horror,BASIC,1114,0,2000kbps,,,
2026-06-09 01:25:15,sess_000331,cust_0100,error,Smart TV,Africa,Kids,BASIC,0,0,,E4004,,
2026-06-09 02:41:03,sess_000983,cust_0020,session_start,Console,LATAM,,Standard,0,0,,,,
2026-06-09 02:54:52,sess_000983,cust_0020,play,Console,LATAM,Documentary,Standard,990,0,4500 kbps,,,
2026-06-09 02:56:22,sess_000983,cust_0020,play,Console,LATAM,Horror,Standard,1157,0,3000 kbps,,,
2026-06-09 03:01:27,sess_000983,cust_0020,play,Console,LATAM,Kids,Standard,570,0,2000kbps,,,
2026-06-09 03:10:51,sess_000983,cust_0020,play,Console,LATAM,Action,Standard,1379,0,720p-3000kbps,,,
2026-06-09 03:12:33,sess_000983,cust_0020,session_end,Console,LATAM,,Standard,0,0,,,90%,N/A
2026-06-09 03:40:13,sess_000436,cust_0038,session_start,Console,Africa,,Standard,0,0,,,,
2026-06-09 03:42:21,sess_000436,cust_0038,pause,Console,Africa,Comedy,Standard,0,0,,,,
2026-06-09 03:43:31,sess_000436,cust_0038,play,Console,Africa,Kids,Standard,1529,0,1080p-6000kbps,,,
2026-06-09 03:52:56,sess_000436,cust_0038,pause,Console,,Documentary,Standard,0,0,,,,
2026-06-09 03:56:16,sess_000436,cust_0038,play,Console,Africa,SciFi,Standard,1015,0,480p-1500kbps,,,
2026-06-09 03:58:21,sess_000436,cust_0038,play,Console,Africa,Drama,Standard,1075,0,1500kbps,,,
2026-06-09 04:02:44,sess_000436,cust_0038,play,Console,Africa,Comedy,Standard,575,0,1080p-6000kbps,,,
2026-06-09 04:06:19,sess_000436,cust_0038,buffer,Console,Africa,Documentary,Standard,0,3358,,,,
2026-06-09 04:17:24,sess_000436,cust_0038,pause,Console,Africa,Horror,Standard,0,0,,,,
2026-06-09 04:23:34,sess_000436,cust_0038,play,Console,Africa,Kids,Standard,214,0,6000kbps,,,
2026-06-09 04:35:43,sess_000436,cust_0038,play,Console,Africa,Drama,Standard,713,0,6000 kbps,,,
2026-06-09 04:47:53,sess_000436,cust_0038,play,Console,Africa,Horror,Standard,350,0,1500 kbps,,,
2026-06-09 04:50:57,sess_000436,cust_0038,error,Console,Africa,Action,Standard,0,0,,E2002,,
2026-06-09 04:52:33,sess_000436,cust_0038,session_end,Console,Africa,,Standard,0,0,,,90%,2 stars
2026-06-09 05:30:25,sess_000411,cust_0119,session_start,Smart TV,Africa,,standard,0,0,,,,
2026-06-09 05:31:24,sess_000411,cust_0119,play,Smart TV,Africa,Kids,standard,1691,0,1080p-8000kbps,,,
2026-06-09 05:35:52,sess_000411,cust_0119,play,Smart TV,Africa,Action,standard,1182,0,1500kbps,,,
2026-06-09 05:48:07,sess_000411,cust_0119,pause,Smart TV,Africa,Documentary,standard,0,0,,,,
2026-06-09 05:48:44,sess_000411,cust_0119,session_end,Smart TV,Africa,,standard,0,0,,,75%,2.0
2026-06-09 06:45:57,sess_000163,cust_0030,session_start,Web,APAC,,standard,0,0,,,,
2026-06-09 06:47:50,sess_000163,cust_0030,pause,Web,APAC,Drama,standard,0,0,,,,
2026-06-09 06:49:15,sess_000163,cust_0030,buffer,Web,APAC,Documentary,standard,0,2773,,,,
2026-06-09 07:02:23,sess_000163,cust_0030,play,Web,APAC,Comedy,standard,109,0,8000 kbps,,,
2026-06-09 07:14:54,sess_000163,cust_0030,play,Web,APAC,Documentary,standard,831,0,6000 kbps,,,
2026-06-09 07:15:38,sess_000163,cust_0030,error,Web,APAC,Comedy,standard,0,0,,E4004,,
2026-06-09 07:56:42,sess_000116,cust_0147,session_start,Console,APAC,,Basic,0,0,,,,
2026-06-09 08:02:13,sess_000116,cust_0147,play,Console,APAC,Documentary,Basic,1573,0,2000 kbps,,,
2026-06-09 08:09:37,sess_000116,cust_0147,play,Console,APAC,Kids,Basic,91,0,2000 kbps,,,
2026-06-09 08:10:30,sess_000116,cust_0147,session_end,Console,APAC,,Basic,0,0,,,75%,N/A
2026-06-09 08:17:36,sess_000821,cust_0116,session_start,Web,Europe,,Standard,0,0,,,,
2026-06-09 08:21:18,sess_000821,cust_0116,play,Web,Europe,Documentary,Standard,456,0,480p-2000kbps,,,
2026-06-09 08:28:35,sess_000821,cust_0116,play,Web,Europe,SciFi,Standard,1782,0,720p-4500kbps,,,
2026-06-09 08:33:58,sess_000821,cust_0116,play,Web,Europe,Documentary,Standard,754,0,8000 kbps,,,
2026-06-09 08:39:54,sess_000821,cust_0116,error,Web,Europe,Horror,Standard,0,0,,E4004,,
2026-06-09 09:16:48,sess_000754,cust_0087,session_start,Console,North America,,Basic,0,0,,,,
2026-06-09 09:29:58,sess_000754,cust_0087,play,Console,North America,Documentary,Basic,867,0,2000 kbps,,,
2026-06-09 09:38:58,sess_000754,cust_0087,play,Console,North America,Comedy,Basic,789,0,1500 kbps,,,
2026-06-09 09:45:48,sess_000754,cust_0087,play,Console,North America,Kids,Basic,334,0,8000 kbps,,,
2026-06-09 09:59:00,sess_000754,cust_0087,pause,Console,North America,Horror,Basic,0,0,,,,
2026-06-09 09:59:37,sess_000754,cust_0087,session_end,Console,North America,,Basic,0,0,,,87%,4
2026-06-09 14:29:14,sess_000162,cust_0040,session_start,Console,Africa,,basic,0,0,,,,
2026-06-09 14:34:41,sess_000162,cust_0040,pause,Console,,Comedy,basic,0,0,,,,
2026-06-09 14:43:48,sess_000162,cust_0040,play,Console,Africa,Horror,basic,854,0,2000 kbps,,,
2026-06-09 14:48:16,sess_000162,cust_0040,pause,Console,Africa,SciFi,basic,0,0,,,,
2026-06-09 14:53:12,sess_000162,cust_0040,play,Console,Africa,Documentary,basic,619,0,8000kbps,,,
2026-06-09 15:06:52,sess_000162,cust_0040,buffer,Console,Africa,SciFi,basic,0,2718,,,,
2026-06-09 15:07:05,sess_000162,cust_0040,session_end,Console,Africa,,basic,0,0,,,80%,1.0
2026-06-09 17:41:18,sess_000820,cust_0049,session_start,Tablet,North America,,Standard ,0,0,,,,
2026-06-09 17:46:36,sess_000820,cust_0049,play,Tablet,North America,Horror,Standard ,605,0,8000 kbps,,,
2026-06-09 17:52:48,sess_000820,cust_0049,play,Tablet,North America,Documentary,Standard ,975,0,2000 kbps,,,
2026-06-09 18:05:41,sess_000820,cust_0049,play,Tablet,North America,SciFi,Standard ,978,0,480p-2000kbps,,,
2026-06-09 18:14:53,sess_000820,cust_0049,buffer,Tablet,North America,Drama,Standard ,0,424,,,,
2026-06-09 18:26:54,sess_000820,cust_0049,pause,Tablet,North America,Comedy,Standard ,0,0,,,,
2026-06-09 18:28:56,sess_000820,cust_0049,play,Tablet,North America,Documentary,Standard ,397,0,8000 kbps,,,
2026-06-09 18:32:31,sess_000820,cust_0049,play,Tablet,North America,Documentary,Standard ,996,0,1080p-6000kbps,,,
2026-06-09 18:37:23,sess_000310,cust_0027,session_start,Smart TV,LATAM,,premium_plus,0,0,,,,
2026-06-09 18:45:47,sess_000820,cust_0049,play,Tablet,North America,SciFi,Standard ,1696,0,3000kbps,,,
2026-06-09 18:46:11,sess_000310,cust_0027,play,Smart TV,LATAM,Horror,premium_plus,1537,0,6000 kbps,,,
2026-06-09 18:50:19,sess_000820,cust_0049,pause,Tablet,North America,Kids,Standard ,0,0,,,,
2026-06-09 18:53:46,sess_000820,cust_0049,play,Tablet,North America,Drama,Standard ,1371,0,480p-2000kbps,,,
2026-06-09 18:56:17,sess_000310,cust_0027,play,Smart TV,LATAM,SciFi,premium_plus,644,0,8000 kbps,,,
2026-06-09 19:04:36,sess_000820,cust_0049,play,Tablet,North America,Comedy,Standard ,1106,0,2000 kbps,,,
2026-06-09 19:04:58,sess_000820,cust_0049,session_end,Tablet,North America,,Standard ,0,0,,,45%,5.0
2026-06-09 19:08:46,sess_000310,cust_0027,buffer,Smart TV,LATAM,Drama,premium_plus,0,1693,,,,
2026-06-09 19:15:21,sess_000310,cust_0027,play,Smart TV,LATAM,Drama,premium_plus,96,0,8000 kbps,,,
2026-06-09 19:23:35,sess_000310,cust_0027,play,Smart TV,LATAM,Comedy,premium_plus,1758,0,480p-2000kbps,,,
2026-06-09 19:32:26,sess_000840,cust_0064,session_start,Tablet,APAC,,Standard ,0,0,,,,
2026-06-09 19:35:04,sess_000310,cust_0027,play,Smart TV,LATAM,Drama,premium_plus,1234,0,4500kbps,,,
2026-06-09 19:35:18,sess_000179,cust_0016,session_start,Tablet,LATAM,,basic,0,0,,,,
2026-06-09 19:35:56,sess_000310,cust_0027,session_end,Smart TV,LATAM,,premium_plus,0,0,,,45%,4
2026-06-09 19:46:12,sess_000840,cust_0064,play,Tablet,APAC,Horror,Standard ,1650,0,3000 kbps,,,
2026-06-09 19:46:46,sess_000179,cust_0016,buffer,Tablet,LATAM,SciFi,basic,0,2767,,,,
2026-06-09 19:56:36,sess_000179,cust_0016,play,Tablet,LATAM,Kids,basic,501,0,1080p-6000kbps,,,
2026-06-09 19:59:00,sess_000840,cust_0064,buffer,Tablet,APAC,Documentary,Standard ,0,1083,,,,
2026-06-09 20:03:44,sess_000840,cust_0064,play,Tablet,APAC,Documentary,Standard ,1404,0,6000 kbps,,,
2026-06-09 20:10:57,sess_000179,cust_0016,buffer,Tablet,LATAM,Comedy,basic,0,409,,,,
2026-06-09 20:15:20,sess_000840,cust_0064,pause,Tablet,APAC,SciFi,Standard ,0,0,,,,
2026-06-09 20:19:13,sess_000840,cust_0064,play,Tablet,APAC,Kids,Standard ,346,0,2000 kbps,,,
2026-06-09 20:23:38,sess_000840,cust_0064,pause,Tablet,APAC,Horror,Standard ,0,0,,,,
2026-06-09 20:24:33,sess_000179,cust_0016,play,Tablet,LATAM,Action,basic,1651,0,480p-2000kbps,,,
2026-06-09 20:28:27,sess_000840,cust_0064,play,Tablet,APAC,Horror,Standard ,1597,0,720p-4500kbps,,,
2026-06-09 20:35:52,sess_000179,cust_0016,play,Tablet,LATAM,Documentary,basic,478,0,480p-2000kbps,,,
2026-06-09 20:36:47,sess_000840,cust_0064,buffer,Tablet,APAC,Documentary,Standard ,0,3765,,,,
2026-06-09 20:45:35,sess_000179,cust_0016,play,Tablet,LATAM,Kids,basic,290,0,1080p-8000kbps,,,
2026-06-09 20:49:12,sess_000840,cust_0064,error,Tablet,APAC,Documentary,Standard ,0,0,,E4004,,
2026-06-09 20:52:34,sess_000840,cust_0064,buffer,Tablet,APAC,Kids,Standard ,0,1394,,,,
2026-06-09 20:53:14,sess_000179,cust_0016,play,Tablet,LATAM,Documentary,basic,335,0,1080p-6000kbps,,,
2026-06-09 20:53:55,sess_000840,cust_0064,session_end,Tablet,APAC,,Standard ,0,0,,,87%,N/A
2026-06-09 21:03:03,sess_000179,cust_0016,buffer,Tablet,LATAM,Comedy,basic,0,2243,,,,
2026-06-09 21:07:20,sess_000179,cust_0016,play,Tablet,LATAM,Action,basic,915,0,1500kbps,,,
2026-06-09 21:20:49,sess_000179,cust_0016,play,Tablet,LATAM,Kids,basic,1263,0,720p-3000kbps,,,
2026-06-09 21:26:13,sess_000695,cust_0121,session_start,Smart TV,Africa,,premium,0,0,,,,
2026-06-09 21:31:48,sess_000179,cust_0016,play,Tablet,LATAM,Kids,basic,1041,0,3000 kbps,,,
2026-06-09 21:32:50,sess_000179,cust_0016,session_end,Tablet,LATAM,,basic,0,0,,,95%,3
2026-06-09 21:38:02,sess_000695,cust_0121,play,Smart TV,Africa,Drama,premium,1329,0,8000 kbps,,,
2026-06-09 21:41:41,sess_000695,cust_0121,play,Smart TV,Africa,Horror,premium,1156,0,6000kbps,,,
2026-06-09 21:55:48,sess_000695,cust_0121,play,Smart TV,Africa,SciFi,premium,1494,0,720p-4500kbps,,,
2026-06-09 22:06:46,sess_000695,cust_0121,error,Smart TV,Africa,Drama,premium,0,0,,E2002,,
2026-06-09 23:21:13,sess_000313,cust_0016,session_start,Tablet,LATAM,,BASIC,0,0,,,,
2026-06-09 23:22:01,sess_000313,cust_0016,play,Tablet,LATAM,Documentary,BASIC,801,0,2000kbps,,,
2026-06-09 23:34:36,sess_000313,cust_0016,play,Tablet,LATAM,Kids,BASIC,1679,0,8000 kbps,,,
2026-06-09 23:35:20,sess_000313,cust_0016,session_end,Tablet,LATAM,,BASIC,0,0,,,95%,1 stars
2026-06-10 00:17:47,sess_000720,cust_0099,session_start,Smart TV,Europe,,standard,0,0,,,,
2026-06-10 00:31:55,sess_000720,cust_0099,play,Smart TV,Europe,Comedy,standard,417,0,1500 kbps,,,
2026-06-10 00:42:10,sess_000720,cust_0099,error,Smart TV,Europe,Horror,standard,0,0,,E3003,,
2026-06-10 00:47:42,sess_000720,cust_0099,play,Smart TV,Europe,SciFi,standard,343,0,4500 kbps,,,
2026-06-10 00:55:29,sess_000720,cust_0099,play,Smart TV,Europe,SciFi,standard,1490,0,3000 kbps,,,
2026-06-10 01:02:54,sess_000720,cust_0099,buffer,Smart TV,Europe,Action,standard,0,7355,,,,
2026-06-10 01:10:24,sess_000720,cust_0099,play,Smart TV,Europe,Action,standard,582,0,1500 kbps,,,
2026-06-10 01:16:07,sess_000720,cust_0099,buffer,Smart TV,Europe,Horror,standard,0,3694,,,,
2026-06-10 01:25:21,sess_000720,cust_0099,buffer,Smart TV,Europe,Documentary,standard,0,10460,,,,
2026-06-10 01:39:41,sess_000720,cust_0099,pause,Smart TV,Europe,Comedy,standard,0,0,,,,
2026-06-10 01:39:52,sess_000720,cust_0099,session_end,Smart TV,Europe,,standard,0,0,,,80%,1.0
2026-06-10 01:54:54,sess_000223,cust_0128,session_start,Tablet,Europe,,BASIC,0,0,,,,
2026-06-10 02:06:24,sess_000223,cust_0128,play,Tablet,Europe,Drama,BASIC,1227,0,720p-4500kbps,,,
2026-06-10 02:08:51,sess_000017,cust_0081,session_start,Mobile,Africa,,PremiumPlus,0,0,,,,
2026-06-10 02:09:11,sess_000223,cust_0128,buffer,Tablet,Europe,Comedy,BASIC,0,2094,,,,
2026-06-10 02:16:00,sess_000223,cust_0128,play,Tablet,Europe,Drama,BASIC,1188,0,8000 kbps,,,
2026-06-10 02:22:33,sess_000017,cust_0081,play,Mobile,Africa,SciFi,PremiumPlus,216,0,2000 kbps,,,
2026-06-10 02:23:06,sess_000017,cust_0081,play,Mobile,Africa,SciFi,PremiumPlus,278,0,6000kbps,,,
2026-06-10 02:31:00,sess_000223,cust_0128,play,Tablet,Europe,Documentary,BASIC,458,0,8000kbps,,,
2026-06-10 02:35:46,sess_000017,cust_0081,play,Mobile,Africa,Horror,PremiumPlus,1167,0,720p-3000kbps,,,
2026-06-10 02:42:06,sess_000017,cust_0081,play,Mobile,Africa,Documentary,PremiumPlus,600,0,1500kbps,,,
2026-06-10 02:45:01,sess_000223,cust_0128,play,Tablet,Europe,Kids,BASIC,160,0,8000 kbps,,,
2026-06-10 02:47:27,sess_000223,cust_0128,buffer,Tablet,Europe,SciFi,BASIC,0,3961,,,,
2026-06-10 02:48:35,sess_000017,cust_0081,error,Mobile,Africa,SciFi,PremiumPlus,0,0,,E4004,,
2026-06-10 02:52:52,sess_000223,cust_0128,pause,Tablet,Europe,Kids,BASIC,0,0,,,,
2026-06-10 02:53:25,sess_000223,cust_0128,play,Tablet,Europe,Horror,BASIC,232,0,8000 kbps,,,
2026-06-10 02:55:23,sess_000223,cust_0128,session_end,Tablet,Europe,,BASIC,0,0,,,45%,3.0
2026-06-10 03:02:59,sess_000017,cust_0081,pause,Mobile,Africa,Drama,PremiumPlus,0,0,,,,
2026-06-10 03:13:55,sess_000017,cust_0081,play,Mobile,Africa,Comedy,PremiumPlus,923,0,4500 kbps,,,
2026-06-10 03:14:54,sess_000017,cust_0081,session_end,Mobile,Africa,,PremiumPlus,0,0,,,87%,2
2026-06-10 03:21:27,sess_000408,cust_0116,session_start,Web,Europe,,STD,0,0,,,,
2026-06-10 03:35:34,sess_000408,cust_0116,error,Web,Europe,Comedy,STD,0,0,,E1001,,
2026-06-10 07:21:00,sess_000536,cust_0044,session_start,Mobile,Africa,,basic,0,0,,,,
2026-06-10 07:23:13,sess_000536,cust_0044,play,Mobile,Africa,Kids,basic,1309,0,1080p-6000kbps,,,
2026-06-10 07:33:56,sess_000536,cust_0044,buffer,Mobile,Africa,Documentary,basic,0,415,,,,
2026-06-10 07:40:37,sess_000536,cust_0044,play,Mobile,Africa,Horror,basic,1590,0,8000kbps,,,
2026-06-10 07:44:45,sess_000536,cust_0044,play,Mobile,Africa,Horror,basic,982,0,2000 kbps,,,
2026-06-10 07:45:53,sess_000536,cust_0044,play,Mobile,Africa,SciFi,basic,1283,0,480p-1500kbps,,,
2026-06-10 07:55:50,sess_000536,cust_0044,play,Mobile,Africa,Comedy,basic,772,0,4500 kbps,,,
2026-06-10 08:05:31,sess_000536,cust_0044,buffer,Mobile,Africa,Drama,basic,0,1902,,,,
2026-06-10 08:06:34,sess_000694,cust_0131,session_start,Smart TV,Europe,,Premium ,0,0,,,,
2026-06-10 08:07:09,sess_000694,cust_0131,play,Smart TV,Europe,Comedy,Premium ,1329,0,720p-4500kbps,,,
2026-06-10 08:07:54,sess_000536,cust_0044,play,Mobile,Africa,Documentary,basic,1306,0,1080p-8000kbps,,,
2026-06-10 08:15:39,sess_000536,cust_0044,buffer,Mobile,Africa,Kids,basic,0,3713,,,,
2026-06-10 08:17:17,sess_000536,cust_0044,session_end,Mobile,Africa,,basic,0,0,,,87%,N/A
2026-06-10 08:18:43,sess_000694,cust_0131,pause,Smart TV,Europe,Drama,Premium ,0,0,,,,
2026-06-10 08:22:08,sess_000694,cust_0131,play,Smart TV,Europe,Comedy,Premium ,683,0,720p-3000kbps,,,
2026-06-10 08:26:19,sess_000694,cust_0131,play,Smart TV,Europe,Horror,Premium ,162,0,3000 kbps,,,
2026-06-10 08:35:41,sess_000694,cust_0131,pause,Smart TV,Europe,Comedy,Premium ,0,0,,,,
2026-06-10 08:41:14,sess_000694,cust_0131,error,Smart TV,Europe,Kids,Premium ,0,0,,E2002,,
2026-06-10 08:42:14,sess_000694,cust_0131,play,Smart TV,Europe,Kids,Premium ,33,0,480p-2000kbps,,,
2026-06-10 08:42:43,sess_000124,cust_0031,session_start,Console,Africa,,Standard ,0,0,,,,
2026-06-10 08:48:05,sess_000694,cust_0131,play,Smart TV,Europe,Drama,Premium ,195,0,480p-1500kbps,,,
2026-06-10 08:51:15,sess_000124,cust_0031,play,Console,Africa,SciFi,Standard ,1507,0,4500 kbps,,,
2026-06-10 08:51:18,sess_000694,cust_0131,play,Smart TV,Europe,Documentary,Premium ,438,0,8000kbps,,,
2026-06-10 08:52:19,sess_000694,cust_0131,pause,Smart TV,Europe,Action,Premium ,0,0,,,,
2026-06-10 08:53:41,sess_000694,cust_0131,session_end,Smart TV,Europe,,Premium ,0,0,,,95%,3.0
2026-06-10 08:55:19,sess_000124,cust_0031,play,Console,Africa,Action,Standard ,678,0,1080p-6000kbps,,,
2026-06-10 09:05:29,sess_000124,cust_0031,play,Console,Africa,Horror,Standard ,594,0,6000 kbps,,,
2026-06-10 09:08:11,sess_000124,cust_0031,play,Console,Africa,SciFi,Standard ,61,0,480p-1500kbps,,,
2026-06-10 09:09:16,sess_000124,cust_0031,session_end,Console,Africa,,Standard ,0,0,,,45%,1
2026-06-10 16:26:47,sess_000681,cust_0044,session_start,Mobile,Africa,,basic ,0,0,,,,
2026-06-10 16:28:13,sess_000681,cust_0044,play,Mobile,Africa,Drama,basic ,251,0,720p-4500kbps,,,
2026-06-10 16:39:03,sess_000681,cust_0044,pause,Mobile,Africa,SciFi,basic ,0,0,,,,
2026-06-10 16:40:51,sess_000681,cust_0044,play,Mobile,Africa,Documentary,basic ,1781,0,4500kbps,,,
2026-06-10 16:54:50,sess_000681,cust_0044,play,Mobile,Africa,Action,basic ,958,0,1500kbps,,,
2026-06-10 16:55:43,sess_000803,cust_0005,session_start,Mobile,Africa,,premium,0,0,,,,
2026-06-10 17:01:53,sess_000803,cust_0005,play,Mobile,Africa,Action,premium,314,0,1080p-8000kbps,,,
2026-06-10 17:07:59,sess_000681,cust_0044,buffer,Mobile,Africa,Horror,basic ,0,2335,,,,
2026-06-10 17:08:23,sess_000681,cust_0044,error,Mobile,Africa,Drama,basic ,0,0,,E3003,,
2026-06-10 17:16:26,sess_000803,cust_0005,play,Mobile,Africa,Kids,premium,1176,0,3000 kbps,,,
2026-06-10 17:22:32,sess_000681,cust_0044,play,Mobile,Africa,Kids,basic ,32,0,720p-3000kbps,,,
2026-06-10 17:26:52,sess_000803,cust_0005,play,Mobile,Africa,Comedy,premium,851,0,720p-4500kbps,,,
2026-06-10 17:28:13,sess_000803,cust_0005,play,Mobile,,Horror,premium,131,0,4500kbps,,,
2026-06-10 17:33:24,sess_000681,cust_0044,play,Mobile,Africa,Documentary,basic ,725,0,4500 kbps,,,
2026-06-10 17:34:27,sess_000803,cust_0005,play,Mobile,Africa,Comedy,premium,1681,0,6000kbps,,,
2026-06-10 17:40:36,sess_000681,cust_0044,play,Mobile,Africa,Comedy,basic ,974,0,480p-2000kbps,,,
2026-06-10 17:43:28,sess_000803,cust_0005,play,Mobile,Africa,Kids,premium,1251,0,720p-3000kbps,,,
2026-06-10 17:50:18,sess_000803,cust_0005,buffer,Mobile,Africa,Action,premium,0,3135,,,,
2026-06-10 17:53:29,sess_000681,cust_0044,play,Mobile,Africa,Drama,basic ,1322,0,3000 kbps,,,
2026-06-10 18:03:29,sess_000681,cust_0044,play,Mobile,Africa,Kids,basic ,568,0,8000kbps,,,
2026-06-10 18:04:14,sess_000803,cust_0005,play,Mobile,Africa,Horror,premium,931,0,480p-2000kbps,,,
2026-06-10 18:11:43,sess_000803,cust_0005,play,Mobile,Africa,Action,premium,1624,0,8000kbps,,,
2026-06-10 18:12:08,sess_000681,cust_0044,play,Mobile,Africa,Comedy,basic ,781,0,3000 kbps,,,
2026-06-10 18:12:34,sess_000681,cust_0044,session_end,Mobile,Africa,,basic ,0,0,,,95%,4.0
2026-06-10 18:18:20,sess_000803,cust_0005,play,Mobile,Africa,Drama,premium,1253,0,3000kbps,,,
2026-06-10 18:19:43,sess_000803,cust_0005,play,Mobile,Africa,Drama,premium,979,0,720p-3000kbps,,,
2026-06-10 18:27:32,sess_000803,cust_0005,play,Mobile,Africa,Horror,premium,1289,0,480p-1500kbps,,,
2026-06-10 18:28:21,sess_000803,cust_0005,session_end,Mobile,Africa,,premium,0,0,,,95%,n/a
2026-06-10 20:37:47,sess_000991,cust_0026,session_start,Web,North America,,Premium,0,0,,,,
2026-06-10 20:41:29,sess_000991,cust_0026,play,Web,North America,Action,Premium,502,0,1080p-8000kbps,,,
2026-06-10 20:47:20,sess_000991,cust_0026,play,Web,North America,Drama,Premium,837,0,2000kbps,,,
2026-06-10 21:01:31,sess_000272,cust_0131,session_start,Smart TV,Europe,,Premium ,0,0,,,,
2026-06-10 21:02:14,sess_000991,cust_0026,play,Web,North America,Drama,Premium,658,0,4500kbps,,,
2026-06-10 21:09:03,sess_000991,cust_0026,play,Web,North America,SciFi,Premium,904,0,3000 kbps,,,
2026-06-10 21:12:36,sess_000272,cust_0131,play,Smart TV,Europe,Horror,Premium ,769,0,480p-1500kbps,,,
2026-06-10 21:12:44,sess_000991,cust_0026,play,Web,North America,Drama,Premium,1278,0,1080p-6000kbps,,,
2026-06-10 21:18:35,sess_000991,cust_0026,play,Web,North America,Drama,Premium,1418,0,480p-2000kbps,,,
2026-06-10 21:19:44,sess_000991,cust_0026,play,Web,North America,Kids,Premium,260,0,1080p-6000kbps,,,
2026-06-10 21:23:51,sess_000221,cust_0012,session_start,Web,Europe,,basic ,0,0,,,,
2026-06-10 21:24:05,sess_000272,cust_0131,play,Smart TV,Europe,Documentary,Premium ,827,0,3000kbps,,,
2026-06-10 21:27:23,sess_000221,cust_0012,play,Web,Europe,Drama,basic ,1183,0,1500 kbps,,,
2026-06-10 21:28:54,sess_000272,cust_0131,buffer,Smart TV,Europe,Action,Premium ,0,3333,,,,
2026-06-10 21:29:58,sess_000272,cust_0131,session_end,Smart TV,Europe,,Premium ,0,0,,,95%,5 stars
2026-06-10 21:34:08,sess_000991,cust_0026,play,Web,North America,Action,Premium,775,0,1500 kbps,,,
2026-06-10 21:40:20,sess_000221,cust_0012,pause,Web,Europe,Horror,basic ,0,0,,,,
2026-06-10 21:41:45,sess_000221,cust_0012,play,Web,Europe,Drama,basic ,119,0,720p-3000kbps,,,
2026-06-10 21:45:16,sess_000991,cust_0026,play,Web,North America,Kids,Premium,224,0,3000 kbps,,,
2026-06-10 21:48:25,sess_000991,cust_0026,error,Web,North America,SciFi,Premium,0,0,,E1001,,
2026-06-10 21:54:26,sess_000221,cust_0012,play,Web,Europe,Kids,basic ,197,0,6000 kbps,,,
2026-06-10 22:06:23,sess_000221,cust_0012,play,Web,Europe,Comedy,basic ,1550,0,8000kbps,,,
2026-06-10 22:13:37,sess_000221,cust_0012,play,Web,Europe,Action,basic ,88,0,480p-1500kbps,,,
2026-06-10 22:26:43,sess_000221,cust_0012,play,Web,Europe,Horror,basic ,1603,0,4500kbps,,,
2026-06-10 22:29:04,sess_000221,cust_0012,buffer,Web,Europe,Comedy,basic ,0,3990,,,,
2026-06-10 22:30:20,sess_000221,cust_0012,session_end,Web,Europe,,basic ,0,0,,,75%,3 stars
2026-06-10 23:01:54,sess_000702,cust_0143,session_start,Mobile,APAC,,STD,0,0,,,,
2026-06-10 23:15:51,sess_000702,cust_0143,buffer,Mobile,APAC,Drama,STD,0,3110,,,,
2026-06-10 23:27:56,sess_000702,cust_0143,play,Mobile,APAC,Comedy,STD,1259,0,2000 kbps,,,
2026-06-10 23:36:32,sess_000702,cust_0143,play,Mobile,APAC,Action,STD,159,0,480p-2000kbps,,,
2026-06-10 23:37:38,sess_000702,cust_0143,session_end,Mobile,APAC,,STD,0,0,,,60%,N/A
2026-06-11 01:40:43,sess_000336,cust_0136,session_start,Tablet,North America,,Premium+,0,0,,,,
2026-06-11 01:55:21,sess_000336,cust_0136,buffer,Tablet,North America,Action,Premium+,0,3797,,,,
2026-06-11 02:01:47,sess_000336,cust_0136,play,Tablet,North America,Documentary,Premium+,744,0,1500 kbps,,,
2026-06-11 02:05:15,sess_000336,cust_0136,play,Tablet,North America,Documentary,Premium+,1620,0,8000 kbps,,,
2026-06-11 02:05:49,sess_000336,cust_0136,play,Tablet,North America,Documentary,Premium+,1633,0,2000 kbps,,,
2026-06-11 02:06:48,sess_000336,cust_0136,play,Tablet,North America,Documentary,Premium+,407,0,1080p-6000kbps,,,
2026-06-11 02:07:41,sess_000336,cust_0136,play,Tablet,North America,Kids,Premium+,1701,0,1080p-6000kbps,,,
2026-06-11 02:21:54,sess_000336,cust_0136,play,Tablet,North America,Drama,Premium+,1133,0,2000 kbps,,,
2026-06-11 02:24:24,sess_000336,cust_0136,play,Tablet,North America,Comedy,Premium+,1739,0,1500 kbps,,,
2026-06-11 02:39:12,sess_000336,cust_0136,play,Tablet,North America,Kids,Premium+,430,0,2000kbps,,,
2026-06-11 02:47:39,sess_000336,cust_0136,play,Tablet,North America,Kids,Premium+,925,0,3000 kbps,,,
2026-06-11 02:49:07,sess_000336,cust_0136,session_end,Tablet,North America,,Premium+,0,0,,,95%,4.0
2026-06-11 03:00:36,sess_000320,cust_0091,session_start,Smart TV,Europe,,Standard ,0,0,,,,
2026-06-11 03:11:42,sess_000320,cust_0091,play,Smart TV,Europe,Documentary,Standard ,692,0,1500 kbps,,,
2026-06-11 03:12:07,sess_000320,cust_0091,play,Smart TV,Europe,Horror,Standard ,1397,0,1080p-6000kbps,,,
2026-06-11 03:23:52,sess_000320,cust_0091,pause,Smart TV,Europe,Horror,Standard ,0,0,,,,
2026-06-11 03:27:21,sess_000320,cust_0091,play,Smart TV,Europe,SciFi,Standard ,590,0,1080p-8000kbps,,,
2026-06-11 03:31:37,sess_000320,cust_0091,play,Smart TV,Europe,Documentary,Standard ,229,0,4500kbps,,,
2026-06-11 03:40:31,sess_000320,cust_0091,play,Smart TV,Europe,Kids,Standard ,1146,0,3000 kbps,,,
2026-06-11 03:40:53,sess_000320,cust_0091,session_end,Smart TV,Europe,,Standard ,0,0,,,90%,4 stars
2026-06-11 04:39:52,sess_000745,cust_0142,session_start,Tablet,Africa,,Premium,0,0,,,,
2026-06-11 04:45:37,sess_000745,cust_0142,play,Tablet,Africa,Kids,Premium,1186,0,2000kbps,,,
2026-06-11 04:49:42,sess_000745,cust_0142,play,Tablet,Africa,Horror,Premium,552,0,1500 kbps,,,
2026-06-11 05:01:05,sess_000745,cust_0142,pause,Tablet,Africa,SciFi,Premium,0,0,,,,
2026-06-11 05:13:42,sess_000745,cust_0142,play,Tablet,Africa,Drama,Premium,616,0,4500kbps,,,
2026-06-11 05:21:23,sess_000745,cust_0142,play,Tablet,Africa,Horror,Premium,258,0,1500kbps,,,
2026-06-11 05:30:40,sess_000745,cust_0142,play,Tablet,Africa,Horror,Premium,140,0,8000kbps,,,
2026-06-11 05:44:06,sess_000745,cust_0142,play,Tablet,Africa,SciFi,Premium,466,0,6000 kbps,,,
2026-06-11 05:54:28,sess_000745,cust_0142,play,Tablet,Africa,Documentary,Premium,852,0,1500kbps,,,
2026-06-11 05:57:30,sess_000745,cust_0142,play,Tablet,Africa,Documentary,Premium,814,0,6000kbps,,,
2026-06-11 05:59:09,sess_000745,cust_0142,session_end,Tablet,Africa,,Premium,0,0,,,60%,4 stars
2026-06-11 06:54:25,sess_000540,cust_0148,session_start,Mobile,LATAM,,premium,0,0,,,,
2026-06-11 06:55:53,sess_000540,cust_0148,play,Mobile,LATAM,Kids,premium,1001,0,6000kbps,,,
2026-06-11 07:03:11,sess_000540,cust_0148,play,Mobile,LATAM,Comedy,premium,691,0,1080p-8000kbps,,,
2026-06-11 07:10:16,sess_000540,cust_0148,play,Mobile,LATAM,Drama,premium,96,0,1080p-8000kbps,,,
2026-06-11 07:19:27,sess_000540,cust_0148,play,Mobile,LATAM,Comedy,premium,1581,0,4500kbps,,,
2026-06-11 07:33:42,sess_000540,cust_0148,play,Mobile,LATAM,Drama,premium,372,0,8000 kbps,,,
2026-06-11 07:46:10,sess_000540,cust_0148,play,Mobile,LATAM,Comedy,premium,336,0,1500 kbps,,,
2026-06-11 07:58:07,sess_000540,cust_0148,pause,Mobile,LATAM,Horror,premium,0,0,,,,
2026-06-11 07:59:07,sess_000540,cust_0148,pause,Mobile,LATAM,Kids,premium,0,0,,,,
2026-06-11 08:12:04,sess_000540,cust_0148,play,Mobile,LATAM,Horror,premium,1753,0,1080p-8000kbps,,,
2026-06-11 08:26:12,sess_000540,cust_0148,pause,Mobile,LATAM,Kids,premium,0,0,,,,
2026-06-11 08:34:31,sess_000540,cust_0148,play,Mobile,LATAM,Documentary,premium,56,0,720p-4500kbps,,,
2026-06-11 08:47:00,sess_000540,cust_0148,play,Mobile,LATAM,Kids,premium,1086,0,8000kbps,,,
2026-06-11 08:48:30,sess_000540,cust_0148,session_end,Mobile,LATAM,,premium,0,0,,,100%,n/a
2026-06-11 09:44:20,sess_000799,cust_0048,session_start,Console,Europe,,BASIC,0,0,,,,
2026-06-11 09:51:09,sess_000799,cust_0048,play,Console,Europe,Action,BASIC,660,0,8000kbps,,,
2026-06-11 09:57:22,sess_000799,cust_0048,buffer,Console,Europe,Horror,BASIC,0,782,,,,
2026-06-11 10:01:51,sess_000799,cust_0048,play,Console,Europe,Kids,BASIC,363,0,480p-1500kbps,,,
2026-06-11 10:02:54,sess_000799,cust_0048,play,Console,Europe,SciFi,BASIC,789,0,720p-3000kbps,,,
2026-06-11 10:16:31,sess_000799,cust_0048,play,Console,Europe,Action,BASIC,823,0,480p-2000kbps,,,
2026-06-11 10:18:27,sess_000799,cust_0048,session_end,Console,Europe,,BASIC,0,0,,,75%,n/a
2026-06-11 10:47:12,sess_000174,cust_0092,session_start,Smart TV,LATAM,,Basic,0,0,,,,
2026-06-11 10:59:39,sess_000174,cust_0092,play,Smart TV,LATAM,Kids,Basic,684,0,2000 kbps,,,
2026-06-11 11:05:14,sess_000174,cust_0092,play,Smart TV,LATAM,Action,Basic,691,0,8000 kbps,,,
2026-06-11 11:09:02,sess_000174,cust_0092,play,Smart TV,LATAM,Action,Basic,1418,0,720p-3000kbps,,,
2026-06-11 11:18:09,sess_000174,cust_0092,play,Smart TV,,Kids,Basic,401,0,720p-3000kbps,,,
2026-06-11 11:28:15,sess_000174,cust_0092,play,Smart TV,LATAM,Action,Basic,1192,0,3000kbps,,,
2026-06-11 11:28:55,sess_000174,cust_0092,play,Smart TV,LATAM,Horror,Basic,1725,0,2000 kbps,,,
2026-06-11 11:35:46,sess_000174,cust_0092,error,Smart TV,LATAM,Documentary,Basic,0,0,,E1001,,
2026-06-11 11:37:29,sess_000829,cust_0050,session_start,Tablet,APAC,,basic,0,0,,,,
2026-06-11 11:43:27,sess_000829,cust_0050,play,Tablet,APAC,Action,basic,1568,0,4500 kbps,,,
2026-06-11 11:43:55,sess_000829,cust_0050,play,Tablet,APAC,Drama,basic,449,0,1080p-6000kbps,,,
2026-06-11 11:47:18,sess_000174,cust_0092,play,Smart TV,LATAM,Documentary,Basic,1727,0,6000kbps,,,
2026-06-11 11:56:20,sess_000829,cust_0050,play,Tablet,APAC,Documentary,basic,35,0,1080p-6000kbps,,,
2026-06-11 12:01:40,sess_000174,cust_0092,play,Smart TV,LATAM,SciFi,Basic,900,0,3000kbps,,,
2026-06-11 12:03:21,sess_000174,cust_0092,session_end,Smart TV,LATAM,,Basic,0,0,,,90%,n/a
2026-06-11 12:07:53,sess_000829,cust_0050,play,Tablet,APAC,Drama,basic,1257,0,480p-1500kbps,,,
2026-06-11 12:09:49,sess_000829,cust_0050,play,Tablet,APAC,Drama,basic,414,0,2000 kbps,,,
2026-06-11 12:20:01,sess_000829,cust_0050,error,Tablet,APAC,Kids,basic,0,0,,E1001,,
2026-06-11 12:23:25,sess_000227,cust_0149,session_start,Tablet,Africa,,BASIC,0,0,,,,
2026-06-11 12:33:53,sess_000181,cust_0015,session_start,Console,LATAM,,premium,0,0,,,,
2026-06-11 12:35:44,sess_000227,cust_0149,play,Tablet,Africa,Documentary,BASIC,361,0,3000kbps,,,
2026-06-11 12:40:52,sess_000181,cust_0015,play,Console,LATAM,Drama,premium,1714,0,2000kbps,,,
2026-06-11 12:44:43,sess_000227,cust_0149,play,Tablet,Africa,Comedy,BASIC,168,0,3000kbps,,,
2026-06-11 12:50:00,sess_000181,cust_0015,error,Console,LATAM,Comedy,premium,0,0,,E1001,,
2026-06-11 12:56:43,sess_000227,cust_0149,play,Tablet,Africa,Kids,BASIC,401,0,3000kbps,,,
2026-06-11 13:08:35,sess_000227,cust_0149,play,Tablet,Africa,Drama,BASIC,1191,0,720p-4500kbps,,,
2026-06-11 13:09:21,sess_000227,cust_0149,session_end,Tablet,Africa,,BASIC,0,0,,,100%,N/A
2026-06-11 15:37:18,sess_000233,cust_0115,session_start,Tablet,Europe,,Premium ,0,0,,,,
2026-06-11 15:42:15,sess_000233,cust_0115,pause,Tablet,Europe,Kids,Premium ,0,0,,,,
2026-06-11 15:51:28,sess_000233,cust_0115,play,Tablet,Europe,Kids,Premium ,1465,0,1500 kbps,,,
2026-06-11 15:59:35,sess_000012,cust_0085,session_start,Tablet,North America,,basic ,0,0,,,,
2026-06-11 16:00:13,sess_000233,cust_0115,play,Tablet,Europe,Horror,Premium ,863,0,480p-2000kbps,,,
2026-06-11 16:02:52,sess_000012,cust_0085,play,Tablet,North America,Horror,basic ,1384,0,480p-2000kbps,,,
2026-06-11 16:09:01,sess_000012,cust_0085,play,Tablet,North America,Drama,basic ,593,0,480p-1500kbps,,,
2026-06-11 16:12:39,sess_000233,cust_0115,buffer,Tablet,Europe,Documentary,Premium ,0,1224,,,,
2026-06-11 16:14:25,sess_000012,cust_0085,play,Tablet,North America,Drama,basic ,442,0,1500kbps,,,
2026-06-11 16:20:08,sess_000012,cust_0085,play,Tablet,North America,Horror,basic ,191,0,720p-3000kbps,,,
2026-06-11 16:23:27,sess_000233,cust_0115,play,Tablet,Europe,Horror,Premium ,755,0,1080p-6000kbps,,,
2026-06-11 16:28:57,sess_000012,cust_0085,play,Tablet,North America,SciFi,basic ,962,0,8000 kbps,,,
2026-06-11 16:35:04,sess_000233,cust_0115,play,Tablet,Europe,SciFi,Premium ,1275,0,6000kbps,,,
2026-06-11 16:36:41,sess_000012,cust_0085,play,Tablet,North America,Action,basic ,388,0,4500 kbps,,,
2026-06-11 16:43:53,sess_000233,cust_0115,play,Tablet,Europe,Documentary,Premium ,201,0,2000kbps,,,
2026-06-11 16:47:39,sess_000233,cust_0115,play,Tablet,Europe,Action,Premium ,50,0,6000 kbps,,,
2026-06-11 16:48:57,sess_000012,cust_0085,play,Tablet,North America,Drama,basic ,1657,0,4500 kbps,,,
2026-06-11 16:49:57,sess_000233,cust_0115,play,Tablet,Europe,Horror,Premium ,320,0,2000kbps,,,
2026-06-11 16:52:08,sess_000012,cust_0085,error,Tablet,North America,Comedy,basic ,0,0,,E2002,,
2026-06-11 16:52:28,sess_000012,cust_0085,play,Tablet,North America,Kids,basic ,611,0,720p-3000kbps,,,
2026-06-11 16:56:28,sess_000233,cust_0115,play,Tablet,Europe,Comedy,Premium ,740,0,2000 kbps,,,
2026-06-11 17:03:05,sess_000012,cust_0085,play,Tablet,North America,Kids,basic ,428,0,2000 kbps,,,
2026-06-11 17:03:28,sess_000012,cust_0085,session_end,Tablet,North America,,basic ,0,0,,,87%,N/A
2026-06-11 17:07:37,sess_000233,cust_0115,pause,Tablet,Europe,Documentary,Premium ,0,0,,,,
2026-06-11 17:20:49,sess_000233,cust_0115,play,Tablet,Europe,Comedy,Premium ,47,0,1500kbps,,,
2026-06-11 17:28:22,sess_000233,cust_0115,play,Tablet,Europe,Horror,Premium ,1796,0,720p-4500kbps,,,
2026-06-11 17:29:23,sess_000233,cust_0115,session_end,Tablet,Europe,,Premium ,0,0,,,90%,n/a
2026-06-11 18:11:42,sess_000332,cust_0024,session_start,Smart TV,APAC,,BASIC,0,0,,,,
2026-06-11 18:15:33,sess_000332,cust_0024,play,Smart TV,APAC,SciFi,BASIC,220,0,6000 kbps,,,
2026-06-11 18:25:05,sess_000332,cust_0024,play,Smart TV,APAC,SciFi,BASIC,1613,0,8000 kbps,,,
2026-06-11 18:26:49,sess_000332,cust_0024,error,Smart TV,APAC,Drama,BASIC,0,0,,E3003,,
2026-06-11 18:27:24,sess_000332,cust_0024,session_end,Smart TV,APAC,,BASIC,0,0,,,75%,
2026-06-12 00:40:12,sess_000067,cust_0038,session_start,Console,Africa,,STD,0,0,,,,
2026-06-12 00:44:22,sess_000067,cust_0038,buffer,Console,Africa,Documentary,STD,0,1216,,,,
2026-06-12 00:48:49,sess_000067,cust_0038,buffer,Console,Africa,SciFi,STD,0,1440,,,,
2026-06-12 00:49:59,sess_000067,cust_0038,session_end,Console,Africa,,STD,0,0,,,80%,4
2026-06-12 00:59:25,sess_000173,cust_0037,session_start,Console,North America,,premium,0,0,,,,
2026-06-12 01:03:55,sess_000389,cust_0062,session_start,Web,North America,,PREM,0,0,,,,
2026-06-12 01:04:41,sess_000173,cust_0037,play,Console,North America,Drama,premium,1549,0,1080p-6000kbps,,,
2026-06-12 01:05:43,sess_000389,cust_0062,buffer,Web,North America,Comedy,PREM,0,519,,,,
2026-06-12 01:10:15,sess_000389,cust_0062,buffer,Web,North America,Drama,PREM,0,2578,,,,
2026-06-12 01:14:37,sess_000173,cust_0037,buffer,Console,North America,Kids,premium,0,3747,,,,
2026-06-12 01:22:46,sess_000389,cust_0062,play,Web,North America,SciFi,PREM,1330,0,8000kbps,,,
2026-06-12 01:25:20,sess_000389,cust_0062,play,Web,North America,Comedy,PREM,914,0,1080p-6000kbps,,,
2026-06-12 01:25:25,sess_000173,cust_0037,play,Console,North America,Kids,premium,452,0,720p-3000kbps,,,
2026-06-12 01:28:25,sess_000389,cust_0062,play,Web,North America,SciFi,PREM,556,0,2000 kbps,,,
2026-06-12 01:29:34,sess_000389,cust_0062,pause,Web,North America,Drama,PREM,0,0,,,,
2026-06-12 01:38:35,sess_000389,cust_0062,play,Web,North America,Documentary,PREM,1153,0,1080p-8000kbps,,,
2026-06-12 01:39:39,sess_000173,cust_0037,play,Console,North America,Kids,premium,304,0,1500 kbps,,,
2026-06-12 01:41:49,sess_000173,cust_0037,play,Console,North America,Action,premium,189,0,6000kbps,,,
2026-06-12 01:43:50,sess_000173,cust_0037,play,Console,North America,Documentary,premium,1626,0,6000 kbps,,,
2026-06-12 01:48:52,sess_000389,cust_0062,play,Web,North America,Comedy,PREM,1664,0,2000 kbps,,,
2026-06-12 01:49:12,sess_000389,cust_0062,session_end,Web,North America,,PREM,0,0,,,95%,
2026-06-12 01:56:48,sess_000173,cust_0037,play,Console,North America,Horror,premium,560,0,8000 kbps,,,
2026-06-12 02:09:23,sess_000173,cust_0037,play,Console,North America,Documentary,premium,37,0,2000kbps,,,
2026-06-12 02:10:44,sess_000173,cust_0037,session_end,Console,North America,,premium,0,0,,,75%,4.0
2026-06-12 02:41:26,sess_000390,cust_0092,session_start,Smart TV,LATAM,,basic ,0,0,,,,
2026-06-12 02:48:20,sess_000390,cust_0092,play,Smart TV,LATAM,SciFi,basic ,998,0,6000kbps,,,
2026-06-12 03:01:48,sess_000390,cust_0092,play,Smart TV,LATAM,SciFi,basic ,257,0,3000 kbps,,,
2026-06-12 03:03:02,sess_000273,cust_0037,session_start,Console,North America,,premium,0,0,,,,
2026-06-12 03:08:44,sess_000390,cust_0092,buffer,Smart TV,LATAM,SciFi,basic ,0,2134,,,,
2026-06-12 03:12:46,sess_000273,cust_0037,play,Console,North America,Comedy,premium,1771,0,2000 kbps,,,
2026-06-12 03:13:03,sess_000273,cust_0037,play,Console,North America,Documentary,premium,601,0,1080p-8000kbps,,,
2026-06-12 03:18:43,sess_000390,cust_0092,play,Smart TV,LATAM,Action,basic ,1290,0,1080p-6000kbps,,,
2026-06-12 03:21:22,sess_000273,cust_0037,play,Console,North America,Documentary,premium,1251,0,1500 kbps,,,
2026-06-12 03:22:55,sess_000390,cust_0092,play,Smart TV,LATAM,SciFi,basic ,36,0,720p-3000kbps,,,
2026-06-12 03:30:56,sess_000273,cust_0037,error,Console,North America,Documentary,premium,0,0,,E1001,,
2026-06-12 03:32:02,sess_000273,cust_0037,play,Console,North America,Action,premium,1718,0,6000kbps,,,
2026-06-12 03:36:07,sess_000390,cust_0092,pause,Smart TV,,Kids,basic ,0,0,,,,
2026-06-12 03:44:35,sess_000273,cust_0037,play,Console,North America,Drama,premium,465,0,6000kbps,,,
2026-06-12 03:48:14,sess_000390,cust_0092,pause,Smart TV,LATAM,Drama,basic ,0,0,,,,
2026-06-12 03:55:29,sess_000273,cust_0037,buffer,Console,North America,Comedy,premium,0,1344,,,,
2026-06-12 04:00:16,sess_000390,cust_0092,pause,Smart TV,LATAM,Kids,basic ,0,0,,,,
2026-06-12 04:04:37,sess_000273,cust_0037,pause,Console,North America,Comedy,premium,0,0,,,,
2026-06-12 04:11:19,sess_000273,cust_0037,buffer,Console,North America,Comedy,premium,0,2059,,,,
2026-06-12 04:12:01,sess_000273,cust_0037,play,Console,North America,Comedy,premium,1567,0,480p-2000kbps,,,
2026-06-12 04:12:25,sess_000390,cust_0092,play,Smart TV,LATAM,Comedy,basic ,85,0,3000 kbps,,,
2026-06-12 04:17:51,sess_000273,cust_0037,pause,Console,North America,Drama,premium,0,0,,,,
2026-06-12 04:21:06,sess_000390,cust_0092,play,Smart TV,LATAM,SciFi,basic ,1222,0,8000 kbps,,,
2026-06-12 04:27:17,sess_000390,cust_0092,play,Smart TV,LATAM,SciFi,basic ,493,0,3000 kbps,,,
2026-06-12 04:29:00,sess_000390,cust_0092,session_end,Smart TV,LATAM,,basic ,0,0,,,75%,N/A
2026-06-12 04:30:39,sess_000273,cust_0037,play,Console,North America,Documentary,premium,442,0,1500 kbps,,,
2026-06-12 04:32:03,sess_000273,cust_0037,session_end,Console,,,premium,0,0,,,75%,2 stars
2026-06-12 06:34:51,sess_000568,cust_0024,session_start,Smart TV,APAC,,BASIC,0,0,,,,
2026-06-12 06:38:51,sess_000510,cust_0135,session_start,Smart TV,North America,,Standard ,0,0,,,,
2026-06-12 06:42:24,sess_000510,cust_0135,pause,Smart TV,North America,Comedy,Standard ,0,0,,,,
2026-06-12 06:48:36,sess_000568,cust_0024,play,Smart TV,APAC,Action,BASIC,488,0,3000 kbps,,,
2026-06-12 06:52:25,sess_000568,cust_0024,play,Smart TV,APAC,Horror,BASIC,1083,0,2000 kbps,,,
2026-06-12 06:52:39,sess_000510,cust_0135,buffer,Smart TV,North America,Documentary,Standard ,0,2335,,,,
2026-06-12 07:00:34,sess_000510,cust_0135,pause,Smart TV,North America,Documentary,Standard ,0,0,,,,
2026-06-12 07:02:20,sess_000568,cust_0024,play,Smart TV,APAC,Action,BASIC,303,0,3000 kbps,,,
2026-06-12 07:05:13,sess_000568,cust_0024,play,Smart TV,APAC,Action,BASIC,1152,0,1500kbps,,,
2026-06-12 07:13:09,sess_000568,cust_0024,play,Smart TV,APAC,Horror,BASIC,324,0,8000kbps,,,
2026-06-12 07:13:22,sess_000510,cust_0135,play,Smart TV,North America,Comedy,Standard ,96,0,1500kbps,,,
2026-06-12 07:18:57,sess_000510,cust_0135,play,Smart TV,North America,Kids,Standard ,971,0,720p-4500kbps,,,
2026-06-12 07:21:23,sess_000568,cust_0024,play,Smart TV,APAC,Comedy,BASIC,373,0,1500 kbps,,,
2026-06-12 07:28:41,sess_000510,cust_0135,play,Smart TV,North America,Comedy,Standard ,677,0,6000kbps,,,
2026-06-12 07:33:13,sess_000568,cust_0024,play,Smart TV,APAC,SciFi,BASIC,125,0,2000 kbps,,,
2026-06-12 07:34:18,sess_000510,cust_0135,play,Smart TV,North America,Documentary,Standard ,770,0,2000kbps,,,
2026-06-12 07:34:40,sess_000568,cust_0024,session_end,Smart TV,APAC,,BASIC,0,0,,,45%,5 stars
2026-06-12 07:34:53,sess_000510,cust_0135,session_end,Smart TV,North America,,Standard ,0,0,,,87%,n/a
2026-06-12 07:41:17,sess_000746,cust_0098,session_start,Tablet,LATAM,,Premium,0,0,,,,
2026-06-12 07:42:10,sess_000746,cust_0098,play,Tablet,LATAM,SciFi,Premium,1262,0,3000 kbps,,,
2026-06-12 07:43:31,sess_000858,cust_0124,session_start,Web,Europe,,Basic,0,0,,,,
2026-06-12 07:56:08,sess_000858,cust_0124,play,Web,Europe,Horror,Basic,329,0,3000kbps,,,
2026-06-12 07:57:08,sess_000746,cust_0098,buffer,Tablet,LATAM,Drama,Premium,0,600,,,,
2026-06-12 07:58:54,sess_000858,cust_0124,play,Web,Europe,Action,Basic,1656,0,1080p-8000kbps,,,
2026-06-12 08:05:54,sess_000746,cust_0098,play,Tablet,LATAM,Kids,Premium,1434,0,1500kbps,,,
2026-06-12 08:06:26,sess_000858,cust_0124,error,Web,Europe,Drama,Basic,0,0,,E1001,,
2026-06-12 08:16:35,sess_000746,cust_0098,pause,Tablet,LATAM,Documentary,Premium,0,0,,,,
2026-06-12 08:17:56,sess_000746,cust_0098,buffer,Tablet,LATAM,Kids,Premium,0,591,,,,
2026-06-12 08:24:31,sess_000746,cust_0098,play,Tablet,LATAM,Documentary,Premium,188,0,6000kbps,,,
2026-06-12 08:25:00,sess_000746,cust_0098,session_end,Tablet,LATAM,,Premium,0,0,,,N/A,N/A
2026-06-12 09:09:35,sess_000948,cust_0108,session_start,Console,LATAM,,STD,0,0,,,,
2026-06-12 09:16:23,sess_000948,cust_0108,play,Console,LATAM,Drama,STD,926,0,4500 kbps,,,
2026-06-12 09:17:02,sess_000948,cust_0108,error,Console,LATAM,Comedy,STD,0,0,,E3003,,
2026-06-12 10:00:57,sess_000752,cust_0041,session_start,Tablet,North America,,Basic,0,0,,,,
2026-06-12 10:05:26,sess_000752,cust_0041,pause,Tablet,,Kids,Basic,0,0,,,,
2026-06-12 10:17:30,sess_000752,cust_0041,play,Tablet,North America,Horror,Basic,1216,0,720p-4500kbps,,,
2026-06-12 10:22:40,sess_000752,cust_0041,buffer,Tablet,North America,Documentary,Basic,0,998,,,,
2026-06-12 10:25:21,sess_000752,cust_0041,pause,Tablet,North America,SciFi,Basic,0,0,,,,
2026-06-12 10:39:31,sess_000752,cust_0041,play,Tablet,North America,Action,Basic,604,0,3000kbps,,,
2026-06-12 10:49:35,sess_000752,cust_0041,play,Tablet,North America,SciFi,Basic,1380,0,1080p-8000kbps,,,
2026-06-12 11:01:10,sess_000752,cust_0041,play,Tablet,North America,Action,Basic,140,0,1080p-8000kbps,,,
2026-06-12 11:01:49,sess_000752,cust_0041,session_end,Tablet,North America,,Basic,0,0,,,87%,5 stars
2026-06-12 13:59:56,sess_000881,cust_0098,session_start,Tablet,LATAM,,premium,0,0,,,,
2026-06-12 14:05:38,sess_000881,cust_0098,play,Tablet,LATAM,Action,premium,411,0,1080p-8000kbps,,,
2026-06-12 14:19:50,sess_000283,cust_0047,session_start,Smart TV,Europe,,STD,0,0,,,,
2026-06-12 14:19:58,sess_000881,cust_0098,error,Tablet,LATAM,SciFi,premium,0,0,,E1001,,
2026-06-12 14:25:18,sess_000283,cust_0047,buffer,Smart TV,,Documentary,STD,0,2064,,,,
2026-06-12 14:39:14,sess_000283,cust_0047,buffer,Smart TV,Europe,Horror,STD,0,3998,,,,
2026-06-12 14:50:58,sess_000283,cust_0047,play,Smart TV,Europe,Horror,STD,849,0,4500 kbps,,,
2026-06-12 14:56:41,sess_000283,cust_0047,play,Smart TV,Europe,Action,STD,1396,0,8000 kbps,,,
2026-06-12 15:04:22,sess_000283,cust_0047,play,Smart TV,Europe,Documentary,STD,910,0,8000 kbps,,,
2026-06-12 15:06:00,sess_000283,cust_0047,play,Smart TV,Europe,Horror,STD,1715,0,480p-1500kbps,,,
2026-06-12 15:12:41,sess_000283,cust_0047,buffer,Smart TV,Europe,Documentary,STD,0,600,,,,
2026-06-12 15:17:35,sess_000112,cust_0048,session_start,Console,Europe,,basic,0,0,,,,
2026-06-12 15:25:36,sess_000283,cust_0047,play,Smart TV,Europe,Horror,STD,1079,0,1500 kbps,,,
2026-06-12 15:28:15,sess_000112,cust_0048,play,Console,Europe,Comedy,basic,524,0,6000kbps,,,
2026-06-12 15:29:15,sess_000283,cust_0047,play,Smart TV,Europe,Documentary,STD,525,0,480p-2000kbps,,,
2026-06-12 15:36:23,sess_000112,cust_0048,play,Console,Europe,Documentary,basic,1445,0,4500kbps,,,
2026-06-12 15:41:04,sess_000283,cust_0047,play,Smart TV,Europe,Drama,STD,1409,0,480p-1500kbps,,,
2026-06-12 15:49:02,sess_000112,cust_0048,play,Console,Europe,Horror,basic,33,0,4500kbps,,,
2026-06-12 15:51:06,sess_000283,cust_0047,play,Smart TV,Europe,SciFi,STD,818,0,720p-4500kbps,,,
2026-06-12 15:51:49,sess_000112,cust_0048,play,Console,Europe,Documentary,basic,523,0,480p-1500kbps,,,
2026-06-12 15:55:21,sess_000283,cust_0047,play,Smart TV,Europe,Action,STD,867,0,8000kbps,,,
2026-06-12 16:01:03,sess_000112,cust_0048,play,Console,Europe,Action,basic,1244,0,4500kbps,,,
2026-06-12 16:02:21,sess_000283,cust_0047,play,Smart TV,Europe,Action,STD,1588,0,2000kbps,,,
2026-06-12 16:03:15,sess_000283,cust_0047,session_end,Smart TV,Europe,,STD,0,0,,,90%,3.0
2026-06-12 16:12:42,sess_000112,cust_0048,play,Console,Europe,Horror,basic,1013,0,720p-3000kbps,,,
2026-06-12 16:13:09,sess_000112,cust_0048,session_end,Console,Europe,,basic,0,0,,,45%,N/A
2026-06-12 17:18:39,sess_000599,cust_0074,session_start,Smart TV,,,PremiumPlus,0,0,,,,
2026-06-12 17:24:10,sess_000599,cust_0074,buffer,Smart TV,Africa,Documentary,PremiumPlus,0,648,,,,
2026-06-12 17:27:18,sess_000599,cust_0074,play,Smart TV,Africa,Drama,PremiumPlus,771,0,720p-3000kbps,,,
2026-06-12 17:36:34,sess_000599,cust_0074,play,Smart TV,Africa,Action,PremiumPlus,1125,0,1080p-6000kbps,,,
2026-06-12 17:45:30,sess_000599,cust_0074,play,Smart TV,Africa,SciFi,PremiumPlus,544,0,8000kbps,,,
2026-06-12 17:59:42,sess_000599,cust_0074,play,Smart TV,Africa,SciFi,PremiumPlus,492,0,1500 kbps,,,
2026-06-12 18:07:20,sess_000599,cust_0074,play,Smart TV,Africa,Documentary,PremiumPlus,1052,0,480p-2000kbps,,,
2026-06-12 18:08:01,sess_000599,cust_0074,session_end,Smart TV,Africa,,PremiumPlus,0,0,,,N/A,
2026-06-12 23:01:24,sess_000498,cust_0033,session_start,Web,Africa,,Standard ,0,0,,,,
2026-06-12 23:01:59,sess_000498,cust_0033,play,Web,Africa,Kids,Standard ,989,0,1080p-8000kbps,,,
2026-06-12 23:06:10,sess_000498,cust_0033,play,Web,Africa,SciFi,Standard ,1559,0,4500kbps,,,
2026-06-12 23:10:57,sess_000498,cust_0033,pause,Web,Africa,Documentary,Standard ,0,0,,,,
2026-06-12 23:20:26,sess_000498,cust_0033,error,Web,Africa,Documentary,Standard ,0,0,,E4004,,
2026-06-12 23:26:49,sess_000498,cust_0033,play,Web,Africa,Drama,Standard ,459,0,480p-2000kbps,,,
2026-06-12 23:28:39,sess_000498,cust_0033,play,Web,Africa,Action,Standard ,987,0,720p-3000kbps,,,
2026-06-12 23:37:00,sess_000498,cust_0033,play,Web,Africa,Documentary,Standard ,354,0,480p-2000kbps,,,
2026-06-12 23:50:15,sess_000498,cust_0033,pause,Web,Africa,Kids,Standard ,0,0,,,,
2026-06-12 23:59:17,sess_000498,cust_0033,play,Web,Africa,Documentary,Standard ,1514,0,1500kbps,,,
2026-06-13 00:07:09,sess_000171,cust_0102,session_start,Smart TV,LATAM,,BASIC,0,0,,,,
2026-06-13 00:07:36,sess_000498,cust_0033,play,Web,Africa,Horror,Standard ,441,0,720p-3000kbps,,,
2026-06-13 00:13:54,sess_000498,cust_0033,error,Web,Africa,SciFi,Standard ,0,0,,E1001,,
2026-06-13 00:14:56,sess_000498,cust_0033,session_end,Web,Africa,,Standard ,0,0,,,100%,n/a
2026-06-13 00:22:03,sess_000171,cust_0102,play,Smart TV,LATAM,Drama,BASIC,1150,0,8000kbps,,,
2026-06-13 00:26:13,sess_000171,cust_0102,play,Smart TV,LATAM,Kids,BASIC,676,0,6000kbps,,,
2026-06-13 00:27:09,sess_000171,cust_0102,pause,Smart TV,LATAM,SciFi,BASIC,0,0,,,,
2026-06-13 00:30:45,sess_000171,cust_0102,play,Smart TV,LATAM,Comedy,BASIC,1070,0,1500kbps,,,
2026-06-13 00:38:02,sess_000480,cust_0043,session_start,Smart TV,LATAM,,Standard ,0,0,,,,
2026-06-13 00:40:21,sess_000171,cust_0102,play,Smart TV,LATAM,Kids,BASIC,1008,0,480p-2000kbps,,,
2026-06-13 00:42:23,sess_000171,cust_0102,pause,Smart TV,LATAM,Action,BASIC,0,0,,,,
2026-06-13 00:51:24,sess_000480,cust_0043,play,Smart TV,LATAM,Documentary,Standard ,880,0,1080p-8000kbps,,,
2026-06-13 00:53:21,sess_000480,cust_0043,play,Smart TV,LATAM,Action,Standard ,1780,0,720p-3000kbps,,,
2026-06-13 00:55:41,sess_000171,cust_0102,play,Smart TV,LATAM,SciFi,BASIC,701,0,480p-1500kbps,,,
2026-06-13 00:58:57,sess_000171,cust_0102,play,Smart TV,,Horror,BASIC,838,0,2000kbps,,,
2026-06-13 01:01:18,sess_000171,cust_0102,play,Smart TV,LATAM,Drama,BASIC,385,0,1080p-8000kbps,,,
2026-06-13 01:02:23,sess_000171,cust_0102,session_end,Smart TV,LATAM,,BASIC,0,0,,,90%,5
2026-06-13 01:04:07,sess_000480,cust_0043,pause,Smart TV,LATAM,Comedy,Standard ,0,0,,,,
2026-06-13 01:04:52,sess_000480,cust_0043,play,Smart TV,LATAM,SciFi,Standard ,251,0,480p-1500kbps,,,
2026-06-13 01:16:41,sess_000480,cust_0043,play,Smart TV,LATAM,Drama,Standard ,1218,0,480p-2000kbps,,,
2026-06-13 01:25:59,sess_000480,cust_0043,play,Smart TV,LATAM,Action,Standard ,551,0,1500 kbps,,,
2026-06-13 01:32:59,sess_000480,cust_0043,pause,Smart TV,LATAM,Kids,Standard ,0,0,,,,
2026-06-13 01:45:59,sess_000480,cust_0043,play,Smart TV,LATAM,Kids,Standard ,781,0,1080p-6000kbps,,,
2026-06-13 01:52:08,sess_000480,cust_0043,pause,Smart TV,LATAM,Drama,Standard ,0,0,,,,
2026-06-13 02:07:03,sess_000480,cust_0043,play,Smart TV,LATAM,Horror,Standard ,1760,0,2000kbps,,,
2026-06-13 02:08:24,sess_000480,cust_0043,session_end,Smart TV,LATAM,,Standard ,0,0,,,87%,n/a
2026-06-13 03:56:49,sess_000668,cust_0105,session_start,Smart TV,North America,,Standard ,0,0,,,,
2026-06-13 04:03:36,sess_000668,cust_0105,buffer,Smart TV,North America,Kids,Standard ,0,3296,,,,
2026-06-13 04:13:51,sess_000668,cust_0105,play,Smart TV,North America,SciFi,Standard ,1123,0,1500 kbps,,,
2026-06-13 04:27:19,sess_000668,cust_0105,pause,Smart TV,,Documentary,Standard ,0,0,,,,
2026-06-13 04:29:04,sess_000668,cust_0105,session_end,Smart TV,North America,,Standard ,0,0,,,100%,2
2026-06-13 05:45:01,sess_000052,cust_0116,session_start,Web,Europe,,Standard,0,0,,,,
2026-06-13 05:48:10,sess_000052,cust_0116,pause,Web,Europe,Action,Standard,0,0,,,,
2026-06-13 05:48:56,sess_000827,cust_0053,session_start,Mobile,Africa,,Premium,0,0,,,,
2026-06-13 05:56:17,sess_000827,cust_0053,play,Mobile,Africa,Action,Premium,1671,0,6000 kbps,,,
2026-06-13 06:00:48,sess_000052,cust_0116,play,Web,Europe,Comedy,Standard,1731,0,4500 kbps,,,
2026-06-13 06:02:51,sess_000052,cust_0116,buffer,Web,Europe,Kids,Standard,0,2016,,,,
2026-06-13 06:04:38,sess_000827,cust_0053,play,Mobile,Africa,Comedy,Premium,1309,0,720p-3000kbps,,,
2026-06-13 06:11:59,sess_000827,cust_0053,pause,Mobile,Africa,Documentary,Premium,0,0,,,,
2026-06-13 06:16:43,sess_000052,cust_0116,play,Web,,Drama,Standard,806,0,1080p-8000kbps,,,
2026-06-13 06:17:21,sess_000052,cust_0116,session_end,Web,Europe,,Standard,0,0,,,90%,4
2026-06-13 06:24:42,sess_000827,cust_0053,play,Mobile,Africa,SciFi,Premium,531,0,6000 kbps,,,
2026-06-13 06:35:40,sess_000827,cust_0053,pause,Mobile,Africa,Drama,Premium,0,0,,,,
2026-06-13 06:39:48,sess_000827,cust_0053,play,Mobile,Africa,Documentary,Premium,1154,0,3000 kbps,,,
2026-06-13 06:49:00,sess_000827,cust_0053,pause,Mobile,Africa,Kids,Premium,0,0,,,,
2026-06-13 06:57:07,sess_000827,cust_0053,play,Mobile,Africa,Action,Premium,1308,0,4500 kbps,,,
2026-06-13 06:57:48,sess_000827,cust_0053,session_end,Mobile,Africa,,Premium,0,0,,,,
2026-06-13 07:25:25,sess_000070,cust_0098,session_start,Tablet,LATAM,,Premium,0,0,,,,
2026-06-13 07:36:33,sess_000070,cust_0098,pause,Tablet,LATAM,Action,Premium,0,0,,,,
2026-06-13 07:40:40,sess_000070,cust_0098,buffer,Tablet,LATAM,Action,Premium,0,1638,,,,
2026-06-13 07:40:57,sess_000070,cust_0098,play,Tablet,LATAM,Documentary,Premium,1299,0,1080p-8000kbps,,,
2026-06-13 07:52:10,sess_000070,cust_0098,play,Tablet,LATAM,Action,Premium,1147,0,720p-4500kbps,,,
2026-06-13 08:03:21,sess_000070,cust_0098,play,Tablet,,Kids,Premium,815,0,1500kbps,,,
2026-06-13 08:12:51,sess_000070,cust_0098,play,Tablet,LATAM,Action,Premium,925,0,720p-3000kbps,,,
2026-06-13 08:14:34,sess_000070,cust_0098,play,Tablet,LATAM,Drama,Premium,115,0,480p-2000kbps,,,
2026-06-13 08:15:42,sess_000070,cust_0098,session_end,Tablet,LATAM,,Premium,0,0,,,75%,5.0
2026-06-13 08:24:12,sess_000172,cust_0127,session_start,,Africa,,Standard,0,0,,,,
2026-06-13 08:30:18,sess_000172,cust_0127,play,,Africa,Comedy,Standard,1716,0,720p-3000kbps,,,
2026-06-13 08:31:27,sess_000172,cust_0127,error,,Africa,Drama,Standard,0,0,,E2002,,
2026-06-13 08:32:07,sess_000172,cust_0127,session_end,,Africa,,Standard,0,0,,,87%,2 stars
2026-06-13 09:07:34,sess_000649,cust_0114,session_start,Web,Europe,,Standard,0,0,,,,
2026-06-13 09:17:58,sess_000649,cust_0114,play,Web,Europe,Horror,Standard,539,0,720p-3000kbps,,,
2026-06-13 09:30:45,sess_000649,cust_0114,pause,Web,Europe,Kids,Standard,0,0,,,,
2026-06-13 09:44:53,sess_000649,cust_0114,play,Web,Europe,Kids,Standard,971,0,8000kbps,,,
2026-06-13 09:50:45,sess_000649,cust_0114,play,Web,Europe,Documentary,Standard,923,0,4500 kbps,,,
2026-06-13 09:54:02,sess_000649,cust_0114,buffer,Web,Europe,SciFi,Standard,0,2675,,,,
2026-06-13 09:55:03,sess_000649,cust_0114,session_end,Web,Europe,,Standard,0,0,,,75%,4 stars
2026-06-13 10:20:30,sess_000760,cust_0044,session_start,Mobile,Africa,,basic,0,0,,,,
2026-06-13 10:28:20,sess_000760,cust_0044,play,Mobile,Africa,SciFi,basic,348,0,1080p-6000kbps,,,
2026-06-13 10:43:05,sess_000760,cust_0044,play,Mobile,Africa,Documentary,basic,1190,0,480p-2000kbps,,,
2026-06-13 10:56:38,sess_000760,cust_0044,play,Mobile,Africa,Action,basic,1235,0,8000 kbps,,,
2026-06-13 11:07:11,sess_000760,cust_0044,pause,Mobile,Africa,Kids,basic,0,0,,,,
2026-06-13 11:15:38,sess_000760,cust_0044,play,Mobile,Africa,Kids,basic,490,0,1080p-8000kbps,,,
2026-06-13 11:17:02,sess_000760,cust_0044,session_end,Mobile,Africa,,basic,0,0,,,87%,1
2026-06-13 11:57:44,sess_000428,cust_0093,session_start,Smart TV,Africa,,premium_plus,0,0,,,,
2026-06-13 12:10:08,sess_000428,cust_0093,play,Smart TV,Africa,Drama,premium_plus,220,0,720p-3000kbps,,,
2026-06-13 12:25:04,sess_000428,cust_0093,pause,Smart TV,Africa,SciFi,premium_plus,0,0,,,,
2026-06-13 12:27:10,sess_000428,cust_0093,play,Smart TV,Africa,SciFi,premium_plus,935,0,720p-4500kbps,,,
2026-06-13 12:36:26,sess_000428,cust_0093,play,Smart TV,Africa,Comedy,premium_plus,1479,0,8000 kbps,,,
2026-06-13 12:40:51,sess_000377,cust_0071,session_start,Mobile,Europe,,standard,0,0,,,,
2026-06-13 12:47:03,sess_000428,cust_0093,buffer,Smart TV,Africa,Action,premium_plus,0,873,,,,
2026-06-13 12:51:38,sess_000377,cust_0071,play,Mobile,Europe,Horror,standard,268,0,8000kbps,,,
2026-06-13 12:59:38,sess_000871,cust_0044,session_start,Mobile,Africa,,basic,0,0,,,,
2026-06-13 13:01:35,sess_000428,cust_0093,play,Smart TV,Africa,Kids,premium_plus,820,0,1080p-6000kbps,,,
2026-06-13 13:01:47,sess_000377,cust_0071,play,Mobile,Europe,Horror,standard,1283,0,8000 kbps,,,
2026-06-13 13:06:53,sess_000428,cust_0093,buffer,Smart TV,Africa,Documentary,premium_plus,0,2619,,,,
2026-06-13 13:11:40,sess_000871,cust_0044,play,Mobile,Africa,Action,basic,435,0,480p-1500kbps,,,
2026-06-13 13:13:00,sess_000377,cust_0071,play,Mobile,Europe,SciFi,standard,1658,0,1080p-8000kbps,,,
2026-06-13 13:16:35,sess_000871,cust_0044,error,Mobile,Africa,Action,basic,0,0,,E3003,,
2026-06-13 13:19:37,sess_000428,cust_0093,pause,Smart TV,Africa,Comedy,premium_plus,0,0,,,,
2026-06-13 13:19:48,sess_000428,cust_0093,session_end,Smart TV,Africa,,premium_plus,0,0,,,90%,n/a
2026-06-13 13:24:02,sess_000377,cust_0071,play,Mobile,Europe,Horror,standard,61,0,480p-1500kbps,,,
2026-06-13 13:24:17,sess_000377,cust_0071,session_end,Mobile,Europe,,standard,0,0,,,100%,4.0
2026-06-13 18:49:49,sess_000329,cust_0125,session_start,Tablet,APAC,,Standard ,0,0,,,,
2026-06-13 18:52:41,sess_000329,cust_0125,buffer,Tablet,APAC,SciFi,Standard ,0,2431,,,,
2026-06-13 19:02:20,sess_000329,cust_0125,play,Tablet,APAC,Drama,Standard ,568,0,480p-1500kbps,,,
2026-06-13 19:02:48,sess_000329,cust_0125,session_end,Tablet,APAC,,Standard ,0,0,,,60%,2 stars
2026-06-13 20:40:47,sess_000560,cust_0035,session_start,Smart TV,Europe,,STD,0,0,,,,
2026-06-13 20:50:53,sess_000560,cust_0035,play,Smart TV,Europe,Documentary,STD,1100,0,3000kbps,,,
2026-06-13 21:02:25,sess_000560,cust_0035,play,Smart TV,Europe,Drama,STD,893,0,720p-4500kbps,,,
2026-06-13 21:04:42,sess_000560,cust_0035,pause,Smart TV,Europe,Comedy,STD,0,0,,,,
2026-06-13 21:09:24,sess_000560,cust_0035,play,Smart TV,Europe,Documentary,STD,577,0,1080p-8000kbps,,,
2026-06-13 21:11:05,sess_000560,cust_0035,play,Smart TV,Europe,Documentary,STD,1385,0,2000kbps,,,
2026-06-13 21:16:57,sess_000560,cust_0035,play,Smart TV,Europe,Drama,STD,448,0,8000 kbps,,,
2026-06-13 21:31:42,sess_000560,cust_0035,play,Smart TV,Europe,Drama,STD,901,0,1080p-6000kbps,,,
2026-06-13 21:36:27,sess_000560,cust_0035,play,Smart TV,Europe,Action,STD,1485,0,1080p-6000kbps,,,
2026-06-13 21:48:04,sess_000560,cust_0035,play,Smart TV,Europe,Drama,STD,1420,0,2000 kbps,,,
2026-06-13 21:50:05,sess_000560,cust_0035,play,Smart TV,Europe,SciFi,STD,1752,0,1500 kbps,,,
2026-06-13 22:02:44,sess_000560,cust_0035,play,Smart TV,Europe,Drama,STD,320,0,3000 kbps,,,
2026-06-13 22:13:02,sess_000560,cust_0035,play,Smart TV,Europe,Comedy,STD,954,0,480p-2000kbps,,,
2026-06-13 22:14:17,sess_000560,cust_0035,session_end,Smart TV,Europe,,STD,0,0,,,45%,4 stars
2026-06-13 22:31:23,sess_000567,cust_0029,session_start,Mobile,Europe,,Basic,0,0,,,,
2026-06-13 22:38:35,sess_000567,cust_0029,buffer,Mobile,Europe,Horror,Basic,0,1639,,,,
2026-06-13 22:43:29,sess_000567,cust_0029,play,Mobile,Europe,Comedy,Basic,451,0,720p-4500kbps,,,
2026-06-13 22:46:55,sess_000567,cust_0029,play,Mobile,Europe,Documentary,Basic,215,0,2000kbps,,,
2026-06-13 22:47:50,sess_000567,cust_0029,pause,Mobile,Europe,Horror,Basic,0,0,,,,
2026-06-13 22:54:25,sess_000567,cust_0029,play,Mobile,Europe,Comedy,Basic,502,0,720p-4500kbps,,,
2026-06-13 22:59:14,sess_000567,cust_0029,play,Mobile,Europe,Comedy,Basic,1754,0,2000 kbps,,,
2026-06-13 23:07:27,sess_000567,cust_0029,play,Mobile,Europe,Horror,Basic,1348,0,1500 kbps,,,
2026-06-13 23:22:05,sess_000567,cust_0029,buffer,Mobile,Europe,Comedy,Basic,0,257,,,,
2026-06-13 23:25:34,sess_000567,cust_0029,pause,Mobile,Europe,Comedy,Basic,0,0,,,,
2026-06-13 23:26:11,sess_000567,cust_0029,session_end,Mobile,Europe,,Basic,0,0,,,95%,5.0
2026-06-14 01:36:59,sess_000728,cust_0066,session_start,Smart TV,Africa,,Premium ,0,0,,,,
2026-06-14 01:48:26,sess_000728,cust_0066,play,Smart TV,,Documentary,Premium ,645,0,480p-1500kbps,,,
2026-06-14 01:59:44,sess_000728,cust_0066,play,Smart TV,,Horror,Premium ,1234,0,480p-1500kbps,,,
2026-06-14 02:00:20,sess_000728,cust_0066,play,Smart TV,Africa,SciFi,Premium ,382,0,480p-2000kbps,,,
2026-06-14 02:01:55,sess_000728,cust_0066,session_end,Smart TV,Africa,,Premium ,0,0,,,100%,3.0
2026-06-14 03:02:56,sess_000454,cust_0149,session_start,Tablet,Africa,,basic,0,0,,,,
2026-06-14 03:16:04,sess_000454,cust_0149,play,Tablet,Africa,Drama,basic,1377,0,6000kbps,,,
2026-06-14 03:19:39,sess_000454,cust_0149,play,Tablet,Africa,Action,basic,55,0,8000kbps,,,
2026-06-14 03:22:32,sess_000454,cust_0149,play,Tablet,Africa,Documentary,basic,1628,0,720p-3000kbps,,,
2026-06-14 03:23:54,sess_000454,cust_0149,pause,Tablet,Africa,Documentary,basic,0,0,,,,
2026-06-14 03:34:09,sess_000454,cust_0149,play,Tablet,Africa,Documentary,basic,1071,0,4500kbps,,,
2026-06-14 03:36:19,sess_000454,cust_0149,play,Tablet,Africa,Comedy,basic,1175,0,6000kbps,,,
2026-06-14 03:42:10,sess_000454,cust_0149,play,Tablet,Africa,Comedy,basic,1354,0,1500 kbps,,,
2026-06-14 03:54:10,sess_000454,cust_0149,play,Tablet,Africa,SciFi,basic,1558,0,720p-4500kbps,,,
2026-06-14 04:00:58,sess_000454,cust_0149,play,Tablet,Africa,SciFi,basic,608,0,1080p-6000kbps,,,
2026-06-14 04:02:09,sess_000454,cust_0149,pause,Tablet,Africa,Action,basic,0,0,,,,
2026-06-14 04:03:14,sess_000454,cust_0149,session_end,Tablet,Africa,,basic,0,0,,,75%,N/A
2026-06-14 05:42:05,sess_000226,cust_0101,session_start,Mobile,North America,,Standard,0,0,,,,
2026-06-14 05:51:38,sess_000226,cust_0101,play,Mobile,North America,Documentary,Standard,1269,0,3000kbps,,,
2026-06-14 06:05:01,sess_000226,cust_0101,play,Mobile,North America,Comedy,Standard,925,0,1080p-8000kbps,,,
2026-06-14 06:18:48,sess_000226,cust_0101,play,Mobile,North America,Documentary,Standard,165,0,1500 kbps,,,
2026-06-14 06:31:37,sess_000226,cust_0101,play,Mobile,North America,SciFi,Standard,902,0,720p-3000kbps,,,
2026-06-14 06:40:07,sess_000226,cust_0101,buffer,Mobile,North America,Horror,Standard,0,1876,,,,
2026-06-14 06:41:29,sess_000226,cust_0101,session_end,Mobile,North America,,Standard,0,0,,,100%,N/A
2026-06-14 09:11:07,sess_000862,cust_0076,session_start,Mobile,North America,,Premium,0,0,,,,
2026-06-14 09:24:49,sess_000862,cust_0076,error,Mobile,North America,Horror,Premium,0,0,,E2002,,
2026-06-14 12:20:18,sess_000083,cust_0096,session_start,Web,Africa,,Basic,0,0,,,,
2026-06-14 12:26:56,sess_000083,cust_0096,play,Web,Africa,Comedy,Basic,700,0,720p-4500kbps,,,
2026-06-14 12:36:22,sess_000083,cust_0096,pause,Web,Africa,Action,Basic,0,0,,,,
2026-06-14 12:46:47,sess_000083,cust_0096,play,Web,Africa,Kids,Basic,1109,0,2000 kbps,,,
2026-06-14 12:57:27,sess_000083,cust_0096,pause,Web,Africa,Comedy,Basic,0,0,,,,
2026-06-14 13:05:27,sess_000083,cust_0096,play,Web,Africa,Documentary,Basic,1279,0,2000kbps,,,
2026-06-14 13:09:46,sess_000083,cust_0096,pause,Web,Africa,Action,Basic,0,0,,,,
2026-06-14 13:19:03,sess_000083,cust_0096,play,Web,Africa,Comedy,Basic,1781,0,1500 kbps,,,
2026-06-14 13:20:19,sess_000083,cust_0096,session_end,Web,Africa,,Basic,0,0,,,N/A,
2026-06-14 14:32:27,sess_000401,cust_0110,session_start,Web,Europe,,PREM,0,0,,,,
2026-06-14 14:40:15,sess_000401,cust_0110,play,Web,Europe,Kids,PREM,1625,0,1500kbps,,,
2026-06-14 14:46:14,sess_000401,cust_0110,buffer,Web,,Comedy,PREM,0,3773,,,,
2026-06-14 14:49:11,sess_000308,cust_0133,session_start,Mobile,Africa,,Basic,0,0,,,,
2026-06-14 14:53:10,sess_000127,cust_0133,session_start,Mobile,Africa,,basic,0,0,,,,
2026-06-14 14:55:02,sess_000401,cust_0110,pause,Web,Europe,Kids,PREM,0,0,,,,
2026-06-14 14:55:06,sess_000308,cust_0133,play,Mobile,Africa,Horror,Basic,1165,0,720p-4500kbps,,,
2026-06-14 14:55:47,sess_000308,cust_0133,buffer,Mobile,Africa,Drama,Basic,0,1255,,,,
2026-06-14 14:56:12,sess_000308,cust_0133,play,Mobile,Africa,Drama,Basic,1069,0,3000kbps,,,
2026-06-14 15:04:36,sess_000308,cust_0133,buffer,Mobile,Africa,Kids,Basic,0,2743,,,,
2026-06-14 15:04:37,sess_000127,cust_0133,play,Mobile,Africa,Action,basic,677,0,2000kbps,,,
2026-06-14 15:08:30,sess_000127,cust_0133,play,Mobile,Africa,Comedy,basic,1627,0,3000 kbps,,,
2026-06-14 15:09:41,sess_000401,cust_0110,play,Web,Europe,SciFi,PREM,145,0,2000kbps,,,
2026-06-14 15:12:26,sess_000401,cust_0110,play,Web,Europe,Horror,PREM,1169,0,8000kbps,,,
2026-06-14 15:12:37,sess_000127,cust_0133,play,Mobile,Africa,Comedy,basic,242,0,6000 kbps,,,
2026-06-14 15:12:52,sess_000127,cust_0133,play,Mobile,Africa,Action,basic,386,0,720p-3000kbps,,,
2026-06-14 15:16:50,sess_000308,cust_0133,play,Mobile,Africa,Comedy,Basic,338,0,1080p-8000kbps,,,
2026-06-14 15:17:38,sess_000401,cust_0110,play,Web,Europe,Kids,PREM,1580,0,4500 kbps,,,
2026-06-14 15:22:40,sess_000127,cust_0133,buffer,Mobile,Africa,Comedy,basic,0,2141,,,,
2026-06-14 15:22:58,sess_000127,cust_0133,play,Mobile,Africa,Drama,basic,1053,0,8000kbps,,,
2026-06-14 15:26:21,sess_000401,cust_0110,pause,Web,Europe,Comedy,PREM,0,0,,,,
2026-06-14 15:30:46,sess_000308,cust_0133,play,Mobile,Africa,Kids,Basic,1628,0,4500 kbps,,,
2026-06-14 15:31:30,sess_000127,cust_0133,play,Mobile,Africa,Documentary,basic,221,0,4500kbps,,,
2026-06-14 15:33:08,sess_000401,cust_0110,play,Web,Europe,Horror,PREM,1574,0,720p-3000kbps,,,
2026-06-14 15:34:49,sess_000127,cust_0133,play,Mobile,Africa,Horror,basic,766,0,3000kbps,,,
2026-06-14 15:38:34,sess_000308,cust_0133,play,Mobile,Africa,Kids,Basic,1394,0,1500kbps,,,
2026-06-14 15:41:41,sess_000401,cust_0110,play,Web,Europe,Comedy,PREM,1639,0,8000 kbps,,,
2026-06-14 15:42:27,sess_000401,cust_0110,play,Web,Europe,SciFi,PREM,416,0,1500 kbps,,,
2026-06-14 15:43:27,sess_000401,cust_0110,buffer,Web,Europe,Action,PREM,0,2752,,,,
2026-06-14 15:44:37,sess_000401,cust_0110,session_end,Web,Europe,,PREM,0,0,,,60%,2
2026-06-14 15:49:00,sess_000127,cust_0133,pause,Mobile,Africa,Documentary,basic,0,0,,,,
2026-06-14 15:51:17,sess_000308,cust_0133,pause,Mobile,Africa,Documentary,Basic,0,0,,,,
2026-06-14 15:53:42,sess_000308,cust_0133,play,Mobile,Africa,Documentary,Basic,79,0,1500kbps,,,
2026-06-14 16:00:42,sess_000308,cust_0133,play,Mobile,Africa,Comedy,Basic,1665,0,3000 kbps,,,
2026-06-14 16:01:35,sess_000127,cust_0133,error,Mobile,Africa,Action,basic,0,0,,E2002,,
2026-06-14 16:05:28,sess_000308,cust_0133,play,Mobile,Africa,Comedy,Basic,1502,0,3000kbps,,,
2026-06-14 16:09:54,sess_000127,cust_0133,pause,Mobile,Africa,SciFi,basic,0,0,,,,
2026-06-14 16:10:37,sess_000308,cust_0133,buffer,Mobile,Africa,Documentary,Basic,0,218,,,,
2026-06-14 16:11:38,sess_000308,cust_0133,session_end,Mobile,Africa,,Basic,0,0,,,60%,N/A
2026-06-14 16:17:56,sess_000127,cust_0133,play,Mobile,Africa,Kids,basic,1758,0,4500kbps,,,
2026-06-14 16:19:08,sess_000127,cust_0133,session_end,Mobile,Africa,,basic,0,0,,,90%,3.0
2026-06-14 16:35:29,sess_000429,cust_0110,session_start,Web,Europe,,Premium,0,0,,,,
2026-06-14 16:48:50,sess_000429,cust_0110,play,Web,Europe,Comedy,Premium,204,0,1500 kbps,,,
2026-06-14 16:49:54,sess_000429,cust_0110,play,Web,Europe,Documentary,Premium,1505,0,1080p-8000kbps,,,
2026-06-14 16:58:12,sess_000429,cust_0110,play,Web,Europe,Drama,Premium,521,0,4500kbps,,,
2026-06-14 17:00:51,sess_000429,cust_0110,play,Web,Europe,Drama,Premium,351,0,480p-1500kbps,,,
2026-06-14 17:10:13,sess_000429,cust_0110,play,Web,Europe,SciFi,Premium,145,0,1080p-6000kbps,,,
2026-06-14 17:18:25,sess_000429,cust_0110,play,Web,Europe,Documentary,Premium,975,0,1500 kbps,,,
2026-06-14 17:28:16,sess_000073,cust_0008,session_start,Tablet,LATAM,,PremiumPlus,0,0,,,,
2026-06-14 17:29:12,sess_000429,cust_0110,pause,Web,Europe,Action,Premium,0,0,,,,
2026-06-14 17:29:37,sess_000073,cust_0008,error,Tablet,LATAM,Action,PremiumPlus,0,0,,E3003,,
2026-06-14 17:30:13,sess_000429,cust_0110,buffer,Web,Europe,Kids,Premium,0,2013,,,,
2026-06-14 17:34:05,sess_000260,cust_0096,session_start,Web,Africa,,BASIC,0,0,,,,
2026-06-14 17:43:10,sess_000429,cust_0110,buffer,Web,Europe,Action,Premium,0,1306,,,,
2026-06-14 17:43:30,sess_000429,cust_0110,session_end,Web,Europe,,Premium,0,0,,,45%,n/a
2026-06-14 17:47:10,sess_000260,cust_0096,play,Web,Africa,Horror,BASIC,427,0,1500 kbps,,,
2026-06-14 18:00:21,sess_000260,cust_0096,play,Web,Africa,SciFi,BASIC,341,0,2000kbps,,,
2026-06-14 18:08:39,sess_000260,cust_0096,play,Web,Africa,Drama,BASIC,1249,0,720p-4500kbps,,,
2026-06-14 18:15:55,sess_000260,cust_0096,buffer,Web,Africa,Drama,BASIC,0,2408,,,,
2026-06-14 18:23:21,sess_000260,cust_0096,play,Web,Africa,Drama,BASIC,1040,0,3000kbps,,,
2026-06-14 18:26:40,sess_000260,cust_0096,play,Web,Africa,Horror,BASIC,752,0,3000kbps,,,
2026-06-14 18:30:24,sess_000680,cust_0133,session_start,Mobile,Africa,,Basic,0,0,,,,
2026-06-14 18:32:59,sess_000260,cust_0096,play,Web,Africa,SciFi,BASIC,906,0,4500kbps,,,
2026-06-14 18:39:31,sess_000260,cust_0096,play,Web,Africa,Drama,BASIC,1036,0,1500kbps,,,
2026-06-14 18:42:27,sess_000680,cust_0133,play,Mobile,Africa,Horror,Basic,1092,0,8000 kbps,,,
2026-06-14 18:51:45,sess_000260,cust_0096,buffer,Web,Africa,Drama,BASIC,0,930,,,,
2026-06-14 18:52:10,sess_000680,cust_0133,play,Mobile,Africa,Horror,Basic,200,0,4500 kbps,,,
2026-06-14 18:55:21,sess_000680,cust_0133,play,Mobile,Africa,Horror,Basic,1436,0,3000 kbps,,,
2026-06-14 19:05:45,sess_000680,cust_0133,play,Mobile,Africa,Drama,Basic,1260,0,8000kbps,,,
2026-06-14 19:06:01,sess_000260,cust_0096,pause,Web,Africa,Drama,BASIC,0,0,,,,
2026-06-14 19:16:07,sess_000680,cust_0133,play,Mobile,Africa,Drama,Basic,331,0,6000 kbps,,,
2026-06-14 19:19:42,sess_000680,cust_0133,play,Mobile,Africa,Comedy,Basic,1747,0,2000 kbps,,,
2026-06-14 19:20:03,sess_000260,cust_0096,play,Web,Africa,Drama,BASIC,75,0,8000 kbps,,,
2026-06-14 19:28:19,sess_000260,cust_0096,play,Web,Africa,Kids,BASIC,1437,0,3000 kbps,,,
2026-06-14 19:28:45,sess_000680,cust_0133,play,Mobile,Africa,Drama,Basic,388,0,1080p-6000kbps,,,
2026-06-14 19:30:09,sess_000260,cust_0096,session_end,Web,Africa,,BASIC,0,0,,,80%,3 stars
2026-06-14 19:31:20,sess_000802,cust_0030,session_start,Web,APAC,,Standard ,0,0,,,,
2026-06-14 19:34:50,sess_000802,cust_0030,play,Web,APAC,SciFi,Standard ,659,0,480p-1500kbps,,,
2026-06-14 19:42:46,sess_000680,cust_0133,play,Mobile,,Horror,Basic,956,0,480p-2000kbps,,,
2026-06-14 19:47:42,sess_000802,cust_0030,pause,Web,APAC,Drama,Standard ,0,0,,,,
2026-06-14 19:49:00,sess_000802,cust_0030,play,Web,APAC,Action,Standard ,1371,0,1080p-8000kbps,,,
2026-06-14 19:53:49,sess_000802,cust_0030,play,Web,APAC,Drama,Standard ,1685,0,4500 kbps,,,
2026-06-14 19:55:07,sess_000680,cust_0133,error,Mobile,Africa,Horror,Basic,0,0,,E2002,,
2026-06-14 19:58:41,sess_000680,cust_0133,pause,Mobile,Africa,Action,Basic,0,0,,,,
2026-06-14 20:01:29,sess_000802,cust_0030,play,Web,APAC,Action,Standard ,1676,0,2000kbps,,,
2026-06-14 20:02:29,sess_000680,cust_0133,pause,Mobile,Africa,Documentary,Basic,0,0,,,,
2026-06-14 20:03:15,sess_000802,cust_0030,session_end,Web,APAC,,Standard ,0,0,,,45%,N/A
2026-06-14 20:06:03,sess_000680,cust_0133,error,Mobile,Africa,Documentary,Basic,0,0,,E1001,,
2026-06-15 05:10:58,sess_000504,cust_0052,session_start,Mobile,LATAM,,standard,0,0,,,,
2026-06-15 05:13:10,sess_000504,cust_0052,play,Mobile,LATAM,Kids,standard,221,0,1500 kbps,,,
2026-06-15 05:27:07,sess_000504,cust_0052,play,Mobile,LATAM,SciFi,standard,1217,0,3000kbps,,,
2026-06-15 05:27:26,sess_000504,cust_0052,play,Mobile,LATAM,Comedy,standard,787,0,1080p-6000kbps,,,
2026-06-15 05:40:05,sess_000504,cust_0052,pause,Mobile,LATAM,Documentary,standard,0,0,,,,
2026-06-15 05:51:54,sess_000504,cust_0052,play,Mobile,LATAM,Action,standard,1130,0,2000 kbps,,,
2026-06-15 05:59:33,sess_000504,cust_0052,play,Mobile,LATAM,Documentary,standard,919,0,720p-4500kbps,,,
2026-06-15 06:01:17,sess_000504,cust_0052,session_end,Mobile,LATAM,,standard,0,0,,,87%,3 stars
2026-06-15 07:24:41,sess_000513,cust_0035,session_start,Smart TV,Europe,,Standard ,0,0,,,,
2026-06-15 07:24:59,sess_000513,cust_0035,play,Smart TV,,Comedy,Standard ,1290,0,480p-2000kbps,,,
2026-06-15 07:25:39,sess_000236,cust_0127,session_start,Tablet,Africa,,Standard,0,0,,,,
2026-06-15 07:26:41,sess_000513,cust_0035,play,Smart TV,Europe,Horror,Standard ,1667,0,2000kbps,,,
2026-06-15 07:29:46,sess_000513,cust_0035,pause,Smart TV,Europe,SciFi,Standard ,0,0,,,,
2026-06-15 07:33:20,sess_000236,cust_0127,pause,Tablet,Africa,Horror,Standard,0,0,,,,
2026-06-15 07:39:08,sess_000513,cust_0035,play,Smart TV,Europe,Documentary,Standard ,893,0,720p-4500kbps,,,
2026-06-15 07:40:44,sess_000236,cust_0127,play,Tablet,Africa,Drama,Standard,1252,0,4500kbps,,,
2026-06-15 07:48:37,sess_000513,cust_0035,play,Smart TV,Europe,Documentary,Standard ,172,0,1080p-8000kbps,,,
2026-06-15 07:49:17,sess_000236,cust_0127,play,Tablet,Africa,Comedy,Standard,489,0,1080p-6000kbps,,,
2026-06-15 07:52:07,sess_000513,cust_0035,play,Smart TV,Europe,Horror,Standard ,1750,0,480p-1500kbps,,,
2026-06-15 07:55:55,sess_000781,cust_0032,session_start,Web,LATAM,,standard,0,0,,,,
2026-06-15 07:57:12,sess_000236,cust_0127,play,Tablet,Africa,Horror,Standard,99,0,3000 kbps,,,
2026-06-15 07:59:51,sess_000781,cust_0032,pause,Web,LATAM,Drama,standard,0,0,,,,
2026-06-15 08:01:36,sess_000513,cust_0035,pause,Smart TV,Europe,Documentary,Standard ,0,0,,,,
2026-06-15 08:04:53,sess_000236,cust_0127,play,Tablet,Africa,Drama,Standard,566,0,1500 kbps,,,
2026-06-15 08:05:11,sess_000781,cust_0032,buffer,Web,LATAM,Horror,standard,0,1656,,,,
2026-06-15 08:05:48,sess_000513,cust_0035,play,Smart TV,Europe,Documentary,Standard ,918,0,6000 kbps,,,
2026-06-15 08:08:05,sess_000781,cust_0032,play,Web,LATAM,Comedy,standard,659,0,8000kbps,,,
2026-06-15 08:08:30,sess_000236,cust_0127,buffer,Tablet,Africa,Comedy,Standard,0,359,,,,
2026-06-15 08:09:31,sess_000781,cust_0032,session_end,Web,,,standard,0,0,,,45%,n/a
2026-06-15 08:14:58,sess_000513,cust_0035,play,Smart TV,Europe,Horror,Standard ,257,0,4500kbps,,,
2026-06-15 08:15:15,sess_000236,cust_0127,play,Tablet,Africa,Horror,Standard,184,0,6000 kbps,,,
2026-06-15 08:16:10,sess_000236,cust_0127,session_end,Tablet,Africa,,Standard,0,0,,,87%,3 stars
2026-06-15 08:22:10,sess_000513,cust_0035,pause,Smart TV,Europe,Horror,Standard ,0,0,,,,
2026-06-15 08:28:14,sess_000513,cust_0035,play,Smart TV,Europe,Horror,Standard ,1468,0,1080p-8000kbps,,,
2026-06-15 08:28:36,sess_000513,cust_0035,play,Smart TV,Europe,Documentary,Standard ,1481,0,720p-4500kbps,,,
2026-06-15 08:30:09,sess_000513,cust_0035,session_end,Smart TV,Europe,,Standard ,0,0,,,45%,N/A
2026-06-15 10:09:40,sess_000392,cust_0079,session_start,Console,Africa,,basic ,0,0,,,,
2026-06-15 10:18:07,sess_000392,cust_0079,play,Console,Africa,Documentary,basic ,1220,0,1080p-6000kbps,,,
2026-06-15 10:28:28,sess_000392,cust_0079,play,Console,Africa,Comedy,basic ,531,0,3000kbps,,,
2026-06-15 10:34:09,sess_000392,cust_0079,play,Console,Africa,Comedy,basic ,1402,0,4500kbps,,,
2026-06-15 10:45:56,sess_000392,cust_0079,play,Console,Africa,Horror,basic ,143,0,3000kbps,,,
2026-06-15 11:00:28,sess_000392,cust_0079,play,Console,Africa,Kids,basic ,1334,0,720p-4500kbps,,,
2026-06-15 11:09:37,sess_000392,cust_0079,pause,Console,Africa,Action,basic ,0,0,,,,
2026-06-15 11:17:15,sess_000392,cust_0079,pause,Console,Africa,Documentary,basic ,0,0,,,,
2026-06-15 11:20:14,sess_000392,cust_0079,play,Console,Africa,Drama,basic ,1023,0,8000 kbps,,,
2026-06-15 11:25:43,sess_000392,cust_0079,error,Console,Africa,Drama,basic ,0,0,,E1001,,
2026-06-15 12:14:07,sess_000444,cust_0081,session_start,Mobile,Africa,,premium_plus,0,0,,,,
2026-06-15 12:24:22,sess_000444,cust_0081,play,Mobile,Africa,Comedy,premium_plus,693,0,4500 kbps,,,
2026-06-15 12:33:49,sess_000444,cust_0081,error,Mobile,Africa,Horror,premium_plus,0,0,,E2002,,
2026-06-15 12:38:31,sess_000086,cust_0144,session_start,Console,LATAM,,STD,0,0,,,,
2026-06-15 12:43:12,sess_000086,cust_0144,play,Console,LATAM,Comedy,STD,1241,0,480p-2000kbps,,,
2026-06-15 12:55:32,sess_000086,cust_0144,play,Console,LATAM,SciFi,STD,1023,0,720p-3000kbps,,,
2026-06-15 12:59:40,sess_000086,cust_0144,play,Console,LATAM,Documentary,STD,1460,0,720p-3000kbps,,,
2026-06-15 13:14:18,sess_000086,cust_0144,play,Console,LATAM,Action,STD,1561,0,480p-2000kbps,,,
2026-06-15 13:27:21,sess_000086,cust_0144,play,Console,LATAM,Drama,STD,746,0,6000 kbps,,,
2026-06-15 13:34:33,sess_000086,cust_0144,play,Console,LATAM,Documentary,STD,1731,0,720p-4500kbps,,,
2026-06-15 13:44:13,sess_000086,cust_0144,buffer,Console,LATAM,Comedy,STD,0,3157,,,,
2026-06-15 13:45:40,sess_000086,cust_0144,session_end,Console,LATAM,,STD,0,0,,,N/A,N/A
2026-06-15 17:37:01,sess_000133,cust_0122,session_start,Smart TV,APAC,,Basic,0,0,,,,
2026-06-15 17:48:36,sess_000133,cust_0122,play,Smart TV,APAC,Action,Basic,229,0,6000kbps,,,
2026-06-15 17:52:11,sess_000133,cust_0122,play,Smart TV,APAC,Horror,Basic,469,0,1080p-8000kbps,,,
2026-06-15 17:56:33,sess_000133,cust_0122,play,Smart TV,APAC,Documentary,Basic,298,0,1080p-6000kbps,,,
2026-06-15 18:04:19,sess_000133,cust_0122,play,Smart TV,APAC,Documentary,Basic,1727,0,1080p-8000kbps,,,
2026-06-15 18:12:36,sess_000133,cust_0122,play,Smart TV,APAC,Drama,Basic,332,0,6000kbps,,,
2026-06-15 18:13:13,sess_000133,cust_0122,play,Smart TV,APAC,Comedy,Basic,96,0,480p-1500kbps,,,
2026-06-15 18:23:41,sess_000133,cust_0122,play,Smart TV,APAC,Drama,Basic,473,0,8000kbps,,,
2026-06-15 18:26:09,sess_000133,cust_0122,play,Smart TV,APAC,Horror,Basic,1020,0,720p-4500kbps,,,
2026-06-15 18:28:35,sess_000133,cust_0122,play,Smart TV,APAC,Horror,Basic,910,0,8000 kbps,,,
2026-06-15 18:30:07,sess_000133,cust_0122,session_end,Smart TV,APAC,,Basic,0,0,,,100%,2 stars
2026-06-15 18:51:40,sess_000312,cust_0075,session_start,Smart TV,LATAM,,basic,0,0,,,,
2026-06-15 19:02:47,sess_000312,cust_0075,play,Smart TV,LATAM,Comedy,basic,419,0,2000 kbps,,,
2026-06-15 19:14:51,sess_000312,cust_0075,play,Smart TV,LATAM,SciFi,basic,793,0,480p-1500kbps,,,
2026-06-15 19:18:25,sess_000312,cust_0075,play,Smart TV,LATAM,Kids,basic,462,0,720p-4500kbps,,,
2026-06-15 19:19:16,sess_000312,cust_0075,play,Smart TV,LATAM,Action,basic,1495,0,720p-4500kbps,,,
2026-06-15 19:26:36,sess_000889,cust_0091,session_start,Smart TV,Europe,,STD,0,0,,,,
2026-06-15 19:33:25,sess_000312,cust_0075,play,Smart TV,LATAM,Horror,basic,1742,0,2000 kbps,,,
2026-06-15 19:41:02,sess_000889,cust_0091,play,Smart TV,Europe,Comedy,STD,673,0,1080p-6000kbps,,,
2026-06-15 19:41:55,sess_000312,cust_0075,play,Smart TV,LATAM,SciFi,basic,459,0,6000kbps,,,
2026-06-15 19:48:57,sess_000312,cust_0075,play,Smart TV,LATAM,SciFi,basic,1678,0,6000kbps,,,
2026-06-15 19:49:47,sess_000889,cust_0091,play,Smart TV,Europe,Comedy,STD,991,0,8000kbps,,,
2026-06-15 19:50:07,sess_000889,cust_0091,play,Smart TV,Europe,SciFi,STD,884,0,3000 kbps,,,
2026-06-15 19:53:16,sess_000312,cust_0075,play,Smart TV,LATAM,Action,basic,513,0,2000 kbps,,,
2026-06-15 19:57:38,sess_000889,cust_0091,play,Smart TV,Europe,Kids,STD,1416,0,4500kbps,,,
2026-06-15 19:58:24,sess_000312,cust_0075,play,Smart TV,LATAM,Kids,basic,1299,0,4500kbps,,,
2026-06-15 20:04:46,sess_000889,cust_0091,play,Smart TV,Europe,Horror,STD,777,0,480p-1500kbps,,,
2026-06-15 20:10:21,sess_000312,cust_0075,pause,Smart TV,LATAM,SciFi,basic,0,0,,,,
2026-06-15 20:14:36,sess_000312,cust_0075,play,Smart TV,LATAM,Kids,basic,1439,0,1500kbps,,,
2026-06-15 20:15:27,sess_000889,cust_0091,pause,Smart TV,Europe,Drama,STD,0,0,,,,
2026-06-15 20:17:24,sess_000312,cust_0075,play,Smart TV,LATAM,Drama,basic,1262,0,480p-2000kbps,,,
2026-06-15 20:18:14,sess_000312,cust_0075,session_end,Smart TV,LATAM,,basic,0,0,,,80%,n/a
2026-06-15 20:24:45,sess_000889,cust_0091,play,Smart TV,Europe,Kids,STD,529,0,4500kbps,,,
2026-06-15 20:30:05,sess_000889,cust_0091,play,Smart TV,Europe,Kids,STD,1541,0,6000 kbps,,,
2026-06-15 20:35:13,sess_000098,cust_0058,session_start,Tablet,LATAM,,PREM,0,0,,,,
2026-06-15 20:37:06,sess_000098,cust_0058,play,Tablet,LATAM,Comedy,PREM,1738,0,6000 kbps,,,
2026-06-15 20:43:46,sess_000889,cust_0091,play,Smart TV,Europe,Action,STD,1243,0,1080p-8000kbps,,,
2026-06-15 20:44:46,sess_000098,cust_0058,play,Tablet,LATAM,Documentary,PREM,1730,0,1080p-6000kbps,,,
2026-06-15 20:45:36,sess_000889,cust_0091,session_end,Smart TV,Europe,,STD,0,0,,,75%,n/a
2026-06-15 20:50:49,sess_000098,cust_0058,pause,Tablet,LATAM,Action,PREM,0,0,,,,
2026-06-15 21:02:50,sess_000098,cust_0058,play,Tablet,LATAM,Drama,PREM,433,0,4500 kbps,,,
2026-06-15 21:04:26,sess_000098,cust_0058,session_end,Tablet,LATAM,,PREM,0,0,,,60%,1.0
2026-06-15 22:53:56,sess_000069,cust_0133,session_start,Mobile,Africa,,Basic,0,0,,,,
2026-06-15 23:05:00,sess_000069,cust_0133,play,Mobile,,Comedy,Basic,404,0,8000 kbps,,,
2026-06-15 23:19:48,sess_000069,cust_0133,play,Mobile,Africa,Drama,Basic,676,0,480p-2000kbps,,,
2026-06-15 23:23:44,sess_000069,cust_0133,pause,Mobile,Africa,Horror,Basic,0,0,,,,
2026-06-15 23:31:33,sess_000069,cust_0133,pause,Mobile,Africa,Documentary,Basic,0,0,,,,
2026-06-15 23:36:46,sess_000069,cust_0133,pause,Mobile,Africa,Action,Basic,0,0,,,,
2026-06-15 23:37:13,sess_000069,cust_0133,session_end,Mobile,Africa,,Basic,0,0,,,80%,N/A
2026-06-16 01:35:33,sess_000538,cust_0105,session_start,Smart TV,North America,,Standard ,0,0,,,,
2026-06-16 01:49:58,sess_000538,cust_0105,pause,Smart TV,North America,Horror,Standard ,0,0,,,,
2026-06-16 01:59:32,sess_000538,cust_0105,buffer,Smart TV,North America,Action,Standard ,0,3842,,,,
2026-06-16 02:00:08,sess_000422,cust_0140,session_start,Console,LATAM,,premium plus,0,0,,,,
2026-06-16 02:05:31,sess_000538,cust_0105,play,Smart TV,North America,Comedy,Standard ,1158,0,6000kbps,,,
2026-06-16 02:08:31,sess_000422,cust_0140,play,Console,LATAM,Documentary,premium plus,671,0,2000 kbps,,,
2026-06-16 02:14:00,sess_000422,cust_0140,buffer,Console,LATAM,Action,premium plus,0,1907,,,,
2026-06-16 02:17:36,sess_000538,cust_0105,play,Smart TV,,Comedy,Standard ,324,0,1080p-6000kbps,,,
2026-06-16 02:22:10,sess_000422,cust_0140,play,Console,LATAM,Drama,premium plus,213,0,8000kbps,,,
2026-06-16 02:22:19,sess_000538,cust_0105,play,Smart TV,North America,Comedy,Standard ,1630,0,1500 kbps,,,
2026-06-16 02:28:05,sess_000422,cust_0140,buffer,Console,LATAM,Kids,premium plus,0,1041,,,,
2026-06-16 02:36:50,sess_000538,cust_0105,play,Smart TV,North America,Drama,Standard ,1164,0,2000kbps,,,
2026-06-16 02:41:54,sess_000422,cust_0140,play,Console,LATAM,Comedy,premium plus,1037,0,6000kbps,,,
2026-06-16 02:48:14,sess_000538,cust_0105,play,Smart TV,North America,Comedy,Standard ,1386,0,1500 kbps,,,
2026-06-16 02:49:45,sess_000422,cust_0140,error,Console,LATAM,Horror,premium plus,0,0,,E4004,,
2026-06-16 02:58:04,sess_000538,cust_0105,play,Smart TV,North America,Drama,Standard ,991,0,1080p-6000kbps,,,
2026-06-16 03:10:02,sess_000538,cust_0105,play,Smart TV,North America,Action,Standard ,219,0,6000kbps,,,
2026-06-16 03:11:00,sess_000538,cust_0105,buffer,Smart TV,North America,Action,Standard ,0,2472,,,,
2026-06-16 03:21:42,sess_000538,cust_0105,play,Smart TV,North America,Drama,Standard ,270,0,720p-3000kbps,,,
2026-06-16 03:27:43,sess_000538,cust_0105,pause,Smart TV,North America,Kids,Standard ,0,0,,,,
2026-06-16 03:28:06,sess_000538,cust_0105,session_end,Smart TV,North America,,Standard ,0,0,,,90%,N/A
2026-06-16 05:59:10,sess_000628,cust_0023,session_start,Tablet,North America,,Premium,0,0,,,,
2026-06-16 06:09:05,sess_000628,cust_0023,play,Tablet,North America,Action,Premium,1733,0,8000 kbps,,,
2026-06-16 06:13:05,sess_000014,cust_0078,session_start,Tablet,LATAM,,basic,0,0,,,,
2026-06-16 06:13:11,sess_000628,cust_0023,play,Tablet,North America,Drama,Premium,1351,0,6000 kbps,,,
2026-06-16 06:14:39,sess_000628,cust_0023,buffer,Tablet,North America,Action,Premium,0,2251,,,,
2026-06-16 06:17:16,sess_000971,cust_0061,session_start,Web,Africa,,Basic,0,0,,,,
2026-06-16 06:21:55,sess_000014,cust_0078,buffer,Tablet,LATAM,Comedy,basic,0,1271,,,,
2026-06-16 06:22:34,sess_000971,cust_0061,play,Web,Africa,Horror,Basic,1350,0,4500 kbps,,,
2026-06-16 06:26:06,sess_000628,cust_0023,play,Tablet,North America,Drama,Premium,446,0,720p-3000kbps,,,
2026-06-16 06:29:20,sess_000628,cust_0023,buffer,Tablet,North America,Kids,Premium,0,2996,,,,
2026-06-16 06:31:21,sess_000014,cust_0078,play,Tablet,LATAM,Comedy,basic,794,0,6000kbps,,,
2026-06-16 06:31:29,sess_000971,cust_0061,play,Web,Africa,Action,Basic,1693,0,2000kbps,,,
2026-06-16 06:35:23,sess_000628,cust_0023,play,Tablet,North America,Comedy,Premium,1221,0,3000kbps,,,
2026-06-16 06:43:36,sess_000014,cust_0078,play,Tablet,LATAM,Drama,basic,1482,0,2000kbps,,,
2026-06-16 06:45:43,sess_000971,cust_0061,play,Web,Africa,Documentary,Basic,1311,0,4500kbps,,,
2026-06-16 06:46:32,sess_000971,cust_0061,play,Web,Africa,Drama,Basic,1385,0,480p-2000kbps,,,
2026-06-16 06:49:38,sess_000628,cust_0023,error,Tablet,North America,SciFi,Premium,0,0,,E1001,,
2026-06-16 06:53:38,sess_000514,cust_0105,session_start,Smart TV,North America,,Standard ,0,0,,,,
2026-06-16 06:53:43,sess_000014,cust_0078,pause,Tablet,LATAM,Action,basic,0,0,,,,
2026-06-16 06:54:57,sess_000971,cust_0061,play,Web,Africa,Kids,Basic,1045,0,8000 kbps,,,
2026-06-16 07:01:06,sess_000971,cust_0061,play,Web,Africa,Kids,Basic,993,0,1500kbps,,,
2026-06-16 07:05:38,sess_000971,cust_0061,buffer,Web,Africa,Horror,Basic,0,615,,,,
2026-06-16 07:05:39,sess_000014,cust_0078,play,Tablet,LATAM,Action,basic,698,0,480p-1500kbps,,,
2026-06-16 07:06:11,sess_000014,cust_0078,error,Tablet,LATAM,SciFi,basic,0,0,,E3003,,
2026-06-16 07:08:18,sess_000514,cust_0105,play,Smart TV,North America,Horror,Standard ,1489,0,3000kbps,,,
2026-06-16 07:15:28,sess_000514,cust_0105,error,Smart TV,North America,Kids,Standard ,0,0,,E4004,,
2026-06-16 07:17:51,sess_000971,cust_0061,play,Web,Africa,Action,Basic,1036,0,480p-2000kbps,,,
2026-06-16 07:19:36,sess_000971,cust_0061,session_end,Web,Africa,,Basic,0,0,,,75%,5
2026-06-16 07:24:18,sess_000514,cust_0105,play,Smart TV,North America,Kids,Standard ,1493,0,8000 kbps,,,
2026-06-16 07:25:32,sess_000514,cust_0105,session_end,Smart TV,North America,,Standard ,0,0,,,45%,1.0
2026-06-16 09:12:02,sess_000295,cust_0122,session_start,Smart TV,APAC,,Basic,0,0,,,,
2026-06-16 09:17:01,sess_000295,cust_0122,play,Smart TV,APAC,Drama,Basic,1238,0,6000kbps,,,
2026-06-16 09:26:44,sess_000295,cust_0122,play,Smart TV,APAC,SciFi,Basic,727,0,2000 kbps,,,
2026-06-16 09:35:11,sess_000295,cust_0122,play,Smart TV,APAC,Action,Basic,527,0,3000kbps,,,
2026-06-16 09:47:39,sess_000295,cust_0122,error,Smart TV,APAC,Drama,Basic,0,0,,E3003,,
2026-06-16 09:52:46,sess_000295,cust_0122,play,Smart TV,APAC,Comedy,Basic,129,0,4500 kbps,,,
2026-06-16 09:54:32,sess_000295,cust_0122,play,Smart TV,APAC,Drama,Basic,697,0,2000 kbps,,,
2026-06-16 09:55:30,sess_000295,cust_0122,session_end,Smart TV,APAC,,Basic,0,0,,,60%,3 stars
2026-06-16 10:51:36,sess_000708,cust_0081,session_start,Mobile,Africa,,PremiumPlus,0,0,,,,
2026-06-16 11:03:37,sess_000708,cust_0081,buffer,Mobile,Africa,Drama,PremiumPlus,0,2561,,,,
2026-06-16 11:18:00,sess_000708,cust_0081,play,Mobile,Africa,Horror,PremiumPlus,508,0,1500kbps,,,
2026-06-16 11:31:54,sess_000708,cust_0081,play,Mobile,Africa,SciFi,PremiumPlus,622,0,720p-4500kbps,,,
2026-06-16 11:43:03,sess_000708,cust_0081,play,Mobile,Africa,Drama,PremiumPlus,197,0,2000 kbps,,,
2026-06-16 11:50:07,sess_000708,cust_0081,play,Mobile,Africa,Kids,PremiumPlus,1207,0,1080p-6000kbps,,,
2026-06-16 11:52:05,sess_000708,cust_0081,session_end,Mobile,Africa,,PremiumPlus,0,0,,,95%,4 stars
2026-06-16 17:05:46,sess_000297,cust_0078,session_start,Tablet,LATAM,,BASIC,0,0,,,,
2026-06-16 17:11:34,sess_000297,cust_0078,play,Tablet,LATAM,Horror,BASIC,126,0,6000kbps,,,
2026-06-16 17:12:08,sess_000297,cust_0078,play,Tablet,LATAM,Comedy,BASIC,1121,0,480p-1500kbps,,,
2026-06-16 17:22:05,sess_000297,cust_0078,play,Tablet,LATAM,Drama,BASIC,783,0,1080p-6000kbps,,,
2026-06-16 17:36:21,sess_000297,cust_0078,play,Tablet,LATAM,Kids,BASIC,1441,0,480p-1500kbps,,,
2026-06-16 17:43:38,sess_000297,cust_0078,play,Tablet,LATAM,Documentary,BASIC,1405,0,4500kbps,,,
2026-06-16 17:46:38,sess_000297,cust_0078,play,Tablet,LATAM,Comedy,BASIC,1602,0,6000 kbps,,,
2026-06-16 18:00:53,sess_000297,cust_0078,play,Tablet,LATAM,SciFi,BASIC,195,0,6000kbps,,,
2026-06-16 18:01:42,sess_000297,cust_0078,session_end,Tablet,LATAM,,BASIC,0,0,,,100%,4 stars
2026-06-16 19:20:53,sess_000789,cust_0011,session_start,Smart TV,LATAM,,premium_plus,0,0,,,,
2026-06-16 19:35:38,sess_000789,cust_0011,buffer,Smart TV,LATAM,Drama,premium_plus,0,3999,,,,
2026-06-16 19:49:34,sess_000789,cust_0011,play,Smart TV,LATAM,Horror,premium_plus,1108,0,6000 kbps,,,
2026-06-16 20:02:16,sess_000789,cust_0011,play,Smart TV,LATAM,Action,premium_plus,396,0,4500 kbps,,,
2026-06-16 20:09:48,sess_000789,cust_0011,play,Smart TV,LATAM,Kids,premium_plus,365,0,6000kbps,,,
2026-06-16 20:24:46,sess_000789,cust_0011,play,Smart TV,LATAM,Drama,premium_plus,1092,0,8000kbps,,,
2026-06-16 20:38:51,sess_000789,cust_0011,buffer,Smart TV,LATAM,Horror,premium_plus,0,2128,,,,
2026-06-16 20:39:37,sess_000789,cust_0011,play,Smart TV,LATAM,Drama,premium_plus,1792,0,4500 kbps,,,
2026-06-16 20:50:59,sess_000789,cust_0011,buffer,Smart TV,LATAM,Comedy,premium_plus,0,1459,,,,
2026-06-16 20:52:57,sess_000789,cust_0011,session_end,Smart TV,LATAM,,premium_plus,0,0,,,95%,4 stars
2026-06-16 21:53:28,sess_000057,cust_0044,session_start,Mobile,Africa,,BASIC,0,0,,,,
2026-06-16 21:56:23,sess_000057,cust_0044,play,Mobile,Africa,Comedy,BASIC,1462,0,720p-4500kbps,,,
2026-06-16 22:00:40,sess_000057,cust_0044,play,Mobile,Africa,SciFi,BASIC,1513,0,1080p-6000kbps,,,
2026-06-16 22:15:20,sess_000057,cust_0044,buffer,Mobile,Africa,Documentary,BASIC,0,200,,,,
2026-06-16 22:17:51,sess_000057,cust_0044,play,Mobile,Africa,Kids,BASIC,335,0,2000 kbps,,,
2026-06-16 22:27:14,sess_000057,cust_0044,play,Mobile,Africa,Horror,BASIC,48,0,720p-3000kbps,,,
2026-06-16 22:39:36,sess_000057,cust_0044,play,Mobile,Africa,Action,BASIC,242,0,4500 kbps,,,
2026-06-16 22:40:42,sess_000057,cust_0044,play,Mobile,Africa,Kids,BASIC,849,0,2000 kbps,,,
2026-06-16 22:44:20,sess_000057,cust_0044,play,Mobile,Africa,Documentary,BASIC,1126,0,1080p-8000kbps,,,
2026-06-16 22:45:26,sess_000057,cust_0044,session_end,Mobile,Africa,,BASIC,0,0,,,45%,5 stars
2026-06-16 23:43:16,sess_000577,cust_0009,session_start,Smart TV,APAC,,premium,0,0,,,,
2026-06-16 23:51:50,sess_000577,cust_0009,play,Smart TV,APAC,Kids,premium,220,0,720p-3000kbps,,,
2026-06-16 23:59:59,sess_000577,cust_0009,play,Smart TV,APAC,SciFi,premium,1142,0,1080p-8000kbps,,,
2026-06-17 00:01:01,sess_000577,cust_0009,play,Smart TV,APAC,Comedy,premium,1109,0,720p-3000kbps,,,
2026-06-17 00:04:44,sess_000577,cust_0009,play,Smart TV,APAC,Horror,premium,787,0,3000kbps,,,
2026-06-17 00:07:30,sess_000577,cust_0009,play,Smart TV,APAC,Drama,premium,766,0,6000kbps,,,
2026-06-17 00:11:40,sess_000577,cust_0009,play,Smart TV,APAC,Comedy,premium,674,0,1500 kbps,,,
2026-06-17 00:12:02,sess_000577,cust_0009,play,Smart TV,APAC,Horror,premium,1337,0,6000kbps,,,
2026-06-17 00:26:37,sess_000577,cust_0009,play,Smart TV,APAC,Horror,premium,129,0,1500kbps,,,
2026-06-17 00:35:58,sess_000577,cust_0009,buffer,Smart TV,APAC,Action,premium,0,792,,,,
2026-06-17 00:42:03,sess_000577,cust_0009,play,Smart TV,APAC,Documentary,premium,984,0,2000 kbps,,,
2026-06-17 00:45:57,sess_000577,cust_0009,play,Smart TV,APAC,SciFi,premium,1542,0,8000kbps,,,
2026-06-17 00:52:35,sess_000577,cust_0009,pause,Smart TV,APAC,Comedy,premium,0,0,,,,
2026-06-17 00:53:18,sess_000577,cust_0009,session_end,Smart TV,APAC,,premium,0,0,,,87%,2 stars
2026-06-17 01:03:30,sess_000797,cust_0028,session_start,Tablet,Europe,,Premium ,0,0,,,,
2026-06-17 01:15:24,sess_000797,cust_0028,play,Tablet,Europe,Drama,Premium ,1531,0,1080p-6000kbps,,,
2026-06-17 01:17:47,sess_000797,cust_0028,buffer,Tablet,Europe,Kids,Premium ,0,1360,,,,
2026-06-17 01:30:05,sess_000797,cust_0028,play,Tablet,Europe,Drama,Premium ,1224,0,3000 kbps,,,
2026-06-17 01:37:46,sess_000797,cust_0028,play,Tablet,Europe,Drama,Premium ,1569,0,4500 kbps,,,
2026-06-17 01:51:13,sess_000797,cust_0028,play,Tablet,Europe,Comedy,Premium ,1567,0,4500 kbps,,,
2026-06-17 02:00:01,sess_000797,cust_0028,play,Tablet,Europe,Kids,Premium ,146,0,3000 kbps,,,
2026-06-17 02:11:45,sess_000797,cust_0028,play,Tablet,Europe,Kids,Premium ,1509,0,2000kbps,,,
2026-06-17 02:16:06,sess_000797,cust_0028,play,Tablet,Europe,Action,Premium ,1551,0,1080p-8000kbps,,,
2026-06-17 02:22:01,sess_000797,cust_0028,play,Tablet,Europe,Horror,Premium ,950,0,6000 kbps,,,
2026-06-17 02:22:45,sess_000797,cust_0028,session_end,Tablet,Europe,,Premium ,0,0,,,95%,
2026-06-17 02:22:59,sess_000253,cust_0116,session_start,Web,Europe,,Standard ,0,0,,,,
2026-06-17 02:32:08,sess_000253,cust_0116,play,Web,Europe,Horror,Standard ,1727,0,8000kbps,,,
2026-06-17 02:33:52,sess_000253,cust_0116,play,Web,Europe,Comedy,Standard ,323,0,720p-3000kbps,,,
2026-06-17 02:39:12,sess_000253,cust_0116,buffer,Web,Europe,Comedy,Standard ,0,2380,,,,
2026-06-17 02:50:59,sess_000253,cust_0116,play,Web,Europe,Action,Standard ,435,0,1080p-8000kbps,,,
2026-06-17 02:55:18,sess_000253,cust_0116,play,Web,Europe,Kids,Standard ,875,0,1080p-6000kbps,,,
2026-06-17 02:55:34,sess_000253,cust_0116,session_end,Web,Europe,,Standard ,0,0,,,N/A,n/a
2026-06-17 05:59:42,sess_000398,cust_0149,session_start,Tablet,Africa,,basic ,0,0,,,,
2026-06-17 06:14:41,sess_000398,cust_0149,pause,Tablet,Africa,Action,basic ,0,0,,,,
2026-06-17 06:27:43,sess_000398,cust_0149,play,Tablet,Africa,Kids,basic ,105,0,1080p-8000kbps,,,
2026-06-17 06:29:43,sess_000168,cust_0026,session_start,Web,North America,,Premium ,0,0,,,,
2026-06-17 06:30:29,sess_000168,cust_0026,play,Web,,SciFi,Premium ,1355,0,8000 kbps,,,
2026-06-17 06:31:16,sess_000398,cust_0149,buffer,Tablet,Africa,Drama,basic ,0,1345,,,,
2026-06-17 06:38:43,sess_000398,cust_0149,play,Tablet,Africa,SciFi,basic ,1800,0,2000 kbps,,,
2026-06-17 06:43:16,sess_000398,cust_0149,play,Tablet,Africa,Documentary,basic ,816,0,6000kbps,,,
2026-06-17 06:43:28,sess_000168,cust_0026,error,Web,North America,Kids,Premium ,0,0,,E4004,,
2026-06-17 06:49:07,sess_000324,cust_0101,session_start,Mobile,North America,,Standard ,0,0,,,,
2026-06-17 06:49:18,sess_000398,cust_0149,play,Tablet,Africa,Documentary,basic ,1216,0,1500kbps,,,
2026-06-17 06:49:51,sess_000324,cust_0101,play,Mobile,North America,Drama,Standard ,1428,0,6000 kbps,,,
2026-06-17 06:54:24,sess_000398,cust_0149,pause,Tablet,Africa,Comedy,basic ,0,0,,,,
2026-06-17 06:58:21,sess_000168,cust_0026,pause,Web,North America,Action,Premium ,0,0,,,,
2026-06-17 06:59:43,sess_000725,cust_0008,session_start,Tablet,LATAM,,premium plus,0,0,,,,
2026-06-17 07:04:23,sess_000324,cust_0101,pause,Mobile,North America,SciFi,Standard ,0,0,,,,
2026-06-17 07:06:55,sess_000168,cust_0026,play,Web,North America,Horror,Premium ,1351,0,3000 kbps,,,
2026-06-17 07:08:03,sess_000725,cust_0008,play,Tablet,LATAM,Kids,premium plus,94,0,720p-4500kbps,,,
2026-06-17 07:08:26,sess_000398,cust_0149,play,Tablet,Africa,Documentary,basic ,328,0,1500kbps,,,
2026-06-17 07:08:53,sess_000725,cust_0008,play,Tablet,LATAM,Comedy,premium plus,690,0,480p-2000kbps,,,
2026-06-17 07:11:55,sess_000725,cust_0008,pause,Tablet,LATAM,Documentary,premium plus,0,0,,,,
2026-06-17 07:13:42,sess_000725,cust_0008,session_end,Tablet,LATAM,,premium plus,0,0,,,95%,5 stars
2026-06-17 07:15:43,sess_000324,cust_0101,buffer,Mobile,North America,Drama,Standard ,0,3020,,,,
2026-06-17 07:17:21,sess_000398,cust_0149,play,Tablet,Africa,Drama,basic ,415,0,8000 kbps,,,
2026-06-17 07:19:10,sess_000168,cust_0026,error,Web,North America,Drama,Premium ,0,0,,E1001,,
2026-06-17 07:21:48,sess_000398,cust_0149,pause,Tablet,Africa,Drama,basic ,0,0,,,,
2026-06-17 07:22:39,sess_000324,cust_0101,play,Mobile,North America,Horror,Standard ,1678,0,4500 kbps,,,
2026-06-17 07:23:12,sess_000398,cust_0149,session_end,Tablet,Africa,,basic ,0,0,,,80%,n/a
2026-06-17 07:23:41,sess_000324,cust_0101,play,Mobile,North America,Horror,Standard ,940,0,720p-4500kbps,,,
2026-06-17 07:28:24,sess_000168,cust_0026,play,Web,North America,Documentary,Premium ,1263,0,1080p-6000kbps,,,
2026-06-17 07:28:27,sess_000324,cust_0101,buffer,Mobile,North America,SciFi,Standard ,0,1445,,,,
2026-06-17 07:29:57,sess_000168,cust_0026,play,Web,North America,Horror,Premium ,1196,0,3000kbps,,,
2026-06-17 07:31:04,sess_000168,cust_0026,pause,Web,,Drama,Premium ,0,0,,,,
2026-06-17 07:34:28,sess_000168,cust_0026,play,Web,North America,Drama,Premium ,661,0,2000kbps,,,
2026-06-17 07:36:08,sess_000168,cust_0026,play,Web,North America,SciFi,Premium ,406,0,720p-3000kbps,,,
2026-06-17 07:40:34,sess_000324,cust_0101,play,Mobile,North America,Documentary,Standard ,1550,0,2000kbps,,,
2026-06-17 07:42:32,sess_000168,cust_0026,play,Web,,Drama,Premium ,1430,0,720p-4500kbps,,,
2026-06-17 07:42:40,sess_000324,cust_0101,buffer,Mobile,North America,SciFi,Standard ,0,1251,,,,
2026-06-17 07:43:51,sess_000168,cust_0026,play,Web,North America,Horror,Premium ,1064,0,480p-2000kbps,,,
2026-06-17 07:45:26,sess_000168,cust_0026,session_end,Web,North America,,Premium ,0,0,,,75%,N/A
2026-06-17 07:49:43,sess_000324,cust_0101,play,Mobile,North America,Comedy,Standard ,648,0,1080p-8000kbps,,,
2026-06-17 08:01:47,sess_000324,cust_0101,play,Mobile,North America,Drama,Standard ,1498,0,1080p-8000kbps,,,
2026-06-17 08:02:54,sess_000324,cust_0101,session_end,Mobile,North America,,Standard ,0,0,,,45%,2
2026-06-17 09:50:50,sess_000374,cust_0116,session_start,Web,Europe,,STD,0,0,,,,
2026-06-17 09:58:24,sess_000374,cust_0116,play,Web,Europe,Documentary,STD,325,0,480p-1500kbps,,,
2026-06-17 10:13:10,sess_000374,cust_0116,play,Web,Europe,Drama,STD,567,0,480p-2000kbps,,,
2026-06-17 10:23:47,sess_000374,cust_0116,error,Web,Europe,Documentary,STD,0,0,,E1001,,
2026-06-17 11:32:45,sess_000241,cust_0073,session_start,Mobile,LATAM,,standard,0,0,,,,
2026-06-17 11:33:19,sess_000241,cust_0073,play,Mobile,LATAM,Action,standard,446,0,4500 kbps,,,
2026-06-17 11:46:32,sess_000241,cust_0073,play,Mobile,LATAM,SciFi,standard,1750,0,6000 kbps,,,
2026-06-17 11:47:34,sess_000609,cust_0058,session_start,Tablet,LATAM,,PREM,0,0,,,,
2026-06-17 11:48:01,sess_000241,cust_0073,play,Mobile,LATAM,Drama,standard,1152,0,3000kbps,,,
2026-06-17 11:52:11,sess_000241,cust_0073,play,Mobile,LATAM,Kids,standard,1455,0,1080p-8000kbps,,,
2026-06-17 11:52:46,sess_000202,cust_0134,session_start,Mobile,APAC,,Basic,0,0,,,,
2026-06-17 11:58:50,sess_000241,cust_0073,play,Mobile,LATAM,Horror,standard,482,0,6000 kbps,,,
2026-06-17 12:00:16,sess_000202,cust_0134,play,Mobile,APAC,SciFi,Basic,440,0,1500kbps,,,
2026-06-17 12:02:29,sess_000609,cust_0058,play,Tablet,LATAM,SciFi,PREM,1017,0,1500kbps,,,
2026-06-17 12:07:28,sess_000202,cust_0134,play,Mobile,APAC,SciFi,Basic,1248,0,6000kbps,,,
2026-06-17 12:08:14,sess_000241,cust_0073,pause,Mobile,LATAM,SciFi,standard,0,0,,,,
2026-06-17 12:08:53,sess_000241,cust_0073,session_end,Mobile,LATAM,,standard,0,0,,,80%,N/A
2026-06-17 12:11:45,sess_000609,cust_0058,play,Tablet,LATAM,Action,PREM,1319,0,6000kbps,,,
2026-06-17 12:16:21,sess_000202,cust_0134,buffer,Mobile,APAC,Action,Basic,0,1776,,,,
2026-06-17 12:20:20,sess_000609,cust_0058,play,Tablet,LATAM,Documentary,PREM,70,0,6000 kbps,,,
2026-06-17 12:22:55,sess_000202,cust_0134,play,Mobile,,Documentary,Basic,1663,0,4500kbps,,,
2026-06-17 12:29:23,sess_000202,cust_0134,play,Mobile,APAC,Drama,Basic,448,0,6000kbps,,,
2026-06-17 12:32:30,sess_000609,cust_0058,play,Tablet,LATAM,Action,PREM,837,0,3000kbps,,,
2026-06-17 12:38:53,sess_000202,cust_0134,play,Mobile,APAC,Action,Basic,293,0,1080p-8000kbps,,,
2026-06-17 12:41:26,sess_000609,cust_0058,play,Tablet,LATAM,Horror,PREM,1474,0,6000kbps,,,
2026-06-17 12:45:14,sess_000202,cust_0134,play,Mobile,APAC,Horror,Basic,675,0,720p-4500kbps,,,
2026-06-17 12:48:28,sess_000609,cust_0058,play,Tablet,LATAM,Kids,PREM,251,0,8000 kbps,,,
2026-06-17 12:49:04,sess_000609,cust_0058,play,Tablet,LATAM,Kids,PREM,973,0,6000kbps,,,
2026-06-17 12:54:38,sess_000202,cust_0134,error,Mobile,APAC,Drama,Basic,0,0,,E1001,,
2026-06-17 12:59:14,sess_000609,cust_0058,pause,Tablet,LATAM,Drama,PREM,0,0,,,,
2026-06-17 13:00:59,sess_000609,cust_0058,session_end,Tablet,LATAM,,PREM,0,0,,,80%,
2026-06-17 13:42:59,sess_000660,cust_0147,session_start,Console,APAC,,BASIC,0,0,,,,
2026-06-17 13:51:13,sess_000660,cust_0147,play,Console,APAC,Action,BASIC,342,0,3000kbps,,,
2026-06-17 13:52:04,sess_000660,cust_0147,play,Console,APAC,SciFi,BASIC,740,0,480p-1500kbps,,,
2026-06-17 13:53:33,sess_000660,cust_0147,session_end,Console,APAC,,BASIC,0,0,,,87%,N/A
2026-06-17 14:04:23,sess_000450,cust_0034,session_start,Console,APAC,,BASIC,0,0,,,,
2026-06-17 14:05:20,sess_000450,cust_0034,play,Console,APAC,Kids,BASIC,1119,0,720p-4500kbps,,,
2026-06-17 14:14:45,sess_000450,cust_0034,error,Console,APAC,Action,BASIC,0,0,,E3003,,
2026-06-17 16:34:04,sess_000925,cust_0070,session_start,Web,Africa,,STD,0,0,,,,
2026-06-17 16:43:22,sess_000925,cust_0070,play,Web,Africa,SciFi,STD,110,0,6000kbps,,,
2026-06-17 16:52:09,sess_000925,cust_0070,pause,Web,Africa,SciFi,STD,0,0,,,,
2026-06-17 17:00:08,sess_000925,cust_0070,play,Web,Africa,Drama,STD,1304,0,1080p-8000kbps,,,
2026-06-17 17:14:55,sess_000925,cust_0070,buffer,Web,Africa,Kids,STD,0,1410,,,,
2026-06-17 17:18:54,sess_000404,cust_0022,session_start,Mobile,APAC,,premium plus,0,0,,,,
2026-06-17 17:21:14,sess_000925,cust_0070,play,Web,Africa,Action,STD,1254,0,6000kbps,,,
2026-06-17 17:22:53,sess_000404,cust_0022,pause,Mobile,APAC,Comedy,premium plus,0,0,,,,
2026-06-17 17:27:18,sess_000404,cust_0022,play,Mobile,APAC,Horror,premium plus,1120,0,4500kbps,,,
2026-06-17 17:28:41,sess_000925,cust_0070,play,Web,Africa,Kids,STD,1475,0,2000kbps,,,
2026-06-17 17:33:44,sess_000831,cust_0006,session_start,Tablet,Europe,,STD,0,0,,,,
2026-06-17 17:34:54,sess_000404,cust_0022,play,Mobile,APAC,SciFi,premium plus,1546,0,480p-2000kbps,,,
2026-06-17 17:36:13,sess_000404,cust_0022,play,Mobile,APAC,Drama,premium plus,78,0,2000 kbps,,,
2026-06-17 17:40:24,sess_000404,cust_0022,pause,Mobile,APAC,Drama,premium plus,0,0,,,,
2026-06-17 17:41:58,sess_000831,cust_0006,buffer,Tablet,Europe,Drama,STD,0,383,,,,
2026-06-17 17:43:31,sess_000925,cust_0070,play,Web,Africa,Drama,STD,1535,0,2000kbps,,,
2026-06-17 17:44:52,sess_000404,cust_0022,pause,Mobile,APAC,Action,premium plus,0,0,,,,
2026-06-17 17:45:02,sess_000925,cust_0070,session_end,Web,Africa,,STD,0,0,,,90%,N/A
2026-06-17 17:46:31,sess_000404,cust_0022,session_end,Mobile,APAC,,premium plus,0,0,,,45%,N/A
2026-06-17 17:48:33,sess_000831,cust_0006,play,Tablet,Europe,Action,STD,101,0,3000kbps,,,
2026-06-17 17:53:07,sess_000230,cust_0132,session_start,Tablet,LATAM,,BASIC,0,0,,,,
2026-06-17 17:54:30,sess_000831,cust_0006,pause,Tablet,Europe,Documentary,STD,0,0,,,,
2026-06-17 17:56:19,sess_000741,cust_0042,session_start,Web,North America,,Premium ,0,0,,,,
2026-06-17 17:57:44,sess_000230,cust_0132,pause,Tablet,LATAM,Documentary,BASIC,0,0,,,,
2026-06-17 17:59:44,sess_000230,cust_0132,buffer,Tablet,LATAM,Action,BASIC,0,3328,,,,
2026-06-17 18:01:45,sess_000230,cust_0132,play,Tablet,LATAM,Horror,BASIC,683,0,3000 kbps,,,
2026-06-17 18:04:07,sess_000831,cust_0006,play,Tablet,Europe,Kids,STD,1246,0,1500kbps,,,
2026-06-17 18:05:19,sess_000741,cust_0042,play,Web,North America,Documentary,Premium ,110,0,8000 kbps,,,
2026-06-17 18:05:40,sess_000230,cust_0132,play,Tablet,LATAM,Drama,BASIC,890,0,1500kbps,,,
2026-06-17 18:06:55,sess_000230,cust_0132,pause,Tablet,LATAM,Kids,BASIC,0,0,,,,
2026-06-17 18:11:42,sess_000230,cust_0132,play,Tablet,LATAM,Documentary,BASIC,858,0,3000kbps,,,
2026-06-17 18:12:00,sess_000831,cust_0006,play,Tablet,Europe,SciFi,STD,784,0,720p-4500kbps,,,
2026-06-17 18:12:46,sess_000230,cust_0132,session_end,Tablet,LATAM,,BASIC,0,0,,,N/A,
2026-06-17 18:15:54,sess_000741,cust_0042,play,Web,North America,Kids,Premium ,1197,0,6000kbps,,,
2026-06-17 18:18:33,sess_000741,cust_0042,play,Web,North America,SciFi,Premium ,1703,0,6000 kbps,,,
2026-06-17 18:19:25,sess_000831,cust_0006,play,Tablet,Europe,Documentary,STD,1270,0,3000 kbps,,,
2026-06-17 18:23:17,sess_000741,cust_0042,play,Web,North America,Documentary,Premium ,1099,0,6000kbps,,,
2026-06-17 18:24:31,sess_000741,cust_0042,session_end,Web,North America,,Premium ,0,0,,,87%,n/a
2026-06-17 18:27:54,sess_000831,cust_0006,pause,Tablet,Europe,Drama,STD,0,0,,,,
2026-06-17 18:28:38,sess_000831,cust_0006,pause,Tablet,Europe,SciFi,STD,0,0,,,,
2026-06-17 18:39:44,sess_000831,cust_0006,play,Tablet,Europe,Drama,STD,1215,0,480p-1500kbps,,,
2026-06-17 18:40:41,sess_000831,cust_0006,session_end,Tablet,Europe,,STD,0,0,,,75%,n/a
2026-06-17 19:03:01,sess_000711,cust_0098,session_start,Tablet,LATAM,,premium,0,0,,,,
2026-06-17 19:13:04,sess_000711,cust_0098,play,Tablet,LATAM,Horror,premium,404,0,6000kbps,,,
2026-06-17 19:14:44,sess_000711,cust_0098,play,Tablet,LATAM,Kids,premium,739,0,6000 kbps,,,
2026-06-17 19:14:56,sess_000711,cust_0098,session_end,Tablet,LATAM,,premium,0,0,,,87%,5
2026-06-17 21:36:04,sess_000355,cust_0135,session_start,Smart TV,North America,,STD,0,0,,,,
2026-06-17 21:39:59,sess_000355,cust_0135,error,Smart TV,North America,Comedy,STD,0,0,,E1001,,
2026-06-17 21:49:03,sess_000355,cust_0135,play,Smart TV,North America,Action,STD,909,0,720p-4500kbps,,,
2026-06-17 21:50:32,sess_000951,cust_0057,session_start,Smart TV,APAC,,Basic,0,0,,,,
2026-06-17 21:53:14,sess_000951,cust_0057,play,Smart TV,APAC,Comedy,Basic,1608,0,6000 kbps,,,
2026-06-17 21:57:19,sess_000355,cust_0135,play,Smart TV,North America,Drama,STD,1210,0,8000kbps,,,
2026-06-17 21:58:27,sess_000355,cust_0135,buffer,Smart TV,North America,Action,STD,0,1953,,,,
2026-06-17 21:59:09,sess_000951,cust_0057,play,Smart TV,APAC,SciFi,Basic,1084,0,2000kbps,,,
2026-06-17 22:01:29,sess_000547,cust_0106,session_start,Tablet,LATAM,,Premium+,0,0,,,,
2026-06-17 22:07:54,sess_000355,cust_0135,play,Smart TV,North America,Kids,STD,1566,0,3000 kbps,,,
2026-06-17 22:08:39,sess_000547,cust_0106,buffer,Tablet,LATAM,SciFi,Premium+,0,1164,,,,
2026-06-17 22:13:58,sess_000951,cust_0057,buffer,Smart TV,APAC,Kids,Basic,0,2834,,,,
2026-06-17 22:19:14,sess_000355,cust_0135,play,Smart TV,North America,Drama,STD,722,0,720p-4500kbps,,,
2026-06-17 22:19:17,sess_000547,cust_0106,play,Tablet,LATAM,Documentary,Premium+,182,0,720p-4500kbps,,,
2026-06-17 22:23:26,sess_000951,cust_0057,play,Smart TV,APAC,Action,Basic,985,0,6000 kbps,,,
2026-06-17 22:24:53,sess_000951,cust_0057,play,Smart TV,APAC,Horror,Basic,164,0,6000 kbps,,,
2026-06-17 22:26:16,sess_000951,cust_0057,session_end,Smart TV,APAC,,Basic,0,0,,,100%,
2026-06-17 22:26:31,sess_000355,cust_0135,play,Smart TV,North America,Action,STD,1065,0,6000kbps,,,
2026-06-17 22:30:42,sess_000547,cust_0106,play,Tablet,,Comedy,Premium+,1626,0,480p-2000kbps,,,
2026-06-17 22:39:32,sess_000547,cust_0106,play,Tablet,LATAM,SciFi,Premium+,1498,0,8000 kbps,,,
2026-06-17 22:41:14,sess_000355,cust_0135,play,Smart TV,North America,Action,STD,522,0,6000 kbps,,,
2026-06-17 22:45:11,sess_000355,cust_0135,play,Smart TV,,Horror,STD,1741,0,480p-2000kbps,,,
2026-06-17 22:46:44,sess_000355,cust_0135,play,Smart TV,North America,Drama,STD,148,0,8000 kbps,,,
2026-06-17 22:46:57,sess_000547,cust_0106,play,Tablet,LATAM,Horror,Premium+,627,0,8000 kbps,,,
2026-06-17 22:48:21,sess_000355,cust_0135,session_end,Smart TV,North America,,STD,0,0,,,,N/A
2026-06-17 22:59:35,sess_000245,cust_0097,session_start,Console,,,PREM,0,0,,,,
2026-06-17 23:00:38,sess_000547,cust_0106,play,Tablet,LATAM,SciFi,Premium+,522,0,1080p-8000kbps,,,
2026-06-17 23:04:36,sess_000547,cust_0106,pause,Tablet,LATAM,Comedy,Premium+,0,0,,,,
2026-06-17 23:09:10,sess_000245,cust_0097,play,Console,Europe,Kids,PREM,1706,0,3000 kbps,,,
2026-06-17 23:13:35,sess_000245,cust_0097,pause,Console,Europe,Kids,PREM,0,0,,,,
2026-06-17 23:17:46,sess_000547,cust_0106,play,Tablet,LATAM,Action,Premium+,226,0,720p-4500kbps,,,
2026-06-17 23:22:14,sess_000245,cust_0097,pause,Console,Europe,Comedy,PREM,0,0,,,,
2026-06-17 23:27:42,sess_000547,cust_0106,play,Tablet,LATAM,Drama,Premium+,224,0,4500 kbps,,,
2026-06-17 23:29:01,sess_000547,cust_0106,pause,Tablet,LATAM,Kids,Premium+,0,0,,,,
2026-06-17 23:30:40,sess_000547,cust_0106,session_end,Tablet,LATAM,,Premium+,0,0,,,90%,5.0
2026-06-17 23:37:02,sess_000245,cust_0097,play,Console,Europe,Comedy,PREM,380,0,4500kbps,,,
2026-06-17 23:42:39,sess_000245,cust_0097,play,Console,Europe,Comedy,PREM,1796,0,480p-1500kbps,,,
2026-06-17 23:55:29,sess_000245,cust_0097,play,Console,Europe,Kids,PREM,1780,0,480p-2000kbps,,,
2026-06-18 00:00:22,sess_000245,cust_0097,play,Console,Europe,Comedy,PREM,48,0,1500 kbps,,,
2026-06-18 00:14:40,sess_000245,cust_0097,play,Console,Europe,Comedy,PREM,931,0,1500kbps,,,
2026-06-18 00:14:50,sess_000245,cust_0097,session_end,Console,,,PREM,0,0,,,95%,4.0
2026-06-18 02:14:31,sess_000421,cust_0095,session_start,Web,North America,,Basic,0,0,,,,
2026-06-18 02:27:31,sess_000421,cust_0095,play,Web,North America,Action,Basic,1261,0,480p-1500kbps,,,
2026-06-18 02:40:25,sess_000421,cust_0095,play,Web,North America,Comedy,Basic,98,0,480p-2000kbps,,,
2026-06-18 02:41:38,sess_000009,cust_0011,session_start,Smart TV,LATAM,,Premium+,0,0,,,,
2026-06-18 02:49:28,sess_000009,cust_0011,play,Smart TV,LATAM,Drama,Premium+,181,0,1080p-6000kbps,,,
2026-06-18 02:49:50,sess_000421,cust_0095,play,Web,North America,Horror,Basic,1725,0,1080p-6000kbps,,,
2026-06-18 02:51:43,sess_000009,cust_0011,play,Smart TV,LATAM,Comedy,Premium+,1541,0,2000kbps,,,
2026-06-18 02:55:27,sess_000365,cust_0100,session_start,Smart TV,Africa,,basic,0,0,,,,
2026-06-18 03:04:33,sess_000421,cust_0095,play,Web,North America,Documentary,Basic,1058,0,2000kbps,,,
2026-06-18 03:05:39,sess_000009,cust_0011,play,Smart TV,LATAM,Action,Premium+,1072,0,480p-1500kbps,,,
2026-06-18 03:06:43,sess_000365,cust_0100,play,Smart TV,Africa,Documentary,basic,514,0,480p-2000kbps,,,
2026-06-18 03:09:47,sess_000009,cust_0011,play,Smart TV,LATAM,SciFi,Premium+,915,0,720p-4500kbps,,,
2026-06-18 03:13:07,sess_000365,cust_0100,play,Smart TV,Africa,SciFi,basic,1403,0,1500kbps,,,
2026-06-18 03:14:07,sess_000365,cust_0100,play,Smart TV,Africa,Action,basic,1640,0,720p-4500kbps,,,
2026-06-18 03:15:57,sess_000365,cust_0100,buffer,Smart TV,Africa,Comedy,basic,0,2972,,,,
2026-06-18 03:18:36,sess_000421,cust_0095,play,Web,North America,Action,Basic,1547,0,6000kbps,,,
2026-06-18 03:19:24,sess_000421,cust_0095,session_end,Web,North America,,Basic,0,0,,,100%,N/A
2026-06-18 03:20:21,sess_000009,cust_0011,play,Smart TV,LATAM,Documentary,Premium+,405,0,480p-2000kbps,,,
2026-06-18 03:26:25,sess_000009,cust_0011,play,Smart TV,LATAM,Comedy,Premium+,784,0,3000 kbps,,,
2026-06-18 03:26:28,sess_000469,cust_0072,session_start,Mobile,North America,,Standard,0,0,,,,
2026-06-18 03:27:47,sess_000365,cust_0100,play,Smart TV,Africa,Drama,basic,1561,0,2000kbps,,,
2026-06-18 03:31:36,sess_000469,cust_0072,play,Mobile,North America,Drama,Standard,1608,0,1080p-8000kbps,,,
2026-06-18 03:31:47,sess_000009,cust_0011,pause,Smart TV,LATAM,Comedy,Premium+,0,0,,,,
2026-06-18 03:32:37,sess_000009,cust_0011,session_end,Smart TV,LATAM,,Premium+,0,0,,,45%,1.0
2026-06-18 03:33:24,sess_000365,cust_0100,buffer,Smart TV,,Kids,basic,0,1117,,,,
2026-06-18 03:34:20,sess_000365,cust_0100,session_end,Smart TV,Africa,,basic,0,0,,,90%,2 stars
2026-06-18 03:36:41,sess_000469,cust_0072,play,Mobile,North America,Action,Standard,941,0,1500 kbps,,,
2026-06-18 03:43:16,sess_000469,cust_0072,error,Mobile,North America,Horror,Standard,0,0,,E2002,,
2026-06-18 03:44:11,sess_000469,cust_0072,session_end,Mobile,North America,,Standard,0,0,,,100%,1.0
2026-06-18 04:20:41,sess_000185,cust_0042,session_start,Web,North America,,Premium ,0,0,,,,
2026-06-18 04:29:36,sess_000185,cust_0042,play,Web,North America,SciFi,Premium ,775,0,3000 kbps,,,
2026-06-18 04:40:27,sess_000185,cust_0042,play,Web,North America,SciFi,Premium ,885,0,720p-4500kbps,,,
2026-06-18 04:52:02,sess_000185,cust_0042,play,Web,North America,SciFi,Premium ,195,0,2000 kbps,,,
2026-06-18 04:55:03,sess_000185,cust_0042,play,Web,North America,Kids,Premium ,1600,0,3000kbps,,,
2026-06-18 05:08:36,sess_000185,cust_0042,play,Web,North America,Drama,Premium ,617,0,2000 kbps,,,
2026-06-18 05:10:44,sess_000185,cust_0042,pause,Web,North America,Action,Premium ,0,0,,,,
2026-06-18 05:23:38,sess_000185,cust_0042,play,Web,North America,Action,Premium ,1514,0,1080p-8000kbps,,,
2026-06-18 05:33:06,sess_000185,cust_0042,buffer,Web,North America,Kids,Premium ,0,2523,,,,
2026-06-18 05:33:20,sess_000185,cust_0042,session_end,Web,North America,,Premium ,0,0,,,60%,4
2026-06-18 06:33:36,sess_000235,cust_0085,session_start,Tablet,North America,,basic ,0,0,,,,
2026-06-18 06:37:34,sess_000235,cust_0085,play,Tablet,North America,Comedy,basic ,1044,0,480p-2000kbps,,,
2026-06-18 06:48:22,sess_000235,cust_0085,pause,Tablet,North America,Horror,basic ,0,0,,,,
2026-06-18 06:54:52,sess_000235,cust_0085,buffer,Tablet,North America,Action,basic ,0,2748,,,,
2026-06-18 07:07:53,sess_000235,cust_0085,play,Tablet,North America,SciFi,basic ,1445,0,2000kbps,,,
2026-06-18 07:08:53,sess_000235,cust_0085,session_end,Tablet,North America,,basic ,0,0,,,,
2026-06-18 07:27:58,sess_000528,cust_0059,session_start,Tablet,Africa,,Premium,0,0,,,,
2026-06-18 07:34:31,sess_000081,cust_0062,session_start,Web,North America,,Premium,0,0,,,,
2026-06-18 07:42:46,sess_000528,cust_0059,pause,Tablet,Africa,SciFi,Premium,0,0,,,,
2026-06-18 07:44:04,sess_000081,cust_0062,play,Web,North America,Drama,Premium,1029,0,3000 kbps,,,
2026-06-18 07:53:17,sess_000528,cust_0059,play,Tablet,Africa,Horror,Premium,1301,0,1500kbps,,,
2026-06-18 07:56:09,sess_000528,cust_0059,play,Tablet,Africa,Action,Premium,1279,0,6000kbps,,,
2026-06-18 07:56:59,sess_000081,cust_0062,play,Web,North America,Action,Premium,858,0,1500 kbps,,,
2026-06-18 08:02:57,sess_000528,cust_0059,play,Tablet,Africa,Drama,Premium,1635,0,480p-1500kbps,,,
2026-06-18 08:09:40,sess_000081,cust_0062,play,Web,North America,Horror,Premium,57,0,6000kbps,,,
2026-06-18 08:11:06,sess_000081,cust_0062,play,Web,North America,Kids,Premium,140,0,6000 kbps,,,
2026-06-18 08:15:57,sess_000528,cust_0059,play,Tablet,Africa,Drama,Premium,114,0,720p-4500kbps,,,
2026-06-18 08:16:15,sess_000081,cust_0062,play,Web,North America,SciFi,Premium,717,0,1080p-8000kbps,,,
2026-06-18 08:17:08,sess_000528,cust_0059,play,Tablet,Africa,Comedy,Premium,1562,0,6000kbps,,,
2026-06-18 08:24:53,sess_000081,cust_0062,play,Web,North America,Comedy,Premium,1531,0,6000 kbps,,,
2026-06-18 08:26:30,sess_000081,cust_0062,session_end,Web,North America,,Premium,0,0,,,80%,3 stars
2026-06-18 08:31:33,sess_000528,cust_0059,buffer,Tablet,Africa,Horror,Premium,0,966,,,,
2026-06-18 08:44:30,sess_000528,cust_0059,play,Tablet,Africa,Horror,Premium,681,0,1080p-6000kbps,,,
2026-06-18 08:57:11,sess_000528,cust_0059,play,Tablet,Africa,Horror,Premium,417,0,1080p-6000kbps,,,
2026-06-18 08:59:56,sess_000528,cust_0059,play,Tablet,Africa,Horror,Premium,65,0,1080p-8000kbps,,,
2026-06-18 09:14:27,sess_000528,cust_0059,pause,Tablet,Africa,Horror,Premium,0,0,,,,
2026-06-18 09:15:44,sess_000594,cust_0031,session_start,Console,,,STD,0,0,,,,
2026-06-18 09:16:08,sess_000528,cust_0059,pause,Tablet,Africa,Horror,Premium,0,0,,,,
2026-06-18 09:30:09,sess_000528,cust_0059,play,Tablet,Africa,SciFi,Premium,674,0,1500 kbps,,,
2026-06-18 09:30:21,sess_000594,cust_0031,play,Console,Africa,Horror,STD,1513,0,1080p-8000kbps,,,
2026-06-18 09:31:12,sess_000594,cust_0031,play,Console,Africa,Drama,STD,371,0,1500kbps,,,
2026-06-18 09:31:19,sess_000528,cust_0059,session_end,Tablet,Africa,,Premium,0,0,,,100%,
2026-06-18 09:33:58,sess_000594,cust_0031,pause,Console,Africa,SciFi,STD,0,0,,,,
2026-06-18 09:48:47,sess_000594,cust_0031,play,Console,Africa,Action,STD,1616,0,720p-3000kbps,,,
2026-06-18 09:52:51,sess_000594,cust_0031,play,Console,Africa,Drama,STD,576,0,480p-2000kbps,,,
2026-06-18 10:02:54,sess_000594,cust_0031,play,Console,Africa,SciFi,STD,492,0,2000kbps,,,
2026-06-18 10:13:57,sess_000594,cust_0031,play,Console,Africa,Comedy,STD,750,0,480p-2000kbps,,,
2026-06-18 10:14:10,sess_000962,cust_0056,session_start,Mobile,Africa,,basic ,0,0,,,,
2026-06-18 10:15:23,sess_000594,cust_0031,session_end,Console,Africa,,STD,0,0,,,80%,N/A
2026-06-18 10:15:41,sess_000524,cust_0127,session_start,Tablet,Africa,,standard,0,0,,,,
2026-06-18 10:17:14,sess_000962,cust_0056,pause,Mobile,Africa,Action,basic ,0,0,,,,
2026-06-18 10:21:57,sess_000524,cust_0127,play,Tablet,Africa,Horror,standard,153,0,480p-1500kbps,,,
2026-06-18 10:28:36,sess_000962,cust_0056,play,Mobile,Africa,Action,basic ,1273,0,2000 kbps,,,
2026-06-18 10:33:43,sess_000524,cust_0127,pause,Tablet,Africa,Kids,standard,0,0,,,,
2026-06-18 10:37:26,sess_000962,cust_0056,play,Mobile,Africa,Drama,basic ,864,0,6000kbps,,,
2026-06-18 10:40:39,sess_000524,cust_0127,play,Tablet,Africa,Documentary,standard,1001,0,480p-2000kbps,,,
2026-06-18 10:42:31,sess_000524,cust_0127,session_end,Tablet,Africa,,standard,0,0,,,45%,N/A
2026-06-18 10:45:09,sess_000962,cust_0056,play,Mobile,Africa,Drama,basic ,68,0,6000 kbps,,,
2026-06-18 10:48:57,sess_000962,cust_0056,play,Mobile,Africa,Comedy,basic ,1704,0,8000 kbps,,,
2026-06-18 11:02:42,sess_000962,cust_0056,play,Mobile,Africa,Horror,basic ,1228,0,3000 kbps,,,
2026-06-18 11:14:11,sess_000962,cust_0056,play,Mobile,Africa,Comedy,basic ,894,0,2000 kbps,,,
2026-06-18 11:18:43,sess_000962,cust_0056,play,Mobile,Africa,Comedy,basic ,731,0,3000 kbps,,,
2026-06-18 11:22:34,sess_000281,cust_0016,session_start,Tablet,LATAM,,basic ,0,0,,,,
2026-06-18 11:32:06,sess_000962,cust_0056,play,Mobile,Africa,Horror,basic ,1744,0,720p-3000kbps,,,
2026-06-18 11:34:05,sess_000962,cust_0056,session_end,Mobile,Africa,,basic ,0,0,,,45%,5 stars
2026-06-18 11:36:55,sess_000281,cust_0016,play,Tablet,LATAM,Drama,basic ,215,0,480p-1500kbps,,,
2026-06-18 11:45:26,sess_000281,cust_0016,play,Tablet,LATAM,Action,basic ,645,0,720p-4500kbps,,,
2026-06-18 11:45:39,sess_000281,cust_0016,session_end,Tablet,LATAM,,basic ,0,0,,,60%,2
2026-06-18 14:45:08,sess_000764,cust_0036,session_start,Mobile,Africa,,Standard,0,0,,,,
2026-06-18 14:57:01,sess_000764,cust_0036,play,Mobile,Africa,SciFi,Standard,460,0,480p-2000kbps,,,
2026-06-18 14:59:22,sess_000764,cust_0036,pause,Mobile,Africa,Documentary,Standard,0,0,,,,
2026-06-18 15:08:49,sess_000764,cust_0036,pause,Mobile,Africa,Horror,Standard,0,0,,,,
2026-06-18 15:14:49,sess_000764,cust_0036,play,Mobile,Africa,Comedy,Standard,606,0,8000kbps,,,
2026-06-18 15:25:11,sess_000764,cust_0036,play,Mobile,Africa,SciFi,Standard,1094,0,8000kbps,,,
2026-06-18 15:29:42,sess_000764,cust_0036,play,Mobile,Africa,Documentary,Standard,802,0,720p-4500kbps,,,
2026-06-18 15:43:42,sess_000764,cust_0036,play,Mobile,Africa,Horror,Standard,295,0,1080p-8000kbps,,,
2026-06-18 15:53:40,sess_000764,cust_0036,play,Mobile,Africa,SciFi,Standard,1778,0,8000kbps,,,
2026-06-18 16:03:01,sess_000764,cust_0036,play,Mobile,Africa,Comedy,Standard,223,0,1500kbps,,,
2026-06-18 16:09:12,sess_000764,cust_0036,pause,Mobile,Africa,SciFi,Standard,0,0,,,,
2026-06-18 16:11:07,sess_000764,cust_0036,session_end,Mobile,Africa,,Standard,0,0,,,90%,n/a
2026-06-18 16:39:50,sess_000922,cust_0063,session_start,Smart TV,Africa,,Basic,0,0,,,,
2026-06-18 16:51:02,sess_000922,cust_0063,pause,Smart TV,Africa,SciFi,Basic,0,0,,,,
2026-06-18 16:57:32,sess_000922,cust_0063,play,Smart TV,Africa,Comedy,Basic,1673,0,720p-4500kbps,,,
2026-06-18 16:57:57,sess_000922,cust_0063,play,Smart TV,Africa,Kids,Basic,1501,0,720p-3000kbps,,,
2026-06-18 17:08:22,sess_000922,cust_0063,pause,Smart TV,Africa,Action,Basic,0,0,,,,
2026-06-18 17:22:10,sess_000922,cust_0063,pause,Smart TV,Africa,Drama,Basic,0,0,,,,
2026-06-18 17:36:51,sess_000922,cust_0063,play,Smart TV,Africa,Action,Basic,252,0,1080p-6000kbps,,,
2026-06-18 17:37:20,sess_000922,cust_0063,play,Smart TV,Africa,SciFi,Basic,1741,0,8000kbps,,,
2026-06-18 17:40:59,sess_000922,cust_0063,play,Smart TV,Africa,SciFi,Basic,609,0,2000 kbps,,,
2026-06-18 17:41:12,sess_000736,cust_0122,session_start,Smart TV,APAC,,BASIC,0,0,,,,
2026-06-18 17:41:20,sess_000922,cust_0063,session_end,Smart TV,Africa,,Basic,0,0,,,75%,n/a
2026-06-18 17:43:41,sess_000736,cust_0122,play,Smart TV,APAC,Horror,BASIC,725,0,1500 kbps,,,
2026-06-18 17:49:50,sess_000736,cust_0122,pause,Smart TV,APAC,Kids,BASIC,0,0,,,,
2026-06-18 17:50:06,sess_000736,cust_0122,buffer,Smart TV,APAC,Documentary,BASIC,0,3820,,,,
2026-06-18 18:03:19,sess_000736,cust_0122,pause,Smart TV,APAC,Documentary,BASIC,0,0,,,,
2026-06-18 18:10:10,sess_000736,cust_0122,pause,Smart TV,APAC,Horror,BASIC,0,0,,,,
2026-06-18 18:11:12,sess_000736,cust_0122,play,Smart TV,APAC,Horror,BASIC,636,0,6000kbps,,,
2026-06-18 18:13:19,sess_000736,cust_0122,play,Smart TV,APAC,Documentary,BASIC,743,0,1500 kbps,,,
2026-06-18 18:21:28,sess_000736,cust_0122,play,Smart TV,APAC,Action,BASIC,980,0,480p-1500kbps,,,
2026-06-18 18:34:18,sess_000736,cust_0122,play,Smart TV,APAC,Drama,BASIC,530,0,2000 kbps,,,
2026-06-18 18:49:09,sess_000736,cust_0122,pause,Smart TV,APAC,Horror,BASIC,0,0,,,,
2026-06-18 18:52:34,sess_000736,cust_0122,play,Smart TV,APAC,Horror,BASIC,1504,0,8000kbps,,,
2026-06-18 18:54:27,sess_000736,cust_0122,session_end,Smart TV,APAC,,BASIC,0,0,,,60%,1.0
2026-06-18 19:25:48,sess_000990,cust_0061,session_start,Web,Africa,,Basic,0,0,,,,
2026-06-18 19:32:11,sess_000990,cust_0061,pause,Web,Africa,Action,Basic,0,0,,,,
2026-06-18 19:41:25,sess_000920,cust_0086,session_start,Web,Europe,,Standard,0,0,,,,
2026-06-18 19:44:06,sess_000990,cust_0061,play,Web,Africa,SciFi,Basic,894,0,1080p-6000kbps,,,
2026-06-18 19:49:39,sess_000920,cust_0086,pause,Web,Europe,Drama,Standard,0,0,,,,
2026-06-18 19:51:39,sess_000920,cust_0086,play,Web,Europe,Comedy,Standard,877,0,4500kbps,,,
2026-06-18 19:52:27,sess_000920,cust_0086,play,Web,Europe,SciFi,Standard,731,0,3000kbps,,,
2026-06-18 19:52:37,sess_000990,cust_0061,play,Web,Africa,SciFi,Basic,949,0,8000kbps,,,
2026-06-18 20:04:18,sess_000920,cust_0086,play,Web,Europe,SciFi,Standard,367,0,1500 kbps,,,
2026-06-18 20:04:59,sess_000920,cust_0086,pause,Web,Europe,Comedy,Standard,0,0,,,,
2026-06-18 20:06:19,sess_000990,cust_0061,error,Web,Africa,Drama,Basic,0,0,,E3003,,
2026-06-18 20:14:04,sess_000920,cust_0086,play,Web,Europe,Horror,Standard,109,0,8000 kbps,,,
2026-06-18 20:22:43,sess_000920,cust_0086,pause,Web,Europe,Drama,Standard,0,0,,,,
2026-06-18 20:34:42,sess_000920,cust_0086,play,Web,Europe,SciFi,Standard,562,0,720p-4500kbps,,,
2026-06-18 20:43:23,sess_000920,cust_0086,buffer,Web,Europe,Action,Standard,0,1556,,,,
2026-06-18 20:53:34,sess_000920,cust_0086,play,Web,Europe,SciFi,Standard,39,0,6000kbps,,,
2026-06-18 21:02:29,sess_000920,cust_0086,play,Web,Europe,Horror,Standard,49,0,720p-3000kbps,,,
2026-06-18 21:03:58,sess_000920,cust_0086,session_end,Web,Europe,,Standard,0,0,,,95%,n/a
2026-06-18 23:09:07,sess_000376,cust_0102,session_start,Smart TV,LATAM,,basic,0,0,,,,
2026-06-18 23:22:01,sess_000376,cust_0102,play,Smart TV,LATAM,Documentary,basic,635,0,480p-2000kbps,,,
2026-06-18 23:35:53,sess_000376,cust_0102,play,Smart TV,LATAM,Action,basic,1038,0,8000kbps,,,
2026-06-18 23:47:42,sess_000376,cust_0102,play,Smart TV,LATAM,Documentary,basic,631,0,480p-2000kbps,,,
2026-06-18 23:57:01,sess_000376,cust_0102,play,Smart TV,LATAM,Drama,basic,1181,0,2000 kbps,,,
2026-06-19 00:04:35,sess_000376,cust_0102,pause,Smart TV,LATAM,Comedy,basic,0,0,,,,
2026-06-19 00:06:05,sess_000376,cust_0102,play,Smart TV,LATAM,Horror,basic,1274,0,3000kbps,,,
2026-06-19 00:09:38,sess_000376,cust_0102,play,Smart TV,LATAM,Drama,basic,584,0,720p-3000kbps,,,
2026-06-19 00:11:15,sess_000376,cust_0102,session_end,Smart TV,LATAM,,basic,0,0,,,100%,3
2026-06-19 01:06:05,sess_000650,cust_0068,session_start,Smart TV,Africa,,Basic,0,0,,,,
2026-06-19 01:08:10,sess_000650,cust_0068,play,Smart TV,Africa,Documentary,Basic,254,0,2000 kbps,,,
2026-06-19 01:15:01,sess_000650,cust_0068,play,Smart TV,Africa,SciFi,Basic,1627,0,4500 kbps,,,
2026-06-19 01:16:54,sess_000549,cust_0077,session_start,Console,Africa,,standard,0,0,,,,
2026-06-19 01:19:16,sess_000650,cust_0068,play,Smart TV,Africa,Kids,Basic,1644,0,3000 kbps,,,
2026-06-19 01:22:54,sess_000549,cust_0077,play,Console,,Drama,standard,1456,0,480p-2000kbps,,,
2026-06-19 01:23:34,sess_000549,cust_0077,play,Console,Africa,Drama,standard,1190,0,6000 kbps,,,
2026-06-19 01:24:18,sess_000549,cust_0077,buffer,Console,Africa,Action,standard,0,1379,,,,
2026-06-19 01:24:50,sess_000549,cust_0077,session_end,Console,Africa,,standard,0,0,,,90%,N/A
2026-06-19 01:31:39,sess_000650,cust_0068,play,Smart TV,Africa,Comedy,Basic,910,0,3000kbps,,,
2026-06-19 01:39:33,sess_000650,cust_0068,play,Smart TV,Africa,SciFi,Basic,1099,0,6000kbps,,,
2026-06-19 01:45:48,sess_000650,cust_0068,pause,Smart TV,Africa,Comedy,Basic,0,0,,,,
2026-06-19 01:53:11,sess_000650,cust_0068,play,Smart TV,Africa,Horror,Basic,311,0,1080p-8000kbps,,,
2026-06-19 01:54:08,sess_000650,cust_0068,play,Smart TV,Africa,Kids,Basic,744,0,6000 kbps,,,
2026-06-19 02:02:27,sess_000650,cust_0068,play,Smart TV,Africa,Action,Basic,1443,0,720p-4500kbps,,,
2026-06-19 02:10:52,sess_000650,cust_0068,buffer,Smart TV,Africa,SciFi,Basic,0,279,,,,
2026-06-19 02:11:24,sess_000650,cust_0068,session_end,Smart TV,Africa,,Basic,0,0,,,80%,2
2026-06-19 04:20:41,sess_000445,cust_0117,session_start,Smart TV,LATAM,,STD,0,0,,,,
2026-06-19 04:22:23,sess_000445,cust_0117,pause,Smart TV,LATAM,Documentary,STD,0,0,,,,
2026-06-19 04:26:43,sess_000445,cust_0117,pause,Smart TV,LATAM,SciFi,STD,0,0,,,,
2026-06-19 04:41:00,sess_000445,cust_0117,pause,Smart TV,LATAM,Drama,STD,0,0,,,,
2026-06-19 04:51:40,sess_000445,cust_0117,play,Smart TV,LATAM,Documentary,STD,1134,0,1500 kbps,,,
2026-06-19 04:56:57,sess_000445,cust_0117,play,Smart TV,LATAM,Horror,STD,801,0,1500kbps,,,
2026-06-19 05:09:02,sess_000445,cust_0117,play,Smart TV,LATAM,Kids,STD,196,0,1080p-8000kbps,,,
2026-06-19 05:10:51,sess_000445,cust_0117,session_end,Smart TV,LATAM,,STD,0,0,,,N/A,n/a
2026-06-19 06:59:42,sess_000944,cust_0136,session_start,,North America,,premium_plus,0,0,,,,
2026-06-19 07:06:52,sess_000944,cust_0136,play,,North America,Documentary,premium_plus,763,0,4500 kbps,,,
2026-06-19 07:07:45,sess_000944,cust_0136,play,,North America,Comedy,premium_plus,147,0,8000kbps,,,
2026-06-19 07:09:35,sess_000944,cust_0136,session_end,,North America,,premium_plus,0,0,,,95%,2.0
2026-06-19 09:10:40,sess_000063,cust_0090,session_start,Mobile,North America,,STD,0,0,,,,
2026-06-19 09:12:11,sess_000063,cust_0090,play,Mobile,North America,Drama,STD,931,0,6000kbps,,,
2026-06-19 09:20:58,sess_000063,cust_0090,play,Mobile,North America,Drama,STD,750,0,480p-1500kbps,,,
2026-06-19 09:35:10,sess_000063,cust_0090,pause,Mobile,North America,Comedy,STD,0,0,,,,
2026-06-19 09:40:49,sess_000063,cust_0090,play,Mobile,North America,Comedy,STD,928,0,3000kbps,,,
2026-06-19 09:47:05,sess_000063,cust_0090,play,Mobile,North America,Documentary,STD,1755,0,4500kbps,,,
2026-06-19 09:53:31,sess_000063,cust_0090,play,Mobile,North America,Kids,STD,381,0,8000 kbps,,,
2026-06-19 10:06:20,sess_000063,cust_0090,play,Mobile,North America,Comedy,STD,191,0,720p-4500kbps,,,
2026-06-19 10:07:50,sess_000063,cust_0090,play,Mobile,North America,SciFi,STD,930,0,1080p-6000kbps,,,
2026-06-19 10:15:05,sess_000776,cust_0013,session_start,Tablet,APAC,,standard,0,0,,,,
2026-06-19 10:15:31,sess_000279,cust_0071,session_start,Mobile,Europe,,Standard,0,0,,,,
2026-06-19 10:18:29,sess_000063,cust_0090,play,Mobile,North America,Comedy,STD,1262,0,720p-4500kbps,,,
2026-06-19 10:25:54,sess_000776,cust_0013,play,Tablet,APAC,Documentary,standard,107,0,8000 kbps,,,
2026-06-19 10:26:04,sess_000063,cust_0090,play,Mobile,North America,Kids,STD,562,0,8000kbps,,,
2026-06-19 10:26:58,sess_000279,cust_0071,play,Mobile,Europe,Comedy,Standard,805,0,1500 kbps,,,
2026-06-19 10:27:31,sess_000063,cust_0090,session_end,Mobile,North America,,STD,0,0,,,87%,
2026-06-19 10:30:23,sess_000776,cust_0013,pause,Tablet,APAC,Comedy,standard,0,0,,,,
2026-06-19 10:35:23,sess_000776,cust_0013,play,Tablet,APAC,Comedy,standard,1034,0,1500 kbps,,,
2026-06-19 10:39:07,sess_000279,cust_0071,pause,Mobile,Europe,Kids,Standard,0,0,,,,
2026-06-19 10:42:58,sess_000279,cust_0071,play,Mobile,Europe,SciFi,Standard,1391,0,1080p-8000kbps,,,
2026-06-19 10:45:31,sess_000105,cust_0070,session_start,Web,Africa,,STD,0,0,,,,
2026-06-19 10:48:50,sess_000776,cust_0013,play,Tablet,APAC,Documentary,standard,937,0,6000 kbps,,,
2026-06-19 10:50:16,sess_000105,cust_0070,buffer,Web,Africa,Kids,STD,0,1106,,,,
2026-06-19 10:50:23,sess_000776,cust_0013,session_end,Tablet,APAC,,standard,0,0,,,95%,5.0
2026-06-19 10:54:53,sess_000279,cust_0071,pause,Mobile,,Documentary,Standard,0,0,,,,
2026-06-19 10:55:03,sess_000105,cust_0070,play,Web,Africa,Kids,STD,631,0,3000kbps,,,
2026-06-19 10:59:17,sess_000105,cust_0070,buffer,Web,Africa,Documentary,STD,0,1219,,,,
2026-06-19 11:01:28,sess_000105,cust_0070,pause,Web,Africa,Comedy,STD,0,0,,,,
2026-06-19 11:02:12,sess_000279,cust_0071,play,Mobile,Europe,Kids,Standard,760,0,6000kbps,,,
2026-06-19 11:03:53,sess_000005,cust_0128,session_start,Tablet,Europe,,BASIC,0,0,,,,
2026-06-19 11:04:02,sess_000105,cust_0070,pause,Web,Africa,SciFi,STD,0,0,,,,
2026-06-19 11:07:03,sess_000005,cust_0128,pause,Tablet,Europe,Comedy,BASIC,0,0,,,,
2026-06-19 11:07:39,sess_000005,cust_0128,play,Tablet,Europe,Kids,BASIC,748,0,480p-2000kbps,,,
2026-06-19 11:08:44,sess_000279,cust_0071,play,Mobile,Europe,Comedy,Standard,1333,0,4500kbps,,,
2026-06-19 11:11:47,sess_000105,cust_0070,play,Web,Africa,Horror,STD,89,0,1500kbps,,,
2026-06-19 11:16:16,sess_000005,cust_0128,play,Tablet,Europe,Action,BASIC,1793,0,480p-1500kbps,,,
2026-06-19 11:18:22,sess_000279,cust_0071,buffer,Mobile,,Action,Standard,0,3282,,,,
2026-06-19 11:18:36,sess_000279,cust_0071,session_end,Mobile,Europe,,Standard,0,0,,,95%,5 stars
2026-06-19 11:21:43,sess_000005,cust_0128,buffer,Tablet,Europe,Kids,BASIC,0,1381,,,,
2026-06-19 11:22:25,sess_000105,cust_0070,play,Web,Africa,Kids,STD,212,0,1080p-8000kbps,,,
2026-06-19 11:28:44,sess_000005,cust_0128,play,Tablet,Europe,Documentary,BASIC,593,0,4500kbps,,,
2026-06-19 11:31:26,sess_000105,cust_0070,buffer,Web,Africa,Drama,STD,0,1882,,,,
2026-06-19 11:34:24,sess_000005,cust_0128,play,Tablet,Europe,Horror,BASIC,483,0,8000 kbps,,,
2026-06-19 11:36:05,sess_000105,cust_0070,buffer,Web,Africa,Action,STD,0,2717,,,,
2026-06-19 11:37:06,sess_000105,cust_0070,session_end,Web,Africa,,STD,0,0,,,95%,3
2026-06-19 11:42:44,sess_000005,cust_0128,play,Tablet,Europe,Documentary,BASIC,1092,0,1500kbps,,,
2026-06-19 11:48:46,sess_000005,cust_0128,play,Tablet,Europe,SciFi,BASIC,1494,0,8000kbps,,,
2026-06-19 11:50:17,sess_000005,cust_0128,session_end,Tablet,Europe,,BASIC,0,0,,,95%,3 stars
2026-06-19 13:08:17,sess_000800,cust_0117,session_start,Smart TV,LATAM,,Standard,0,0,,,,
2026-06-19 13:21:52,sess_000800,cust_0117,buffer,Smart TV,LATAM,SciFi,Standard,0,2507,,,,
2026-06-19 13:27:40,sess_000800,cust_0117,play,Smart TV,LATAM,Action,Standard,1221,0,6000 kbps,,,
2026-06-19 13:39:12,sess_000800,cust_0117,play,Smart TV,LATAM,Comedy,Standard,1216,0,3000kbps,,,
2026-06-19 13:47:12,sess_000800,cust_0117,buffer,Smart TV,LATAM,Action,Standard,0,883,,,,
2026-06-19 13:49:54,sess_000800,cust_0117,play,Smart TV,LATAM,Horror,Standard,759,0,2000 kbps,,,
2026-06-19 14:02:26,sess_000800,cust_0117,play,Smart TV,LATAM,Documentary,Standard,1103,0,3000kbps,,,
2026-06-19 14:12:31,sess_000800,cust_0117,play,Smart TV,LATAM,Comedy,Standard,234,0,2000kbps,,,
2026-06-19 14:17:47,sess_000800,cust_0117,play,Smart TV,LATAM,Kids,Standard,171,0,8000 kbps,,,
2026-06-19 14:18:58,sess_000800,cust_0117,session_end,Smart TV,LATAM,,Standard,0,0,,,80%,5
2026-06-19 16:36:29,sess_000688,cust_0116,session_start,Web,Europe,,Standard,0,0,,,,
2026-06-19 16:50:34,sess_000688,cust_0116,play,Web,Europe,Documentary,Standard,1458,0,3000 kbps,,,
2026-06-19 16:58:20,sess_000688,cust_0116,buffer,Web,Europe,SciFi,Standard,0,2800,,,,
2026-06-19 17:13:16,sess_000688,cust_0116,play,Web,Europe,Kids,Standard,1066,0,1500 kbps,,,
2026-06-19 17:25:01,sess_000688,cust_0116,play,Web,Europe,Action,Standard,436,0,8000 kbps,,,
2026-06-19 17:25:17,sess_000688,cust_0116,session_end,Web,Europe,,Standard,0,0,,,45%,1
2026-06-19 19:44:13,sess_000201,cust_0117,session_start,Smart TV,LATAM,,STD,0,0,,,,
2026-06-19 19:57:38,sess_000201,cust_0117,play,Smart TV,LATAM,Drama,STD,1333,0,1500kbps,,,
2026-06-19 20:03:11,sess_000141,cust_0139,session_start,,Europe,,basic,0,0,,,,
2026-06-19 20:03:22,sess_000201,cust_0117,buffer,Smart TV,LATAM,Drama,STD,0,3693,,,,
2026-06-19 20:07:19,sess_000201,cust_0117,play,Smart TV,LATAM,SciFi,STD,1363,0,1500 kbps,,,
2026-06-19 20:14:44,sess_000201,cust_0117,play,Smart TV,LATAM,Action,STD,439,0,1080p-6000kbps,,,
2026-06-19 20:17:50,sess_000141,cust_0139,play,,Europe,Comedy,basic,703,0,3000kbps,,,
2026-06-19 20:19:57,sess_000141,cust_0139,pause,,Europe,Documentary,basic,0,0,,,,
2026-06-19 20:25:09,sess_000201,cust_0117,play,Smart TV,LATAM,Documentary,STD,744,0,1500kbps,,,
2026-06-19 20:28:24,sess_000141,cust_0139,play,,Europe,Drama,basic,187,0,2000 kbps,,,
2026-06-19 20:28:24,sess_000201,cust_0117,play,Smart TV,LATAM,Documentary,STD,1539,0,3000kbps,,,
2026-06-19 20:29:07,sess_000201,cust_0117,session_end,Smart TV,LATAM,,STD,0,0,,,90%,1 stars
2026-06-19 20:31:25,sess_000500,cust_0139,session_start,Console,Europe,,basic,0,0,,,,
2026-06-19 20:38:52,sess_000141,cust_0139,buffer,,Europe,Action,basic,0,463,,,,
2026-06-19 20:41:41,sess_000500,cust_0139,play,Console,Europe,SciFi,basic,373,0,2000kbps,,,
2026-06-19 20:43:25,sess_000500,cust_0139,play,Console,Europe,Drama,basic,1430,0,6000kbps,,,
2026-06-19 20:44:42,sess_000500,cust_0139,play,Console,Europe,Documentary,basic,296,0,720p-4500kbps,,,
2026-06-19 20:47:07,sess_000141,cust_0139,error,,Europe,Action,basic,0,0,,E3003,,
2026-06-19 20:50:25,sess_000500,cust_0139,pause,Console,Europe,Documentary,basic,0,0,,,,
2026-06-19 20:54:56,sess_000500,cust_0139,buffer,Console,Europe,Action,basic,0,3502,,,,
2026-06-19 20:55:23,sess_000141,cust_0139,play,,Europe,Comedy,basic,529,0,2000kbps,,,
2026-06-19 21:04:24,sess_000500,cust_0139,play,Console,,Kids,basic,482,0,480p-2000kbps,,,
2026-06-19 21:05:17,sess_000141,cust_0139,play,,Europe,Documentary,basic,1294,0,720p-3000kbps,,,
2026-06-19 21:06:19,sess_000141,cust_0139,session_end,,Europe,,basic,0,0,,,87%,
2026-06-19 21:07:15,sess_000500,cust_0139,play,Console,Europe,SciFi,basic,219,0,4500kbps,,,
2026-06-19 21:12:03,sess_000500,cust_0139,buffer,Console,Europe,Horror,basic,0,2022,,,,
2026-06-19 21:26:58,sess_000500,cust_0139,play,Console,Europe,Kids,basic,1504,0,1080p-6000kbps,,,
2026-06-19 21:35:48,sess_000304,cust_0044,session_start,Mobile,Africa,,basic ,0,0,,,,
2026-06-19 21:36:48,sess_000500,cust_0139,buffer,Console,Europe,Action,basic,0,2973,,,,
2026-06-19 21:37:38,sess_000500,cust_0139,session_end,Console,Europe,,basic,0,0,,,100%,5
2026-06-19 21:44:56,sess_000768,cust_0003,session_start,Console,APAC,,STD,0,0,,,,
2026-06-19 21:46:59,sess_000304,cust_0044,play,Mobile,Africa,SciFi,basic ,876,0,3000kbps,,,
2026-06-19 21:55:36,sess_000768,cust_0003,pause,Console,APAC,Kids,STD,0,0,,,,
2026-06-19 22:00:55,sess_000304,cust_0044,play,Mobile,Africa,Horror,basic ,239,0,2000 kbps,,,
2026-06-19 22:06:09,sess_000667,cust_0106,session_start,Tablet,LATAM,,premium_plus,0,0,,,,
2026-06-19 22:09:18,sess_000768,cust_0003,pause,Console,APAC,SciFi,STD,0,0,,,,
2026-06-19 22:11:09,sess_000304,cust_0044,play,Mobile,Africa,Kids,basic ,798,0,480p-1500kbps,,,
2026-06-19 22:14:51,sess_000304,cust_0044,play,Mobile,Africa,Horror,basic ,619,0,1500kbps,,,
2026-06-19 22:16:51,sess_000304,cust_0044,error,Mobile,Africa,Horror,basic ,0,0,,E3003,,
2026-06-19 22:20:35,sess_000667,cust_0106,play,Tablet,LATAM,Horror,premium_plus,1237,0,1500 kbps,,,
2026-06-19 22:24:01,sess_000768,cust_0003,buffer,Console,APAC,SciFi,STD,0,275,,,,
2026-06-19 22:31:10,sess_000768,cust_0003,pause,Console,APAC,Documentary,STD,0,0,,,,
2026-06-19 22:32:29,sess_000768,cust_0003,session_end,Console,APAC,,STD,0,0,,,45%,N/A
2026-06-19 22:34:39,sess_000667,cust_0106,play,Tablet,LATAM,SciFi,premium_plus,816,0,3000 kbps,,,
2026-06-19 22:38:40,sess_000667,cust_0106,play,Tablet,LATAM,Action,premium_plus,1756,0,6000 kbps,,,
2026-06-19 22:41:21,sess_000667,cust_0106,error,Tablet,LATAM,SciFi,premium_plus,0,0,,E2002,,
2026-06-19 23:28:57,sess_000614,cust_0027,session_start,Smart TV,LATAM,,PremiumPlus,0,0,,,,
2026-06-19 23:39:00,sess_000614,cust_0027,play,Smart TV,LATAM,Kids,PremiumPlus,1251,0,8000kbps,,,
2026-06-19 23:45:01,sess_000614,cust_0027,play,Smart TV,LATAM,Kids,PremiumPlus,667,0,1500 kbps,,,
2026-06-19 23:46:07,sess_000614,cust_0027,play,Smart TV,LATAM,Action,PremiumPlus,589,0,4500 kbps,,,
2026-06-19 23:47:23,sess_000614,cust_0027,session_end,Smart TV,LATAM,,PremiumPlus,0,0,,,,n/a
2026-06-20 01:11:47,sess_000876,cust_0062,session_start,Web,North America,,Premium ,0,0,,,,
2026-06-20 01:17:08,sess_000700,cust_0061,session_start,Web,Africa,,basic,0,0,,,,
2026-06-20 01:21:48,sess_000876,cust_0062,buffer,Web,North America,SciFi,Premium ,0,2923,,,,
2026-06-20 01:24:55,sess_000700,cust_0061,play,Web,Africa,Horror,basic,79,0,8000 kbps,,,
2026-06-20 01:28:30,sess_000876,cust_0062,play,Web,North America,Kids,Premium ,1176,0,8000 kbps,,,
2026-06-20 01:30:56,sess_000876,cust_0062,buffer,Web,,Horror,Premium ,0,962,,,,
2026-06-20 01:37:52,sess_000700,cust_0061,play,Web,Africa,Action,basic,1278,0,1080p-8000kbps,,,
2026-06-20 01:39:12,sess_000700,cust_0061,session_end,Web,Africa,,basic,0,0,,,80%,n/a
2026-06-20 01:39:43,sess_000876,cust_0062,error,Web,North America,Comedy,Premium ,0,0,,E3003,,
2026-06-20 01:47:29,sess_000876,cust_0062,play,Web,North America,Horror,Premium ,1100,0,3000kbps,,,
2026-06-20 01:53:01,sess_000876,cust_0062,play,Web,North America,Action,Premium ,1498,0,720p-3000kbps,,,
2026-06-20 01:53:27,sess_000876,cust_0062,session_end,Web,North America,,Premium ,0,0,,,80%,N/A
2026-06-20 03:41:33,sess_000531,cust_0103,session_start,Console,APAC,,Premium ,0,0,,,,
2026-06-20 03:42:18,sess_000531,cust_0103,buffer,Console,APAC,Comedy,Premium ,0,2076,,,,
2026-06-20 03:44:34,sess_000531,cust_0103,play,Console,APAC,SciFi,Premium ,647,0,480p-2000kbps,,,
2026-06-20 03:50:28,sess_000531,cust_0103,play,Console,APAC,Comedy,Premium ,616,0,3000 kbps,,,
2026-06-20 03:59:18,sess_000531,cust_0103,pause,Console,APAC,Drama,Premium ,0,0,,,,
2026-06-20 04:02:32,sess_000531,cust_0103,play,Console,APAC,Action,Premium ,531,0,8000kbps,,,
2026-06-20 04:10:59,sess_000653,cust_0050,session_start,Tablet,APAC,,Basic,0,0,,,,
2026-06-20 04:11:24,sess_000531,cust_0103,play,Console,APAC,Documentary,Premium ,1298,0,1500 kbps,,,
2026-06-20 04:20:30,sess_000653,cust_0050,play,Tablet,APAC,Documentary,Basic,125,0,6000kbps,,,
2026-06-20 04:25:08,sess_000531,cust_0103,pause,Console,APAC,Documentary,Premium ,0,0,,,,
2026-06-20 04:25:47,sess_000653,cust_0050,play,Tablet,APAC,Drama,Basic,1501,0,1080p-6000kbps,,,
2026-06-20 04:26:56,sess_000653,cust_0050,session_end,Tablet,APAC,,Basic,0,0,,,60%,1
2026-06-20 04:35:03,sess_000531,cust_0103,pause,Console,APAC,Comedy,Premium ,0,0,,,,
2026-06-20 04:45:20,sess_000531,cust_0103,play,Console,APAC,Drama,Premium ,246,0,1500 kbps,,,
2026-06-20 04:50:11,sess_000531,cust_0103,pause,Console,APAC,Kids,Premium ,0,0,,,,
2026-06-20 04:51:26,sess_000531,cust_0103,play,Console,APAC,Drama,Premium ,548,0,1080p-6000kbps,,,
2026-06-20 05:06:18,sess_000531,cust_0103,play,Console,APAC,Kids,Premium ,406,0,1080p-8000kbps,,,
2026-06-20 05:10:19,sess_000531,cust_0103,play,Console,APAC,SciFi,Premium ,857,0,4500kbps,,,
2026-06-20 05:19:15,sess_000531,cust_0103,play,Console,APAC,SciFi,Premium ,564,0,720p-4500kbps,,,
2026-06-20 05:20:49,sess_000531,cust_0103,session_end,Console,APAC,,Premium ,0,0,,,75%,2 stars
2026-06-20 05:37:23,sess_000030,cust_0046,session_start,Tablet,,,basic ,0,0,,,,
2026-06-20 05:46:58,sess_000030,cust_0046,pause,Tablet,North America,Kids,basic ,0,0,,,,
2026-06-20 05:54:06,sess_000030,cust_0046,play,Tablet,North America,Horror,basic ,1525,0,1500kbps,,,
2026-06-20 06:04:23,sess_000030,cust_0046,play,Tablet,North America,Action,basic ,582,0,480p-1500kbps,,,
2026-06-20 06:05:30,sess_000030,cust_0046,pause,Tablet,North America,Kids,basic ,0,0,,,,
2026-06-20 06:13:14,sess_000030,cust_0046,error,Tablet,North America,Horror,basic ,0,0,,E2002,,
2026-06-20 06:22:53,sess_000030,cust_0046,play,Tablet,North America,Drama,basic ,341,0,3000 kbps,,,
2026-06-20 06:28:35,sess_000415,cust_0135,session_start,Smart TV,North America,,Standard ,0,0,,,,
2026-06-20 06:30:57,sess_000415,cust_0135,play,Smart TV,North America,Documentary,Standard ,1034,0,2000kbps,,,
2026-06-20 06:31:43,sess_000415,cust_0135,play,Smart TV,North America,Kids,Standard ,54,0,3000kbps,,,
2026-06-20 06:33:12,sess_000415,cust_0135,buffer,Smart TV,North America,Kids,Standard ,0,363,,,,
2026-06-20 06:36:00,sess_000030,cust_0046,play,Tablet,North America,Documentary,basic ,408,0,8000kbps,,,
2026-06-20 06:41:23,sess_000030,cust_0046,play,Tablet,North America,Documentary,basic ,1316,0,2000kbps,,,
2026-06-20 06:42:35,sess_000030,cust_0046,play,Tablet,North America,Action,basic ,202,0,6000kbps,,,
2026-06-20 06:43:17,sess_000292,cust_0109,session_start,Console,North America,,Standard ,0,0,,,,
2026-06-20 06:44:26,sess_000415,cust_0135,pause,Smart TV,North America,SciFi,Standard ,0,0,,,,
2026-06-20 06:47:58,sess_000030,cust_0046,pause,Tablet,North America,Drama,basic ,0,0,,,,
2026-06-20 06:50:24,sess_000292,cust_0109,play,Console,North America,Action,Standard ,96,0,480p-2000kbps,,,
2026-06-20 06:55:17,sess_000415,cust_0135,play,Smart TV,North America,SciFi,Standard ,1738,0,2000kbps,,,
2026-06-20 06:59:27,sess_000030,cust_0046,play,Tablet,North America,Comedy,basic ,1041,0,1500 kbps,,,
2026-06-20 07:00:57,sess_000292,cust_0109,pause,Console,North America,Drama,Standard ,0,0,,,,
2026-06-20 07:02:58,sess_000292,cust_0109,play,Console,North America,Comedy,Standard ,863,0,1500kbps,,,
2026-06-20 07:05:49,sess_000415,cust_0135,buffer,Smart TV,North America,Comedy,Standard ,0,1214,,,,
2026-06-20 07:05:53,sess_000030,cust_0046,play,Tablet,North America,Drama,basic ,633,0,480p-1500kbps,,,
2026-06-20 07:15:44,sess_000415,cust_0135,play,Smart TV,North America,Kids,Standard ,1604,0,480p-1500kbps,,,
2026-06-20 07:16:15,sess_000292,cust_0109,play,Console,North America,Horror,Standard ,1348,0,4500 kbps,,,
2026-06-20 07:17:23,sess_000030,cust_0046,play,Tablet,North America,Action,basic ,198,0,3000kbps,,,
2026-06-20 07:18:44,sess_000030,cust_0046,pause,Tablet,North America,Comedy,basic ,0,0,,,,
2026-06-20 07:20:06,sess_000030,cust_0046,session_end,Tablet,North America,,basic ,0,0,,,75%,3
2026-06-20 07:27:09,sess_000292,cust_0109,buffer,Console,North America,Horror,Standard ,0,682,,,,
2026-06-20 07:27:17,sess_000415,cust_0135,play,Smart TV,North America,Action,Standard ,1277,0,3000kbps,,,
2026-06-20 07:36:32,sess_000415,cust_0135,play,Smart TV,North America,Horror,Standard ,595,0,8000kbps,,,
2026-06-20 07:40:11,sess_000292,cust_0109,pause,Console,North America,Drama,Standard ,0,0,,,,
2026-06-20 07:46:56,sess_000415,cust_0135,pause,Smart TV,North America,Action,Standard ,0,0,,,,
2026-06-20 07:47:44,sess_000415,cust_0135,play,Smart TV,North America,Comedy,Standard ,407,0,8000kbps,,,
2026-06-20 07:48:07,sess_000292,cust_0109,play,Console,North America,Documentary,Standard ,851,0,1500kbps,,,
2026-06-20 07:48:41,sess_000415,cust_0135,session_end,Smart TV,North America,,Standard ,0,0,,,90%,N/A
2026-06-20 07:56:17,sess_000292,cust_0109,buffer,Console,North America,Kids,Standard ,0,3461,,,,
2026-06-20 07:57:04,sess_000292,cust_0109,session_end,Console,North America,,Standard ,0,0,,,80%,1
2026-06-20 10:49:40,sess_000883,cust_0040,session_start,Console,Africa,,BASIC,0,0,,,,
2026-06-20 10:49:55,sess_000883,cust_0040,play,Console,,Comedy,BASIC,562,0,1500 kbps,,,
2026-06-20 11:00:01,sess_000883,cust_0040,play,Console,Africa,Horror,BASIC,920,0,4500 kbps,,,
2026-06-20 11:03:32,sess_000788,cust_0148,session_start,Mobile,LATAM,,Premium ,0,0,,,,
2026-06-20 11:13:05,sess_000788,cust_0148,play,Mobile,LATAM,Action,Premium ,1365,0,1080p-6000kbps,,,
2026-06-20 11:14:07,sess_000883,cust_0040,pause,Console,Africa,SciFi,BASIC,0,0,,,,
2026-06-20 11:15:46,sess_000883,cust_0040,session_end,Console,Africa,,BASIC,0,0,,,100%,4 stars
2026-06-20 11:16:31,sess_000788,cust_0148,play,Mobile,LATAM,Drama,Premium ,586,0,1080p-8000kbps,,,
2026-06-20 11:21:34,sess_000788,cust_0148,buffer,Mobile,LATAM,Documentary,Premium ,0,2677,,,,
2026-06-20 11:27:58,sess_000788,cust_0148,buffer,Mobile,LATAM,SciFi,Premium ,0,2273,,,,
2026-06-20 11:40:18,sess_000788,cust_0148,error,Mobile,LATAM,Kids,Premium ,0,0,,E4004,,
2026-06-20 11:41:23,sess_000788,cust_0148,session_end,Mobile,LATAM,,Premium ,0,0,,,87%,1
2026-06-20 15:14:01,sess_000373,cust_0038,session_start,Console,Africa,,STD,0,0,,,,
2026-06-20 15:18:51,sess_000373,cust_0038,play,Console,Africa,Comedy,STD,1414,0,480p-2000kbps,,,
2026-06-20 15:23:22,sess_000373,cust_0038,buffer,Console,Africa,Drama,STD,0,2999,,,,
2026-06-20 15:27:51,sess_000373,cust_0038,play,Console,Africa,Documentary,STD,309,0,4500 kbps,,,
2026-06-20 15:42:07,sess_000373,cust_0038,play,Console,Africa,Kids,STD,519,0,3000 kbps,,,
2026-06-20 15:42:26,sess_000373,cust_0038,session_end,Console,Africa,,STD,0,0,,,90%,2
2026-06-20 20:00:21,sess_000901,cust_0027,session_start,Smart TV,LATAM,,Premium+,0,0,,,,
2026-06-20 20:06:48,sess_000901,cust_0027,play,Smart TV,LATAM,Documentary,Premium+,162,0,3000kbps,,,
2026-06-20 20:09:24,sess_000901,cust_0027,play,Smart TV,LATAM,Documentary,Premium+,34,0,4500 kbps,,,
2026-06-20 20:20:41,sess_000901,cust_0027,play,Smart TV,LATAM,Kids,Premium+,883,0,720p-3000kbps,,,
2026-06-20 20:22:07,sess_000901,cust_0027,buffer,Smart TV,LATAM,Documentary,Premium+,0,1953,,,,
2026-06-20 20:32:12,sess_000901,cust_0027,play,Smart TV,LATAM,Action,Premium+,270,0,720p-3000kbps,,,
2026-06-20 20:36:56,sess_000901,cust_0027,play,Smart TV,LATAM,Comedy,Premium+,714,0,2000 kbps,,,
2026-06-20 20:37:53,sess_000901,cust_0027,session_end,Smart TV,LATAM,,Premium+,0,0,,,80%,4 stars
2026-06-20 20:54:24,sess_000756,cust_0005,session_start,,Africa,,PREM,0,0,,,,
2026-06-20 21:05:39,sess_000756,cust_0005,play,,Africa,Horror,PREM,998,0,2000kbps,,,
2026-06-20 21:09:28,sess_000756,cust_0005,play,,Africa,Comedy,PREM,1367,0,4500 kbps,,,
2026-06-20 21:19:18,sess_000756,cust_0005,play,,Africa,Comedy,PREM,926,0,1500 kbps,,,
2026-06-20 21:26:35,sess_000756,cust_0005,play,,Africa,SciFi,PREM,295,0,2000kbps,,,
2026-06-20 21:31:18,sess_000756,cust_0005,play,,Africa,Action,PREM,303,0,480p-2000kbps,,,
2026-06-20 21:34:58,sess_000756,cust_0005,play,,Africa,Horror,PREM,369,0,1080p-8000kbps,,,
2026-06-20 21:45:13,sess_000756,cust_0005,play,,Africa,Drama,PREM,1005,0,8000kbps,,,
2026-06-20 21:54:38,sess_000756,cust_0005,error,,Africa,SciFi,PREM,0,0,,E3003,,
2026-06-20 21:55:36,sess_000756,cust_0005,session_end,,Africa,,PREM,0,0,,,87%,4
2026-06-20 22:04:38,sess_000740,cust_0025,session_start,Mobile,Africa,,Standard ,0,0,,,,
2026-06-20 22:08:42,sess_000740,cust_0025,pause,Mobile,Africa,Documentary,Standard ,0,0,,,,
2026-06-20 22:10:51,sess_000740,cust_0025,play,Mobile,Africa,SciFi,Standard ,543,0,4500 kbps,,,
2026-06-20 22:10:55,sess_000715,cust_0051,session_start,Smart TV,Europe,,STD,0,0,,,,
2026-06-20 22:11:32,sess_000715,cust_0051,buffer,Smart TV,Europe,SciFi,STD,0,3389,,,,
2026-06-20 22:15:55,sess_000740,cust_0025,pause,Mobile,Africa,Horror,Standard ,0,0,,,,
2026-06-20 22:19:59,sess_000715,cust_0051,play,Smart TV,Europe,Horror,STD,35,0,2000kbps,,,
2026-06-20 22:21:01,sess_000740,cust_0025,error,Mobile,Africa,Kids,Standard ,0,0,,E3003,,
2026-06-20 22:30:38,sess_000715,cust_0051,play,Smart TV,Europe,Horror,STD,1723,0,1500kbps,,,
2026-06-20 22:43:24,sess_000715,cust_0051,play,Smart TV,Europe,Documentary,STD,142,0,1500kbps,,,
2026-06-20 22:46:22,sess_000715,cust_0051,buffer,Smart TV,Europe,Kids,STD,0,1350,,,,
2026-06-20 22:58:38,sess_000715,cust_0051,play,Smart TV,Europe,Horror,STD,64,0,8000kbps,,,
2026-06-20 23:02:31,sess_000629,cust_0055,session_start,Mobile,North America,,PREM,0,0,,,,
2026-06-20 23:13:02,sess_000715,cust_0051,play,Smart TV,Europe,Action,STD,642,0,720p-4500kbps,,,
2026-06-20 23:14:23,sess_000629,cust_0055,play,Mobile,North America,SciFi,PREM,977,0,2000 kbps,,,
2026-06-20 23:16:52,sess_000629,cust_0055,play,Mobile,North America,Comedy,PREM,1204,0,8000kbps,,,
2026-06-20 23:17:39,sess_000629,cust_0055,buffer,Mobile,North America,SciFi,PREM,0,3657,,,,
2026-06-20 23:22:58,sess_000715,cust_0051,play,Smart TV,Europe,Documentary,STD,559,0,2000 kbps,,,
2026-06-20 23:25:19,sess_000715,cust_0051,play,Smart TV,Europe,Comedy,STD,1000,0,3000 kbps,,,
2026-06-20 23:25:59,sess_000715,cust_0051,session_end,Smart TV,Europe,,STD,0,0,,,95%,1 stars
2026-06-20 23:28:40,sess_000629,cust_0055,play,Mobile,North America,Kids,PREM,1545,0,3000kbps,,,
2026-06-20 23:36:02,sess_000629,cust_0055,buffer,Mobile,North America,Comedy,PREM,0,358,,,,
2026-06-20 23:37:39,sess_000629,cust_0055,session_end,Mobile,North America,,PREM,0,0,,,60%,4
2026-06-21 01:41:08,sess_000931,cust_0060,session_start,Tablet,Europe,,Premium ,0,0,,,,
2026-06-21 01:51:43,sess_000931,cust_0060,play,Tablet,Europe,Action,Premium ,988,0,1080p-8000kbps,,,
2026-06-21 01:59:46,sess_000882,cust_0005,session_start,Mobile,Africa,,premium,0,0,,,,
2026-06-21 02:03:37,sess_000931,cust_0060,play,Tablet,Europe,Horror,Premium ,1041,0,8000 kbps,,,
2026-06-21 02:08:57,sess_000882,cust_0005,play,Mobile,Africa,Horror,premium,735,0,6000kbps,,,
2026-06-21 02:09:18,sess_000931,cust_0060,play,Tablet,Europe,Documentary,Premium ,1036,0,8000 kbps,,,
2026-06-21 02:10:02,sess_000931,cust_0060,play,Tablet,Europe,SciFi,Premium ,264,0,3000kbps,,,
2026-06-21 02:10:34,sess_000931,cust_0060,pause,Tablet,Europe,Documentary,Premium ,0,0,,,,
2026-06-21 02:12:59,sess_000931,cust_0060,play,Tablet,Europe,Action,Premium ,222,0,1500 kbps,,,
2026-06-21 02:14:34,sess_000882,cust_0005,play,Mobile,Africa,Drama,premium,254,0,1080p-8000kbps,,,
2026-06-21 02:17:54,sess_000931,cust_0060,play,Tablet,Europe,SciFi,Premium ,1300,0,4500 kbps,,,
2026-06-21 02:20:22,sess_000931,cust_0060,play,Tablet,Europe,Horror,Premium ,374,0,3000 kbps,,,
2026-06-21 02:22:08,sess_000882,cust_0005,play,Mobile,Africa,Comedy,premium,47,0,1500kbps,,,
2026-06-21 02:25:33,sess_000882,cust_0005,play,Mobile,Africa,Documentary,premium,699,0,480p-2000kbps,,,
2026-06-21 02:26:25,sess_000931,cust_0060,play,Tablet,Europe,Kids,Premium ,482,0,1500 kbps,,,
2026-06-21 02:27:28,sess_000931,cust_0060,session_end,Tablet,Europe,,Premium ,0,0,,,90%,
2026-06-21 02:35:51,sess_000882,cust_0005,play,Mobile,Africa,Drama,premium,153,0,1500kbps,,,
2026-06-21 02:36:35,sess_000882,cust_0005,session_end,Mobile,Africa,,premium,0,0,,,N/A,
2026-06-21 03:55:24,sess_000622,cust_0051,session_start,Smart TV,Europe,,standard,0,0,,,,
2026-06-21 03:56:48,sess_000622,cust_0051,play,Smart TV,Europe,SciFi,standard,1664,0,8000kbps,,,
2026-06-21 03:59:54,sess_000622,cust_0051,pause,Smart TV,Europe,Horror,standard,0,0,,,,
2026-06-21 04:01:45,sess_000622,cust_0051,play,Smart TV,Europe,Action,standard,1243,0,4500 kbps,,,
2026-06-21 04:02:32,sess_000622,cust_0051,session_end,Smart TV,Europe,,standard,0,0,,,80%,
2026-06-21 07:10:08,sess_000132,cust_0120,session_start,Console,LATAM,,Standard,0,0,,,,
2026-06-21 07:20:46,sess_000132,cust_0120,play,Console,LATAM,Comedy,Standard,1253,0,480p-2000kbps,,,
2026-06-21 07:28:21,sess_000132,cust_0120,play,Console,LATAM,Documentary,Standard,1085,0,2000kbps,,,
2026-06-21 07:30:12,sess_000132,cust_0120,play,Console,LATAM,SciFi,Standard,958,0,1500kbps,,,
2026-06-21 07:33:52,sess_000132,cust_0120,pause,Console,LATAM,Action,Standard,0,0,,,,
2026-06-21 07:39:06,sess_000132,cust_0120,play,Console,LATAM,Kids,Standard,677,0,6000 kbps,,,
2026-06-21 07:52:38,sess_000132,cust_0120,play,Console,LATAM,SciFi,Standard,1339,0,1080p-8000kbps,,,
2026-06-21 07:58:56,sess_000132,cust_0120,play,Console,LATAM,Kids,Standard,1451,0,1080p-8000kbps,,,
2026-06-21 07:59:07,sess_000661,cust_0110,session_start,Web,Europe,,Premium ,0,0,,,,
2026-06-21 08:00:17,sess_000661,cust_0110,play,Web,Europe,Horror,Premium ,909,0,4500kbps,,,
2026-06-21 08:05:01,sess_000132,cust_0120,buffer,Console,LATAM,Comedy,Standard,0,327,,,,
2026-06-21 08:06:00,sess_000132,cust_0120,play,Console,LATAM,Comedy,Standard,779,0,720p-4500kbps,,,
2026-06-21 08:06:37,sess_000132,cust_0120,session_end,Console,LATAM,,Standard,0,0,,,N/A,N/A
2026-06-21 08:11:27,sess_000661,cust_0110,play,Web,Europe,Horror,Premium ,817,0,1500 kbps,,,
2026-06-21 08:15:17,sess_000661,cust_0110,play,Web,Europe,Action,Premium ,1745,0,1500kbps,,,
2026-06-21 08:20:47,sess_000661,cust_0110,play,Web,Europe,Documentary,Premium ,957,0,6000kbps,,,
2026-06-21 08:29:21,sess_000661,cust_0110,play,Web,Europe,Action,Premium ,445,0,480p-1500kbps,,,
2026-06-21 08:43:30,sess_000661,cust_0110,play,Web,Europe,Documentary,Premium ,978,0,3000 kbps,,,
2026-06-21 08:50:33,sess_000661,cust_0110,pause,Web,Europe,Kids,Premium ,0,0,,,,
2026-06-21 08:57:19,sess_000661,cust_0110,play,Web,Europe,Drama,Premium ,940,0,480p-1500kbps,,,
2026-06-21 09:01:29,sess_000661,cust_0110,play,Web,Europe,Drama,Premium ,1738,0,4500 kbps,,,
2026-06-21 09:10:41,sess_000661,cust_0110,play,Web,Europe,Horror,Premium ,407,0,3000kbps,,,
2026-06-21 09:25:23,sess_000661,cust_0110,play,Web,Europe,Kids,Premium ,448,0,480p-1500kbps,,,
2026-06-21 09:26:59,sess_000661,cust_0110,session_end,Web,Europe,,Premium ,0,0,,,75%,5.0
2026-06-21 12:38:18,sess_000443,cust_0083,session_start,Tablet,APAC,,Premium ,0,0,,,,
2026-06-21 12:45:29,sess_000443,cust_0083,play,Tablet,APAC,Action,Premium ,1031,0,3000 kbps,,,
2026-06-21 12:57:20,sess_000443,cust_0083,buffer,Tablet,APAC,Documentary,Premium ,0,3822,,,,
2026-06-21 12:57:56,sess_000443,cust_0083,session_end,Tablet,APAC,,Premium ,0,0,,,100%,N/A
2026-06-21 13:33:51,sess_000358,cust_0066,session_start,Smart TV,Africa,,premium,0,0,,,,
2026-06-21 13:40:11,sess_000358,cust_0066,pause,Smart TV,Africa,Drama,premium,0,0,,,,
2026-06-21 13:51:27,sess_000358,cust_0066,play,Smart TV,Africa,Action,premium,1564,0,720p-3000kbps,,,
2026-06-21 14:04:50,sess_000358,cust_0066,play,Smart TV,,Action,premium,314,0,4500kbps,,,
2026-06-21 14:12:30,sess_000358,cust_0066,play,Smart TV,Africa,Comedy,premium,496,0,1500kbps,,,
2026-06-21 14:12:52,sess_000358,cust_0066,play,Smart TV,Africa,Horror,premium,1104,0,3000 kbps,,,
2026-06-21 14:17:09,sess_000358,cust_0066,buffer,Smart TV,Africa,Drama,premium,0,738,,,,
2026-06-21 14:30:50,sess_000358,cust_0066,error,Smart TV,Africa,Action,premium,0,0,,E4004,,
2026-06-21 15:44:22,sess_000193,cust_0081,session_start,Mobile,Africa,,premium plus,0,0,,,,
2026-06-21 15:48:35,sess_000193,cust_0081,pause,Mobile,Africa,Documentary,premium plus,0,0,,,,
2026-06-21 15:54:02,sess_000193,cust_0081,pause,Mobile,Africa,Documentary,premium plus,0,0,,,,
2026-06-21 16:05:28,sess_000193,cust_0081,pause,Mobile,Africa,Comedy,premium plus,0,0,,,,
2026-06-21 16:18:58,sess_000193,cust_0081,play,Mobile,Africa,Comedy,premium plus,853,0,6000 kbps,,,
2026-06-21 16:31:29,sess_000193,cust_0081,play,Mobile,Africa,SciFi,premium plus,1288,0,480p-2000kbps,,,
2026-06-21 16:37:05,sess_000193,cust_0081,play,Mobile,Africa,Horror,premium plus,755,0,3000kbps,,,
2026-06-21 16:41:39,sess_000193,cust_0081,error,Mobile,Africa,Action,premium plus,0,0,,E3003,,
2026-06-21 16:51:30,sess_000193,cust_0081,pause,Mobile,Africa,Documentary,premium plus,0,0,,,,
2026-06-21 17:03:02,sess_000193,cust_0081,buffer,Mobile,Africa,Documentary,premium plus,0,3015,,,,
2026-06-21 17:10:10,sess_000193,cust_0081,pause,Mobile,Africa,Drama,premium plus,0,0,,,,
2026-06-21 17:22:58,sess_000193,cust_0081,play,Mobile,Africa,Action,premium plus,39,0,3000 kbps,,,
2026-06-21 17:32:25,sess_000193,cust_0081,play,Mobile,,Documentary,premium plus,1333,0,480p-1500kbps,,,
2026-06-21 17:33:35,sess_000193,cust_0081,session_end,Mobile,Africa,,premium plus,0,0,,,80%,
2026-06-21 19:47:30,sess_000372,cust_0107,session_start,Web,APAC,,Premium,0,0,,,,
2026-06-21 19:55:17,sess_000372,cust_0107,pause,Web,APAC,Kids,Premium,0,0,,,,
2026-06-21 20:06:56,sess_000372,cust_0107,play,Web,APAC,Documentary,Premium,538,0,8000 kbps,,,
2026-06-21 20:17:14,sess_000372,cust_0107,play,Web,APAC,Comedy,Premium,1602,0,3000kbps,,,
2026-06-21 20:19:08,sess_000372,cust_0107,play,Web,APAC,Kids,Premium,1596,0,1500 kbps,,,
2026-06-21 20:21:09,sess_000372,cust_0107,play,Web,APAC,Comedy,Premium,406,0,720p-4500kbps,,,
2026-06-21 20:31:33,sess_000372,cust_0107,play,Web,APAC,Documentary,Premium,636,0,2000 kbps,,,
2026-06-21 20:33:09,sess_000372,cust_0107,session_end,Web,APAC,,Premium,0,0,,,45%,1.0
2026-06-21 21:16:01,sess_000689,cust_0070,session_start,,Africa,,standard,0,0,,,,
2026-06-21 21:30:52,sess_000689,cust_0070,play,,Africa,Comedy,standard,1184,0,1500kbps,,,
2026-06-21 21:36:19,sess_000689,cust_0070,pause,,Africa,Drama,standard,0,0,,,,
2026-06-21 21:42:46,sess_000689,cust_0070,buffer,,Africa,SciFi,standard,0,3456,,,,
2026-06-21 21:50:22,sess_000689,cust_0070,play,,Africa,Action,standard,474,0,480p-1500kbps,,,
2026-06-21 21:52:19,sess_000689,cust_0070,session_end,,Africa,,standard,0,0,,,100%,3.0
2026-06-21 22:55:14,sess_000035,cust_0018,session_start,Smart TV,Africa,,basic ,0,0,,,,
2026-06-21 22:58:35,sess_000035,cust_0018,pause,Smart TV,Africa,Comedy,basic ,0,0,,,,
2026-06-21 23:07:37,sess_000035,cust_0018,buffer,Smart TV,Africa,Drama,basic ,0,3347,,,,
2026-06-21 23:09:29,sess_000035,cust_0018,session_end,Smart TV,Africa,,basic ,0,0,,,95%,1 stars
2026-06-22 02:26:26,sess_000714,cust_0003,session_start,Console,APAC,,standard,0,0,,,,
2026-06-22 02:35:15,sess_000714,cust_0003,error,Console,APAC,Horror,standard,0,0,,E1001,,
2026-06-22 05:20:44,sess_000644,cust_0087,session_start,Console,North America,,basic,0,0,,,,
2026-06-22 05:27:51,sess_000644,cust_0087,buffer,Console,North America,Horror,basic,0,2224,,,,
2026-06-22 05:41:35,sess_000644,cust_0087,buffer,Console,North America,Horror,basic,0,1704,,,,
2026-06-22 05:47:19,sess_000644,cust_0087,play,Console,North America,Comedy,basic,122,0,8000 kbps,,,
2026-06-22 05:52:04,sess_000644,cust_0087,play,Console,North America,Action,basic,472,0,480p-1500kbps,,,
2026-06-22 05:59:50,sess_000644,cust_0087,play,Console,,Comedy,basic,674,0,720p-3000kbps,,,
2026-06-22 06:04:29,sess_000970,cust_0092,session_start,Smart TV,LATAM,,BASIC,0,0,,,,
2026-06-22 06:07:27,sess_000644,cust_0087,error,Console,,SciFi,basic,0,0,,E2002,,
2026-06-22 06:08:32,sess_000644,cust_0087,session_end,Console,North America,,basic,0,0,,,60%,3.0
2026-06-22 06:16:16,sess_000970,cust_0092,play,Smart TV,LATAM,Comedy,BASIC,1063,0,8000 kbps,,,
2026-06-22 06:22:02,sess_000970,cust_0092,play,Smart TV,LATAM,Documentary,BASIC,1039,0,2000kbps,,,
2026-06-22 06:28:59,sess_000970,cust_0092,play,Smart TV,LATAM,Action,BASIC,1664,0,1080p-8000kbps,,,
2026-06-22 06:38:37,sess_000424,cust_0117,session_start,Smart TV,LATAM,,Standard ,0,0,,,,
2026-06-22 06:39:52,sess_000970,cust_0092,play,Smart TV,LATAM,Drama,BASIC,1201,0,8000 kbps,,,
2026-06-22 06:42:31,sess_000424,cust_0117,play,Smart TV,LATAM,Drama,Standard ,1356,0,720p-4500kbps,,,
2026-06-22 06:43:07,sess_000970,cust_0092,pause,Smart TV,LATAM,Drama,BASIC,0,0,,,,
2026-06-22 06:45:14,sess_000424,cust_0117,play,Smart TV,LATAM,Comedy,Standard ,1260,0,1500 kbps,,,
2026-06-22 06:50:18,sess_000424,cust_0117,pause,Smart TV,LATAM,Kids,Standard ,0,0,,,,
2026-06-22 06:53:20,sess_000970,cust_0092,buffer,Smart TV,LATAM,Drama,BASIC,0,1791,,,,
2026-06-22 06:54:16,sess_000970,cust_0092,play,Smart TV,LATAM,Drama,BASIC,1592,0,1080p-6000kbps,,,
2026-06-22 06:58:12,sess_000424,cust_0117,pause,Smart TV,LATAM,Kids,Standard ,0,0,,,,
2026-06-22 07:00:57,sess_000970,cust_0092,buffer,Smart TV,LATAM,Kids,BASIC,0,337,,,,
2026-06-22 07:03:00,sess_000424,cust_0117,play,Smart TV,LATAM,SciFi,Standard ,1406,0,3000 kbps,,,
2026-06-22 07:04:47,sess_000424,cust_0117,session_end,Smart TV,LATAM,,Standard ,0,0,,,95%,3 stars
2026-06-22 07:06:42,sess_000970,cust_0092,play,Smart TV,LATAM,Comedy,BASIC,329,0,480p-2000kbps,,,
2026-06-22 07:10:02,sess_000970,cust_0092,pause,Smart TV,LATAM,SciFi,BASIC,0,0,,,,
2026-06-22 07:19:53,sess_000970,cust_0092,play,Smart TV,LATAM,Comedy,BASIC,67,0,4500kbps,,,
2026-06-22 07:31:13,sess_000970,cust_0092,play,Smart TV,LATAM,SciFi,BASIC,522,0,480p-1500kbps,,,
2026-06-22 07:32:46,sess_000970,cust_0092,session_end,Smart TV,LATAM,,BASIC,0,0,,,95%,5 stars
2026-06-22 12:40:18,sess_000618,cust_0118,session_start,Web,LATAM,,PremiumPlus,0,0,,,,
2026-06-22 12:48:02,sess_000618,cust_0118,pause,Web,LATAM,Kids,PremiumPlus,0,0,,,,
2026-06-22 13:01:17,sess_000618,cust_0118,play,Web,LATAM,Kids,PremiumPlus,1340,0,4500kbps,,,
2026-06-22 13:06:39,sess_000618,cust_0118,play,Web,LATAM,Action,PremiumPlus,1302,0,2000 kbps,,,
2026-06-22 13:17:51,sess_000618,cust_0118,play,Web,LATAM,Action,PremiumPlus,1117,0,3000 kbps,,,
2026-06-22 13:18:37,sess_000618,cust_0118,session_end,Web,LATAM,,PremiumPlus,0,0,,,80%,2
2026-06-22 13:40:39,sess_000707,cust_0060,session_start,Tablet,Europe,,Premium,0,0,,,,
2026-06-22 13:45:24,sess_000707,cust_0060,play,Tablet,Europe,Drama,Premium,295,0,4500 kbps,,,
2026-06-22 13:49:30,sess_000707,cust_0060,pause,Tablet,Europe,Horror,Premium,0,0,,,,
2026-06-22 13:58:54,sess_000707,cust_0060,play,Tablet,Europe,Drama,Premium,99,0,4500kbps,,,
2026-06-22 14:03:40,sess_000707,cust_0060,pause,Tablet,Europe,Horror,Premium,0,0,,,,
2026-06-22 14:10:59,sess_000707,cust_0060,play,Tablet,Europe,Documentary,Premium,1414,0,480p-2000kbps,,,
2026-06-22 14:21:39,sess_000707,cust_0060,pause,Tablet,Europe,Kids,Premium,0,0,,,,
2026-06-22 14:32:48,sess_000707,cust_0060,play,Tablet,Europe,Comedy,Premium,336,0,8000 kbps,,,
2026-06-22 14:33:29,sess_000707,cust_0060,play,Tablet,Europe,Documentary,Premium,1061,0,480p-1500kbps,,,
2026-06-22 14:45:33,sess_000707,cust_0060,play,Tablet,Europe,Comedy,Premium,1695,0,2000 kbps,,,
2026-06-22 14:52:14,sess_000707,cust_0060,pause,Tablet,Europe,Action,Premium,0,0,,,,
2026-06-22 15:04:37,sess_000707,cust_0060,play,Tablet,Europe,Kids,Premium,1482,0,4500kbps,,,
2026-06-22 15:05:34,sess_000707,cust_0060,play,Tablet,Europe,Kids,Premium,1273,0,4500 kbps,,,
2026-06-22 15:08:05,sess_000707,cust_0060,play,Tablet,Europe,Documentary,Premium,1690,0,480p-1500kbps,,,
2026-06-22 15:13:12,sess_000707,cust_0060,play,Tablet,Europe,Horror,Premium,717,0,8000 kbps,,,
2026-06-22 15:15:01,sess_000707,cust_0060,session_end,Tablet,Europe,,Premium,0,0,,,87%,
2026-06-22 18:43:58,sess_000556,cust_0087,session_start,Console,North America,,BASIC,0,0,,,,
2026-06-22 18:52:50,sess_000556,cust_0087,buffer,Console,North America,Horror,BASIC,0,3316,,,,
2026-06-22 18:55:20,sess_000556,cust_0087,error,Console,North America,Action,BASIC,0,0,,E4004,,
2026-06-22 19:54:14,sess_000286,cust_0052,session_start,Mobile,LATAM,,standard,0,0,,,,
2026-06-22 20:05:08,sess_000286,cust_0052,play,Mobile,LATAM,Action,standard,245,0,720p-3000kbps,,,
2026-06-22 20:08:27,sess_000286,cust_0052,play,Mobile,LATAM,SciFi,standard,202,0,8000kbps,,,
2026-06-22 20:16:00,sess_000286,cust_0052,play,Mobile,LATAM,Action,standard,1342,0,2000kbps,,,
2026-06-22 20:30:14,sess_000286,cust_0052,play,Mobile,LATAM,Horror,standard,191,0,2000 kbps,,,
2026-06-22 20:32:08,sess_000286,cust_0052,session_end,Mobile,LATAM,,standard,0,0,,,87%,2 stars
2026-06-22 20:56:34,sess_000861,cust_0100,session_start,,Africa,,basic ,0,0,,,,
2026-06-22 21:03:20,sess_000861,cust_0100,play,,Africa,Documentary,basic ,605,0,6000kbps,,,
2026-06-22 21:08:44,sess_000861,cust_0100,play,,Africa,Horror,basic ,1484,0,6000 kbps,,,
2026-06-22 21:10:26,sess_000861,cust_0100,play,,Africa,Kids,basic ,1233,0,1500kbps,,,
2026-06-22 21:18:56,sess_000861,cust_0100,play,,Africa,Comedy,basic ,601,0,2000 kbps,,,
2026-06-22 21:32:23,sess_000861,cust_0100,play,,Africa,Drama,basic ,676,0,720p-3000kbps,,,
2026-06-22 21:33:26,sess_000861,cust_0100,play,,Africa,SciFi,basic ,882,0,6000 kbps,,,
2026-06-22 21:33:52,sess_000861,cust_0100,session_end,,Africa,,basic ,0,0,,,75%,4
2026-06-22 22:59:53,sess_000062,cust_0073,session_start,Mobile,LATAM,,Standard,0,0,,,,
2026-06-22 23:13:37,sess_000062,cust_0073,pause,Mobile,LATAM,Action,Standard,0,0,,,,
2026-06-22 23:21:46,sess_000062,cust_0073,play,Mobile,LATAM,Action,Standard,1083,0,1500kbps,,,
2026-06-22 23:25:24,sess_000062,cust_0073,pause,Mobile,LATAM,Comedy,Standard,0,0,,,,
2026-06-22 23:27:54,sess_000062,cust_0073,play,Mobile,LATAM,SciFi,Standard,1712,0,1080p-6000kbps,,,
2026-06-22 23:31:18,sess_000062,cust_0073,play,Mobile,LATAM,Horror,Standard,1704,0,4500 kbps,,,
2026-06-22 23:34:31,sess_000062,cust_0073,error,Mobile,,Horror,Standard,0,0,,E4004,,
2026-06-22 23:46:30,sess_000062,cust_0073,pause,Mobile,,Horror,Standard,0,0,,,,
2026-06-22 23:56:37,sess_000062,cust_0073,play,Mobile,LATAM,SciFi,Standard,705,0,6000kbps,,,
2026-06-23 00:04:49,sess_000062,cust_0073,play,Mobile,LATAM,Action,Standard,1243,0,480p-2000kbps,,,
2026-06-23 00:09:36,sess_000062,cust_0073,play,Mobile,LATAM,Horror,Standard,502,0,3000 kbps,,,
2026-06-23 00:20:58,sess_000062,cust_0073,play,Mobile,,Kids,Standard,96,0,1500 kbps,,,
2026-06-23 00:21:30,sess_000062,cust_0073,session_end,Mobile,LATAM,,Standard,0,0,,,100%,2 stars
2026-06-23 04:24:17,sess_000126,cust_0108,session_start,Console,LATAM,,STD,0,0,,,,
2026-06-23 04:33:54,sess_000126,cust_0108,pause,Console,,Comedy,STD,0,0,,,,
2026-06-23 04:36:17,sess_000126,cust_0108,play,Console,LATAM,Kids,STD,728,0,1500 kbps,,,
2026-06-23 04:47:12,sess_000126,cust_0108,buffer,Console,LATAM,Documentary,STD,0,274,,,,
2026-06-23 04:49:59,sess_000126,cust_0108,play,Console,LATAM,Drama,STD,808,0,2000 kbps,,,
2026-06-23 04:56:25,sess_000126,cust_0108,pause,Console,LATAM,Drama,STD,0,0,,,,
2026-06-23 05:05:59,sess_000126,cust_0108,play,Console,LATAM,Kids,STD,1265,0,4500kbps,,,
2026-06-23 05:06:33,sess_000126,cust_0108,session_end,Console,LATAM,,STD,0,0,,,N/A,
2026-06-23 05:32:48,sess_000208,cust_0018,session_start,Smart TV,Africa,,basic,0,0,,,,
2026-06-23 05:44:45,sess_000208,cust_0018,play,Smart TV,Africa,Action,basic,957,0,4500kbps,,,
2026-06-23 05:48:48,sess_000208,cust_0018,pause,Smart TV,Africa,Action,basic,0,0,,,,
2026-06-23 06:00:54,sess_000208,cust_0018,play,Smart TV,Africa,Kids,basic,1683,0,3000 kbps,,,
2026-06-23 06:11:45,sess_000208,cust_0018,play,Smart TV,Africa,Horror,basic,65,0,4500kbps,,,
2026-06-23 06:23:21,sess_000092,cust_0064,session_start,Tablet,APAC,,standard,0,0,,,,
2026-06-23 06:24:26,sess_000208,cust_0018,play,Smart TV,Africa,Action,basic,1438,0,4500 kbps,,,
2026-06-23 06:25:11,sess_000208,cust_0018,session_end,Smart TV,Africa,,basic,0,0,,,60%,2 stars
2026-06-23 06:35:20,sess_000092,cust_0064,play,Tablet,APAC,Kids,standard,252,0,1500 kbps,,,
2026-06-23 06:41:19,sess_000727,cust_0145,session_start,Smart TV,APAC,,basic,0,0,,,,
2026-06-23 06:44:38,sess_000727,cust_0145,play,Smart TV,APAC,Kids,basic,1646,0,3000 kbps,,,
2026-06-23 06:49:51,sess_000092,cust_0064,pause,Tablet,APAC,Documentary,standard,0,0,,,,
2026-06-23 06:52:24,sess_000727,cust_0145,buffer,Smart TV,APAC,Comedy,basic,0,2678,,,,
2026-06-23 06:53:46,sess_000727,cust_0145,error,Smart TV,APAC,Comedy,basic,0,0,,E4004,,
2026-06-23 06:57:09,sess_000092,cust_0064,play,Tablet,APAC,Kids,standard,1380,0,2000kbps,,,
2026-06-23 06:59:34,sess_000092,cust_0064,pause,Tablet,APAC,Comedy,standard,0,0,,,,
2026-06-23 07:06:03,sess_000092,cust_0064,play,Tablet,APAC,Drama,standard,619,0,3000 kbps,,,
2026-06-23 07:18:17,sess_000092,cust_0064,play,Tablet,APAC,Comedy,standard,646,0,6000 kbps,,,
2026-06-23 07:29:33,sess_000092,cust_0064,play,Tablet,APAC,Comedy,standard,289,0,1080p-6000kbps,,,
2026-06-23 07:35:36,sess_000092,cust_0064,buffer,Tablet,APAC,SciFi,standard,0,1258,,,,
2026-06-23 07:42:07,sess_000092,cust_0064,buffer,Tablet,APAC,Drama,standard,0,1666,,,,
2026-06-23 07:56:04,sess_000092,cust_0064,pause,Tablet,APAC,Kids,standard,0,0,,,,
2026-06-23 08:07:53,sess_000092,cust_0064,buffer,Tablet,APAC,Comedy,standard,0,2625,,,,
2026-06-23 08:12:47,sess_000092,cust_0064,play,Tablet,APAC,Action,standard,190,0,3000 kbps,,,
2026-06-23 08:13:23,sess_000092,cust_0064,session_end,Tablet,APAC,,standard,0,0,,,80%,n/a
2026-06-23 08:17:39,sess_000996,cust_0109,session_start,Console,North America,,STD,0,0,,,,
2026-06-23 08:27:27,sess_000996,cust_0109,play,Console,North America,Horror,STD,1604,0,6000 kbps,,,
2026-06-23 08:29:10,sess_000996,cust_0109,play,Console,North America,Kids,STD,868,0,2000 kbps,,,
2026-06-23 08:37:25,sess_000996,cust_0109,pause,Console,North America,Documentary,STD,0,0,,,,
2026-06-23 08:38:09,sess_000996,cust_0109,play,Console,North America,Horror,STD,1779,0,8000kbps,,,
2026-06-23 08:42:15,sess_000996,cust_0109,play,Console,North America,Documentary,STD,1745,0,1500kbps,,,
2026-06-23 08:44:05,sess_000996,cust_0109,play,Console,North America,Kids,STD,1750,0,8000 kbps,,,
2026-06-23 08:53:04,sess_000996,cust_0109,play,Console,North America,Documentary,STD,808,0,8000 kbps,,,
2026-06-23 08:54:54,sess_000996,cust_0109,session_end,Console,North America,,STD,0,0,,,75%,
2026-06-23 10:00:32,sess_000395,cust_0048,session_start,Console,Europe,,basic ,0,0,,,,
2026-06-23 10:06:18,sess_000395,cust_0048,play,Console,Europe,Action,basic ,117,0,1080p-8000kbps,,,
2026-06-23 10:13:21,sess_000395,cust_0048,error,Console,Europe,Comedy,basic ,0,0,,E1001,,
2026-06-23 10:27:06,sess_000526,cust_0047,session_start,,Europe,,standard,0,0,,,,
2026-06-23 10:27:08,sess_000744,cust_0109,session_start,Console,North America,,standard,0,0,,,,
2026-06-23 10:27:46,sess_000395,cust_0048,play,Console,Europe,SciFi,basic ,1321,0,1500 kbps,,,
2026-06-23 10:33:10,sess_000395,cust_0048,play,Console,Europe,Kids,basic ,473,0,3000kbps,,,
2026-06-23 10:36:00,sess_000744,cust_0109,pause,Console,North America,Comedy,standard,0,0,,,,
2026-06-23 10:36:30,sess_000526,cust_0047,buffer,,Europe,Drama,standard,0,3343,,,,
2026-06-23 10:43:53,sess_000395,cust_0048,pause,Console,Europe,Drama,basic ,0,0,,,,
2026-06-23 10:44:24,sess_000395,cust_0048,play,Console,Europe,Horror,basic ,447,0,1080p-6000kbps,,,
2026-06-23 10:48:37,sess_000526,cust_0047,play,,Europe,Drama,standard,345,0,4500 kbps,,,
2026-06-23 10:49:44,sess_000744,cust_0109,play,Console,North America,Action,standard,1723,0,720p-4500kbps,,,
2026-06-23 10:52:30,sess_000395,cust_0048,play,Console,Europe,SciFi,basic ,1050,0,6000 kbps,,,
2026-06-23 10:55:12,sess_000744,cust_0109,play,Console,North America,SciFi,standard,960,0,1080p-6000kbps,,,
2026-06-23 11:00:07,sess_000395,cust_0048,play,Console,Europe,Horror,basic ,151,0,4500 kbps,,,
2026-06-23 11:00:49,sess_000395,cust_0048,session_end,Console,Europe,,basic ,0,0,,,45%,n/a
2026-06-23 11:02:06,sess_000526,cust_0047,play,,Europe,SciFi,standard,649,0,2000kbps,,,
2026-06-23 11:09:18,sess_000744,cust_0109,play,Console,North America,Documentary,standard,467,0,4500 kbps,,,
2026-06-23 11:12:45,sess_000526,cust_0047,play,,Europe,SciFi,standard,950,0,1500kbps,,,
2026-06-23 11:21:58,sess_000744,cust_0109,play,Console,North America,Comedy,standard,649,0,1080p-6000kbps,,,
2026-06-23 11:25:51,sess_000526,cust_0047,buffer,,Europe,SciFi,standard,0,2855,,,,
2026-06-23 11:26:08,sess_000526,cust_0047,play,,Europe,Kids,standard,533,0,3000 kbps,,,
2026-06-23 11:31:40,sess_000526,cust_0047,play,,Europe,SciFi,standard,590,0,4500 kbps,,,
2026-06-23 11:34:30,sess_000744,cust_0109,play,Console,North America,Documentary,standard,804,0,1080p-8000kbps,,,
2026-06-23 11:35:15,sess_000744,cust_0109,play,Console,North America,Horror,standard,1624,0,1500 kbps,,,
2026-06-23 11:36:51,sess_000509,cust_0118,session_start,Web,LATAM,,premium_plus,0,0,,,,
2026-06-23 11:41:08,sess_000744,cust_0109,play,Console,North America,Documentary,standard,744,0,720p-3000kbps,,,
2026-06-23 11:41:57,sess_000526,cust_0047,play,,Europe,Kids,standard,1687,0,1080p-6000kbps,,,
2026-06-23 11:43:41,sess_000526,cust_0047,play,,Europe,Action,standard,822,0,1500 kbps,,,
2026-06-23 11:50:00,sess_000509,cust_0118,buffer,Web,LATAM,SciFi,premium_plus,0,2337,,,,
2026-06-23 11:54:33,sess_000526,cust_0047,play,,Europe,Action,standard,638,0,3000 kbps,,,
2026-06-23 11:55:37,sess_000744,cust_0109,play,Console,North America,Documentary,standard,376,0,3000kbps,,,
2026-06-23 11:56:43,sess_000509,cust_0118,play,Web,LATAM,Drama,premium_plus,978,0,720p-3000kbps,,,
2026-06-23 11:56:58,sess_000509,cust_0118,play,Web,LATAM,Comedy,premium_plus,523,0,4500 kbps,,,
2026-06-23 12:00:17,sess_000526,cust_0047,play,,Europe,Comedy,standard,966,0,480p-1500kbps,,,
2026-06-23 12:03:33,sess_000509,cust_0118,buffer,Web,LATAM,Kids,premium_plus,0,1766,,,,
2026-06-23 12:06:07,sess_000744,cust_0109,play,Console,North America,Horror,standard,1729,0,480p-1500kbps,,,
2026-06-23 12:09:42,sess_000526,cust_0047,play,,Europe,SciFi,standard,1684,0,6000 kbps,,,
2026-06-23 12:12:21,sess_000526,cust_0047,play,,Europe,Comedy,standard,1548,0,480p-1500kbps,,,
2026-06-23 12:12:33,sess_000744,cust_0109,play,Console,North America,Action,standard,762,0,1080p-8000kbps,,,
2026-06-23 12:14:49,sess_000693,cust_0148,session_start,Mobile,LATAM,,premium,0,0,,,,
2026-06-23 12:14:53,sess_000103,cust_0036,session_start,Mobile,Africa,,STD,0,0,,,,
2026-06-23 12:16:06,sess_000509,cust_0118,play,Web,LATAM,Comedy,premium_plus,1304,0,480p-2000kbps,,,
2026-06-23 12:23:59,sess_000744,cust_0109,play,Console,North America,Kids,standard,33,0,480p-1500kbps,,,
2026-06-23 12:24:12,sess_000693,cust_0148,buffer,Mobile,LATAM,Kids,premium,0,1979,,,,
2026-06-23 12:25:07,sess_000744,cust_0109,session_end,Console,North America,,standard,0,0,,,90%,1
2026-06-23 12:25:25,sess_000526,cust_0047,buffer,,Europe,Drama,standard,0,264,,,,
2026-06-23 12:26:38,sess_000103,cust_0036,play,Mobile,Africa,Kids,STD,1345,0,1500kbps,,,
2026-06-23 12:28:32,sess_000509,cust_0118,play,Web,LATAM,Comedy,premium_plus,1063,0,2000 kbps,,,
2026-06-23 12:29:37,sess_000509,cust_0118,session_end,Web,,,premium_plus,0,0,,,87%,1 stars
2026-06-23 12:32:05,sess_000526,cust_0047,pause,,Europe,SciFi,standard,0,0,,,,
2026-06-23 12:32:26,sess_000526,cust_0047,buffer,,Europe,Drama,standard,0,3160,,,,
2026-06-23 12:32:41,sess_000693,cust_0148,error,Mobile,LATAM,Documentary,premium,0,0,,E3003,,
2026-06-23 12:32:57,sess_000693,cust_0148,play,Mobile,LATAM,Action,premium,977,0,2000 kbps,,,
2026-06-23 12:33:58,sess_000103,cust_0036,play,Mobile,Africa,Horror,STD,793,0,4500 kbps,,,
2026-06-23 12:39:21,sess_000693,cust_0148,buffer,Mobile,LATAM,Documentary,premium,0,3545,,,,
2026-06-23 12:41:55,sess_000526,cust_0047,play,,Europe,Comedy,standard,1324,0,6000 kbps,,,
2026-06-23 12:42:26,sess_000526,cust_0047,session_end,,Europe,,standard,0,0,,,80%,4.0
2026-06-23 12:48:32,sess_000103,cust_0036,buffer,Mobile,Africa,Action,STD,0,1267,,,,
2026-06-23 12:49:56,sess_000693,cust_0148,buffer,Mobile,LATAM,Action,premium,0,3993,,,,
2026-06-23 12:59:33,sess_000693,cust_0148,pause,Mobile,LATAM,Drama,premium,0,0,,,,
2026-06-23 13:00:09,sess_000693,cust_0148,play,Mobile,LATAM,Comedy,premium,593,0,720p-3000kbps,,,
2026-06-23 13:01:37,sess_000103,cust_0036,play,Mobile,Africa,Horror,STD,1791,0,4500kbps,,,
2026-06-23 13:05:52,sess_000103,cust_0036,play,Mobile,Africa,Kids,STD,1325,0,2000 kbps,,,
2026-06-23 13:08:27,sess_000693,cust_0148,play,Mobile,LATAM,Documentary,premium,1269,0,480p-1500kbps,,,
2026-06-23 13:09:39,sess_000693,cust_0148,session_end,Mobile,LATAM,,premium,0,0,,,95%,
2026-06-23 13:19:10,sess_000103,cust_0036,play,Mobile,Africa,SciFi,STD,1078,0,720p-3000kbps,,,
2026-06-23 13:27:42,sess_000103,cust_0036,play,Mobile,Africa,Comedy,STD,1034,0,480p-1500kbps,,,
2026-06-23 13:34:13,sess_000103,cust_0036,buffer,Mobile,Africa,Drama,STD,0,2117,,,,
2026-06-23 13:45:25,sess_000103,cust_0036,error,Mobile,Africa,Kids,STD,0,0,,E2002,,
2026-06-23 13:50:39,sess_000894,cust_0042,session_start,Web,North America,,premium,0,0,,,,
2026-06-23 13:52:16,sess_000894,cust_0042,play,Web,North America,Horror,premium,1649,0,1080p-6000kbps,,,
2026-06-23 13:56:07,sess_000894,cust_0042,pause,Web,North America,SciFi,premium,0,0,,,,
2026-06-23 13:58:38,sess_000894,cust_0042,play,Web,North America,Drama,premium,1749,0,480p-1500kbps,,,
2026-06-23 14:03:25,sess_000894,cust_0042,play,Web,North America,Kids,premium,1781,0,720p-3000kbps,,,
2026-06-23 14:18:04,sess_000894,cust_0042,buffer,Web,North America,SciFi,premium,0,2737,,,,
2026-06-23 14:27:26,sess_000894,cust_0042,play,Web,North America,Documentary,premium,1003,0,4500 kbps,,,
2026-06-23 14:32:56,sess_000894,cust_0042,error,Web,North America,Kids,premium,0,0,,E2002,,
2026-06-23 15:51:33,sess_000356,cust_0114,session_start,Web,Europe,,Standard ,0,0,,,,
2026-06-23 16:01:04,sess_000356,cust_0114,play,Web,Europe,Drama,Standard ,1186,0,720p-3000kbps,,,
2026-06-23 16:11:23,sess_000356,cust_0114,play,Web,Europe,Action,Standard ,911,0,1500 kbps,,,
2026-06-23 16:18:20,sess_000356,cust_0114,play,Web,Europe,Documentary,Standard ,593,0,480p-2000kbps,,,
2026-06-23 16:19:56,sess_000356,cust_0114,session_end,Web,Europe,,Standard ,0,0,,,45%,4
2026-06-23 17:17:52,sess_000704,cust_0062,session_start,Web,North America,,Premium ,0,0,,,,
2026-06-23 17:30:24,sess_000704,cust_0062,play,Web,North America,SciFi,Premium ,274,0,4500 kbps,,,
2026-06-23 17:31:44,sess_000704,cust_0062,play,Web,North America,Action,Premium ,325,0,6000 kbps,,,
2026-06-23 17:40:12,sess_000704,cust_0062,pause,Web,North America,Action,Premium ,0,0,,,,
2026-06-23 17:45:24,sess_000704,cust_0062,buffer,Web,North America,Comedy,Premium ,0,2100,,,,
2026-06-23 17:54:48,sess_000704,cust_0062,play,Web,North America,Documentary,Premium ,241,0,3000kbps,,,
2026-06-23 18:05:41,sess_000704,cust_0062,pause,Web,North America,SciFi,Premium ,0,0,,,,
2026-06-23 18:07:07,sess_000704,cust_0062,session_end,Web,North America,,Premium ,0,0,,,87%,
2026-06-23 19:45:17,sess_000396,cust_0034,session_start,Console,APAC,,BASIC,0,0,,,,
2026-06-23 19:46:38,sess_000396,cust_0034,buffer,Console,APAC,Horror,BASIC,0,684,,,,
2026-06-23 20:01:33,sess_000396,cust_0034,play,Console,APAC,Kids,BASIC,947,0,1080p-8000kbps,,,
2026-06-23 20:01:52,sess_000396,cust_0034,session_end,Console,APAC,,BASIC,0,0,,,90%,3.0
2026-06-23 20:35:45,sess_000602,cust_0147,session_start,Console,APAC,,basic,0,0,,,,
2026-06-23 20:45:19,sess_000602,cust_0147,play,Console,APAC,Action,basic,145,0,2000 kbps,,,
2026-06-23 20:46:08,sess_000986,cust_0049,session_start,Tablet,North America,,STD,0,0,,,,
2026-06-23 20:46:42,sess_000986,cust_0049,pause,Tablet,North America,Kids,STD,0,0,,,,
2026-06-23 20:47:30,sess_000602,cust_0147,buffer,Console,APAC,Action,basic,0,2158,,,,
2026-06-23 20:51:11,sess_000602,cust_0147,pause,Console,APAC,Kids,basic,0,0,,,,
2026-06-23 20:52:12,sess_000602,cust_0147,session_end,Console,APAC,,basic,0,0,,,80%,1.0
2026-06-23 20:52:41,sess_000986,cust_0049,play,Tablet,North America,SciFi,STD,48,0,4500 kbps,,,
2026-06-23 20:56:24,sess_000986,cust_0049,play,Tablet,North America,SciFi,STD,1628,0,720p-3000kbps,,,
2026-06-23 21:07:04,sess_000986,cust_0049,pause,Tablet,North America,Action,STD,0,0,,,,
2026-06-23 21:14:57,sess_000612,cust_0086,session_start,Web,Europe,,Standard ,0,0,,,,
2026-06-23 21:18:52,sess_000986,cust_0049,buffer,Tablet,North America,Comedy,STD,0,3264,,,,
2026-06-23 21:20:48,sess_000986,cust_0049,play,Tablet,North America,SciFi,STD,656,0,480p-2000kbps,,,
2026-06-23 21:22:39,sess_000612,cust_0086,play,Web,Europe,Documentary,Standard ,449,0,2000kbps,,,
2026-06-23 21:28:30,sess_000986,cust_0049,buffer,Tablet,North America,Horror,STD,0,2862,,,,
2026-06-23 21:30:44,sess_000612,cust_0086,buffer,Web,Europe,Kids,Standard ,0,468,,,,
2026-06-23 21:39:56,sess_000612,cust_0086,play,Web,Europe,Comedy,Standard ,563,0,480p-2000kbps,,,
2026-06-23 21:40:13,sess_000986,cust_0049,pause,Tablet,North America,Drama,STD,0,0,,,,
2026-06-23 21:42:08,sess_000087,cust_0111,session_start,Mobile,APAC,,standard,0,0,,,,
2026-06-23 21:46:29,sess_000986,cust_0049,play,Tablet,North America,SciFi,STD,986,0,1080p-8000kbps,,,
2026-06-23 21:47:00,sess_000986,cust_0049,session_end,Tablet,North America,,STD,0,0,,,75%,n/a
2026-06-23 21:50:10,sess_000612,cust_0086,play,Web,Europe,Comedy,Standard ,560,0,720p-3000kbps,,,
2026-06-23 21:52:23,sess_000087,cust_0111,play,Mobile,APAC,SciFi,standard,1629,0,4500 kbps,,,
2026-06-23 21:55:10,sess_000612,cust_0086,play,Web,Europe,Kids,Standard ,1249,0,6000 kbps,,,
2026-06-23 21:55:47,sess_000612,cust_0086,error,Web,Europe,Documentary,Standard ,0,0,,E1001,,
2026-06-23 22:01:16,sess_000087,cust_0111,pause,Mobile,APAC,Drama,standard,0,0,,,,
2026-06-23 22:05:35,sess_000087,cust_0111,error,Mobile,APAC,Comedy,standard,0,0,,E2002,,
2026-06-23 22:16:55,sess_000087,cust_0111,play,Mobile,APAC,Kids,standard,567,0,1080p-6000kbps,,,
2026-06-23 22:28:08,sess_000087,cust_0111,play,Mobile,APAC,Comedy,standard,108,0,1080p-6000kbps,,,
2026-06-23 22:37:53,sess_000087,cust_0111,play,Mobile,APAC,Drama,standard,702,0,480p-2000kbps,,,
2026-06-23 22:50:44,sess_000087,cust_0111,play,Mobile,APAC,SciFi,standard,1416,0,4500kbps,,,
2026-06-23 23:03:24,sess_000087,cust_0111,play,Mobile,APAC,SciFi,standard,1228,0,2000 kbps,,,
2026-06-23 23:07:56,sess_000087,cust_0111,error,Mobile,APAC,Horror,standard,0,0,,E2002,,
2026-06-23 23:18:04,sess_000087,cust_0111,pause,Mobile,APAC,Kids,standard,0,0,,,,
2026-06-23 23:25:33,sess_000087,cust_0111,play,Mobile,APAC,Kids,standard,1161,0,8000kbps,,,
2026-06-23 23:35:08,sess_000087,cust_0111,buffer,Mobile,APAC,Kids,standard,0,2255,,,,
2026-06-23 23:37:05,sess_000087,cust_0111,session_end,Mobile,APAC,,standard,0,0,,,100%,5 stars
2026-06-24 01:23:39,sess_000078,cust_0109,session_start,Console,North America,,Standard ,0,0,,,,
2026-06-24 01:36:02,sess_000078,cust_0109,play,Console,North America,Drama,Standard ,1026,0,8000kbps,,,
2026-06-24 01:36:54,sess_000078,cust_0109,play,Console,North America,Comedy,Standard ,857,0,2000 kbps,,,
2026-06-24 01:41:34,sess_000078,cust_0109,play,Console,North America,Kids,Standard ,1297,0,6000 kbps,,,
2026-06-24 01:43:56,sess_000319,cust_0051,session_start,Smart TV,Europe,,STD,0,0,,,,
2026-06-24 01:50:45,sess_000078,cust_0109,play,Console,North America,Horror,Standard ,126,0,480p-2000kbps,,,
2026-06-24 01:56:37,sess_000319,cust_0051,play,Smart TV,Europe,Action,STD,1113,0,1080p-8000kbps,,,
2026-06-24 02:03:34,sess_000078,cust_0109,play,Console,North America,Horror,Standard ,357,0,720p-4500kbps,,,
2026-06-24 02:10:57,sess_000319,cust_0051,buffer,Smart TV,Europe,Kids,STD,0,3422,,,,
2026-06-24 02:17:57,sess_000078,cust_0109,play,Console,North America,Action,Standard ,1063,0,480p-1500kbps,,,
2026-06-24 02:20:24,sess_000319,cust_0051,play,Smart TV,Europe,Action,STD,68,0,2000 kbps,,,
2026-06-24 02:23:14,sess_000078,cust_0109,error,Console,North America,Comedy,Standard ,0,0,,E1001,,
2026-06-24 02:29:27,sess_000319,cust_0051,buffer,Smart TV,Europe,SciFi,STD,0,2256,,,,
2026-06-24 02:30:05,sess_000319,cust_0051,error,Smart TV,Europe,Action,STD,0,0,,E1001,,
2026-06-24 04:25:32,sess_000343,cust_0052,session_start,Mobile,,,STD,0,0,,,,
2026-06-24 04:26:29,sess_000343,cust_0052,pause,Mobile,LATAM,Horror,STD,0,0,,,,
2026-06-24 04:40:21,sess_000343,cust_0052,play,Mobile,LATAM,Action,STD,1273,0,1500 kbps,,,
2026-06-24 04:44:57,sess_000343,cust_0052,play,Mobile,LATAM,Documentary,STD,896,0,480p-2000kbps,,,
2026-06-24 04:54:17,sess_000343,cust_0052,buffer,Mobile,LATAM,SciFi,STD,0,3285,,,,
2026-06-24 05:02:14,sess_000343,cust_0052,pause,Mobile,LATAM,Horror,STD,0,0,,,,
2026-06-24 05:13:34,sess_000343,cust_0052,play,Mobile,LATAM,Drama,STD,590,0,4500 kbps,,,
2026-06-24 05:23:05,sess_000343,cust_0052,pause,Mobile,LATAM,Documentary,STD,0,0,,,,
2026-06-24 05:24:46,sess_000343,cust_0052,session_end,Mobile,LATAM,,STD,0,0,,,95%,1.0
2026-06-24 06:14:55,sess_000128,cust_0034,session_start,Console,APAC,,basic,0,0,,,,
2026-06-24 06:21:07,sess_000128,cust_0034,play,Console,APAC,Drama,basic,1124,0,720p-4500kbps,,,
2026-06-24 06:25:04,sess_000128,cust_0034,play,Console,APAC,SciFi,basic,343,0,720p-4500kbps,,,
2026-06-24 06:29:57,sess_000128,cust_0034,play,Console,APAC,Kids,basic,866,0,2000 kbps,,,
2026-06-24 06:34:58,sess_000128,cust_0034,play,Console,APAC,Documentary,basic,683,0,480p-1500kbps,,,
2026-06-24 06:40:13,sess_000128,cust_0034,play,Console,APAC,Kids,basic,854,0,2000 kbps,,,
2026-06-24 06:53:07,sess_000128,cust_0034,play,Console,APAC,Documentary,basic,891,0,1500 kbps,,,
2026-06-24 07:02:35,sess_000128,cust_0034,play,Console,APAC,SciFi,basic,41,0,8000 kbps,,,
2026-06-24 07:09:53,sess_000128,cust_0034,play,Console,APAC,Comedy,basic,1739,0,720p-3000kbps,,,
2026-06-24 07:11:44,sess_000128,cust_0034,session_end,Console,APAC,,basic,0,0,,,95%,1 stars
2026-06-24 08:05:33,sess_000184,cust_0022,session_start,Mobile,APAC,,premium_plus,0,0,,,,
2026-06-24 08:07:50,sess_000184,cust_0022,play,Mobile,APAC,Drama,premium_plus,768,0,6000kbps,,,
2026-06-24 08:14:32,sess_000184,cust_0022,play,Mobile,APAC,Documentary,premium_plus,220,0,4500kbps,,,
2026-06-24 08:24:13,sess_000184,cust_0022,pause,Mobile,APAC,Documentary,premium_plus,0,0,,,,
2026-06-24 08:27:03,sess_000184,cust_0022,play,Mobile,APAC,Drama,premium_plus,95,0,480p-1500kbps,,,
2026-06-24 08:30:33,sess_000184,cust_0022,play,Mobile,APAC,Comedy,premium_plus,1617,0,6000 kbps,,,
2026-06-24 08:43:38,sess_000184,cust_0022,pause,Mobile,APAC,Documentary,premium_plus,0,0,,,,
2026-06-24 08:48:14,sess_000184,cust_0022,pause,Mobile,APAC,Drama,premium_plus,0,0,,,,
2026-06-24 08:49:23,sess_000184,cust_0022,play,Mobile,APAC,SciFi,premium_plus,924,0,4500kbps,,,
2026-06-24 09:01:49,sess_000184,cust_0022,play,Mobile,APAC,SciFi,premium_plus,990,0,1500kbps,,,
2026-06-24 09:06:39,sess_000184,cust_0022,pause,Mobile,APAC,Comedy,premium_plus,0,0,,,,
2026-06-24 09:09:09,sess_000184,cust_0022,buffer,Mobile,APAC,Action,premium_plus,0,1106,,,,
2026-06-24 09:10:25,sess_000184,cust_0022,pause,Mobile,APAC,Action,premium_plus,0,0,,,,
2026-06-24 09:12:11,sess_000184,cust_0022,session_end,Mobile,APAC,,premium_plus,0,0,,,87%,2 stars
2026-06-24 09:45:36,sess_000484,cust_0090,session_start,Mobile,North America,,standard,0,0,,,,
2026-06-24 09:58:40,sess_000484,cust_0090,play,Mobile,North America,Drama,standard,1784,0,480p-1500kbps,,,
2026-06-24 10:01:00,sess_000484,cust_0090,play,Mobile,North America,SciFi,standard,1186,0,2000 kbps,,,
2026-06-24 10:13:31,sess_000484,cust_0090,buffer,Mobile,North America,SciFi,standard,0,867,,,,
2026-06-24 10:26:21,sess_000484,cust_0090,play,Mobile,North America,Drama,standard,642,0,2000 kbps,,,
2026-06-24 10:32:35,sess_000484,cust_0090,pause,Mobile,North America,Action,standard,0,0,,,,
2026-06-24 10:37:56,sess_000484,cust_0090,pause,Mobile,North America,SciFi,standard,0,0,,,,
2026-06-24 10:47:14,sess_000484,cust_0090,play,Mobile,North America,Documentary,standard,1781,0,1080p-8000kbps,,,
2026-06-24 10:47:56,sess_000484,cust_0090,play,Mobile,North America,Kids,standard,668,0,8000 kbps,,,
2026-06-24 11:01:46,sess_000484,cust_0090,buffer,Mobile,North America,Drama,standard,0,2585,,,,
2026-06-24 11:02:41,sess_000484,cust_0090,play,Mobile,North America,Documentary,standard,1262,0,8000 kbps,,,
2026-06-24 11:02:57,sess_000484,cust_0090,session_end,Mobile,North America,,standard,0,0,,,95%,4.0
2026-06-24 11:29:59,sess_000161,cust_0135,session_start,Smart TV,North America,,STD,0,0,,,,
2026-06-24 11:39:50,sess_000161,cust_0135,play,Smart TV,North America,Kids,STD,1094,0,8000 kbps,,,
2026-06-24 11:41:48,sess_000161,cust_0135,play,Smart TV,North America,Kids,STD,206,0,4500kbps,,,
2026-06-24 11:52:39,sess_000161,cust_0135,error,Smart TV,North America,Comedy,STD,0,0,,E4004,,
2026-06-24 11:57:59,sess_000161,cust_0135,buffer,Smart TV,North America,Drama,STD,0,1605,,,,
2026-06-24 12:12:24,sess_000161,cust_0135,play,Smart TV,North America,Kids,STD,1163,0,3000 kbps,,,
2026-06-24 12:22:44,sess_000161,cust_0135,play,Smart TV,North America,Drama,STD,1670,0,2000kbps,,,
2026-06-24 12:27:55,sess_000161,cust_0135,buffer,Smart TV,North America,Documentary,STD,0,293,,,,
2026-06-24 12:42:04,sess_000161,cust_0135,pause,Smart TV,North America,Comedy,STD,0,0,,,,
2026-06-24 12:53:31,sess_000161,cust_0135,play,Smart TV,North America,Drama,STD,1204,0,4500 kbps,,,
2026-06-24 12:55:13,sess_000161,cust_0135,session_end,Smart TV,North America,,STD,0,0,,,N/A,
2026-06-24 13:51:08,sess_000793,cust_0130,session_start,Mobile,LATAM,,BASIC,0,0,,,,
2026-06-24 13:57:48,sess_000793,cust_0130,play,Mobile,LATAM,Drama,BASIC,1486,0,3000 kbps,,,
2026-06-24 14:05:39,sess_000793,cust_0130,error,Mobile,LATAM,Comedy,BASIC,0,0,,E2002,,
2026-06-24 14:16:44,sess_000737,cust_0028,session_start,Tablet,Europe,,Premium ,0,0,,,,
2026-06-24 14:19:30,sess_000793,cust_0130,play,Mobile,LATAM,Drama,BASIC,762,0,1080p-6000kbps,,,
2026-06-24 14:28:50,sess_000793,cust_0130,play,Mobile,LATAM,Drama,BASIC,406,0,6000kbps,,,
2026-06-24 14:29:57,sess_000793,cust_0130,session_end,Mobile,LATAM,,BASIC,0,0,,,,n/a
2026-06-24 14:30:24,sess_000737,cust_0028,play,Tablet,Europe,Action,Premium ,1138,0,8000kbps,,,
2026-06-24 14:35:48,sess_000737,cust_0028,buffer,Tablet,Europe,Documentary,Premium ,0,2700,,,,
2026-06-24 14:47:51,sess_000737,cust_0028,play,Tablet,Europe,Documentary,Premium ,1327,0,1500 kbps,,,
2026-06-24 14:54:16,sess_000737,cust_0028,play,Tablet,Europe,Horror,Premium ,1440,0,1500kbps,,,
2026-06-24 15:05:49,sess_000737,cust_0028,pause,Tablet,Europe,Comedy,Premium ,0,0,,,,
2026-06-24 15:14:52,sess_000737,cust_0028,buffer,Tablet,Europe,Action,Premium ,0,2983,,,,
2026-06-24 15:22:35,sess_000737,cust_0028,pause,Tablet,Europe,Kids,Premium ,0,0,,,,
2026-06-24 15:23:19,sess_000737,cust_0028,play,Tablet,Europe,Drama,Premium ,48,0,720p-3000kbps,,,
2026-06-24 15:25:02,sess_000737,cust_0028,session_end,Tablet,Europe,,Premium ,0,0,,,90%,
2026-06-24 16:30:29,sess_000945,cust_0128,session_start,Tablet,Europe,,basic ,0,0,,,,
2026-06-24 16:43:05,sess_000945,cust_0128,play,Tablet,Europe,Kids,basic ,587,0,1080p-8000kbps,,,
2026-06-24 16:48:41,sess_000945,cust_0128,buffer,Tablet,,Drama,basic ,0,3861,,,,
2026-06-24 17:03:34,sess_000945,cust_0128,play,Tablet,Europe,Comedy,basic ,1795,0,3000 kbps,,,
2026-06-24 17:13:15,sess_000945,cust_0128,pause,Tablet,Europe,Documentary,basic ,0,0,,,,
2026-06-24 17:15:57,sess_000945,cust_0128,play,Tablet,Europe,Drama,basic ,1166,0,3000 kbps,,,
2026-06-24 17:16:50,sess_000945,cust_0128,session_end,Tablet,Europe,,basic ,0,0,,,90%,
2026-06-24 17:35:13,sess_000569,cust_0037,session_start,Console,North America,,premium,0,0,,,,
2026-06-24 17:43:48,sess_000569,cust_0037,play,Console,North America,Horror,premium,1053,0,1080p-6000kbps,,,
2026-06-24 17:56:17,sess_000569,cust_0037,error,Console,North America,Horror,premium,0,0,,E1001,,
2026-06-24 17:57:37,sess_000569,cust_0037,session_end,Console,North America,,premium,0,0,,,87%,N/A
2026-06-24 18:32:49,sess_000877,cust_0032,session_start,Web,LATAM,,Standard,0,0,,,,
2026-06-24 18:34:45,sess_000877,cust_0032,play,Web,LATAM,Comedy,Standard,1024,0,720p-4500kbps,,,
2026-06-24 18:48:39,sess_000877,cust_0032,play,Web,LATAM,Drama,Standard,899,0,3000kbps,,,
2026-06-24 18:55:39,sess_000877,cust_0032,error,Web,LATAM,Horror,Standard,0,0,,E1001,,
2026-06-24 19:27:01,sess_000215,cust_0119,session_start,Smart TV,Africa,,Standard ,0,0,,,,
2026-06-24 19:29:31,sess_000215,cust_0119,play,Smart TV,Africa,Drama,Standard ,1682,0,1500 kbps,,,
2026-06-24 19:34:46,sess_000215,cust_0119,play,Smart TV,Africa,Comedy,Standard ,1104,0,1080p-8000kbps,,,
2026-06-24 19:41:26,sess_000892,cust_0110,session_start,Web,Europe,,premium,0,0,,,,
2026-06-24 19:45:32,sess_000892,cust_0110,play,Web,Europe,Comedy,premium,107,0,2000kbps,,,
2026-06-24 19:46:00,sess_000892,cust_0110,buffer,Web,Europe,Documentary,premium,0,1228,,,,
2026-06-24 19:46:48,sess_000215,cust_0119,play,Smart TV,Africa,Kids,Standard ,380,0,480p-2000kbps,,,
2026-06-24 19:58:24,sess_000215,cust_0119,play,Smart TV,Africa,Kids,Standard ,286,0,8000kbps,,,
2026-06-24 20:00:36,sess_000892,cust_0110,play,Web,Europe,Horror,premium,1185,0,8000kbps,,,
2026-06-24 20:11:07,sess_000892,cust_0110,play,Web,Europe,Horror,premium,1332,0,6000kbps,,,
2026-06-24 20:12:30,sess_000215,cust_0119,play,Smart TV,,Documentary,Standard ,834,0,3000 kbps,,,
2026-06-24 20:15:45,sess_000892,cust_0110,play,Web,Europe,Drama,premium,708,0,8000kbps,,,
2026-06-24 20:21:47,sess_000215,cust_0119,play,Smart TV,Africa,Horror,Standard ,1212,0,8000 kbps,,,
2026-06-24 20:24:19,sess_000215,cust_0119,play,Smart TV,Africa,Action,Standard ,190,0,720p-4500kbps,,,
2026-06-24 20:25:46,sess_000892,cust_0110,pause,Web,Europe,Horror,premium,0,0,,,,
2026-06-24 20:33:01,sess_000215,cust_0119,play,Smart TV,Africa,Action,Standard ,880,0,6000 kbps,,,
2026-06-24 20:33:51,sess_000892,cust_0110,pause,Web,Europe,Comedy,premium,0,0,,,,
2026-06-24 20:34:43,sess_000215,cust_0119,session_end,Smart TV,Africa,,Standard ,0,0,,,75%,3 stars
2026-06-24 20:35:03,sess_000892,cust_0110,session_end,Web,Europe,,premium,0,0,,,95%,N/A
2026-06-24 23:59:29,sess_000075,cust_0051,session_start,Smart TV,Europe,,Standard ,0,0,,,,
2026-06-25 00:07:17,sess_000075,cust_0051,play,Smart TV,Europe,Kids,Standard ,846,0,1500kbps,,,
2026-06-25 00:18:27,sess_000075,cust_0051,play,Smart TV,Europe,Action,Standard ,1051,0,8000kbps,,,
2026-06-25 00:21:16,sess_000075,cust_0051,play,Smart TV,Europe,Documentary,Standard ,1747,0,4500 kbps,,,
2026-06-25 00:31:53,sess_000075,cust_0051,play,Smart TV,Europe,Action,Standard ,1636,0,6000 kbps,,,
2026-06-25 00:32:44,sess_000075,cust_0051,play,Smart TV,Europe,SciFi,Standard ,465,0,480p-2000kbps,,,
2026-06-25 00:47:00,sess_000075,cust_0051,error,Smart TV,Europe,Documentary,Standard ,0,0,,E4004,,
2026-06-25 00:51:14,sess_000075,cust_0051,play,Smart TV,,Kids,Standard ,1064,0,720p-3000kbps,,,
2026-06-25 00:51:24,sess_000075,cust_0051,session_end,Smart TV,Europe,,Standard ,0,0,,,75%,3.0
2026-06-25 00:58:27,sess_000252,cust_0144,session_start,Console,LATAM,,Standard ,0,0,,,,
2026-06-25 01:06:28,sess_000252,cust_0144,play,Console,LATAM,Drama,Standard ,143,0,4500kbps,,,
2026-06-25 01:14:51,sess_000252,cust_0144,pause,Console,LATAM,Documentary,Standard ,0,0,,,,
2026-06-25 01:17:48,sess_000252,cust_0144,pause,Console,LATAM,Documentary,Standard ,0,0,,,,
2026-06-25 01:21:20,sess_000252,cust_0144,play,Console,LATAM,Comedy,Standard ,606,0,480p-2000kbps,,,
2026-06-25 01:26:43,sess_000252,cust_0144,pause,Console,LATAM,SciFi,Standard ,0,0,,,,
2026-06-25 01:28:06,sess_000252,cust_0144,session_end,Console,LATAM,,Standard ,0,0,,,75%,4.0
2026-06-25 02:14:09,sess_000453,cust_0099,session_start,Smart TV,Europe,,STD,0,0,,,,
2026-06-25 02:26:30,sess_000453,cust_0099,play,Smart TV,Europe,Action,STD,1045,0,4500 kbps,,,
2026-06-25 02:37:04,sess_000453,cust_0099,play,Smart TV,Europe,Comedy,STD,1398,0,3000kbps,,,
2026-06-25 02:52:02,sess_000453,cust_0099,error,Smart TV,Europe,SciFi,STD,0,0,,E4004,,
2026-06-25 04:25:07,sess_000632,cust_0017,session_start,Mobile,North America,,Premium,0,0,,,,
2026-06-25 04:29:22,sess_000632,cust_0017,play,Mobile,North America,SciFi,Premium,711,0,480p-2000kbps,,,
2026-06-25 04:34:33,sess_000632,cust_0017,play,Mobile,North America,Horror,Premium,640,0,720p-4500kbps,,,
2026-06-25 04:39:52,sess_000606,cust_0033,session_start,Web,Africa,,Standard,0,0,,,,
2026-06-25 04:40:39,sess_000632,cust_0017,play,Mobile,North America,Action,Premium,1176,0,6000 kbps,,,
2026-06-25 04:43:07,sess_000632,cust_0017,play,Mobile,North America,Action,Premium,392,0,3000 kbps,,,
2026-06-25 04:52:31,sess_000606,cust_0033,play,Web,Africa,SciFi,Standard,1317,0,720p-3000kbps,,,
2026-06-25 04:52:46,sess_000632,cust_0017,play,Mobile,North America,Comedy,Premium,1790,0,4500kbps,,,
2026-06-25 05:03:47,sess_000606,cust_0033,play,Web,Africa,SciFi,Standard,1399,0,4500 kbps,,,
2026-06-25 05:07:26,sess_000632,cust_0017,play,Mobile,North America,Horror,Premium,421,0,480p-2000kbps,,,
2026-06-25 05:08:59,sess_000606,cust_0033,play,Web,Africa,Action,Standard,632,0,720p-4500kbps,,,
2026-06-25 05:10:23,sess_000632,cust_0017,error,Mobile,North America,Horror,Premium,0,0,,E2002,,
2026-06-25 05:14:57,sess_000606,cust_0033,play,Web,Africa,Action,Standard,846,0,1500 kbps,,,
2026-06-25 05:21:27,sess_000606,cust_0033,play,Web,Africa,Drama,Standard,84,0,6000 kbps,,,
2026-06-25 05:29:53,sess_000606,cust_0033,error,Web,Africa,Kids,Standard,0,0,,E2002,,
2026-06-25 05:37:50,sess_000606,cust_0033,error,Web,Africa,Horror,Standard,0,0,,E3003,,
2026-06-25 06:28:26,sess_000042,cust_0079,session_start,Console,Africa,,Basic,0,0,,,,
2026-06-25 06:38:44,sess_000042,cust_0079,play,Console,,Action,Basic,1485,0,8000 kbps,,,
2026-06-25 06:42:51,sess_000042,cust_0079,play,Console,Africa,Horror,Basic,1359,0,3000 kbps,,,
2026-06-25 06:43:36,sess_000042,cust_0079,session_end,Console,Africa,,Basic,0,0,,,95%,4
2026-06-25 11:21:52,sess_000837,cust_0095,session_start,Web,North America,,Basic,0,0,,,,
2026-06-25 11:31:15,sess_000837,cust_0095,play,Web,North America,Kids,Basic,1437,0,720p-4500kbps,,,
2026-06-25 11:43:29,sess_000837,cust_0095,buffer,Web,North America,Kids,Basic,0,1325,,,,
2026-06-25 11:48:34,sess_000837,cust_0095,play,Web,North America,Horror,Basic,1235,0,720p-3000kbps,,,
2026-06-25 11:55:54,sess_000837,cust_0095,buffer,Web,North America,Documentary,Basic,0,2237,,,,
2026-06-25 12:03:08,sess_000837,cust_0095,play,Web,North America,Action,Basic,453,0,6000kbps,,,
2026-06-25 12:03:48,sess_000837,cust_0095,session_end,Web,North America,,Basic,0,0,,,45%,4.0
2026-06-25 12:54:37,sess_000952,cust_0085,session_start,Tablet,North America,,Basic,0,0,,,,
2026-06-25 13:00:25,sess_000952,cust_0085,pause,Tablet,North America,Kids,Basic,0,0,,,,
2026-06-25 13:01:14,sess_000952,cust_0085,play,Tablet,North America,Comedy,Basic,1777,0,720p-3000kbps,,,
2026-06-25 13:01:55,sess_000952,cust_0085,session_end,Tablet,North America,,Basic,0,0,,,45%,2
2026-06-25 13:15:50,sess_000608,cust_0044,session_start,Mobile,Africa,,basic,0,0,,,,
2026-06-25 13:25:44,sess_000243,cust_0123,session_start,Smart TV,Europe,,Basic,0,0,,,,
2026-06-25 13:28:38,sess_000243,cust_0123,play,Smart TV,Europe,Documentary,Basic,1784,0,480p-2000kbps,,,
2026-06-25 13:30:27,sess_000608,cust_0044,play,Mobile,Africa,Horror,basic,1493,0,1080p-8000kbps,,,
2026-06-25 13:30:59,sess_000243,cust_0123,pause,Smart TV,Europe,Horror,Basic,0,0,,,,
2026-06-25 13:34:07,sess_000608,cust_0044,play,Mobile,Africa,Action,basic,767,0,8000kbps,,,
2026-06-25 13:39:42,sess_000243,cust_0123,play,Smart TV,Europe,SciFi,Basic,1580,0,2000kbps,,,
2026-06-25 13:47:41,sess_000243,cust_0123,pause,Smart TV,,Comedy,Basic,0,0,,,,
2026-06-25 13:48:02,sess_000608,cust_0044,play,Mobile,Africa,SciFi,basic,1119,0,3000kbps,,,
2026-06-25 13:49:54,sess_000243,cust_0123,pause,Smart TV,Europe,Horror,Basic,0,0,,,,
2026-06-25 13:57:34,sess_000243,cust_0123,play,Smart TV,Europe,Action,Basic,72,0,480p-1500kbps,,,
2026-06-25 13:58:03,sess_000608,cust_0044,error,Mobile,Africa,SciFi,basic,0,0,,E2002,,
2026-06-25 14:03:34,sess_000243,cust_0123,play,Smart TV,Europe,SciFi,Basic,206,0,720p-3000kbps,,,
2026-06-25 14:09:32,sess_000608,cust_0044,play,Mobile,Africa,Kids,basic,399,0,480p-1500kbps,,,
2026-06-25 14:17:18,sess_000243,cust_0123,play,Smart TV,Europe,Action,Basic,1183,0,6000kbps,,,
2026-06-25 14:19:55,sess_000608,cust_0044,play,Mobile,Africa,Documentary,basic,112,0,2000 kbps,,,
2026-06-25 14:25:58,sess_000243,cust_0123,pause,Smart TV,Europe,Action,Basic,0,0,,,,
2026-06-25 14:29:37,sess_000608,cust_0044,pause,Mobile,Africa,Kids,basic,0,0,,,,
2026-06-25 14:29:40,sess_000243,cust_0123,play,Smart TV,Europe,Kids,Basic,1310,0,3000 kbps,,,
2026-06-25 14:30:28,sess_000302,cust_0006,session_start,Tablet,Europe,,Standard ,0,0,,,,
2026-06-25 14:32:40,sess_000494,cust_0044,session_start,Mobile,Africa,,basic,0,0,,,,
2026-06-25 14:35:20,sess_000608,cust_0044,play,Mobile,Africa,Comedy,basic,42,0,1080p-8000kbps,,,
2026-06-25 14:35:37,sess_000608,cust_0044,play,Mobile,Africa,Kids,basic,199,0,2000 kbps,,,
2026-06-25 14:40:21,sess_000302,cust_0006,play,Tablet,Europe,Drama,Standard ,893,0,3000 kbps,,,
2026-06-25 14:41:21,sess_000494,cust_0044,error,Mobile,Africa,Kids,basic,0,0,,E4004,,
2026-06-25 14:42:37,sess_000243,cust_0123,pause,Smart TV,Europe,Kids,Basic,0,0,,,,
2026-06-25 14:43:24,sess_000243,cust_0123,session_end,Smart TV,Europe,,Basic,0,0,,,100%,
2026-06-25 14:44:05,sess_000302,cust_0006,play,Tablet,Europe,Action,Standard ,1774,0,720p-4500kbps,,,
2026-06-25 14:46:56,sess_000608,cust_0044,play,Mobile,Africa,Kids,basic,864,0,480p-2000kbps,,,
2026-06-25 14:54:54,sess_000302,cust_0006,play,Tablet,Europe,Drama,Standard ,599,0,1080p-6000kbps,,,
2026-06-25 15:00:13,sess_000608,cust_0044,pause,Mobile,Africa,Action,basic,0,0,,,,
2026-06-25 15:00:46,sess_000302,cust_0006,play,Tablet,Europe,Horror,Standard ,516,0,1500kbps,,,
2026-06-25 15:06:56,sess_000302,cust_0006,error,Tablet,Europe,SciFi,Standard ,0,0,,E3003,,
2026-06-25 15:15:09,sess_000608,cust_0044,play,Mobile,Africa,Action,basic,319,0,6000 kbps,,,
2026-06-25 15:16:14,sess_000608,cust_0044,session_end,Mobile,Africa,,basic,0,0,,,75%,3.0
2026-06-25 15:18:10,sess_000302,cust_0006,error,Tablet,Europe,Comedy,Standard ,0,0,,E1001,,
2026-06-25 15:32:01,sess_000302,cust_0006,play,Tablet,Europe,Action,Standard ,762,0,480p-2000kbps,,,
2026-06-25 15:32:47,sess_000302,cust_0006,session_end,Tablet,Europe,,Standard ,0,0,,,100%,5 stars
2026-06-25 15:44:25,sess_000796,cust_0031,session_start,Console,Africa,,Standard ,0,0,,,,
2026-06-25 15:46:53,sess_000796,cust_0031,play,Console,Africa,SciFi,Standard ,596,0,480p-2000kbps,,,
2026-06-25 15:50:50,sess_000796,cust_0031,play,Console,Africa,Comedy,Standard ,1600,0,720p-4500kbps,,,
2026-06-25 15:57:12,sess_000796,cust_0031,play,Console,Africa,Horror,Standard ,76,0,6000kbps,,,
2026-06-25 16:07:33,sess_000796,cust_0031,pause,Console,Africa,Drama,Standard ,0,0,,,,
2026-06-25 16:14:09,sess_000796,cust_0031,play,Console,Africa,Action,Standard ,1391,0,2000kbps,,,
2026-06-25 16:25:38,sess_000796,cust_0031,play,Console,Africa,Drama,Standard ,1017,0,1080p-8000kbps,,,
2026-06-25 16:30:23,sess_000796,cust_0031,play,Console,Africa,Action,Standard ,621,0,480p-1500kbps,,,
2026-06-25 16:39:20,sess_000796,cust_0031,play,Console,Africa,Drama,Standard ,934,0,1500 kbps,,,
2026-06-25 16:39:35,sess_000796,cust_0031,play,Console,Africa,Comedy,Standard ,1206,0,4500 kbps,,,
2026-06-25 16:42:42,sess_000796,cust_0031,play,Console,Africa,Kids,Standard ,1181,0,1500kbps,,,
2026-06-25 16:48:50,sess_000796,cust_0031,play,Console,Africa,Drama,Standard ,1030,0,1500kbps,,,
2026-06-25 16:49:56,sess_000796,cust_0031,session_end,Console,Africa,,Standard ,0,0,,,75%,4 stars
2026-06-25 19:17:26,sess_000242,cust_0120,session_start,Console,,,STD,0,0,,,,
2026-06-25 19:24:10,sess_000242,cust_0120,play,Console,LATAM,SciFi,STD,1188,0,720p-4500kbps,,,
2026-06-25 19:29:16,sess_000242,cust_0120,pause,Console,LATAM,Drama,STD,0,0,,,,
2026-06-25 19:38:55,sess_000242,cust_0120,play,Console,LATAM,Comedy,STD,299,0,4500 kbps,,,
2026-06-25 19:49:45,sess_000242,cust_0120,play,Console,LATAM,Kids,STD,498,0,8000 kbps,,,
2026-06-25 19:50:25,sess_000242,cust_0120,play,Console,LATAM,Documentary,STD,1021,0,1500 kbps,,,
2026-06-25 20:03:03,sess_000242,cust_0120,pause,Console,LATAM,Kids,STD,0,0,,,,
2026-06-25 20:04:18,sess_000242,cust_0120,buffer,Console,LATAM,Comedy,STD,0,409,,,,
2026-06-25 20:10:37,sess_000242,cust_0120,play,Console,LATAM,Horror,STD,1287,0,8000 kbps,,,
2026-06-25 20:11:37,sess_000242,cust_0120,session_end,Console,LATAM,,STD,0,0,,,95%,1 stars
2026-06-25 20:19:35,sess_000147,cust_0102,session_start,Smart TV,LATAM,,basic,0,0,,,,
2026-06-25 20:23:33,sess_000118,cust_0142,session_start,Tablet,Africa,,premium,0,0,,,,
2026-06-25 20:28:31,sess_000147,cust_0102,play,Smart TV,,Action,basic,1111,0,8000 kbps,,,
2026-06-25 20:33:29,sess_000147,cust_0102,play,Smart TV,LATAM,Drama,basic,889,0,8000kbps,,,
2026-06-25 20:34:38,sess_000118,cust_0142,play,Tablet,Africa,Documentary,premium,667,0,3000kbps,,,
2026-06-25 20:34:41,sess_000147,cust_0102,buffer,Smart TV,LATAM,SciFi,basic,0,3981,,,,
2026-06-25 20:47:18,sess_000147,cust_0102,play,Smart TV,LATAM,Action,basic,1124,0,4500kbps,,,
2026-06-25 20:47:28,sess_000118,cust_0142,play,Tablet,Africa,SciFi,premium,234,0,3000kbps,,,
2026-06-25 20:47:44,sess_000118,cust_0142,play,Tablet,Africa,Drama,premium,1387,0,8000 kbps,,,
2026-06-25 20:49:56,sess_000118,cust_0142,play,Tablet,Africa,Kids,premium,414,0,720p-4500kbps,,,
2026-06-25 20:52:41,sess_000118,cust_0142,play,Tablet,Africa,Action,premium,883,0,480p-1500kbps,,,
2026-06-25 20:59:28,sess_000147,cust_0102,error,Smart TV,LATAM,Comedy,basic,0,0,,E1001,,
2026-06-25 21:02:46,sess_000118,cust_0142,buffer,Tablet,Africa,Drama,premium,0,728,,,,
2026-06-25 21:03:43,sess_000118,cust_0142,play,Tablet,Africa,Kids,premium,623,0,3000 kbps,,,
2026-06-25 21:06:34,sess_000118,cust_0142,play,Tablet,Africa,Comedy,premium,1320,0,1080p-8000kbps,,,
2026-06-25 21:11:05,sess_000118,cust_0142,pause,Tablet,Africa,Drama,premium,0,0,,,,
2026-06-25 21:11:17,sess_000147,cust_0102,play,Smart TV,LATAM,Horror,basic,1451,0,720p-4500kbps,,,
2026-06-25 21:16:24,sess_000118,cust_0142,buffer,Tablet,Africa,Drama,premium,0,661,,,,
2026-06-25 21:16:41,sess_000118,cust_0142,play,Tablet,Africa,SciFi,premium,1216,0,8000kbps,,,
2026-06-25 21:18:51,sess_000147,cust_0102,play,Smart TV,LATAM,Horror,basic,146,0,720p-3000kbps,,,
2026-06-25 21:24:32,sess_000118,cust_0142,play,Tablet,Africa,SciFi,premium,1729,0,720p-4500kbps,,,
2026-06-25 21:25:59,sess_000118,cust_0142,session_end,Tablet,Africa,,premium,0,0,,,75%,n/a
2026-06-25 21:31:17,sess_000147,cust_0102,play,Smart TV,LATAM,Drama,basic,1056,0,1500kbps,,,
2026-06-25 21:35:27,sess_000147,cust_0102,pause,Smart TV,LATAM,Kids,basic,0,0,,,,
2026-06-25 21:49:04,sess_000147,cust_0102,play,Smart TV,LATAM,Action,basic,670,0,3000 kbps,,,
2026-06-25 21:58:15,sess_000147,cust_0102,error,Smart TV,LATAM,Comedy,basic,0,0,,E4004,,
2026-06-25 22:19:39,sess_000050,cust_0086,session_start,Web,Europe,,Standard,0,0,,,,
2026-06-25 22:22:28,sess_000327,cust_0074,session_start,Smart TV,Africa,,premium plus,0,0,,,,
2026-06-25 22:34:15,sess_000050,cust_0086,play,Web,Europe,Comedy,Standard,1723,0,720p-3000kbps,,,
2026-06-25 22:35:40,sess_000327,cust_0074,pause,Smart TV,Africa,Action,premium plus,0,0,,,,
2026-06-25 22:44:37,sess_000327,cust_0074,play,Smart TV,Africa,Documentary,premium plus,600,0,6000kbps,,,
2026-06-25 22:45:33,sess_000050,cust_0086,play,Web,Europe,SciFi,Standard,306,0,480p-2000kbps,,,
2026-06-25 22:51:06,sess_000327,cust_0074,pause,Smart TV,Africa,Horror,premium plus,0,0,,,,
2026-06-25 22:55:17,sess_000050,cust_0086,play,Web,Europe,Action,Standard,1096,0,1500kbps,,,
2026-06-25 22:56:04,sess_000327,cust_0074,buffer,Smart TV,Africa,Kids,premium plus,0,1407,,,,
2026-06-25 22:56:40,sess_000327,cust_0074,play,Smart TV,Africa,Drama,premium plus,945,0,4500 kbps,,,
2026-06-25 22:59:51,sess_000050,cust_0086,play,Web,Europe,Documentary,Standard,1475,0,1080p-6000kbps,,,
2026-06-25 23:00:59,sess_000050,cust_0086,session_end,Web,Europe,,Standard,0,0,,,90%,n/a
2026-06-25 23:08:54,sess_000327,cust_0074,play,Smart TV,Africa,Horror,premium plus,1173,0,480p-2000kbps,,,
2026-06-25 23:15:04,sess_000327,cust_0074,play,Smart TV,Africa,Kids,premium plus,1029,0,8000kbps,,,
2026-06-25 23:20:57,sess_000327,cust_0074,play,Smart TV,Africa,Comedy,premium plus,997,0,2000kbps,,,
2026-06-25 23:21:22,sess_000327,cust_0074,buffer,Smart TV,,SciFi,premium plus,0,1334,,,,
2026-06-25 23:22:56,sess_000327,cust_0074,session_end,Smart TV,Africa,,premium plus,0,0,,,75%,N/A
2026-06-25 23:38:12,sess_000216,cust_0144,session_start,Console,LATAM,,Standard ,0,0,,,,
2026-06-25 23:44:54,sess_000216,cust_0144,error,Console,LATAM,Documentary,Standard ,0,0,,E4004,,
2026-06-25 23:50:27,sess_000216,cust_0144,play,Console,LATAM,Action,Standard ,1654,0,2000 kbps,,,
2026-06-25 23:57:17,sess_000216,cust_0144,play,Console,LATAM,Kids,Standard ,1427,0,3000 kbps,,,
2026-06-26 00:07:03,sess_000216,cust_0144,play,Console,LATAM,Horror,Standard ,1471,0,3000 kbps,,,
2026-06-26 00:13:21,sess_000216,cust_0144,play,Console,LATAM,Drama,Standard ,1450,0,1500 kbps,,,
2026-06-26 00:26:40,sess_000216,cust_0144,play,Console,LATAM,Kids,Standard ,1533,0,480p-2000kbps,,,
2026-06-26 00:41:21,sess_000216,cust_0144,play,Console,LATAM,Action,Standard ,667,0,1500kbps,,,
2026-06-26 00:41:40,sess_000216,cust_0144,pause,Console,LATAM,Drama,Standard ,0,0,,,,
2026-06-26 00:44:46,sess_000751,cust_0078,session_start,Tablet,LATAM,,Basic,0,0,,,,
2026-06-26 00:51:29,sess_000751,cust_0078,play,Tablet,LATAM,Horror,Basic,833,0,480p-2000kbps,,,
2026-06-26 00:51:31,sess_000216,cust_0144,play,Console,LATAM,Action,Standard ,1562,0,6000kbps,,,
2026-06-26 01:00:59,sess_000216,cust_0144,play,Console,LATAM,Comedy,Standard ,300,0,6000 kbps,,,
2026-06-26 01:01:11,sess_000216,cust_0144,session_end,Console,LATAM,,Standard ,0,0,,,100%,n/a
2026-06-26 01:02:03,sess_000751,cust_0078,buffer,Tablet,LATAM,Drama,Basic,0,1700,,,,
2026-06-26 01:08:06,sess_000751,cust_0078,play,Tablet,LATAM,Documentary,Basic,1615,0,3000kbps,,,
2026-06-26 01:09:59,sess_000751,cust_0078,play,Tablet,LATAM,Action,Basic,153,0,8000kbps,,,
2026-06-26 01:21:39,sess_000751,cust_0078,pause,Tablet,LATAM,Comedy,Basic,0,0,,,,
2026-06-26 01:36:33,sess_000751,cust_0078,play,Tablet,LATAM,Comedy,Basic,578,0,8000kbps,,,
2026-06-26 01:43:42,sess_000751,cust_0078,play,Tablet,LATAM,SciFi,Basic,828,0,480p-1500kbps,,,
2026-06-26 01:55:17,sess_000751,cust_0078,play,Tablet,LATAM,Drama,Basic,1042,0,8000 kbps,,,
2026-06-26 01:57:58,sess_000751,cust_0078,play,Tablet,LATAM,Comedy,Basic,1303,0,1080p-8000kbps,,,
2026-06-26 02:04:33,sess_000751,cust_0078,pause,Tablet,LATAM,SciFi,Basic,0,0,,,,
2026-06-26 02:19:06,sess_000751,cust_0078,play,Tablet,LATAM,Kids,Basic,364,0,720p-3000kbps,,,
2026-06-26 02:20:32,sess_000751,cust_0078,session_end,Tablet,LATAM,,Basic,0,0,,,95%,4 stars
2026-06-26 02:24:34,sess_000203,cust_0116,session_start,Web,Europe,,Standard,0,0,,,,
2026-06-26 02:31:57,sess_000203,cust_0116,play,Web,Europe,Documentary,Standard,1399,0,2000kbps,,,
2026-06-26 02:39:42,sess_000203,cust_0116,error,Web,Europe,Kids,Standard,0,0,,E2002,,
2026-06-26 02:47:20,sess_000203,cust_0116,play,Web,Europe,Action,Standard,302,0,3000kbps,,,
2026-06-26 02:54:38,sess_000203,cust_0116,buffer,Web,Europe,Kids,Standard,0,1569,,,,
2026-06-26 03:00:53,sess_000203,cust_0116,buffer,Web,Europe,Horror,Standard,0,3746,,,,
2026-06-26 03:10:00,sess_000203,cust_0116,play,Web,Europe,Action,Standard,573,0,6000kbps,,,
2026-06-26 03:11:42,sess_000203,cust_0116,session_end,Web,Europe,,Standard,0,0,,,75%,n/a
2026-06-26 04:02:18,sess_000414,cust_0127,session_start,Tablet,Africa,,Standard ,0,0,,,,
2026-06-26 04:11:23,sess_000414,cust_0127,play,Tablet,Africa,SciFi,Standard ,1710,0,2000kbps,,,
2026-06-26 04:19:01,sess_000414,cust_0127,play,Tablet,Africa,Action,Standard ,796,0,6000kbps,,,
2026-06-26 04:20:37,sess_000414,cust_0127,play,Tablet,Africa,Kids,Standard ,825,0,8000 kbps,,,
2026-06-26 04:32:28,sess_000414,cust_0127,play,Tablet,Africa,Horror,Standard ,501,0,1500kbps,,,
2026-06-26 04:43:28,sess_000414,cust_0127,play,Tablet,Africa,Action,Standard ,868,0,1500 kbps,,,
2026-06-26 04:54:23,sess_000414,cust_0127,play,Tablet,Africa,SciFi,Standard ,1037,0,4500 kbps,,,
2026-06-26 05:02:10,sess_000414,cust_0127,play,Tablet,Africa,Comedy,Standard ,1625,0,2000 kbps,,,
2026-06-26 05:04:06,sess_000414,cust_0127,error,Tablet,Africa,Horror,Standard ,0,0,,E4004,,
2026-06-26 05:11:19,sess_000414,cust_0127,error,Tablet,Africa,SciFi,Standard ,0,0,,E2002,,
2026-06-26 05:11:41,sess_000414,cust_0127,play,Tablet,Africa,Drama,Standard ,245,0,720p-4500kbps,,,
2026-06-26 05:12:32,sess_000414,cust_0127,session_end,Tablet,Africa,,Standard ,0,0,,,60%,2.0
2026-06-26 05:55:59,sess_000270,cust_0116,session_start,Web,Europe,,STD,0,0,,,,
2026-06-26 06:07:59,sess_000270,cust_0116,buffer,Web,Europe,SciFi,STD,0,3489,,,,
2026-06-26 06:22:13,sess_000270,cust_0116,error,Web,Europe,Kids,STD,0,0,,E3003,,
2026-06-26 06:35:26,sess_000270,cust_0116,play,Web,Europe,SciFi,STD,1741,0,8000 kbps,,,
2026-06-26 06:49:19,sess_000270,cust_0116,play,Web,Europe,Comedy,STD,507,0,1500 kbps,,,
2026-06-26 06:49:53,sess_000270,cust_0116,play,Web,Europe,Comedy,STD,652,0,3000 kbps,,,
2026-06-26 06:52:19,sess_000507,cust_0038,session_start,Console,Africa,,standard,0,0,,,,
2026-06-26 06:58:04,sess_000270,cust_0116,play,Web,Europe,Drama,STD,166,0,480p-1500kbps,,,
2026-06-26 07:01:15,sess_000270,cust_0116,play,Web,Europe,Horror,STD,1227,0,6000 kbps,,,
2026-06-26 07:06:14,sess_000270,cust_0116,pause,Web,Europe,Documentary,STD,0,0,,,,
2026-06-26 07:07:14,sess_000270,cust_0116,session_end,Web,Europe,,STD,0,0,,,60%,2
2026-06-26 07:07:18,sess_000507,cust_0038,play,Console,Africa,Kids,standard,126,0,480p-1500kbps,,,
2026-06-26 07:07:58,sess_000507,cust_0038,play,Console,Africa,SciFi,standard,1451,0,720p-4500kbps,,,
2026-06-26 07:19:02,sess_000507,cust_0038,play,Console,Africa,Action,standard,680,0,8000kbps,,,
2026-06-26 07:19:48,sess_000507,cust_0038,buffer,Console,Africa,Horror,standard,0,3615,,,,
2026-06-26 07:30:17,sess_000507,cust_0038,play,Console,Africa,Kids,standard,1504,0,1080p-6000kbps,,,
2026-06-26 07:34:38,sess_000507,cust_0038,play,Console,Africa,Action,standard,1112,0,4500 kbps,,,
2026-06-26 07:40:05,sess_000507,cust_0038,pause,Console,Africa,Action,standard,0,0,,,,
2026-06-26 07:49:39,sess_000507,cust_0038,pause,Console,Africa,SciFi,standard,0,0,,,,
2026-06-26 07:56:39,sess_000507,cust_0038,play,Console,,Comedy,standard,912,0,720p-4500kbps,,,
2026-06-26 08:05:13,sess_000507,cust_0038,play,Console,Africa,Horror,standard,1321,0,480p-1500kbps,,,
2026-06-26 08:12:40,sess_000507,cust_0038,play,Console,Africa,Comedy,standard,805,0,1080p-8000kbps,,,
2026-06-26 08:13:16,sess_000507,cust_0038,session_end,Console,Africa,,standard,0,0,,,95%,1
2026-06-26 09:08:10,sess_000426,cust_0087,session_start,Console,North America,,BASIC,0,0,,,,
2026-06-26 09:09:38,sess_000426,cust_0087,play,Console,North America,Comedy,BASIC,1345,0,6000kbps,,,
2026-06-26 09:15:22,sess_000008,cust_0042,session_start,Web,North America,,Premium,0,0,,,,
2026-06-26 09:15:26,sess_000426,cust_0087,play,Console,North America,Action,BASIC,1349,0,2000 kbps,,,
2026-06-26 09:19:46,sess_000008,cust_0042,pause,Web,North America,Documentary,Premium,0,0,,,,
2026-06-26 09:23:37,sess_000008,cust_0042,play,Web,North America,SciFi,Premium,582,0,3000kbps,,,
2026-06-26 09:29:18,sess_000426,cust_0087,play,Console,North America,Comedy,BASIC,738,0,1080p-6000kbps,,,
2026-06-26 09:35:56,sess_000008,cust_0042,play,Web,North America,Horror,Premium,1788,0,4500 kbps,,,
2026-06-26 09:42:22,sess_000426,cust_0087,pause,Console,,Action,BASIC,0,0,,,,
2026-06-26 09:44:36,sess_000426,cust_0087,buffer,Console,North America,Kids,BASIC,0,3799,,,,
2026-06-26 09:46:37,sess_000008,cust_0042,play,Web,North America,Documentary,Premium,1579,0,720p-3000kbps,,,
2026-06-26 09:48:30,sess_000008,cust_0042,pause,Web,North America,Action,Premium,0,0,,,,
2026-06-26 09:52:46,sess_000426,cust_0087,buffer,Console,North America,Documentary,BASIC,0,299,,,,
2026-06-26 09:59:53,sess_000008,cust_0042,buffer,Web,North America,Action,Premium,0,3173,,,,
2026-06-26 10:04:43,sess_000426,cust_0087,play,Console,North America,Kids,BASIC,900,0,720p-4500kbps,,,
2026-06-26 10:05:31,sess_000426,cust_0087,buffer,Console,North America,Documentary,BASIC,0,3389,,,,
2026-06-26 10:06:51,sess_000426,cust_0087,session_end,Console,North America,,BASIC,0,0,,,100%,N/A
2026-06-26 10:14:16,sess_000008,cust_0042,play,Web,North America,SciFi,Premium,1319,0,720p-3000kbps,,,
2026-06-26 10:15:11,sess_000008,cust_0042,play,Web,North America,Comedy,Premium,1793,0,6000 kbps,,,
2026-06-26 10:18:52,sess_000008,cust_0042,play,Web,North America,Drama,Premium,1441,0,1500 kbps,,,
2026-06-26 10:29:49,sess_000008,cust_0042,play,Web,North America,Action,Premium,561,0,3000kbps,,,
2026-06-26 10:33:07,sess_000008,cust_0042,play,Web,North America,SciFi,Premium,1492,0,2000kbps,,,
2026-06-26 10:42:49,sess_000008,cust_0042,play,Web,North America,SciFi,Premium,306,0,1500 kbps,,,
2026-06-26 10:43:54,sess_000008,cust_0042,session_end,Web,North America,,Premium,0,0,,,45%,N/A
2026-06-26 12:50:44,sess_000997,cust_0016,session_start,,LATAM,,basic ,0,0,,,,
2026-06-26 12:57:45,sess_000997,cust_0016,play,,LATAM,Kids,basic ,1379,0,6000kbps,,,
2026-06-26 12:58:26,sess_000997,cust_0016,play,,LATAM,Kids,basic ,289,0,720p-3000kbps,,,
2026-06-26 13:05:59,sess_000997,cust_0016,play,,LATAM,SciFi,basic ,1004,0,480p-1500kbps,,,
2026-06-26 13:18:44,sess_000997,cust_0016,play,,LATAM,Drama,basic ,1088,0,3000 kbps,,,
2026-06-26 13:27:09,sess_000997,cust_0016,pause,,LATAM,SciFi,basic ,0,0,,,,
2026-06-26 13:30:28,sess_000997,cust_0016,play,,LATAM,Drama,basic ,570,0,480p-1500kbps,,,
2026-06-26 13:42:25,sess_000997,cust_0016,play,,LATAM,Drama,basic ,780,0,1080p-8000kbps,,,
2026-06-26 13:47:06,sess_000997,cust_0016,play,,LATAM,Action,basic ,1310,0,2000 kbps,,,
2026-06-26 13:56:19,sess_000997,cust_0016,buffer,,LATAM,Kids,basic ,0,3087,,,,
2026-06-26 13:57:01,sess_000997,cust_0016,session_end,,LATAM,,basic ,0,0,,,45%,5
2026-06-26 15:17:45,sess_000345,cust_0131,session_start,Smart TV,Europe,,Premium ,0,0,,,,
2026-06-26 15:22:38,sess_000345,cust_0131,play,Smart TV,Europe,Drama,Premium ,931,0,1500 kbps,,,
2026-06-26 15:24:42,sess_000345,cust_0131,play,Smart TV,Europe,Horror,Premium ,214,0,3000 kbps,,,
2026-06-26 15:33:04,sess_000345,cust_0131,pause,Smart TV,Europe,Action,Premium ,0,0,,,,
2026-06-26 15:44:51,sess_000345,cust_0131,play,Smart TV,Europe,Comedy,Premium ,442,0,4500 kbps,,,
2026-06-26 15:46:15,sess_000345,cust_0131,session_end,Smart TV,Europe,,Premium ,0,0,,,95%,5 stars
2026-06-26 17:49:52,sess_000002,cust_0095,session_start,Web,North America,,basic ,0,0,,,,
2026-06-26 18:04:33,sess_000002,cust_0095,play,Web,North America,Documentary,basic ,668,0,480p-1500kbps,,,
2026-06-26 18:05:22,sess_000002,cust_0095,play,Web,North America,Drama,basic ,468,0,1080p-8000kbps,,,
2026-06-26 18:09:32,sess_000002,cust_0095,pause,Web,North America,SciFi,basic ,0,0,,,,
2026-06-26 18:17:13,sess_000002,cust_0095,play,Web,North America,Documentary,basic ,1425,0,1500 kbps,,,
2026-06-26 18:31:15,sess_000002,cust_0095,error,Web,North America,Horror,basic ,0,0,,E2002,,
2026-06-26 18:32:36,sess_000002,cust_0095,session_end,Web,North America,,basic ,0,0,,,45%,1 stars
2026-06-26 18:41:25,sess_000046,cust_0109,session_start,Console,North America,,Standard ,0,0,,,,
2026-06-26 18:43:21,sess_000046,cust_0109,play,Console,North America,Drama,Standard ,191,0,8000kbps,,,
2026-06-26 18:47:27,sess_000046,cust_0109,play,Console,North America,Kids,Standard ,1715,0,8000kbps,,,
2026-06-26 18:59:45,sess_000046,cust_0109,play,Console,North America,Kids,Standard ,389,0,1500 kbps,,,
2026-06-26 19:12:05,sess_000046,cust_0109,play,Console,North America,Documentary,Standard ,122,0,8000 kbps,,,
2026-06-26 19:26:42,sess_000046,cust_0109,pause,Console,North America,Horror,Standard ,0,0,,,,
2026-06-26 19:33:15,sess_000046,cust_0109,play,Console,North America,Documentary,Standard ,1017,0,720p-4500kbps,,,
2026-06-26 19:44:56,sess_000046,cust_0109,play,Console,North America,Drama,Standard ,1688,0,480p-2000kbps,,,
2026-06-26 19:47:57,sess_000046,cust_0109,pause,Console,North America,Comedy,Standard ,0,0,,,,
2026-06-26 20:00:30,sess_000046,cust_0109,play,Console,North America,SciFi,Standard ,1740,0,8000 kbps,,,
2026-06-26 20:06:48,sess_000046,cust_0109,play,Console,North America,Action,Standard ,746,0,3000 kbps,,,
2026-06-26 20:19:44,sess_000046,cust_0109,play,Console,North America,Action,Standard ,1778,0,1500 kbps,,,
2026-06-26 20:24:10,sess_000046,cust_0109,play,Console,North America,SciFi,Standard ,937,0,1500kbps,,,
2026-06-26 20:24:36,sess_000046,cust_0109,session_end,Console,North America,,Standard ,0,0,,,80%,
2026-06-26 20:56:54,sess_000187,cust_0037,session_start,Console,North America,,Premium,0,0,,,,
2026-06-26 20:57:32,sess_000187,cust_0037,play,Console,North America,SciFi,Premium,1150,0,2000kbps,,,
2026-06-26 20:58:43,sess_000187,cust_0037,play,Console,North America,Documentary,Premium,154,0,480p-1500kbps,,,
2026-06-26 20:59:13,sess_000187,cust_0037,session_end,Console,North America,,Premium,0,0,,,75%,4.0
2026-06-26 21:09:55,sess_000845,cust_0140,session_start,Console,LATAM,,premium plus,0,0,,,,
2026-06-26 21:19:22,sess_000845,cust_0140,buffer,Console,LATAM,SciFi,premium plus,0,3474,,,,
2026-06-26 21:28:24,sess_000845,cust_0140,play,Console,LATAM,Drama,premium plus,928,0,4500 kbps,,,
2026-06-26 21:29:39,sess_000845,cust_0140,buffer,Console,LATAM,Documentary,premium plus,0,416,,,,
2026-06-26 21:34:26,sess_000845,cust_0140,play,Console,LATAM,Kids,premium plus,469,0,3000kbps,,,
2026-06-26 21:46:07,sess_000845,cust_0140,play,Console,LATAM,SciFi,premium plus,1309,0,480p-2000kbps,,,
2026-06-26 21:52:18,sess_000845,cust_0140,play,Console,LATAM,Comedy,premium plus,544,0,1080p-6000kbps,,,
2026-06-26 22:03:35,sess_000666,cust_0045,session_start,Mobile,North America,,Premium ,0,0,,,,
2026-06-26 22:06:23,sess_000845,cust_0140,pause,Console,LATAM,Comedy,premium plus,0,0,,,,
2026-06-26 22:07:25,sess_000845,cust_0140,session_end,Console,LATAM,,premium plus,0,0,,,95%,1
2026-06-26 22:10:35,sess_000666,cust_0045,pause,Mobile,North America,Kids,Premium ,0,0,,,,
2026-06-26 22:20:06,sess_000666,cust_0045,buffer,Mobile,North America,SciFi,Premium ,0,390,,,,
2026-06-26 22:33:03,sess_000666,cust_0045,play,Mobile,North America,Horror,Premium ,1132,0,6000kbps,,,
2026-06-26 22:33:37,sess_000666,cust_0045,error,Mobile,North America,Horror,Premium ,0,0,,E2002,,
2026-06-26 22:47:25,sess_000666,cust_0045,play,Mobile,North America,Comedy,Premium ,1300,0,1500 kbps,,,
2026-06-26 22:47:59,sess_000506,cust_0148,session_start,,LATAM,,Premium,0,0,,,,
2026-06-26 23:01:09,sess_000506,cust_0148,buffer,,LATAM,Action,Premium,0,227,,,,
2026-06-26 23:01:48,sess_000666,cust_0045,pause,Mobile,North America,Kids,Premium ,0,0,,,,
2026-06-26 23:05:50,sess_000506,cust_0148,play,,LATAM,Kids,Premium,1520,0,1080p-8000kbps,,,
2026-06-26 23:08:45,sess_000666,cust_0045,play,Mobile,North America,Kids,Premium ,1381,0,1500 kbps,,,
2026-06-26 23:09:27,sess_000666,cust_0045,buffer,Mobile,North America,Documentary,Premium ,0,3563,,,,
2026-06-26 23:11:37,sess_000506,cust_0148,buffer,,LATAM,Action,Premium,0,1526,,,,
2026-06-26 23:15:01,sess_000506,cust_0148,play,,LATAM,SciFi,Premium,1399,0,480p-2000kbps,,,
2026-06-26 23:17:35,sess_000666,cust_0045,pause,Mobile,North America,Drama,Premium ,0,0,,,,
2026-06-26 23:17:56,sess_000506,cust_0148,pause,,LATAM,Kids,Premium,0,0,,,,
2026-06-26 23:25:45,sess_000506,cust_0148,pause,,LATAM,Horror,Premium,0,0,,,,
2026-06-26 23:27:45,sess_000666,cust_0045,play,Mobile,North America,Comedy,Premium ,1478,0,1080p-8000kbps,,,
2026-06-26 23:32:59,sess_000506,cust_0148,play,,LATAM,Documentary,Premium,1733,0,1080p-6000kbps,,,
2026-06-26 23:36:07,sess_000666,cust_0045,buffer,Mobile,North America,Drama,Premium ,0,2712,,,,
2026-06-26 23:38:58,sess_000506,cust_0148,play,,LATAM,Action,Premium,1434,0,6000kbps,,,
2026-06-26 23:41:01,sess_000218,cust_0104,session_start,,Europe,,STD,0,0,,,,
2026-06-26 23:42:59,sess_000506,cust_0148,buffer,,LATAM,Kids,Premium,0,2771,,,,
2026-06-26 23:43:12,sess_000666,cust_0045,play,Mobile,North America,SciFi,Premium ,1035,0,6000 kbps,,,
2026-06-26 23:43:40,sess_000666,cust_0045,session_end,Mobile,North America,,Premium ,0,0,,,95%,2
2026-06-26 23:44:18,sess_000218,cust_0104,play,,Europe,Drama,STD,289,0,480p-1500kbps,,,
2026-06-26 23:45:57,sess_000506,cust_0148,play,,LATAM,Drama,Premium,1529,0,3000 kbps,,,
2026-06-26 23:46:27,sess_000506,cust_0148,session_end,,LATAM,,Premium,0,0,,,95%,5.0
2026-06-26 23:56:16,sess_000910,cust_0116,session_start,Web,Europe,,Standard ,0,0,,,,
2026-06-26 23:59:16,sess_000218,cust_0104,play,,Europe,Comedy,STD,521,0,8000 kbps,,,
2026-06-26 23:59:34,sess_000218,cust_0104,play,,Europe,Drama,STD,1382,0,1080p-6000kbps,,,
2026-06-27 00:04:17,sess_000910,cust_0116,pause,Web,Europe,SciFi,Standard ,0,0,,,,
2026-06-27 00:06:28,sess_000218,cust_0104,play,,Europe,Drama,STD,704,0,6000 kbps,,,
2026-06-27 00:12:08,sess_000910,cust_0116,play,Web,Europe,SciFi,Standard ,602,0,2000kbps,,,
2026-06-27 00:13:28,sess_000910,cust_0116,session_end,Web,Europe,,Standard ,0,0,,,95%,
2026-06-27 00:15:23,sess_000218,cust_0104,play,,Europe,Drama,STD,974,0,3000kbps,,,
2026-06-27 00:26:48,sess_000218,cust_0104,play,,Europe,SciFi,STD,1273,0,3000 kbps,,,
2026-06-27 00:39:50,sess_000218,cust_0104,play,,Europe,Drama,STD,853,0,720p-3000kbps,,,
2026-06-27 00:43:20,sess_000218,cust_0104,play,,Europe,Horror,STD,379,0,480p-1500kbps,,,
2026-06-27 00:52:56,sess_000218,cust_0104,play,,Europe,Drama,STD,640,0,2000 kbps,,,
2026-06-27 01:02:07,sess_000218,cust_0104,play,,Europe,Kids,STD,1160,0,8000kbps,,,
2026-06-27 01:14:37,sess_000218,cust_0104,play,,Europe,SciFi,STD,1287,0,3000kbps,,,
2026-06-27 01:23:45,sess_000218,cust_0104,play,,Europe,Documentary,STD,230,0,6000 kbps,,,
2026-06-27 01:24:48,sess_000218,cust_0104,session_end,,Europe,,STD,0,0,,,45%,
2026-06-27 05:46:10,sess_000863,cust_0021,session_start,Tablet,LATAM,,STD,0,0,,,,
2026-06-27 05:53:20,sess_000863,cust_0021,play,Tablet,LATAM,Drama,STD,785,0,1500 kbps,,,
2026-06-27 06:01:27,sess_000246,cust_0027,session_start,Smart TV,LATAM,,PremiumPlus,0,0,,,,
2026-06-27 06:04:08,sess_000863,cust_0021,play,Tablet,LATAM,Horror,STD,706,0,3000kbps,,,
2026-06-27 06:07:20,sess_000246,cust_0027,play,Smart TV,LATAM,SciFi,PremiumPlus,591,0,480p-1500kbps,,,
2026-06-27 06:07:47,sess_000863,cust_0021,play,Tablet,LATAM,Drama,STD,1478,0,8000 kbps,,,
2026-06-27 06:08:49,sess_000246,cust_0027,play,Smart TV,LATAM,Comedy,PremiumPlus,400,0,4500kbps,,,
2026-06-27 06:12:17,sess_000863,cust_0021,play,Tablet,LATAM,Horror,STD,533,0,6000kbps,,,
2026-06-27 06:13:07,sess_000246,cust_0027,pause,Smart TV,LATAM,SciFi,PremiumPlus,0,0,,,,
2026-06-27 06:15:11,sess_000246,cust_0027,play,Smart TV,LATAM,Action,PremiumPlus,653,0,6000 kbps,,,
2026-06-27 06:23:26,sess_000863,cust_0021,play,Tablet,LATAM,Kids,STD,1491,0,3000 kbps,,,
2026-06-27 06:27:34,sess_000246,cust_0027,play,Smart TV,LATAM,Drama,PremiumPlus,225,0,3000kbps,,,
2026-06-27 06:36:25,sess_000863,cust_0021,play,Tablet,LATAM,Kids,STD,1389,0,2000kbps,,,
2026-06-27 06:37:19,sess_000246,cust_0027,play,Smart TV,LATAM,SciFi,PremiumPlus,933,0,3000kbps,,,
2026-06-27 06:37:39,sess_000246,cust_0027,session_end,Smart TV,,,PremiumPlus,0,0,,,45%,1
2026-06-27 06:42:53,sess_000863,cust_0021,pause,Tablet,LATAM,SciFi,STD,0,0,,,,
2026-06-27 06:55:11,sess_000863,cust_0021,pause,Tablet,LATAM,SciFi,STD,0,0,,,,
2026-06-27 07:06:25,sess_000863,cust_0021,play,Tablet,LATAM,Documentary,STD,427,0,2000 kbps,,,
2026-06-27 07:08:18,sess_000863,cust_0021,pause,Tablet,LATAM,SciFi,STD,0,0,,,,
2026-06-27 07:09:42,sess_000863,cust_0021,play,Tablet,LATAM,SciFi,STD,1159,0,6000kbps,,,
2026-06-27 07:17:42,sess_000863,cust_0021,pause,Tablet,LATAM,Kids,STD,0,0,,,,
2026-06-27 07:18:43,sess_000863,cust_0021,session_end,Tablet,LATAM,,STD,0,0,,,75%,3 stars
2026-06-27 08:12:11,sess_000166,cust_0057,session_start,Smart TV,APAC,,Basic,0,0,,,,
2026-06-27 08:14:46,sess_000166,cust_0057,pause,Smart TV,APAC,Documentary,Basic,0,0,,,,
2026-06-27 08:23:52,sess_000166,cust_0057,play,Smart TV,APAC,Action,Basic,488,0,720p-3000kbps,,,
2026-06-27 08:35:44,sess_000166,cust_0057,play,Smart TV,APAC,Drama,Basic,1544,0,1080p-8000kbps,,,
2026-06-27 08:40:47,sess_000166,cust_0057,error,Smart TV,APAC,Drama,Basic,0,0,,E2002,,
2026-06-27 08:45:59,sess_000166,cust_0057,play,Smart TV,APAC,Comedy,Basic,49,0,1500kbps,,,
2026-06-27 08:47:47,sess_000166,cust_0057,play,Smart TV,APAC,Horror,Basic,61,0,1080p-8000kbps,,,
2026-06-27 08:51:54,sess_000166,cust_0057,pause,Smart TV,APAC,Drama,Basic,0,0,,,,
2026-06-27 08:52:51,sess_000166,cust_0057,pause,Smart TV,APAC,Drama,Basic,0,0,,,,
2026-06-27 09:05:25,sess_000166,cust_0057,play,Smart TV,APAC,Comedy,Basic,796,0,6000 kbps,,,
2026-06-27 09:09:57,sess_000166,cust_0057,pause,Smart TV,,Kids,Basic,0,0,,,,
2026-06-27 09:13:24,sess_000687,cust_0083,session_start,Tablet,APAC,,premium,0,0,,,,
2026-06-27 09:22:39,sess_000687,cust_0083,play,Tablet,APAC,Action,premium,228,0,480p-1500kbps,,,
2026-06-27 09:22:49,sess_000166,cust_0057,error,Smart TV,APAC,Horror,Basic,0,0,,E3003,,
2026-06-27 09:24:43,sess_000166,cust_0057,session_end,Smart TV,APAC,,Basic,0,0,,,75%,1.0
2026-06-27 09:34:01,sess_000687,cust_0083,pause,Tablet,APAC,Comedy,premium,0,0,,,,
2026-06-27 09:37:15,sess_000687,cust_0083,play,Tablet,APAC,Action,premium,1765,0,2000kbps,,,
2026-06-27 09:42:04,sess_000687,cust_0083,play,Tablet,APAC,Action,premium,1565,0,1500 kbps,,,
2026-06-27 09:43:34,sess_000687,cust_0083,buffer,Tablet,APAC,Drama,premium,0,2629,,,,
2026-06-27 09:55:54,sess_000687,cust_0083,play,Tablet,APAC,Drama,premium,1216,0,2000 kbps,,,
2026-06-27 10:03:24,sess_000687,cust_0083,play,Tablet,APAC,Drama,premium,1756,0,8000kbps,,,
2026-06-27 10:07:45,sess_000687,cust_0083,error,Tablet,APAC,Horror,premium,0,0,,E3003,,
2026-06-27 10:08:08,sess_000687,cust_0083,play,Tablet,APAC,Kids,premium,720,0,2000kbps,,,
2026-06-27 10:09:31,sess_000687,cust_0083,session_end,Tablet,APAC,,premium,0,0,,,87%,4
2026-06-27 10:26:02,sess_000790,cust_0029,session_start,Mobile,Europe,,basic,0,0,,,,
2026-06-27 10:28:40,sess_000790,cust_0029,play,Mobile,Europe,Action,basic,1198,0,1080p-8000kbps,,,
2026-06-27 10:35:44,sess_000790,cust_0029,play,Mobile,Europe,Documentary,basic,1531,0,4500kbps,,,
2026-06-27 10:37:27,sess_000790,cust_0029,buffer,Mobile,Europe,Horror,basic,0,475,,,,
2026-06-27 10:45:47,sess_000790,cust_0029,play,Mobile,Europe,Documentary,basic,1005,0,4500kbps,,,
2026-06-27 10:46:08,sess_000790,cust_0029,session_end,Mobile,Europe,,basic,0,0,,,N/A,
2026-06-27 17:31:06,sess_000106,cust_0051,session_start,Smart TV,Europe,,STD,0,0,,,,
2026-06-27 17:34:43,sess_000106,cust_0051,play,Smart TV,Europe,Action,STD,1199,0,720p-4500kbps,,,
2026-06-27 17:44:30,sess_000106,cust_0051,play,Smart TV,Europe,Kids,STD,1617,0,3000 kbps,,,
2026-06-27 17:50:32,sess_000106,cust_0051,play,Smart TV,Europe,Kids,STD,1784,0,6000 kbps,,,
2026-06-27 18:02:26,sess_000106,cust_0051,play,Smart TV,Europe,Horror,STD,427,0,6000 kbps,,,
2026-06-27 18:15:05,sess_000106,cust_0051,error,Smart TV,Europe,SciFi,STD,0,0,,E4004,,
2026-06-27 22:34:55,sess_000949,cust_0037,session_start,Console,North America,,premium,0,0,,,,
2026-06-27 22:41:59,sess_000949,cust_0037,play,Console,North America,Documentary,premium,575,0,720p-3000kbps,,,
2026-06-27 22:47:13,sess_000949,cust_0037,play,Console,North America,Horror,premium,252,0,8000 kbps,,,
2026-06-27 22:55:08,sess_000949,cust_0037,play,Console,North America,Action,premium,507,0,1080p-8000kbps,,,
2026-06-27 23:06:17,sess_000643,cust_0148,session_start,Mobile,LATAM,,Premium ,0,0,,,,
2026-06-27 23:09:53,sess_000949,cust_0037,error,Console,North America,Horror,premium,0,0,,E4004,,
2026-06-27 23:19:09,sess_000643,cust_0148,buffer,Mobile,LATAM,Horror,Premium ,0,1632,,,,
2026-06-27 23:21:50,sess_000643,cust_0148,play,Mobile,LATAM,Horror,Premium ,202,0,3000kbps,,,
2026-06-27 23:33:44,sess_000643,cust_0148,pause,Mobile,LATAM,Kids,Premium ,0,0,,,,
2026-06-27 23:40:42,sess_000643,cust_0148,play,Mobile,LATAM,Horror,Premium ,1007,0,1500 kbps,,,
2026-06-27 23:46:51,sess_000643,cust_0148,pause,Mobile,LATAM,SciFi,Premium ,0,0,,,,
2026-06-27 23:54:18,sess_000890,cust_0121,session_start,Smart TV,Africa,,PREM,0,0,,,,
2026-06-27 23:58:18,sess_000643,cust_0148,pause,Mobile,LATAM,Documentary,Premium ,0,0,,,,
2026-06-28 00:00:17,sess_000890,cust_0121,pause,Smart TV,Africa,Action,PREM,0,0,,,,
2026-06-28 00:06:06,sess_000890,cust_0121,buffer,Smart TV,Africa,Action,PREM,0,2633,,,,
2026-06-28 00:08:04,sess_000890,cust_0121,session_end,Smart TV,Africa,,PREM,0,0,,,95%,2 stars
2026-06-28 00:10:03,sess_000643,cust_0148,error,Mobile,LATAM,Horror,Premium ,0,0,,E3003,,
2026-06-28 00:17:29,sess_000967,cust_0122,session_start,Smart TV,APAC,,BASIC,0,0,,,,
2026-06-28 00:18:14,sess_000758,cust_0018,session_start,Smart TV,Africa,,BASIC,0,0,,,,
2026-06-28 00:20:52,sess_000758,cust_0018,play,Smart TV,Africa,Kids,BASIC,1106,0,720p-4500kbps,,,
2026-06-28 00:24:18,sess_000758,cust_0018,error,Smart TV,Africa,SciFi,BASIC,0,0,,E3003,,
2026-06-28 00:30:52,sess_000967,cust_0122,play,Smart TV,APAC,SciFi,BASIC,1552,0,1500 kbps,,,
2026-06-28 00:41:51,sess_000967,cust_0122,play,Smart TV,APAC,Horror,BASIC,1154,0,4500 kbps,,,
2026-06-28 00:52:00,sess_000967,cust_0122,error,Smart TV,APAC,Kids,BASIC,0,0,,E1001,,
2026-06-28 00:53:11,sess_000967,cust_0122,session_end,Smart TV,APAC,,BASIC,0,0,,,90%,1 stars
2026-06-28 01:02:53,sess_000018,cust_0112,session_start,Smart TV,Africa,,PREM,0,0,,,,
2026-06-28 01:14:12,sess_000018,cust_0112,play,Smart TV,Africa,Horror,PREM,1040,0,3000kbps,,,
2026-06-28 01:27:10,sess_000018,cust_0112,play,Smart TV,Africa,SciFi,PREM,489,0,2000kbps,,,
2026-06-28 01:33:57,sess_000018,cust_0112,play,Smart TV,Africa,Drama,PREM,182,0,2000kbps,,,
2026-06-28 01:36:11,sess_000018,cust_0112,pause,Smart TV,Africa,Kids,PREM,0,0,,,,
2026-06-28 01:44:51,sess_000159,cust_0041,session_start,Tablet,North America,,basic ,0,0,,,,
2026-06-28 01:47:50,sess_000018,cust_0112,play,Smart TV,Africa,Drama,PREM,561,0,8000kbps,,,
2026-06-28 01:53:57,sess_000018,cust_0112,play,Smart TV,Africa,Action,PREM,1463,0,1080p-6000kbps,,,
2026-06-28 01:56:59,sess_000018,cust_0112,pause,Smart TV,Africa,Drama,PREM,0,0,,,,
2026-06-28 01:57:17,sess_000159,cust_0041,buffer,Tablet,North America,Drama,basic ,0,562,,,,
2026-06-28 01:57:19,sess_000018,cust_0112,session_end,Smart TV,Africa,,PREM,0,0,,,90%,n/a
2026-06-28 01:58:31,sess_000159,cust_0041,error,Tablet,North America,Comedy,basic ,0,0,,E2002,,
2026-06-28 02:02:21,sess_000159,cust_0041,play,Tablet,North America,SciFi,basic ,381,0,6000kbps,,,
2026-06-28 02:06:36,sess_000159,cust_0041,play,Tablet,North America,Documentary,basic ,1654,0,1080p-6000kbps,,,
2026-06-28 02:07:57,sess_000159,cust_0041,session_end,Tablet,North America,,basic ,0,0,,,95%,N/A
2026-06-28 06:55:09,sess_000430,cust_0039,session_start,Smart TV,Africa,,Standard ,0,0,,,,
2026-06-28 07:02:59,sess_000430,cust_0039,buffer,Smart TV,Africa,Kids,Standard ,0,3900,,,,
2026-06-28 07:10:01,sess_000430,cust_0039,play,Smart TV,Africa,Comedy,Standard ,685,0,4500 kbps,,,
2026-06-28 07:15:30,sess_000430,cust_0039,play,Smart TV,Africa,Comedy,Standard ,759,0,3000 kbps,,,
2026-06-28 07:23:08,sess_000430,cust_0039,play,Smart TV,Africa,Drama,Standard ,287,0,3000 kbps,,,
2026-06-28 07:30:23,sess_000430,cust_0039,error,Smart TV,Africa,Horror,Standard ,0,0,,E2002,,
2026-06-28 07:44:02,sess_000430,cust_0039,pause,Smart TV,Africa,SciFi,Standard ,0,0,,,,
2026-06-28 07:51:13,sess_000430,cust_0039,play,Smart TV,Africa,Kids,Standard ,603,0,720p-3000kbps,,,
2026-06-28 07:52:01,sess_000430,cust_0039,session_end,Smart TV,Africa,,Standard ,0,0,,,87%,1.0
2026-06-28 08:37:52,sess_000783,cust_0144,session_start,Console,LATAM,,standard,0,0,,,,
2026-06-28 08:43:10,sess_000783,cust_0144,play,Console,LATAM,Documentary,standard,1311,0,4500kbps,,,
2026-06-28 08:53:07,sess_000810,cust_0100,session_start,Smart TV,Africa,,Basic,0,0,,,,
2026-06-28 08:57:54,sess_000783,cust_0144,buffer,Console,LATAM,Comedy,standard,0,937,,,,
2026-06-28 08:59:07,sess_000810,cust_0100,play,Smart TV,Africa,Action,Basic,1640,0,480p-2000kbps,,,
2026-06-28 09:00:09,sess_000783,cust_0144,pause,Console,LATAM,Documentary,standard,0,0,,,,
2026-06-28 09:01:15,sess_000810,cust_0100,pause,Smart TV,Africa,Horror,Basic,0,0,,,,
2026-06-28 09:09:45,sess_000810,cust_0100,buffer,Smart TV,Africa,Kids,Basic,0,3142,,,,
2026-06-28 09:13:59,sess_000783,cust_0144,play,Console,LATAM,Kids,standard,259,0,8000kbps,,,
2026-06-28 09:19:51,sess_000810,cust_0100,play,Smart TV,Africa,Kids,Basic,1752,0,1080p-6000kbps,,,
2026-06-28 09:21:33,sess_000810,cust_0100,session_end,Smart TV,Africa,,Basic,0,0,,,75%,2 stars
2026-06-28 09:27:26,sess_000783,cust_0144,buffer,Console,LATAM,Documentary,standard,0,3936,,,,
2026-06-28 09:34:49,sess_000783,cust_0144,play,Console,LATAM,Horror,standard,756,0,8000kbps,,,
2026-06-28 09:44:55,sess_000968,cust_0040,session_start,Console,Africa,,basic,0,0,,,,
2026-06-28 09:47:11,sess_000968,cust_0040,play,Console,Africa,Comedy,basic,353,0,4500 kbps,,,
2026-06-28 09:47:17,sess_000783,cust_0144,play,Console,LATAM,Horror,standard,155,0,3000kbps,,,
2026-06-28 10:00:29,sess_000968,cust_0040,play,Console,Africa,Documentary,basic,1150,0,4500 kbps,,,
2026-06-28 10:02:14,sess_000783,cust_0144,play,Console,LATAM,Horror,standard,730,0,720p-3000kbps,,,
2026-06-28 10:05:37,sess_000783,cust_0144,play,Console,LATAM,Action,standard,589,0,2000kbps,,,
2026-06-28 10:05:52,sess_000783,cust_0144,session_end,Console,LATAM,,standard,0,0,,,N/A,
2026-06-28 10:06:02,sess_000968,cust_0040,pause,Console,Africa,Horror,basic,0,0,,,,
2026-06-28 10:08:00,sess_000968,cust_0040,error,Console,Africa,Kids,basic,0,0,,E1001,,
2026-06-28 14:13:25,sess_000977,cust_0017,session_start,Mobile,North America,,premium,0,0,,,,
2026-06-28 14:20:29,sess_000977,cust_0017,play,Mobile,North America,Action,premium,1442,0,4500 kbps,,,
2026-06-28 14:21:40,sess_000977,cust_0017,buffer,Mobile,North America,SciFi,premium,0,1872,,,,
2026-06-28 14:26:31,sess_000977,cust_0017,play,Mobile,North America,Horror,premium,1645,0,4500kbps,,,
2026-06-28 14:38:54,sess_000977,cust_0017,play,Mobile,North America,Documentary,premium,1336,0,8000kbps,,,
2026-06-28 14:46:05,sess_000977,cust_0017,buffer,Mobile,North America,SciFi,premium,0,1779,,,,
2026-06-28 15:00:06,sess_000977,cust_0017,pause,Mobile,North America,Drama,premium,0,0,,,,
2026-06-28 15:00:46,sess_000488,cust_0002,session_start,Mobile,Africa,,Premium+,0,0,,,,
2026-06-28 15:01:46,sess_000977,cust_0017,session_end,Mobile,North America,,premium,0,0,,,60%,2
2026-06-28 15:13:47,sess_000488,cust_0002,play,Mobile,Africa,Drama,Premium+,1243,0,1080p-8000kbps,,,
2026-06-28 15:21:16,sess_000488,cust_0002,play,Mobile,Africa,Action,Premium+,600,0,720p-4500kbps,,,
2026-06-28 15:29:38,sess_000488,cust_0002,play,Mobile,Africa,Kids,Premium+,716,0,3000 kbps,,,
2026-06-28 15:42:16,sess_000488,cust_0002,buffer,Mobile,Africa,Documentary,Premium+,0,512,,,,
2026-06-28 15:51:07,sess_000488,cust_0002,pause,Mobile,Africa,Horror,Premium+,0,0,,,,
2026-06-28 15:59:33,sess_000488,cust_0002,error,Mobile,Africa,Documentary,Premium+,0,0,,E2002,,
2026-06-28 16:12:53,sess_000488,cust_0002,play,Mobile,Africa,Drama,Premium+,175,0,1080p-6000kbps,,,
2026-06-28 16:13:14,sess_000488,cust_0002,session_end,Mobile,Africa,,Premium+,0,0,,,75%,n/a
2026-06-28 20:48:41,sess_000384,cust_0071,session_start,Mobile,Europe,,STD,0,0,,,,
2026-06-28 20:55:42,sess_000384,cust_0071,pause,Mobile,Europe,SciFi,STD,0,0,,,,
2026-06-28 21:07:44,sess_000384,cust_0071,play,Mobile,Europe,Documentary,STD,424,0,720p-4500kbps,,,
2026-06-28 21:15:09,sess_000639,cust_0057,session_start,Smart TV,APAC,,Basic,0,0,,,,
2026-06-28 21:20:42,sess_000384,cust_0071,play,Mobile,Europe,SciFi,STD,940,0,1080p-6000kbps,,,
2026-06-28 21:22:19,sess_000384,cust_0071,play,Mobile,Europe,Horror,STD,33,0,8000kbps,,,
2026-06-28 21:23:45,sess_000639,cust_0057,play,Smart TV,APAC,Horror,Basic,436,0,480p-2000kbps,,,
2026-06-28 21:26:35,sess_000384,cust_0071,play,Mobile,Europe,Horror,STD,1431,0,1080p-8000kbps,,,
2026-06-28 21:29:37,sess_000639,cust_0057,play,Smart TV,APAC,Kids,Basic,1665,0,1080p-8000kbps,,,
2026-06-28 21:34:16,sess_000639,cust_0057,play,Smart TV,APAC,Drama,Basic,299,0,4500kbps,,,
2026-06-28 21:34:40,sess_000384,cust_0071,play,Mobile,Europe,Kids,STD,89,0,4500 kbps,,,
2026-06-28 21:35:06,sess_000384,cust_0071,pause,Mobile,Europe,Drama,STD,0,0,,,,
2026-06-28 21:35:10,sess_000639,cust_0057,session_end,Smart TV,APAC,,Basic,0,0,,,100%,N/A
2026-06-28 21:36:16,sess_000384,cust_0071,session_end,Mobile,Europe,,STD,0,0,,,60%,n/a
2026-06-29 04:06:13,sess_000963,cust_0070,session_start,Web,Africa,,Standard ,0,0,,,,
2026-06-29 04:17:04,sess_000963,cust_0070,play,Web,Africa,Documentary,Standard ,951,0,4500 kbps,,,
2026-06-29 04:26:00,sess_000963,cust_0070,pause,Web,Africa,Action,Standard ,0,0,,,,
2026-06-29 04:26:47,sess_000963,cust_0070,play,Web,Africa,Horror,Standard ,547,0,480p-1500kbps,,,
2026-06-29 04:31:49,sess_000963,cust_0070,play,Web,Africa,Comedy,Standard ,1174,0,4500kbps,,,
2026-06-29 04:33:06,sess_000963,cust_0070,session_end,Web,Africa,,Standard ,0,0,,,60%,1.0
2026-06-29 04:41:45,sess_000131,cust_0011,session_start,Smart TV,LATAM,,premium_plus,0,0,,,,
2026-06-29 04:42:12,sess_000131,cust_0011,play,Smart TV,LATAM,SciFi,premium_plus,192,0,2000 kbps,,,
2026-06-29 04:55:41,sess_000131,cust_0011,play,Smart TV,LATAM,Horror,premium_plus,75,0,1500 kbps,,,
2026-06-29 04:57:06,sess_000131,cust_0011,play,Smart TV,LATAM,Drama,premium_plus,303,0,2000kbps,,,
2026-06-29 04:59:05,sess_000131,cust_0011,play,Smart TV,LATAM,SciFi,premium_plus,554,0,720p-3000kbps,,,
2026-06-29 05:08:16,sess_000131,cust_0011,play,Smart TV,LATAM,Horror,premium_plus,193,0,720p-3000kbps,,,
2026-06-29 05:08:32,sess_000131,cust_0011,session_end,Smart TV,LATAM,,premium_plus,0,0,,,90%,2.0
2026-06-29 08:36:54,sess_000113,cust_0079,session_start,Console,Africa,,Basic,0,0,,,,
2026-06-29 08:45:52,sess_000113,cust_0079,play,Console,Africa,Drama,Basic,41,0,480p-1500kbps,,,
2026-06-29 08:55:55,sess_000113,cust_0079,play,Console,Africa,Drama,Basic,1485,0,720p-3000kbps,,,
2026-06-29 08:57:04,sess_000113,cust_0079,play,Console,Africa,Kids,Basic,539,0,480p-1500kbps,,,
2026-06-29 09:07:00,sess_000113,cust_0079,play,Console,Africa,Documentary,Basic,1716,0,480p-2000kbps,,,
2026-06-29 09:08:45,sess_000306,cust_0105,session_start,Smart TV,North America,,STD,0,0,,,,
2026-06-29 09:10:26,sess_000113,cust_0079,error,Console,Africa,Action,Basic,0,0,,E4004,,
2026-06-29 09:17:10,sess_000306,cust_0105,play,Smart TV,North America,Comedy,STD,1589,0,1080p-8000kbps,,,
2026-06-29 09:20:45,sess_000306,cust_0105,play,Smart TV,North America,Documentary,STD,1677,0,4500kbps,,,
2026-06-29 09:26:33,sess_000306,cust_0105,play,Smart TV,North America,Comedy,STD,1309,0,1080p-8000kbps,,,
2026-06-29 09:28:49,sess_000306,cust_0105,play,Smart TV,North America,SciFi,STD,655,0,3000 kbps,,,
2026-06-29 09:42:55,sess_000306,cust_0105,play,Smart TV,North America,Action,STD,1490,0,1500 kbps,,,
2026-06-29 09:52:58,sess_000306,cust_0105,play,Smart TV,North America,Comedy,STD,1204,0,8000kbps,,,
2026-06-29 09:55:41,sess_000306,cust_0105,pause,Smart TV,North America,SciFi,STD,0,0,,,,
2026-06-29 09:59:26,sess_000306,cust_0105,play,Smart TV,North America,Horror,STD,1161,0,8000 kbps,,,
2026-06-29 10:00:09,sess_000306,cust_0105,pause,Smart TV,North America,Comedy,STD,0,0,,,,
2026-06-29 10:01:15,sess_000306,cust_0105,session_end,Smart TV,North America,,STD,0,0,,,87%,3
2026-06-29 12:15:45,sess_000537,cust_0021,session_start,Tablet,LATAM,,STD,0,0,,,,
2026-06-29 12:30:02,sess_000537,cust_0021,pause,Tablet,LATAM,Documentary,STD,0,0,,,,
2026-06-29 12:41:11,sess_000537,cust_0021,play,Tablet,LATAM,Drama,STD,430,0,1080p-8000kbps,,,
2026-06-29 12:55:27,sess_000537,cust_0021,error,Tablet,LATAM,Action,STD,0,0,,E3003,,
2026-06-29 13:03:29,sess_000537,cust_0021,pause,Tablet,LATAM,Comedy,STD,0,0,,,,
2026-06-29 13:12:10,sess_000537,cust_0021,pause,Tablet,LATAM,Kids,STD,0,0,,,,
2026-06-29 13:17:55,sess_000537,cust_0021,play,Tablet,LATAM,Horror,STD,747,0,2000kbps,,,
2026-06-29 13:26:56,sess_000537,cust_0021,play,Tablet,LATAM,Documentary,STD,986,0,8000 kbps,,,
2026-06-29 13:30:27,sess_000537,cust_0021,pause,Tablet,LATAM,Horror,STD,0,0,,,,
2026-06-29 13:43:37,sess_000537,cust_0021,play,Tablet,LATAM,Action,STD,183,0,8000kbps,,,
2026-06-29 13:44:25,sess_000537,cust_0021,session_end,Tablet,LATAM,,STD,0,0,,,45%,4.0
2026-06-29 14:37:06,sess_000499,cust_0114,session_start,Web,Europe,,STD,0,0,,,,
2026-06-29 14:46:36,sess_000499,cust_0114,play,Web,Europe,Comedy,STD,1719,0,3000 kbps,,,
2026-06-29 14:52:44,sess_000499,cust_0114,play,Web,Europe,Kids,STD,821,0,8000kbps,,,
2026-06-29 15:00:59,sess_000499,cust_0114,error,Web,Europe,Drama,STD,0,0,,E1001,,
2026-06-29 15:01:12,sess_000499,cust_0114,session_end,Web,Europe,,STD,0,0,,,90%,4
2026-06-29 17:00:06,sess_000357,cust_0021,session_start,Tablet,LATAM,,Standard ,0,0,,,,
2026-06-29 17:10:00,sess_000357,cust_0021,play,Tablet,LATAM,Kids,Standard ,692,0,6000kbps,,,
2026-06-29 17:17:51,sess_000357,cust_0021,play,Tablet,LATAM,SciFi,Standard ,145,0,8000kbps,,,
2026-06-29 17:21:16,sess_000261,cust_0140,session_start,Console,LATAM,,premium_plus,0,0,,,,
2026-06-29 17:28:29,sess_000261,cust_0140,error,Console,LATAM,SciFi,premium_plus,0,0,,E1001,,
2026-06-29 17:32:48,sess_000357,cust_0021,play,Tablet,LATAM,Action,Standard ,906,0,1500 kbps,,,
2026-06-29 17:36:47,sess_000261,cust_0140,play,Console,LATAM,Horror,premium_plus,1772,0,1500kbps,,,
2026-06-29 17:44:14,sess_000261,cust_0140,pause,Console,LATAM,Action,premium_plus,0,0,,,,
2026-06-29 17:44:21,sess_000357,cust_0021,play,Tablet,LATAM,SciFi,Standard ,761,0,4500kbps,,,
2026-06-29 17:48:36,sess_000357,cust_0021,buffer,Tablet,LATAM,Documentary,Standard ,0,481,,,,
2026-06-29 17:50:20,sess_000357,cust_0021,session_end,Tablet,LATAM,,Standard ,0,0,,,80%,
2026-06-29 17:50:50,sess_000261,cust_0140,play,Console,LATAM,Comedy,premium_plus,541,0,6000 kbps,,,
2026-06-29 17:53:48,sess_000261,cust_0140,play,Console,LATAM,Comedy,premium_plus,1206,0,480p-2000kbps,,,
2026-06-29 18:06:16,sess_000261,cust_0140,play,Console,LATAM,Horror,premium_plus,42,0,3000 kbps,,,
2026-06-29 18:10:42,sess_000261,cust_0140,play,Console,LATAM,Documentary,premium_plus,1374,0,8000kbps,,,
2026-06-29 18:11:15,sess_000261,cust_0140,play,Console,LATAM,Kids,premium_plus,341,0,2000kbps,,,
2026-06-29 18:16:11,sess_000261,cust_0140,pause,Console,LATAM,Horror,premium_plus,0,0,,,,
2026-06-29 18:17:03,sess_000261,cust_0140,session_end,Console,LATAM,,premium_plus,0,0,,,95%,5 stars
2026-06-29 20:33:39,sess_000762,cust_0136,session_start,Tablet,North America,,PremiumPlus,0,0,,,,
2026-06-29 20:34:21,sess_000448,cust_0029,session_start,Mobile,Europe,,BASIC,0,0,,,,
2026-06-29 20:44:35,sess_000762,cust_0136,play,Tablet,North America,Kids,PremiumPlus,1183,0,1500 kbps,,,
2026-06-29 20:44:49,sess_000448,cust_0029,play,Mobile,Europe,Horror,BASIC,778,0,480p-1500kbps,,,
2026-06-29 20:50:48,sess_000762,cust_0136,play,Tablet,North America,Comedy,PremiumPlus,394,0,6000kbps,,,
2026-06-29 20:57:52,sess_000448,cust_0029,play,Mobile,Europe,Kids,BASIC,1271,0,720p-3000kbps,,,
2026-06-29 20:58:15,sess_000762,cust_0136,buffer,Tablet,North America,Kids,PremiumPlus,0,2032,,,,
2026-06-29 21:02:24,sess_000448,cust_0029,play,Mobile,Europe,Action,BASIC,1251,0,3000kbps,,,
2026-06-29 21:04:28,sess_000762,cust_0136,play,Tablet,North America,Drama,PremiumPlus,288,0,6000 kbps,,,
2026-06-29 21:14:50,sess_000448,cust_0029,play,Mobile,Europe,Drama,BASIC,695,0,1080p-6000kbps,,,
2026-06-29 21:17:58,sess_000762,cust_0136,play,Tablet,North America,Comedy,PremiumPlus,119,0,720p-4500kbps,,,
2026-06-29 21:20:44,sess_000762,cust_0136,play,Tablet,North America,Documentary,PremiumPlus,848,0,4500 kbps,,,
2026-06-29 21:27:01,sess_000762,cust_0136,buffer,Tablet,North America,Kids,PremiumPlus,0,3343,,,,
2026-06-29 21:29:09,sess_000448,cust_0029,play,Mobile,Europe,SciFi,BASIC,470,0,8000kbps,,,
2026-06-29 21:31:07,sess_000762,cust_0136,play,Tablet,North America,Drama,PremiumPlus,1605,0,480p-2000kbps,,,
2026-06-29 21:38:57,sess_000448,cust_0029,play,Mobile,Europe,Action,BASIC,1282,0,1500kbps,,,
2026-06-29 21:40:36,sess_000448,cust_0029,session_end,Mobile,Europe,,BASIC,0,0,,,60%,5.0
2026-06-29 21:42:43,sess_000762,cust_0136,play,Tablet,North America,Comedy,PremiumPlus,728,0,8000kbps,,,
2026-06-29 21:52:09,sess_000762,cust_0136,play,Tablet,North America,Documentary,PremiumPlus,353,0,480p-2000kbps,,,
2026-06-29 22:06:44,sess_000762,cust_0136,pause,Tablet,North America,Action,PremiumPlus,0,0,,,,
2026-06-29 22:13:30,sess_000762,cust_0136,play,Tablet,North America,Drama,PremiumPlus,1451,0,8000kbps,,,
2026-06-29 22:14:11,sess_000762,cust_0136,session_end,Tablet,North America,,PremiumPlus,0,0,,,,n/a
2026-06-30 00:07:44,sess_000381,cust_0108,session_start,Console,LATAM,,Standard,0,0,,,,
2026-06-30 00:11:39,sess_000381,cust_0108,play,Console,LATAM,Comedy,Standard,1762,0,720p-3000kbps,,,
2026-06-30 00:21:02,sess_000381,cust_0108,pause,Console,LATAM,Documentary,Standard,0,0,,,,
2026-06-30 00:27:56,sess_000381,cust_0108,play,Console,LATAM,Drama,Standard,1289,0,480p-1500kbps,,,
2026-06-30 00:38:19,sess_000381,cust_0108,play,Console,LATAM,Drama,Standard,1150,0,6000 kbps,,,
2026-06-30 00:48:08,sess_000381,cust_0108,play,Console,LATAM,Drama,Standard,1103,0,1080p-6000kbps,,,
2026-06-30 00:53:44,sess_000381,cust_0108,buffer,Console,LATAM,Kids,Standard,0,2610,,,,
2026-06-30 01:05:55,sess_000381,cust_0108,play,Console,LATAM,SciFi,Standard,1277,0,3000kbps,,,
2026-06-30 01:09:31,sess_000381,cust_0108,buffer,Console,LATAM,Documentary,Standard,0,1634,,,,
2026-06-30 01:22:59,sess_000381,cust_0108,pause,Console,LATAM,Action,Standard,0,0,,,,
2026-06-30 01:29:00,sess_000381,cust_0108,buffer,Console,LATAM,Documentary,Standard,0,2719,,,,
2026-06-30 01:29:19,sess_000381,cust_0108,session_end,Console,LATAM,,Standard,0,0,,,95%,n/a
2026-06-30 04:24:47,sess_000817,cust_0110,session_start,,Europe,,Premium ,0,0,,,,
2026-06-30 04:33:07,sess_000817,cust_0110,pause,,Europe,Comedy,Premium ,0,0,,,,
2026-06-30 04:40:01,sess_000817,cust_0110,play,,Europe,Drama,Premium ,361,0,4500kbps,,,
2026-06-30 04:50:57,sess_000817,cust_0110,play,,Europe,Comedy,Premium ,1303,0,480p-2000kbps,,,
2026-06-30 04:52:33,sess_000817,cust_0110,session_end,,Europe,,Premium ,0,0,,,60%,4
2026-06-30 08:19:47,sess_000854,cust_0066,session_start,Smart TV,Africa,,PREM,0,0,,,,
2026-06-30 08:24:17,sess_000854,cust_0066,play,Smart TV,Africa,Horror,PREM,282,0,1500 kbps,,,
2026-06-30 08:30:51,sess_000854,cust_0066,play,Smart TV,Africa,Kids,PREM,1281,0,3000kbps,,,
2026-06-30 08:36:13,sess_000854,cust_0066,play,Smart TV,Africa,SciFi,PREM,1455,0,6000 kbps,,,
2026-06-30 08:46:41,sess_000854,cust_0066,play,Smart TV,Africa,SciFi,PREM,406,0,1500 kbps,,,
2026-06-30 08:53:44,sess_000854,cust_0066,play,Smart TV,Africa,SciFi,PREM,844,0,3000 kbps,,,
2026-06-30 08:56:58,sess_000437,cust_0006,session_start,Tablet,,,Standard ,0,0,,,,
2026-06-30 08:57:08,sess_000854,cust_0066,error,Smart TV,Africa,Drama,PREM,0,0,,E4004,,
2026-06-30 09:04:19,sess_000854,cust_0066,play,Smart TV,Africa,Kids,PREM,874,0,3000kbps,,,
2026-06-30 09:08:01,sess_000437,cust_0006,play,Tablet,Europe,Documentary,Standard ,232,0,6000kbps,,,
2026-06-30 09:15:23,sess_000437,cust_0006,buffer,Tablet,Europe,Drama,Standard ,0,3909,,,,
2026-06-30 09:18:23,sess_000854,cust_0066,play,Smart TV,Africa,Kids,PREM,289,0,8000kbps,,,
2026-06-30 09:28:59,sess_000437,cust_0006,play,Tablet,Europe,Comedy,Standard ,99,0,6000kbps,,,
2026-06-30 09:32:34,sess_000854,cust_0066,pause,Smart TV,Africa,Horror,PREM,0,0,,,,
2026-06-30 09:34:23,sess_000854,cust_0066,session_end,Smart TV,Africa,,PREM,0,0,,,100%,5 stars
2026-06-30 09:36:16,sess_000437,cust_0006,play,Tablet,,Action,Standard ,231,0,720p-4500kbps,,,
2026-06-30 09:41:11,sess_000437,cust_0006,pause,Tablet,Europe,Comedy,Standard ,0,0,,,,
2026-06-30 09:53:02,sess_000437,cust_0006,play,Tablet,Europe,Drama,Standard ,76,0,1500kbps,,,
2026-06-30 10:00:41,sess_000437,cust_0006,play,Tablet,Europe,Comedy,Standard ,309,0,3000 kbps,,,
2026-06-30 10:14:54,sess_000437,cust_0006,play,Tablet,Europe,Horror,Standard ,1413,0,720p-4500kbps,,,
2026-06-30 10:15:49,sess_000437,cust_0006,session_end,Tablet,Europe,,Standard ,0,0,,,100%,1
2026-06-30 10:16:30,sess_000999,cust_0133,session_start,Mobile,Africa,,basic,0,0,,,,
2026-06-30 10:21:58,sess_000999,cust_0133,pause,Mobile,Africa,SciFi,basic,0,0,,,,
2026-06-30 10:33:58,sess_000999,cust_0133,play,Mobile,Africa,Documentary,basic,835,0,1500kbps,,,
2026-06-30 10:46:03,sess_000156,cust_0065,session_start,Web,Europe,,basic ,0,0,,,,
2026-06-30 10:46:10,sess_000999,cust_0133,buffer,Mobile,Africa,Documentary,basic,0,1397,,,,
2026-06-30 10:46:30,sess_000156,cust_0065,play,Web,Europe,Comedy,basic ,929,0,1500kbps,,,
2026-06-30 10:47:37,sess_000999,cust_0133,play,Mobile,Africa,Documentary,basic,1516,0,480p-2000kbps,,,
2026-06-30 10:47:46,sess_000156,cust_0065,pause,Web,Europe,Documentary,basic ,0,0,,,,
2026-06-30 11:00:12,sess_000156,cust_0065,pause,Web,Europe,Kids,basic ,0,0,,,,
2026-06-30 11:00:13,sess_000999,cust_0133,pause,Mobile,Africa,Documentary,basic,0,0,,,,
2026-06-30 11:06:02,sess_000999,cust_0133,play,Mobile,Africa,Action,basic,275,0,8000kbps,,,
2026-06-30 11:08:15,sess_000999,cust_0133,play,Mobile,Africa,Drama,basic,1475,0,720p-4500kbps,,,
2026-06-30 11:09:26,sess_000999,cust_0133,play,Mobile,Africa,Horror,basic,697,0,6000kbps,,,
2026-06-30 11:14:06,sess_000156,cust_0065,play,Web,Europe,SciFi,basic ,1393,0,720p-4500kbps,,,
2026-06-30 11:15:22,sess_000999,cust_0133,error,Mobile,Africa,Drama,basic,0,0,,E2002,,
2026-06-30 11:23:59,sess_000156,cust_0065,play,Web,Europe,Documentary,basic ,439,0,1080p-6000kbps,,,
2026-06-30 11:35:59,sess_000156,cust_0065,play,Web,Europe,Comedy,basic ,1731,0,1500kbps,,,
2026-06-30 11:38:39,sess_000156,cust_0065,pause,Web,Europe,Drama,basic ,0,0,,,,
2026-06-30 11:48:03,sess_000472,cust_0015,session_start,Console,LATAM,,PREM,0,0,,,,
2026-06-30 11:52:01,sess_000472,cust_0015,buffer,Console,LATAM,Documentary,PREM,0,1655,,,,
2026-06-30 11:52:39,sess_000156,cust_0065,error,Web,Europe,Drama,basic ,0,0,,E3003,,
2026-06-30 11:53:32,sess_000156,cust_0065,session_end,Web,Europe,,basic ,0,0,,,100%,N/A
2026-06-30 11:53:45,sess_000472,cust_0015,play,Console,LATAM,SciFi,PREM,932,0,1500 kbps,,,
2026-06-30 12:02:12,sess_000472,cust_0015,buffer,Console,LATAM,Horror,PREM,0,1475,,,,
2026-06-30 12:13:29,sess_000472,cust_0015,error,Console,LATAM,Comedy,PREM,0,0,,E3003,,
2026-06-30 12:15:08,sess_000472,cust_0015,play,Console,LATAM,Drama,PREM,849,0,8000 kbps,,,
2026-06-30 12:28:57,sess_000472,cust_0015,play,Console,LATAM,Action,PREM,844,0,6000kbps,,,
2026-06-30 12:30:14,sess_000472,cust_0015,pause,Console,LATAM,Comedy,PREM,0,0,,,,
2026-06-30 12:42:24,sess_000472,cust_0015,play,Console,LATAM,Kids,PREM,439,0,1500 kbps,,,
2026-06-30 12:46:14,sess_000472,cust_0015,play,Console,LATAM,Kids,PREM,1199,0,3000 kbps,,,
2026-06-30 12:57:12,sess_000472,cust_0015,play,Console,LATAM,SciFi,PREM,1632,0,1500kbps,,,
2026-06-30 13:01:39,sess_000472,cust_0015,play,Console,LATAM,Documentary,PREM,766,0,1500kbps,,,
2026-06-30 13:13:44,sess_000472,cust_0015,buffer,Console,LATAM,Documentary,PREM,0,2367,,,,
2026-06-30 13:13:57,sess_000472,cust_0015,session_end,Console,LATAM,,PREM,0,0,,,95%,5.0
2026-06-30 17:17:58,sess_000094,cust_0148,session_start,Mobile,LATAM,,Premium ,0,0,,,,
2026-06-30 17:27:52,sess_000094,cust_0148,buffer,Mobile,LATAM,SciFi,Premium ,0,654,,,,
2026-06-30 17:34:48,sess_000094,cust_0148,play,Mobile,LATAM,Documentary,Premium ,1613,0,720p-4500kbps,,,
2026-06-30 17:45:37,sess_000094,cust_0148,play,Mobile,LATAM,Kids,Premium ,438,0,1500kbps,,,
2026-06-30 17:52:34,sess_000094,cust_0148,pause,Mobile,LATAM,Documentary,Premium ,0,0,,,,
2026-06-30 17:56:19,sess_000094,cust_0148,play,Mobile,LATAM,Horror,Premium ,476,0,2000kbps,,,
2026-06-30 18:04:22,sess_000094,cust_0148,error,Mobile,LATAM,Horror,Premium ,0,0,,E3003,,
2026-06-30 18:15:05,sess_000094,cust_0148,play,Mobile,LATAM,Action,Premium ,1436,0,480p-1500kbps,,,
2026-06-30 18:15:15,sess_000094,cust_0148,session_end,Mobile,LATAM,,Premium ,0,0,,,75%,N/A
2026-06-30 18:31:24,sess_000730,cust_0068,session_start,Smart TV,Africa,,BASIC,0,0,,,,
2026-06-30 18:37:36,sess_000730,cust_0068,play,Smart TV,Africa,Action,BASIC,1402,0,720p-3000kbps,,,
2026-06-30 18:52:06,sess_000730,cust_0068,play,Smart TV,Africa,SciFi,BASIC,450,0,3000kbps,,,
2026-06-30 19:01:03,sess_000730,cust_0068,play,Smart TV,Africa,Comedy,BASIC,482,0,1080p-6000kbps,,,
2026-06-30 19:12:11,sess_000730,cust_0068,play,Smart TV,Africa,Documentary,BASIC,857,0,1080p-6000kbps,,,
2026-06-30 19:18:46,sess_000730,cust_0068,play,Smart TV,Africa,Action,BASIC,1126,0,720p-4500kbps,,,
2026-06-30 19:29:21,sess_000730,cust_0068,play,Smart TV,Africa,Drama,BASIC,1743,0,2000 kbps,,,
2026-06-30 19:35:48,sess_000730,cust_0068,play,Smart TV,Africa,Horror,BASIC,1160,0,6000kbps,,,
2026-06-30 19:37:23,sess_000730,cust_0068,session_end,Smart TV,Africa,,BASIC,0,0,,,60%,n/a
2026-06-30 22:42:26,sess_000255,cust_0132,session_start,Tablet,LATAM,,Basic,0,0,,,,
2026-06-30 22:50:08,sess_000255,cust_0132,play,Tablet,LATAM,SciFi,Basic,777,0,480p-1500kbps,,,
2026-06-30 22:56:04,sess_000255,cust_0132,play,Tablet,LATAM,Drama,Basic,1713,0,6000kbps,,,
2026-06-30 23:07:29,sess_000255,cust_0132,pause,Tablet,LATAM,SciFi,Basic,0,0,,,,
2026-06-30 23:17:18,sess_000654,cust_0010,session_start,Web,APAC,,STD,0,0,,,,
2026-06-30 23:17:40,sess_000255,cust_0132,play,Tablet,LATAM,Comedy,Basic,458,0,2000 kbps,,,
2026-06-30 23:24:56,sess_000255,cust_0132,play,Tablet,LATAM,Action,Basic,1652,0,4500 kbps,,,
2026-06-30 23:26:46,sess_000255,cust_0132,session_end,Tablet,LATAM,,Basic,0,0,,,,
2026-06-30 23:27:09,sess_000654,cust_0010,play,Web,APAC,Kids,STD,30,0,720p-4500kbps,,,
2026-06-30 23:31:33,sess_000654,cust_0010,play,Web,APAC,Action,STD,1512,0,1500 kbps,,,
2026-06-30 23:34:11,sess_000654,cust_0010,play,Web,APAC,Drama,STD,1460,0,2000 kbps,,,
2026-06-30 23:35:46,sess_000654,cust_0010,session_end,Web,APAC,,STD,0,0,,,100%,5 stars
2026-07-01 03:19:54,sess_000690,cust_0037,session_start,Console,North America,,Premium,0,0,,,,
2026-07-01 03:20:47,sess_000757,cust_0132,session_start,Tablet,LATAM,,BASIC,0,0,,,,
2026-07-01 03:26:12,sess_000690,cust_0037,play,Console,North America,Horror,Premium,1242,0,6000 kbps,,,
2026-07-01 03:26:12,sess_000757,cust_0132,play,Tablet,LATAM,Documentary,BASIC,1214,0,4500 kbps,,,
2026-07-01 03:29:38,sess_000757,cust_0132,play,Tablet,LATAM,SciFi,BASIC,335,0,1500 kbps,,,
2026-07-01 03:35:18,sess_000757,cust_0132,pause,Tablet,LATAM,Drama,BASIC,0,0,,,,
2026-07-01 03:39:11,sess_000690,cust_0037,play,Console,North America,Action,Premium,702,0,1080p-8000kbps,,,
2026-07-01 03:40:32,sess_000690,cust_0037,play,Console,North America,Comedy,Premium,352,0,1080p-8000kbps,,,
2026-07-01 03:42:11,sess_000757,cust_0132,play,Tablet,LATAM,Horror,BASIC,665,0,3000 kbps,,,
2026-07-01 03:47:18,sess_000690,cust_0037,play,Console,North America,Action,Premium,1601,0,480p-2000kbps,,,
2026-07-01 03:51:05,sess_000757,cust_0132,pause,Tablet,LATAM,Documentary,BASIC,0,0,,,,
2026-07-01 03:54:30,sess_000757,cust_0132,pause,Tablet,LATAM,Action,BASIC,0,0,,,,
2026-07-01 04:02:09,sess_000690,cust_0037,buffer,Console,North America,Drama,Premium,0,980,,,,
2026-07-01 04:03:33,sess_000757,cust_0132,play,Tablet,LATAM,Action,BASIC,1606,0,480p-2000kbps,,,
2026-07-01 04:06:48,sess_000757,cust_0132,play,Tablet,LATAM,Comedy,BASIC,270,0,2000kbps,,,
2026-07-01 04:07:26,sess_000757,cust_0132,buffer,Tablet,,SciFi,BASIC,0,500,,,,
2026-07-01 04:07:51,sess_000690,cust_0037,play,Console,North America,Drama,Premium,1589,0,1080p-8000kbps,,,
2026-07-01 04:09:03,sess_000690,cust_0037,session_end,Console,North America,,Premium,0,0,,,87%,n/a
2026-07-01 04:17:39,sess_000757,cust_0132,play,Tablet,LATAM,SciFi,BASIC,1607,0,2000 kbps,,,
2026-07-01 04:24:38,sess_000757,cust_0132,play,Tablet,LATAM,Kids,BASIC,1045,0,2000kbps,,,
2026-07-01 04:25:21,sess_000757,cust_0132,session_end,Tablet,LATAM,,BASIC,0,0,,,75%,5 stars
2026-07-01 07:02:33,sess_000015,cust_0066,session_start,Smart TV,Africa,,Premium,0,0,,,,
2026-07-01 07:15:40,sess_000015,cust_0066,buffer,Smart TV,Africa,Drama,Premium,0,670,,,,
2026-07-01 07:28:30,sess_000015,cust_0066,play,Smart TV,Africa,Kids,Premium,52,0,720p-3000kbps,,,
2026-07-01 07:37:04,sess_000015,cust_0066,play,Smart TV,Africa,Horror,Premium,737,0,6000kbps,,,
2026-07-01 07:41:52,sess_000344,cust_0038,session_start,Console,Africa,,Standard,0,0,,,,
2026-07-01 07:46:53,sess_000015,cust_0066,pause,Smart TV,Africa,Comedy,Premium,0,0,,,,
2026-07-01 07:48:34,sess_000015,cust_0066,session_end,Smart TV,Africa,,Premium,0,0,,,60%,4.0
2026-07-01 07:55:01,sess_000344,cust_0038,play,Console,Africa,Comedy,Standard,347,0,720p-3000kbps,,,
2026-07-01 07:58:37,sess_000344,cust_0038,play,Console,Africa,Documentary,Standard,1475,0,4500 kbps,,,
2026-07-01 07:59:25,sess_000344,cust_0038,session_end,Console,Africa,,Standard,0,0,,,100%,1
2026-07-01 08:28:43,sess_000780,cust_0148,session_start,Mobile,LATAM,,PREM,0,0,,,,
2026-07-01 08:36:33,sess_000003,cust_0070,session_start,Web,Africa,,Standard ,0,0,,,,
2026-07-01 08:38:35,sess_000003,cust_0070,play,Web,Africa,Drama,Standard ,112,0,1500 kbps,,,
2026-07-01 08:43:41,sess_000780,cust_0148,play,Mobile,LATAM,Action,PREM,1149,0,480p-2000kbps,,,
2026-07-01 08:51:45,sess_000003,cust_0070,play,Web,Africa,Horror,Standard ,596,0,480p-1500kbps,,,
2026-07-01 08:52:03,sess_000780,cust_0148,error,Mobile,LATAM,Action,PREM,0,0,,E3003,,
2026-07-01 08:54:09,sess_000003,cust_0070,pause,Web,Africa,Horror,Standard ,0,0,,,,
2026-07-01 08:54:14,sess_000780,cust_0148,play,Mobile,LATAM,Horror,PREM,1320,0,2000 kbps,,,
2026-07-01 08:57:19,sess_000003,cust_0070,buffer,Web,Africa,Comedy,Standard ,0,1685,,,,
2026-07-01 08:59:29,sess_000519,cust_0103,session_start,Console,APAC,,Premium,0,0,,,,
2026-07-01 09:02:07,sess_000780,cust_0148,play,Mobile,LATAM,Comedy,PREM,199,0,480p-2000kbps,,,
2026-07-01 09:06:28,sess_000519,cust_0103,play,Console,APAC,Comedy,Premium,1596,0,6000kbps,,,
2026-07-01 09:09:38,sess_000519,cust_0103,play,Console,,Kids,Premium,131,0,8000 kbps,,,
2026-07-01 09:09:52,sess_000003,cust_0070,play,Web,Africa,SciFi,Standard ,185,0,480p-2000kbps,,,
2026-07-01 09:14:39,sess_000003,cust_0070,play,Web,Africa,Documentary,Standard ,544,0,4500 kbps,,,
2026-07-01 09:15:13,sess_000003,cust_0070,session_end,Web,Africa,,Standard ,0,0,,,80%,3.0
2026-07-01 09:16:36,sess_000780,cust_0148,play,Mobile,LATAM,Horror,PREM,1719,0,6000 kbps,,,
2026-07-01 09:18:37,sess_000519,cust_0103,play,Console,APAC,Drama,Premium,1558,0,2000kbps,,,
2026-07-01 09:24:29,sess_000519,cust_0103,play,Console,APAC,Comedy,Premium,861,0,720p-3000kbps,,,
2026-07-01 09:31:01,sess_000780,cust_0148,pause,Mobile,LATAM,Documentary,PREM,0,0,,,,
2026-07-01 09:32:40,sess_000780,cust_0148,play,Mobile,LATAM,Kids,PREM,440,0,8000 kbps,,,
2026-07-01 09:36:28,sess_000519,cust_0103,play,Console,APAC,Action,Premium,1211,0,6000 kbps,,,
2026-07-01 09:44:08,sess_000780,cust_0148,play,Mobile,LATAM,SciFi,PREM,784,0,720p-4500kbps,,,
2026-07-01 09:45:25,sess_000519,cust_0103,play,Console,APAC,Drama,Premium,1256,0,6000kbps,,,
2026-07-01 09:54:14,sess_000519,cust_0103,play,Console,APAC,Comedy,Premium,878,0,2000kbps,,,
2026-07-01 09:58:26,sess_000780,cust_0148,play,Mobile,LATAM,Documentary,PREM,241,0,6000kbps,,,
2026-07-01 09:59:28,sess_000519,cust_0103,play,Console,APAC,Horror,Premium,959,0,4500kbps,,,
2026-07-01 10:01:21,sess_000780,cust_0148,play,Mobile,LATAM,Documentary,PREM,1742,0,4500kbps,,,
2026-07-01 10:03:17,sess_000780,cust_0148,play,Mobile,LATAM,SciFi,PREM,721,0,8000 kbps,,,
2026-07-01 10:03:35,sess_000519,cust_0103,play,Console,APAC,Action,Premium,1520,0,6000 kbps,,,
2026-07-01 10:06:16,sess_000519,cust_0103,play,Console,APAC,Documentary,Premium,1313,0,1500kbps,,,
2026-07-01 10:14:15,sess_000780,cust_0148,play,Mobile,LATAM,Documentary,PREM,47,0,2000 kbps,,,
2026-07-01 10:15:57,sess_000780,cust_0148,session_end,Mobile,LATAM,,PREM,0,0,,,87%,
2026-07-01 10:17:11,sess_000519,cust_0103,play,Console,APAC,Kids,Premium,1554,0,1500 kbps,,,
2026-07-01 10:18:40,sess_000519,cust_0103,session_end,Console,APAC,,Premium,0,0,,,100%,n/a
2026-07-01 11:26:50,sess_000186,cust_0082,session_start,Smart TV,Africa,,Premium,0,0,,,,
2026-07-01 11:35:19,sess_000186,cust_0082,play,Smart TV,Africa,Kids,Premium,653,0,8000kbps,,,
2026-07-01 11:35:59,sess_000186,cust_0082,play,Smart TV,Africa,Comedy,Premium,836,0,2000kbps,,,
2026-07-01 11:40:16,sess_000186,cust_0082,buffer,Smart TV,Africa,Comedy,Premium,0,3925,,,,
2026-07-01 11:41:57,sess_000186,cust_0082,session_end,Smart TV,Africa,,Premium,0,0,,,60%,N/A
2026-07-01 15:35:42,sess_000282,cust_0060,session_start,Tablet,Europe,,PREM,0,0,,,,
2026-07-01 15:44:38,sess_000282,cust_0060,play,Tablet,Europe,Comedy,PREM,289,0,4500kbps,,,
2026-07-01 15:50:54,sess_000282,cust_0060,play,Tablet,Europe,Horror,PREM,733,0,1500kbps,,,
2026-07-01 16:01:40,sess_000282,cust_0060,pause,Tablet,Europe,Comedy,PREM,0,0,,,,
2026-07-01 16:06:07,sess_000282,cust_0060,play,Tablet,Europe,Kids,PREM,1418,0,1080p-8000kbps,,,
2026-07-01 16:20:50,sess_000282,cust_0060,buffer,Tablet,Europe,Comedy,PREM,0,1010,,,,
2026-07-01 16:29:40,sess_000282,cust_0060,pause,Tablet,Europe,Kids,PREM,0,0,,,,
2026-07-01 16:38:12,sess_000282,cust_0060,play,Tablet,Europe,Kids,PREM,32,0,4500kbps,,,
2026-07-01 16:47:13,sess_000282,cust_0060,buffer,Tablet,Europe,Kids,PREM,0,3469,,,,
2026-07-01 16:59:47,sess_000282,cust_0060,play,Tablet,Europe,SciFi,PREM,372,0,480p-2000kbps,,,
2026-07-01 17:06:48,sess_000282,cust_0060,pause,Tablet,Europe,Action,PREM,0,0,,,,
2026-07-01 17:16:43,sess_000282,cust_0060,pause,Tablet,,Kids,PREM,0,0,,,,
2026-07-01 17:17:27,sess_000282,cust_0060,session_end,Tablet,Europe,,PREM,0,0,,,87%,1.0
2026-07-01 18:40:58,sess_000259,cust_0123,session_start,Smart TV,Europe,,basic,0,0,,,,
2026-07-01 18:52:50,sess_000259,cust_0123,buffer,Smart TV,Europe,Documentary,basic,0,1859,,,,
2026-07-01 18:54:31,sess_000259,cust_0123,buffer,Smart TV,Europe,Kids,basic,0,3867,,,,
2026-07-01 19:03:36,sess_000259,cust_0123,play,Smart TV,Europe,Horror,basic,1317,0,480p-1500kbps,,,
2026-07-01 19:06:28,sess_000259,cust_0123,buffer,Smart TV,Europe,SciFi,basic,0,588,,,,
2026-07-01 19:12:40,sess_000259,cust_0123,play,Smart TV,Europe,Action,basic,31,0,4500 kbps,,,
2026-07-01 19:25:34,sess_000259,cust_0123,play,Smart TV,Europe,Comedy,basic,1075,0,1500kbps,,,
2026-07-01 19:33:17,sess_000259,cust_0123,play,Smart TV,Europe,SciFi,basic,1584,0,8000kbps,,,
2026-07-01 19:38:19,sess_000068,cust_0093,session_start,Smart TV,Africa,,Premium+,0,0,,,,
2026-07-01 19:40:25,sess_000068,cust_0093,play,Smart TV,Africa,Documentary,Premium+,124,0,3000kbps,,,
2026-07-01 19:43:18,sess_000259,cust_0123,play,Smart TV,Europe,Documentary,basic,1005,0,1500 kbps,,,
2026-07-01 19:48:33,sess_000259,cust_0123,buffer,Smart TV,Europe,SciFi,basic,0,3216,,,,
2026-07-01 19:48:59,sess_000068,cust_0093,play,Smart TV,Africa,Comedy,Premium+,782,0,1500kbps,,,
2026-07-01 19:57:07,sess_000532,cust_0038,session_start,Console,Africa,,Standard ,0,0,,,,
2026-07-01 19:57:30,sess_000259,cust_0123,play,Smart TV,Europe,Documentary,basic,661,0,720p-4500kbps,,,
2026-07-01 19:58:24,sess_000259,cust_0123,play,Smart TV,Europe,Drama,basic,411,0,1500kbps,,,
2026-07-01 19:59:31,sess_000068,cust_0093,play,Smart TV,Africa,Horror,Premium+,1772,0,3000 kbps,,,
2026-07-01 20:05:27,sess_000068,cust_0093,play,Smart TV,,Drama,Premium+,1044,0,1080p-6000kbps,,,
2026-07-01 20:05:44,sess_000532,cust_0038,buffer,Console,Africa,Horror,Standard ,0,2001,,,,
2026-07-01 20:05:56,sess_000259,cust_0123,play,Smart TV,Europe,Kids,basic,692,0,1500 kbps,,,
2026-07-01 20:06:19,sess_000847,cust_0138,session_start,Smart TV,Africa,,Standard,0,0,,,,
2026-07-01 20:07:05,sess_000259,cust_0123,session_end,Smart TV,Europe,,basic,0,0,,,90%,4
2026-07-01 20:08:23,sess_000847,cust_0138,pause,Smart TV,Africa,Drama,Standard,0,0,,,,
2026-07-01 20:09:51,sess_000532,cust_0038,play,Console,Africa,SciFi,Standard ,539,0,8000kbps,,,
2026-07-01 20:14:25,sess_000314,cust_0035,session_start,Smart TV,Europe,,STD,0,0,,,,
2026-07-01 20:14:35,sess_000847,cust_0138,pause,Smart TV,Africa,Action,Standard,0,0,,,,
2026-07-01 20:16:21,sess_000314,cust_0035,play,Smart TV,Europe,Documentary,STD,1041,0,2000kbps,,,
2026-07-01 20:18:07,sess_000068,cust_0093,play,Smart TV,Africa,Action,Premium+,450,0,2000 kbps,,,
2026-07-01 20:22:53,sess_000314,cust_0035,buffer,Smart TV,Europe,Kids,STD,0,1911,,,,
2026-07-01 20:23:18,sess_000068,cust_0093,play,Smart TV,Africa,Horror,Premium+,1174,0,2000 kbps,,,
2026-07-01 20:23:45,sess_000532,cust_0038,play,Console,Africa,Documentary,Standard ,694,0,720p-4500kbps,,,
2026-07-01 20:24:06,sess_000532,cust_0038,play,Console,Africa,Action,Standard ,1237,0,8000 kbps,,,
2026-07-01 20:24:11,sess_000847,cust_0138,play,Smart TV,Africa,Horror,Standard,998,0,3000 kbps,,,
2026-07-01 20:24:42,sess_000847,cust_0138,session_end,Smart TV,,,Standard,0,0,,,60%,2
2026-07-01 20:27:27,sess_000314,cust_0035,play,Smart TV,Europe,SciFi,STD,1094,0,480p-2000kbps,,,
2026-07-01 20:28:03,sess_000314,cust_0035,pause,Smart TV,Europe,Comedy,STD,0,0,,,,
2026-07-01 20:30:48,sess_000314,cust_0035,buffer,Smart TV,Europe,Drama,STD,0,2686,,,,
2026-07-01 20:31:37,sess_000068,cust_0093,pause,Smart TV,Africa,Drama,Premium+,0,0,,,,
2026-07-01 20:33:29,sess_000068,cust_0093,session_end,Smart TV,Africa,,Premium+,0,0,,,90%,N/A
2026-07-01 20:36:15,sess_000532,cust_0038,pause,Console,Africa,SciFi,Standard ,0,0,,,,
2026-07-01 20:43:41,sess_000314,cust_0035,play,Smart TV,Europe,Documentary,STD,965,0,1500 kbps,,,
2026-07-01 20:44:02,sess_000314,cust_0035,play,Smart TV,Europe,Comedy,STD,296,0,1500 kbps,,,
2026-07-01 20:45:54,sess_000043,cust_0130,session_start,Mobile,LATAM,,basic ,0,0,,,,
2026-07-01 20:48:00,sess_000532,cust_0038,error,Console,Africa,Documentary,Standard ,0,0,,E4004,,
2026-07-01 20:54:17,sess_000314,cust_0035,pause,Smart TV,Europe,Horror,STD,0,0,,,,
2026-07-01 21:00:32,sess_000043,cust_0130,play,Mobile,LATAM,SciFi,basic ,918,0,3000kbps,,,
2026-07-01 21:03:38,sess_000043,cust_0130,play,Mobile,LATAM,Kids,basic ,857,0,720p-4500kbps,,,
2026-07-01 21:04:42,sess_000043,cust_0130,session_end,Mobile,LATAM,,basic ,0,0,,,100%,
2026-07-01 21:07:55,sess_000314,cust_0035,buffer,Smart TV,Europe,Drama,STD,0,1413,,,,
2026-07-01 21:12:08,sess_000314,cust_0035,play,Smart TV,Europe,Kids,STD,600,0,480p-1500kbps,,,
2026-07-01 21:20:06,sess_000314,cust_0035,play,Smart TV,Europe,SciFi,STD,239,0,1500 kbps,,,
2026-07-01 21:34:25,sess_000314,cust_0035,play,Smart TV,Europe,SciFi,STD,1773,0,480p-2000kbps,,,
2026-07-01 21:36:15,sess_000314,cust_0035,session_end,Smart TV,Europe,,STD,0,0,,,N/A,n/a
2026-07-01 22:33:17,sess_000558,cust_0004,session_start,Web,Africa,,Standard,0,0,,,,
2026-07-01 22:45:15,sess_000558,cust_0004,play,Web,Africa,Kids,Standard,1263,0,6000 kbps,,,
2026-07-01 22:55:29,sess_000558,cust_0004,play,Web,,Comedy,Standard,963,0,6000kbps,,,
2026-07-01 23:06:20,sess_000558,cust_0004,pause,Web,Africa,SciFi,Standard,0,0,,,,
2026-07-01 23:18:15,sess_000558,cust_0004,play,Web,Africa,Comedy,Standard,781,0,6000kbps,,,
2026-07-01 23:26:17,sess_000558,cust_0004,play,Web,Africa,Drama,Standard,1387,0,4500 kbps,,,
2026-07-01 23:38:18,sess_000558,cust_0004,play,Web,Africa,Documentary,Standard,1327,0,3000 kbps,,,
2026-07-01 23:38:57,sess_000558,cust_0004,session_end,Web,Africa,,Standard,0,0,,,60%,3
2026-07-02 00:14:09,sess_000431,cust_0083,session_start,Tablet,APAC,,PREM,0,0,,,,
2026-07-02 00:15:39,sess_000772,cust_0043,session_start,Smart TV,LATAM,,Standard ,0,0,,,,
2026-07-02 00:18:20,sess_000431,cust_0083,play,Tablet,APAC,Horror,PREM,360,0,1080p-6000kbps,,,
2026-07-02 00:21:56,sess_000772,cust_0043,play,Smart TV,LATAM,Horror,Standard ,1737,0,2000 kbps,,,
2026-07-02 00:26:36,sess_000772,cust_0043,play,Smart TV,LATAM,Action,Standard ,405,0,480p-2000kbps,,,
2026-07-02 00:28:23,sess_000431,cust_0083,play,Tablet,,Action,PREM,736,0,720p-3000kbps,,,
2026-07-02 00:36:21,sess_000772,cust_0043,play,Smart TV,LATAM,Drama,Standard ,1496,0,8000kbps,,,
2026-07-02 00:38:47,sess_000431,cust_0083,pause,Tablet,APAC,Comedy,PREM,0,0,,,,
2026-07-02 00:39:08,sess_000772,cust_0043,buffer,Smart TV,LATAM,Horror,Standard ,0,2744,,,,
2026-07-02 00:44:35,sess_000431,cust_0083,play,Tablet,APAC,Action,PREM,49,0,2000 kbps,,,
2026-07-02 00:44:56,sess_000431,cust_0083,pause,Tablet,APAC,Kids,PREM,0,0,,,,
2026-07-02 00:46:39,sess_000431,cust_0083,session_end,Tablet,APAC,,PREM,0,0,,,90%,4 stars
2026-07-02 00:50:37,sess_000772,cust_0043,play,Smart TV,LATAM,Drama,Standard ,204,0,3000kbps,,,
2026-07-02 00:54:05,sess_000958,cust_0073,session_start,Mobile,LATAM,,standard,0,0,,,,
2026-07-02 00:54:12,sess_000772,cust_0043,play,Smart TV,LATAM,Action,Standard ,98,0,6000 kbps,,,
2026-07-02 00:57:23,sess_000958,cust_0073,play,Mobile,LATAM,Kids,standard,553,0,2000kbps,,,
2026-07-02 01:03:33,sess_000772,cust_0043,pause,Smart TV,LATAM,Kids,Standard ,0,0,,,,
2026-07-02 01:04:33,sess_000958,cust_0073,buffer,Mobile,LATAM,Action,standard,0,1917,,,,
2026-07-02 01:04:36,sess_000772,cust_0043,session_end,Smart TV,LATAM,,Standard ,0,0,,,90%,
2026-07-02 01:12:21,sess_000958,cust_0073,play,Mobile,LATAM,SciFi,standard,1295,0,8000 kbps,,,
2026-07-02 01:22:59,sess_000958,cust_0073,play,Mobile,LATAM,Action,standard,655,0,480p-1500kbps,,,
2026-07-02 01:24:37,sess_000958,cust_0073,play,Mobile,LATAM,Action,standard,667,0,4500 kbps,,,
2026-07-02 01:26:17,sess_000958,cust_0073,session_end,Mobile,LATAM,,standard,0,0,,,75%,2.0
2026-07-02 05:19:14,sess_000603,cust_0056,session_start,Mobile,Africa,,BASIC,0,0,,,,
2026-07-02 05:28:37,sess_000603,cust_0056,play,Mobile,Africa,Drama,BASIC,203,0,3000kbps,,,
2026-07-02 05:34:48,sess_000603,cust_0056,buffer,Mobile,Africa,Drama,BASIC,0,771,,,,
2026-07-02 05:47:16,sess_000603,cust_0056,pause,Mobile,Africa,SciFi,BASIC,0,0,,,,
2026-07-02 06:01:29,sess_000603,cust_0056,buffer,Mobile,Africa,Comedy,BASIC,0,1969,,,,
2026-07-02 06:08:41,sess_000603,cust_0056,buffer,Mobile,Africa,Action,BASIC,0,1225,,,,
2026-07-02 06:15:28,sess_000603,cust_0056,play,Mobile,Africa,Comedy,BASIC,987,0,4500 kbps,,,
2026-07-02 06:18:53,sess_000603,cust_0056,buffer,Mobile,Africa,Comedy,BASIC,0,3904,,,,
2026-07-02 06:29:04,sess_000603,cust_0056,pause,Mobile,Africa,Horror,BASIC,0,0,,,,
2026-07-02 06:35:40,sess_000603,cust_0056,buffer,Mobile,Africa,Drama,BASIC,0,1799,,,,
2026-07-02 06:41:37,sess_000603,cust_0056,buffer,Mobile,Africa,Horror,BASIC,0,3745,,,,
2026-07-02 06:48:04,sess_000603,cust_0056,play,Mobile,Africa,Documentary,BASIC,1744,0,1080p-6000kbps,,,
2026-07-02 06:50:00,sess_000603,cust_0056,session_end,Mobile,Africa,,BASIC,0,0,,,45%,5 stars
2026-07-02 11:12:41,sess_000449,cust_0053,session_start,Mobile,Africa,,Premium ,0,0,,,,
2026-07-02 11:18:11,sess_000449,cust_0053,play,Mobile,Africa,Comedy,Premium ,1532,0,2000 kbps,,,
2026-07-02 11:22:47,sess_000449,cust_0053,play,Mobile,Africa,Documentary,Premium ,535,0,1080p-8000kbps,,,
2026-07-02 11:26:05,sess_000449,cust_0053,play,Mobile,Africa,Action,Premium ,60,0,6000kbps,,,
2026-07-02 11:35:54,sess_000449,cust_0053,play,Mobile,Africa,Action,Premium ,1056,0,1500kbps,,,
2026-07-02 11:50:38,sess_000449,cust_0053,play,Mobile,Africa,SciFi,Premium ,1712,0,1080p-8000kbps,,,
2026-07-02 11:55:18,sess_000449,cust_0053,play,Mobile,Africa,Action,Premium ,361,0,720p-4500kbps,,,
2026-07-02 11:55:54,sess_000449,cust_0053,session_end,Mobile,Africa,,Premium ,0,0,,,87%,2
2026-07-02 13:32:36,sess_000238,cust_0002,session_start,Mobile,Africa,,PremiumPlus,0,0,,,,
2026-07-02 13:41:50,sess_000238,cust_0002,play,Mobile,Africa,SciFi,PremiumPlus,459,0,480p-2000kbps,,,
2026-07-02 13:51:43,sess_000383,cust_0098,session_start,Tablet,,,Premium,0,0,,,,
2026-07-02 13:52:55,sess_000238,cust_0002,play,Mobile,Africa,Action,PremiumPlus,432,0,1500kbps,,,
2026-07-02 13:57:26,sess_000383,cust_0098,play,Tablet,LATAM,Horror,Premium,1160,0,1500kbps,,,
2026-07-02 14:00:09,sess_000238,cust_0002,play,Mobile,Africa,Drama,PremiumPlus,247,0,3000kbps,,,
2026-07-02 14:10:59,sess_000383,cust_0098,play,Tablet,LATAM,Comedy,Premium,331,0,1080p-6000kbps,,,
2026-07-02 14:11:40,sess_000238,cust_0002,buffer,Mobile,Africa,Drama,PremiumPlus,0,2102,,,,
2026-07-02 14:16:02,sess_000238,cust_0002,error,Mobile,Africa,Kids,PremiumPlus,0,0,,E3003,,
2026-07-02 14:20:05,sess_000383,cust_0098,play,Tablet,LATAM,Comedy,Premium,583,0,1080p-8000kbps,,,
2026-07-02 14:24:39,sess_000238,cust_0002,pause,Mobile,Africa,Documentary,PremiumPlus,0,0,,,,
2026-07-02 14:25:19,sess_000383,cust_0098,play,Tablet,LATAM,Drama,Premium,1327,0,1080p-6000kbps,,,
2026-07-02 14:28:48,sess_000566,cust_0061,session_start,,Africa,,basic ,0,0,,,,
2026-07-02 14:29:24,sess_000566,cust_0061,play,,Africa,Documentary,basic ,876,0,720p-3000kbps,,,
2026-07-02 14:30:42,sess_000566,cust_0061,pause,,Africa,SciFi,basic ,0,0,,,,
2026-07-02 14:31:17,sess_000774,cust_0149,session_start,Tablet,Africa,,basic ,0,0,,,,
2026-07-02 14:32:45,sess_000383,cust_0098,buffer,Tablet,LATAM,Action,Premium,0,625,,,,
2026-07-02 14:34:20,sess_000238,cust_0002,play,Mobile,Africa,Kids,PremiumPlus,1628,0,2000 kbps,,,
2026-07-02 14:34:34,sess_000670,cust_0114,session_start,Web,Europe,,STD,0,0,,,,
2026-07-02 14:35:00,sess_000774,cust_0149,play,Tablet,Africa,Drama,basic ,1330,0,1500 kbps,,,
2026-07-02 14:35:56,sess_000774,cust_0149,play,Tablet,,Action,basic ,842,0,480p-1500kbps,,,
2026-07-02 14:35:59,sess_000566,cust_0061,play,,Africa,Drama,basic ,1089,0,720p-4500kbps,,,
2026-07-02 14:36:08,sess_000238,cust_0002,session_end,Mobile,Africa,,PremiumPlus,0,0,,,45%,N/A
2026-07-02 14:39:37,sess_000670,cust_0114,buffer,Web,Europe,Kids,STD,0,2000,,,,
2026-07-02 14:39:54,sess_000383,cust_0098,play,Tablet,LATAM,Comedy,Premium,376,0,4500 kbps,,,
2026-07-02 14:41:29,sess_000383,cust_0098,play,Tablet,LATAM,Drama,Premium,1320,0,3000 kbps,,,
2026-07-02 14:43:09,sess_000383,cust_0098,session_end,Tablet,LATAM,,Premium,0,0,,,60%,1
2026-07-02 14:44:14,sess_000566,cust_0061,pause,,Africa,Kids,basic ,0,0,,,,
2026-07-02 14:48:23,sess_000566,cust_0061,pause,,Africa,SciFi,basic ,0,0,,,,
2026-07-02 14:48:26,sess_000774,cust_0149,play,Tablet,Africa,SciFi,basic ,1721,0,8000kbps,,,
2026-07-02 14:49:31,sess_000774,cust_0149,play,Tablet,Africa,Drama,basic ,1568,0,8000kbps,,,
2026-07-02 14:50:06,sess_000774,cust_0149,session_end,Tablet,Africa,,basic ,0,0,,,60%,N/A
2026-07-02 14:52:32,sess_000670,cust_0114,play,Web,Europe,Documentary,STD,1699,0,8000 kbps,,,
2026-07-02 14:57:35,sess_000566,cust_0061,play,,Africa,Documentary,basic ,318,0,1080p-6000kbps,,,
2026-07-02 14:57:42,sess_000670,cust_0114,play,Web,Europe,Comedy,STD,860,0,1500 kbps,,,
2026-07-02 15:01:29,sess_000670,cust_0114,pause,Web,Europe,SciFi,STD,0,0,,,,
2026-07-02 15:11:15,sess_000670,cust_0114,play,Web,Europe,Documentary,STD,988,0,3000kbps,,,
2026-07-02 15:11:50,sess_000566,cust_0061,play,,Africa,Comedy,basic ,31,0,720p-3000kbps,,,
2026-07-02 15:12:57,sess_000566,cust_0061,session_end,,Africa,,basic ,0,0,,,60%,5
2026-07-02 15:24:52,sess_000670,cust_0114,play,Web,Europe,Comedy,STD,1785,0,3000kbps,,,
2026-07-02 15:32:36,sess_000670,cust_0114,play,Web,Europe,Drama,STD,261,0,2000 kbps,,,
2026-07-02 15:33:28,sess_000670,cust_0114,error,Web,Europe,Comedy,STD,0,0,,E1001,,
2026-07-02 15:35:15,sess_000670,cust_0114,session_end,Web,Europe,,STD,0,0,,,95%,
2026-07-02 17:01:16,sess_000154,cust_0026,session_start,Web,North America,,Premium,0,0,,,,
2026-07-02 17:08:20,sess_000154,cust_0026,play,Web,North America,Drama,Premium,91,0,480p-1500kbps,,,
2026-07-02 17:14:54,sess_000154,cust_0026,play,Web,North America,Drama,Premium,618,0,480p-2000kbps,,,
2026-07-02 17:28:50,sess_000154,cust_0026,play,Web,North America,Kids,Premium,695,0,480p-2000kbps,,,
2026-07-02 17:32:45,sess_000154,cust_0026,play,Web,North America,Horror,Premium,1007,0,8000 kbps,,,
2026-07-02 17:37:19,sess_000154,cust_0026,play,Web,North America,Documentary,Premium,350,0,8000 kbps,,,
2026-07-02 17:39:56,sess_000154,cust_0026,play,Web,North America,Comedy,Premium,1428,0,2000 kbps,,,
2026-07-02 17:43:02,sess_000154,cust_0026,play,Web,North America,Kids,Premium,1430,0,1080p-8000kbps,,,
2026-07-02 17:49:08,sess_000154,cust_0026,play,Web,North America,SciFi,Premium,594,0,3000 kbps,,,
2026-07-02 18:00:29,sess_000154,cust_0026,play,Web,North America,SciFi,Premium,559,0,4500kbps,,,
2026-07-02 18:14:27,sess_000154,cust_0026,play,Web,North America,Kids,Premium,1549,0,8000kbps,,,
2026-07-02 18:22:00,sess_000154,cust_0026,play,Web,North America,Horror,Premium,843,0,1500 kbps,,,
2026-07-02 18:25:22,sess_000154,cust_0026,play,Web,North America,Horror,Premium,1599,0,720p-4500kbps,,,
2026-07-02 18:39:03,sess_000154,cust_0026,play,Web,North America,Horror,Premium,1520,0,8000 kbps,,,
2026-07-02 18:39:24,sess_000154,cust_0026,pause,Web,North America,SciFi,Premium,0,0,,,,
2026-07-02 18:41:36,sess_000866,cust_0048,session_start,Console,Europe,,basic,0,0,,,,
2026-07-02 18:43:56,sess_000866,cust_0048,play,Console,Europe,Comedy,basic,232,0,480p-2000kbps,,,
2026-07-02 18:44:17,sess_000154,cust_0026,play,Web,North America,Kids,Premium,264,0,4500 kbps,,,
2026-07-02 18:49:02,sess_000154,cust_0026,play,Web,North America,Comedy,Premium,828,0,480p-2000kbps,,,
2026-07-02 18:49:58,sess_000866,cust_0048,play,Console,Europe,Documentary,basic,1210,0,8000 kbps,,,
2026-07-02 18:52:42,sess_000154,cust_0026,play,Web,North America,Action,Premium,1637,0,2000kbps,,,
2026-07-02 18:53:04,sess_000154,cust_0026,session_end,Web,North America,,Premium,0,0,,,95%,N/A
2026-07-02 18:55:20,sess_000866,cust_0048,play,Console,Europe,SciFi,basic,849,0,480p-2000kbps,,,
2026-07-02 19:09:35,sess_000866,cust_0048,play,Console,Europe,Documentary,basic,1411,0,8000kbps,,,
2026-07-02 19:21:43,sess_000866,cust_0048,play,Console,Europe,Horror,basic,197,0,8000kbps,,,
2026-07-02 19:33:50,sess_000866,cust_0048,play,Console,Europe,Action,basic,786,0,4500 kbps,,,
2026-07-02 19:44:54,sess_000866,cust_0048,pause,Console,Europe,SciFi,basic,0,0,,,,
2026-07-02 19:55:06,sess_000866,cust_0048,pause,Console,Europe,SciFi,basic,0,0,,,,
2026-07-02 20:08:34,sess_000866,cust_0048,play,Console,Europe,Horror,basic,136,0,720p-4500kbps,,,
2026-07-02 20:11:22,sess_000866,cust_0048,play,Console,Europe,Drama,basic,440,0,3000kbps,,,
2026-07-02 20:23:06,sess_000866,cust_0048,play,Console,Europe,Kids,basic,566,0,6000 kbps,,,
2026-07-02 20:24:10,sess_000866,cust_0048,error,Console,Europe,Kids,basic,0,0,,E3003,,
2026-07-02 22:26:09,sess_000987,cust_0096,session_start,Web,Africa,,Basic,0,0,,,,
2026-07-02 22:36:49,sess_000987,cust_0096,play,Web,Africa,Comedy,Basic,566,0,1500kbps,,,
2026-07-02 22:40:45,sess_000987,cust_0096,play,Web,Africa,Horror,Basic,792,0,1080p-6000kbps,,,
2026-07-02 22:45:21,sess_000987,cust_0096,pause,Web,Africa,Documentary,Basic,0,0,,,,
2026-07-02 22:48:46,sess_000987,cust_0096,pause,Web,Africa,Horror,Basic,0,0,,,,
2026-07-02 22:50:30,sess_000987,cust_0096,play,Web,Africa,Comedy,Basic,1099,0,8000kbps,,,
2026-07-02 22:55:55,sess_000987,cust_0096,play,Web,Africa,SciFi,Basic,1056,0,4500 kbps,,,
2026-07-02 23:07:46,sess_000987,cust_0096,play,Web,Africa,Documentary,Basic,1275,0,1500kbps,,,
2026-07-02 23:08:25,sess_000987,cust_0096,session_end,Web,Africa,,Basic,0,0,,,N/A,n/a
2026-07-02 23:50:08,sess_000615,cust_0102,session_start,,LATAM,,basic,0,0,,,,
2026-07-03 00:02:00,sess_000615,cust_0102,play,,LATAM,Drama,basic,1617,0,4500kbps,,,
2026-07-03 00:02:54,sess_000615,cust_0102,play,,LATAM,Horror,basic,288,0,2000kbps,,,
2026-07-03 00:14:53,sess_000615,cust_0102,play,,LATAM,SciFi,basic,657,0,720p-3000kbps,,,
2026-07-03 00:16:27,sess_000615,cust_0102,play,,LATAM,Horror,basic,1593,0,3000 kbps,,,
2026-07-03 00:25:26,sess_000615,cust_0102,play,,LATAM,Action,basic,1529,0,720p-3000kbps,,,
2026-07-03 00:34:43,sess_000615,cust_0102,play,,LATAM,Comedy,basic,1145,0,480p-2000kbps,,,
2026-07-03 00:38:29,sess_000615,cust_0102,play,,LATAM,Action,basic,1725,0,4500 kbps,,,
2026-07-03 00:39:37,sess_000615,cust_0102,play,,LATAM,Kids,basic,1355,0,1080p-8000kbps,,,
2026-07-03 00:51:08,sess_000615,cust_0102,play,,LATAM,Drama,basic,880,0,1080p-8000kbps,,,
2026-07-03 00:54:42,sess_000615,cust_0102,pause,,LATAM,Kids,basic,0,0,,,,
2026-07-03 01:00:58,sess_000135,cust_0137,session_start,Mobile,Africa,,Standard,0,0,,,,
2026-07-03 01:04:13,sess_000615,cust_0102,play,,LATAM,Kids,basic,252,0,2000kbps,,,
2026-07-03 01:08:40,sess_000867,cust_0078,session_start,Tablet,LATAM,,basic ,0,0,,,,
2026-07-03 01:08:47,sess_000135,cust_0137,play,Mobile,Africa,Comedy,Standard,963,0,3000 kbps,,,
2026-07-03 01:18:06,sess_000615,cust_0102,play,,LATAM,SciFi,basic,1553,0,480p-2000kbps,,,
2026-07-03 01:20:53,sess_000135,cust_0137,play,Mobile,Africa,Action,Standard,56,0,1500 kbps,,,
2026-07-03 01:21:53,sess_000867,cust_0078,buffer,Tablet,LATAM,Documentary,basic ,0,2287,,,,
2026-07-03 01:24:50,sess_000135,cust_0137,play,Mobile,Africa,Kids,Standard,532,0,6000kbps,,,
2026-07-03 01:28:57,sess_000135,cust_0137,play,Mobile,Africa,Drama,Standard,1737,0,3000kbps,,,
2026-07-03 01:30:18,sess_000135,cust_0137,pause,Mobile,Africa,Horror,Standard,0,0,,,,
2026-07-03 01:32:49,sess_000615,cust_0102,play,,LATAM,Documentary,basic,574,0,8000 kbps,,,
2026-07-03 01:34:41,sess_000135,cust_0137,play,Mobile,Africa,Comedy,Standard,1132,0,720p-3000kbps,,,
2026-07-03 01:35:27,sess_000867,cust_0078,play,Tablet,LATAM,Kids,basic ,1534,0,1500kbps,,,
2026-07-03 01:38:12,sess_000135,cust_0137,play,Mobile,Africa,Horror,Standard,1010,0,480p-1500kbps,,,
2026-07-03 01:40:53,sess_000684,cust_0068,session_start,Smart TV,Africa,,Basic,0,0,,,,
2026-07-03 01:41:00,sess_000615,cust_0102,pause,,LATAM,Kids,basic,0,0,,,,
2026-07-03 01:41:16,sess_000615,cust_0102,buffer,,LATAM,SciFi,basic,0,805,,,,
2026-07-03 01:45:44,sess_000684,cust_0068,play,Smart TV,Africa,Horror,Basic,235,0,1500 kbps,,,
2026-07-03 01:46:34,sess_000615,cust_0102,pause,,LATAM,Action,basic,0,0,,,,
2026-07-03 01:47:30,sess_000615,cust_0102,session_end,,LATAM,,basic,0,0,,,45%,3
2026-07-03 01:49:19,sess_000867,cust_0078,play,Tablet,LATAM,SciFi,basic ,1718,0,4500kbps,,,
2026-07-03 01:50:47,sess_000135,cust_0137,buffer,Mobile,Africa,Kids,Standard,0,783,,,,
2026-07-03 01:58:18,sess_000135,cust_0137,play,Mobile,Africa,Horror,Standard,1213,0,1500kbps,,,
2026-07-03 01:58:57,sess_000135,cust_0137,session_end,Mobile,Africa,,Standard,0,0,,,100%,5.0
2026-07-03 01:59:41,sess_000684,cust_0068,pause,Smart TV,Africa,Documentary,Basic,0,0,,,,
2026-07-03 02:00:48,sess_000684,cust_0068,play,Smart TV,Africa,Comedy,Basic,454,0,720p-4500kbps,,,
2026-07-03 02:01:54,sess_000363,cust_0126,session_start,Console,LATAM,,BASIC,0,0,,,,
2026-07-03 02:02:18,sess_000867,cust_0078,play,Tablet,LATAM,Kids,basic ,1453,0,4500kbps,,,
2026-07-03 02:02:48,sess_000684,cust_0068,error,Smart TV,Africa,SciFi,Basic,0,0,,E2002,,
2026-07-03 02:08:20,sess_000363,cust_0126,play,Console,LATAM,Drama,BASIC,1084,0,1080p-6000kbps,,,
2026-07-03 02:11:32,sess_000867,cust_0078,play,Tablet,LATAM,Kids,basic ,64,0,1500 kbps,,,
2026-07-03 02:15:09,sess_000867,cust_0078,play,Tablet,LATAM,Comedy,basic ,560,0,480p-1500kbps,,,
2026-07-03 02:15:46,sess_000363,cust_0126,pause,Console,LATAM,Action,BASIC,0,0,,,,
2026-07-03 02:22:59,sess_000363,cust_0126,play,Console,LATAM,SciFi,BASIC,272,0,1500 kbps,,,
2026-07-03 02:26:48,sess_000867,cust_0078,buffer,Tablet,LATAM,Drama,basic ,0,2514,,,,
2026-07-03 02:28:51,sess_000867,cust_0078,pause,Tablet,LATAM,Kids,basic ,0,0,,,,
2026-07-03 02:34:42,sess_000363,cust_0126,play,Console,LATAM,Horror,BASIC,494,0,4500 kbps,,,
2026-07-03 02:37:57,sess_000867,cust_0078,play,Tablet,LATAM,Action,basic ,905,0,720p-3000kbps,,,
2026-07-03 02:41:58,sess_000363,cust_0126,play,Console,LATAM,Drama,BASIC,1251,0,480p-1500kbps,,,
2026-07-03 02:43:28,sess_000867,cust_0078,play,Tablet,LATAM,Comedy,basic ,1672,0,8000 kbps,,,
2026-07-03 02:45:38,sess_000867,cust_0078,pause,Tablet,LATAM,Kids,basic ,0,0,,,,
2026-07-03 02:46:42,sess_000363,cust_0126,play,Console,LATAM,SciFi,BASIC,1412,0,3000kbps,,,
2026-07-03 02:48:30,sess_000867,cust_0078,play,Tablet,LATAM,Drama,basic ,1207,0,2000 kbps,,,
2026-07-03 02:48:31,sess_000088,cust_0104,session_start,Console,Europe,,Standard ,0,0,,,,
2026-07-03 02:48:55,sess_000867,cust_0078,session_end,Tablet,LATAM,,basic ,0,0,,,80%,3.0
2026-07-03 02:51:45,sess_000363,cust_0126,buffer,Console,LATAM,Action,BASIC,0,2207,,,,
2026-07-03 02:54:01,sess_000088,cust_0104,play,Console,Europe,Horror,Standard ,1647,0,2000kbps,,,
2026-07-03 02:59:56,sess_000363,cust_0126,play,Console,LATAM,SciFi,BASIC,1290,0,720p-3000kbps,,,
2026-07-03 03:00:33,sess_000363,cust_0126,play,Console,LATAM,Comedy,BASIC,1029,0,6000kbps,,,
2026-07-03 03:01:12,sess_000088,cust_0104,play,Console,Europe,Horror,Standard ,1527,0,3000kbps,,,
2026-07-03 03:02:14,sess_000363,cust_0126,session_end,Console,LATAM,,BASIC,0,0,,,100%,4
2026-07-03 03:09:24,sess_000088,cust_0104,play,Console,Europe,Comedy,Standard ,384,0,1500 kbps,,,
2026-07-03 03:14:23,sess_000088,cust_0104,play,Console,Europe,Action,Standard ,314,0,1080p-6000kbps,,,
2026-07-03 03:17:31,sess_000088,cust_0104,play,Console,Europe,Comedy,Standard ,552,0,480p-2000kbps,,,
2026-07-03 03:25:13,sess_000088,cust_0104,pause,Console,,SciFi,Standard ,0,0,,,,
2026-07-03 03:26:07,sess_000088,cust_0104,pause,Console,Europe,Horror,Standard ,0,0,,,,
2026-07-03 03:27:38,sess_000088,cust_0104,play,Console,Europe,Documentary,Standard ,1399,0,720p-4500kbps,,,
2026-07-03 03:42:11,sess_000088,cust_0104,pause,Console,Europe,Comedy,Standard ,0,0,,,,
2026-07-03 03:54:04,sess_000088,cust_0104,pause,Console,Europe,Horror,Standard ,0,0,,,,
2026-07-03 04:07:39,sess_000088,cust_0104,pause,Console,Europe,Kids,Standard ,0,0,,,,
2026-07-03 04:18:24,sess_000088,cust_0104,pause,Console,Europe,Kids,Standard ,0,0,,,,
2026-07-03 04:29:31,sess_000088,cust_0104,play,Console,Europe,Kids,Standard ,1310,0,4500 kbps,,,
2026-07-03 04:38:28,sess_000088,cust_0104,play,Console,Europe,Kids,Standard ,1032,0,6000kbps,,,
2026-07-03 04:39:46,sess_000088,cust_0104,session_end,Console,Europe,,Standard ,0,0,,,100%,3 stars
2026-07-03 04:50:45,sess_000111,cust_0064,session_start,Tablet,APAC,,standard,0,0,,,,
2026-07-03 04:53:07,sess_000111,cust_0064,error,Tablet,APAC,Comedy,standard,0,0,,E4004,,
2026-07-03 05:04:13,sess_000111,cust_0064,play,Tablet,APAC,Comedy,standard,288,0,6000 kbps,,,
2026-07-03 05:18:17,sess_000111,cust_0064,play,Tablet,APAC,Comedy,standard,398,0,3000 kbps,,,
2026-07-03 05:29:29,sess_000111,cust_0064,pause,Tablet,APAC,Horror,standard,0,0,,,,
2026-07-03 05:33:15,sess_000111,cust_0064,error,Tablet,APAC,Documentary,standard,0,0,,E3003,,
2026-07-03 05:52:20,sess_000544,cust_0085,session_start,Tablet,North America,,basic ,0,0,,,,
2026-07-03 06:03:20,sess_000544,cust_0085,pause,Tablet,North America,Action,basic ,0,0,,,,
2026-07-03 06:06:46,sess_000544,cust_0085,buffer,Tablet,North America,SciFi,basic ,0,538,,,,
2026-07-03 06:10:24,sess_000544,cust_0085,play,Tablet,North America,Action,basic ,494,0,4500 kbps,,,
2026-07-03 06:24:32,sess_000544,cust_0085,play,Tablet,North America,Horror,basic ,933,0,1080p-6000kbps,,,
2026-07-03 06:34:28,sess_000544,cust_0085,play,Tablet,North America,Kids,basic ,789,0,2000 kbps,,,
2026-07-03 06:34:52,sess_000544,cust_0085,play,Tablet,North America,Drama,basic ,1335,0,480p-1500kbps,,,
2026-07-03 06:40:09,sess_000544,cust_0085,error,Tablet,North America,Horror,basic ,0,0,,E1001,,
2026-07-03 06:47:31,sess_000544,cust_0085,play,Tablet,North America,Action,basic ,494,0,3000kbps,,,
2026-07-03 06:48:54,sess_000544,cust_0085,session_end,Tablet,North America,,basic ,0,0,,,80%,n/a
2026-07-03 07:12:09,sess_000966,cust_0029,session_start,Mobile,Europe,,basic,0,0,,,,
2026-07-03 07:12:52,sess_000966,cust_0029,play,Mobile,Europe,Horror,basic,632,0,8000 kbps,,,
2026-07-03 07:14:55,sess_000966,cust_0029,play,Mobile,Europe,Documentary,basic,686,0,1500kbps,,,
2026-07-03 07:19:20,sess_000966,cust_0029,play,Mobile,Europe,Kids,basic,237,0,480p-2000kbps,,,
2026-07-03 07:25:43,sess_000966,cust_0029,buffer,Mobile,Europe,SciFi,basic,0,1020,,,,
2026-07-03 07:28:06,sess_000966,cust_0029,play,Mobile,Europe,Action,basic,1612,0,4500 kbps,,,
2026-07-03 07:28:42,sess_000697,cust_0052,session_start,Mobile,LATAM,,STD,0,0,,,,
2026-07-03 07:40:32,sess_000966,cust_0029,play,Mobile,Europe,Horror,basic,1308,0,3000 kbps,,,
2026-07-03 07:42:30,sess_000697,cust_0052,play,Mobile,LATAM,Comedy,STD,342,0,720p-3000kbps,,,
2026-07-03 07:44:51,sess_000697,cust_0052,play,Mobile,LATAM,Drama,STD,771,0,1500 kbps,,,
2026-07-03 07:49:57,sess_000697,cust_0052,play,Mobile,LATAM,Action,STD,464,0,720p-3000kbps,,,
2026-07-03 07:53:50,sess_000099,cust_0076,session_start,Mobile,North America,,Premium ,0,0,,,,
2026-07-03 07:54:09,sess_000966,cust_0029,play,Mobile,Europe,Comedy,basic,607,0,1080p-6000kbps,,,
2026-07-03 07:54:57,sess_000966,cust_0029,session_end,Mobile,Europe,,basic,0,0,,,60%,N/A
2026-07-03 07:55:16,sess_000697,cust_0052,play,Mobile,LATAM,Action,STD,1186,0,8000 kbps,,,
2026-07-03 07:56:17,sess_000697,cust_0052,pause,Mobile,LATAM,Horror,STD,0,0,,,,
2026-07-03 08:02:03,sess_000697,cust_0052,play,Mobile,LATAM,Horror,STD,1397,0,8000 kbps,,,
2026-07-03 08:02:20,sess_000099,cust_0076,play,Mobile,North America,Comedy,Premium ,1775,0,1500kbps,,,
2026-07-03 08:05:10,sess_000697,cust_0052,play,Mobile,LATAM,Drama,STD,1581,0,8000 kbps,,,
2026-07-03 08:13:29,sess_000099,cust_0076,play,Mobile,North America,Kids,Premium ,1309,0,480p-2000kbps,,,
2026-07-03 08:15:22,sess_000697,cust_0052,play,Mobile,LATAM,Horror,STD,537,0,3000 kbps,,,
2026-07-03 08:16:18,sess_000697,cust_0052,session_end,Mobile,LATAM,,STD,0,0,,,75%,N/A
2026-07-03 08:23:52,sess_000099,cust_0076,play,Mobile,North America,Comedy,Premium ,491,0,480p-2000kbps,,,
2026-07-03 08:25:33,sess_000099,cust_0076,session_end,Mobile,North America,,Premium ,0,0,,,75%,N/A
2026-07-03 09:30:45,sess_000486,cust_0034,session_start,Console,APAC,,basic,0,0,,,,
2026-07-03 09:31:26,sess_000486,cust_0034,play,Console,APAC,Kids,basic,1389,0,4500kbps,,,
2026-07-03 09:32:58,sess_000486,cust_0034,pause,Console,APAC,SciFi,basic,0,0,,,,
2026-07-03 09:47:16,sess_000486,cust_0034,play,Console,APAC,Horror,basic,425,0,3000 kbps,,,
2026-07-03 09:48:10,sess_000486,cust_0034,play,Console,APAC,Documentary,basic,1153,0,2000 kbps,,,
2026-07-03 10:01:59,sess_000486,cust_0034,pause,Console,APAC,Kids,basic,0,0,,,,
2026-07-03 10:03:05,sess_000486,cust_0034,play,Console,APAC,Comedy,basic,365,0,6000 kbps,,,
2026-07-03 10:14:42,sess_000486,cust_0034,pause,Console,APAC,Documentary,basic,0,0,,,,
2026-07-03 10:18:57,sess_000486,cust_0034,pause,Console,APAC,Documentary,basic,0,0,,,,
2026-07-03 10:19:59,sess_000486,cust_0034,play,Console,APAC,Comedy,basic,1708,0,4500kbps,,,
2026-07-03 10:30:11,sess_000486,cust_0034,play,Console,APAC,Action,basic,1546,0,2000 kbps,,,
2026-07-03 10:35:47,sess_000486,cust_0034,play,Console,APAC,Kids,basic,340,0,8000kbps,,,
2026-07-03 10:37:18,sess_000486,cust_0034,session_end,Console,APAC,,basic,0,0,,,100%,3 stars
2026-07-03 11:40:18,sess_000028,cust_0022,session_start,Mobile,APAC,,premium_plus,0,0,,,,
2026-07-03 11:42:06,sess_000028,cust_0022,play,Mobile,APAC,Documentary,premium_plus,300,0,1500 kbps,,,
2026-07-03 11:47:10,sess_000028,cust_0022,buffer,Mobile,APAC,Comedy,premium_plus,0,3165,,,,
2026-07-03 11:52:49,sess_000028,cust_0022,pause,Mobile,APAC,Kids,premium_plus,0,0,,,,
2026-07-03 12:00:40,sess_000028,cust_0022,pause,Mobile,APAC,Documentary,premium_plus,0,0,,,,
2026-07-03 12:14:55,sess_000028,cust_0022,play,Mobile,APAC,Drama,premium_plus,1006,0,720p-3000kbps,,,
2026-07-03 12:22:35,sess_000028,cust_0022,play,Mobile,APAC,Action,premium_plus,456,0,3000 kbps,,,
2026-07-03 12:25:06,sess_000028,cust_0022,play,Mobile,APAC,Kids,premium_plus,147,0,2000kbps,,,
2026-07-03 12:25:18,sess_000028,cust_0022,session_end,Mobile,APAC,,premium_plus,0,0,,,60%,4.0
2026-07-03 13:12:53,sess_000806,cust_0128,session_start,Tablet,Europe,,basic ,0,0,,,,
2026-07-03 13:17:26,sess_000806,cust_0128,play,Tablet,Europe,SciFi,basic ,275,0,480p-2000kbps,,,
2026-07-03 13:27:02,sess_000806,cust_0128,error,Tablet,Europe,Drama,basic ,0,0,,E1001,,
2026-07-03 13:27:52,sess_000806,cust_0128,buffer,Tablet,Europe,Comedy,basic ,0,971,,,,
2026-07-03 13:42:04,sess_000806,cust_0128,pause,Tablet,Europe,Horror,basic ,0,0,,,,
2026-07-03 13:52:05,sess_000806,cust_0128,play,Tablet,Europe,SciFi,basic ,1022,0,1500kbps,,,
2026-07-03 13:56:46,sess_000806,cust_0128,play,Tablet,Europe,Kids,basic ,361,0,6000 kbps,,,
2026-07-03 14:00:04,sess_000806,cust_0128,buffer,Tablet,Europe,SciFi,basic ,0,2918,,,,
2026-07-03 14:05:22,sess_000806,cust_0128,pause,Tablet,Europe,Action,basic ,0,0,,,,
2026-07-03 14:11:59,sess_000806,cust_0128,play,Tablet,Europe,SciFi,basic ,1760,0,3000kbps,,,
2026-07-03 14:13:39,sess_000806,cust_0128,play,Tablet,Europe,SciFi,basic ,933,0,8000kbps,,,
2026-07-03 14:22:40,sess_000806,cust_0128,play,Tablet,Europe,Action,basic ,260,0,720p-4500kbps,,,
2026-07-03 14:33:01,sess_000806,cust_0128,pause,Tablet,Europe,Comedy,basic ,0,0,,,,
2026-07-03 14:34:39,sess_000806,cust_0128,session_end,Tablet,Europe,,basic ,0,0,,,90%,N/A
2026-07-03 19:17:09,sess_000293,cust_0070,session_start,Web,Africa,,STD,0,0,,,,
2026-07-03 19:26:44,sess_000293,cust_0070,play,Web,Africa,Horror,STD,468,0,480p-2000kbps,,,
2026-07-03 19:34:53,sess_000293,cust_0070,play,Web,Africa,Drama,STD,1597,0,6000 kbps,,,
2026-07-03 19:45:21,sess_000293,cust_0070,play,Web,Africa,Comedy,STD,320,0,4500 kbps,,,
2026-07-03 19:55:54,sess_000293,cust_0070,play,Web,Africa,Kids,STD,780,0,3000kbps,,,
2026-07-03 19:57:47,sess_000293,cust_0070,session_end,Web,Africa,,STD,0,0,,,80%,5
2026-07-04 01:10:38,sess_000481,cust_0036,session_start,Mobile,Africa,,Standard ,0,0,,,,
2026-07-04 01:20:36,sess_000481,cust_0036,error,Mobile,Africa,Action,Standard ,0,0,,E1001,,
2026-07-04 01:21:17,sess_000923,cust_0123,session_start,Smart TV,Europe,,Basic,0,0,,,,
2026-07-04 01:23:06,sess_000481,cust_0036,pause,Mobile,Africa,Action,Standard ,0,0,,,,
2026-07-04 01:27:46,sess_000923,cust_0123,play,Smart TV,Europe,Comedy,Basic,261,0,2000 kbps,,,
2026-07-04 01:33:35,sess_000481,cust_0036,play,Mobile,Africa,SciFi,Standard ,1699,0,4500 kbps,,,
2026-07-04 01:35:24,sess_000923,cust_0123,buffer,Smart TV,Europe,Documentary,Basic,0,3541,,,,
2026-07-04 01:40:51,sess_000481,cust_0036,buffer,Mobile,Africa,Documentary,Standard ,0,3376,,,,
2026-07-04 01:41:37,sess_000481,cust_0036,session_end,Mobile,Africa,,Standard ,0,0,,,87%,5
2026-07-04 01:42:09,sess_000923,cust_0123,pause,Smart TV,Europe,Kids,Basic,0,0,,,,
2026-07-04 01:49:20,sess_000353,cust_0056,session_start,Mobile,Africa,,basic,0,0,,,,
2026-07-04 01:54:11,sess_000923,cust_0123,play,Smart TV,Europe,SciFi,Basic,973,0,480p-1500kbps,,,
2026-07-04 01:57:15,sess_000353,cust_0056,play,Mobile,Africa,Action,basic,1474,0,480p-1500kbps,,,
2026-07-04 01:58:00,sess_000353,cust_0056,play,Mobile,Africa,SciFi,basic,315,0,8000kbps,,,
2026-07-04 01:59:59,sess_000353,cust_0056,buffer,Mobile,Africa,Horror,basic,0,1188,,,,
2026-07-04 02:01:31,sess_000353,cust_0056,buffer,Mobile,Africa,Documentary,basic,0,235,,,,
2026-07-04 02:04:41,sess_000923,cust_0123,pause,Smart TV,Europe,SciFi,Basic,0,0,,,,
2026-07-04 02:05:46,sess_000923,cust_0123,session_end,Smart TV,Europe,,Basic,0,0,,,60%,
2026-07-04 02:05:52,sess_000353,cust_0056,play,Mobile,Africa,Horror,basic,153,0,8000 kbps,,,
2026-07-04 02:06:51,sess_000353,cust_0056,session_end,Mobile,Africa,,basic,0,0,,,60%,2 stars
2026-07-04 02:22:41,sess_000505,cust_0117,session_start,Smart TV,LATAM,,Standard,0,0,,,,
2026-07-04 02:35:05,sess_000505,cust_0117,play,Smart TV,LATAM,SciFi,Standard,1206,0,4500kbps,,,
2026-07-04 02:44:12,sess_000505,cust_0117,play,Smart TV,LATAM,Kids,Standard,1303,0,720p-4500kbps,,,
2026-07-04 02:48:28,sess_000275,cust_0045,session_start,Mobile,North America,,premium,0,0,,,,
2026-07-04 02:50:41,sess_000505,cust_0117,play,Smart TV,LATAM,Comedy,Standard,998,0,4500 kbps,,,
2026-07-04 02:52:23,sess_000275,cust_0045,play,Mobile,North America,SciFi,premium,1490,0,4500 kbps,,,
2026-07-04 02:54:40,sess_000505,cust_0117,play,Smart TV,LATAM,SciFi,Standard,843,0,2000kbps,,,
2026-07-04 02:55:52,sess_000505,cust_0117,session_end,Smart TV,LATAM,,Standard,0,0,,,87%,n/a
2026-07-04 02:59:57,sess_000175,cust_0029,session_start,Mobile,Europe,,BASIC,0,0,,,,
2026-07-04 03:00:34,sess_000600,cust_0080,session_start,Console,APAC,,Premium ,0,0,,,,
2026-07-04 03:02:09,sess_000175,cust_0029,buffer,Mobile,Europe,Action,BASIC,0,2078,,,,
2026-07-04 03:03:31,sess_000275,cust_0045,play,Mobile,North America,Horror,premium,1266,0,1080p-6000kbps,,,
2026-07-04 03:04:57,sess_000275,cust_0045,play,Mobile,North America,Documentary,premium,1799,0,720p-4500kbps,,,
2026-07-04 03:11:44,sess_000600,cust_0080,play,Console,APAC,Drama,Premium ,1062,0,6000kbps,,,
2026-07-04 03:12:44,sess_000275,cust_0045,buffer,Mobile,North America,Kids,premium,0,1481,,,,
2026-07-04 03:13:08,sess_000600,cust_0080,pause,Console,APAC,Horror,Premium ,0,0,,,,
2026-07-04 03:15:02,sess_000175,cust_0029,error,Mobile,Europe,Horror,BASIC,0,0,,E1001,,
2026-07-04 03:23:49,sess_000275,cust_0045,buffer,Mobile,North America,Horror,premium,0,853,,,,
2026-07-04 03:26:47,sess_000600,cust_0080,play,Console,APAC,Drama,Premium ,1071,0,2000 kbps,,,
2026-07-04 03:33:58,sess_000275,cust_0045,play,Mobile,North America,Comedy,premium,1350,0,8000 kbps,,,
2026-07-04 03:35:33,sess_000600,cust_0080,play,Console,APAC,Kids,Premium ,1770,0,720p-4500kbps,,,
2026-07-04 03:43:13,sess_000600,cust_0080,play,Console,APAC,Action,Premium ,1482,0,2000kbps,,,
2026-07-04 03:43:20,sess_000275,cust_0045,play,Mobile,North America,Comedy,premium,897,0,480p-2000kbps,,,
2026-07-04 03:44:50,sess_000275,cust_0045,session_end,Mobile,North America,,premium,0,0,,,90%,n/a
2026-07-04 03:45:45,sess_000600,cust_0080,play,Console,APAC,Horror,Premium ,821,0,1080p-8000kbps,,,
2026-07-04 03:46:24,sess_000600,cust_0080,buffer,Console,APAC,Action,Premium ,0,2466,,,,
2026-07-04 03:52:01,sess_000600,cust_0080,play,Console,APAC,Action,Premium ,697,0,2000kbps,,,
2026-07-04 04:03:05,sess_000600,cust_0080,play,Console,APAC,SciFi,Premium ,1294,0,3000kbps,,,
2026-07-04 04:12:03,sess_000600,cust_0080,play,Console,APAC,Documentary,Premium ,1364,0,3000 kbps,,,
2026-07-04 04:22:46,sess_000600,cust_0080,pause,Console,APAC,Horror,Premium ,0,0,,,,
2026-07-04 04:35:39,sess_000600,cust_0080,pause,Console,APAC,Documentary,Premium ,0,0,,,,
2026-07-04 04:36:30,sess_000600,cust_0080,session_end,Console,APAC,,Premium ,0,0,,,100%,n/a
2026-07-04 05:43:24,sess_000580,cust_0011,session_start,Smart TV,LATAM,,premium plus,0,0,,,,
2026-07-04 05:44:48,sess_000580,cust_0011,pause,Smart TV,LATAM,Horror,premium plus,0,0,,,,
2026-07-04 05:52:12,sess_000137,cust_0067,session_start,Mobile,Europe,,BASIC,0,0,,,,
2026-07-04 05:56:20,sess_000580,cust_0011,play,Smart TV,LATAM,Comedy,premium plus,768,0,6000 kbps,,,
2026-07-04 05:59:36,sess_000137,cust_0067,pause,Mobile,Europe,Horror,BASIC,0,0,,,,
2026-07-04 06:01:40,sess_000580,cust_0011,play,Smart TV,LATAM,SciFi,premium plus,777,0,1080p-6000kbps,,,
2026-07-04 06:02:00,sess_000137,cust_0067,play,Mobile,Europe,Horror,BASIC,1660,0,480p-1500kbps,,,
2026-07-04 06:03:19,sess_000137,cust_0067,session_end,Mobile,Europe,,BASIC,0,0,,,N/A,n/a
2026-07-04 06:11:05,sess_000580,cust_0011,play,Smart TV,LATAM,SciFi,premium plus,1639,0,4500kbps,,,
2026-07-04 06:15:25,sess_000580,cust_0011,play,Smart TV,LATAM,Documentary,premium plus,1798,0,2000kbps,,,
2026-07-04 06:15:51,sess_000580,cust_0011,play,Smart TV,LATAM,Action,premium plus,1748,0,1080p-8000kbps,,,
2026-07-04 06:24:40,sess_000580,cust_0011,buffer,Smart TV,LATAM,Kids,premium plus,0,447,,,,
2026-07-04 06:25:09,sess_000580,cust_0011,play,Smart TV,LATAM,Comedy,premium plus,509,0,3000 kbps,,,
2026-07-04 06:25:21,sess_000580,cust_0011,session_end,Smart TV,LATAM,,premium plus,0,0,,,87%,1
2026-07-04 07:22:43,sess_000399,cust_0114,session_start,Web,Europe,,standard,0,0,,,,
2026-07-04 07:36:31,sess_000399,cust_0114,play,Web,Europe,Horror,standard,1223,0,1500 kbps,,,
2026-07-04 07:42:13,sess_000399,cust_0114,play,Web,Europe,SciFi,standard,1205,0,6000 kbps,,,
2026-07-04 07:45:32,sess_000399,cust_0114,play,Web,Europe,Action,standard,90,0,6000kbps,,,
2026-07-04 07:58:34,sess_000399,cust_0114,play,Web,Europe,Kids,standard,267,0,480p-1500kbps,,,
2026-07-04 08:03:05,sess_000978,cust_0115,session_start,Tablet,Europe,,Premium ,0,0,,,,
2026-07-04 08:03:39,sess_000399,cust_0114,play,Web,Europe,Comedy,standard,307,0,1080p-6000kbps,,,
2026-07-04 08:06:53,sess_000978,cust_0115,play,Tablet,Europe,Drama,Premium ,196,0,8000kbps,,,
2026-07-04 08:11:11,sess_000978,cust_0115,pause,Tablet,Europe,Kids,Premium ,0,0,,,,
2026-07-04 08:12:02,sess_000399,cust_0114,play,Web,Europe,Action,standard,1778,0,720p-4500kbps,,,
2026-07-04 08:18:49,sess_000978,cust_0115,pause,Tablet,Europe,Comedy,Premium ,0,0,,,,
2026-07-04 08:21:14,sess_000399,cust_0114,play,Web,Europe,Action,standard,568,0,1080p-8000kbps,,,
2026-07-04 08:23:39,sess_000978,cust_0115,play,Tablet,Europe,Action,Premium ,1540,0,4500kbps,,,
2026-07-04 08:25:19,sess_000597,cust_0014,session_start,Console,North America,,STD,0,0,,,,
2026-07-04 08:26:18,sess_000399,cust_0114,pause,Web,Europe,Drama,standard,0,0,,,,
2026-07-04 08:28:42,sess_000597,cust_0014,play,Console,North America,Comedy,STD,546,0,480p-1500kbps,,,
2026-07-04 08:29:55,sess_000597,cust_0014,error,Console,North America,SciFi,STD,0,0,,E1001,,
2026-07-04 08:35:01,sess_000399,cust_0114,play,Web,Europe,Drama,standard,1540,0,720p-3000kbps,,,
2026-07-04 08:35:26,sess_000399,cust_0114,session_end,Web,Europe,,standard,0,0,,,87%,
2026-07-04 08:36:43,sess_000978,cust_0115,play,Tablet,Europe,Kids,Premium ,895,0,720p-4500kbps,,,
2026-07-04 08:47:46,sess_000978,cust_0115,play,Tablet,Europe,Kids,Premium ,138,0,8000 kbps,,,
2026-07-04 08:56:51,sess_000978,cust_0115,play,Tablet,Europe,Kids,Premium ,1425,0,6000 kbps,,,
2026-07-04 09:07:12,sess_000978,cust_0115,buffer,Tablet,Europe,Horror,Premium ,0,3470,,,,
2026-07-04 09:16:07,sess_000978,cust_0115,play,Tablet,Europe,Documentary,Premium ,465,0,720p-3000kbps,,,
2026-07-04 09:17:49,sess_000978,cust_0115,pause,Tablet,,Documentary,Premium ,0,0,,,,
2026-07-04 09:30:37,sess_000978,cust_0115,play,Tablet,Europe,Documentary,Premium ,953,0,480p-2000kbps,,,
2026-07-04 09:34:32,sess_000309,cust_0125,session_start,Tablet,APAC,,standard,0,0,,,,
2026-07-04 09:37:04,sess_000961,cust_0007,session_start,Smart TV,APAC,,basic ,0,0,,,,
2026-07-04 09:37:11,sess_000978,cust_0115,buffer,Tablet,Europe,Comedy,Premium ,0,700,,,,
2026-07-04 09:37:41,sess_000309,cust_0125,pause,Tablet,APAC,Action,standard,0,0,,,,
2026-07-04 09:38:22,sess_000961,cust_0007,play,Smart TV,APAC,Comedy,basic ,574,0,8000 kbps,,,
2026-07-04 09:39:42,sess_000978,cust_0115,play,Tablet,Europe,Documentary,Premium ,669,0,8000 kbps,,,
2026-07-04 09:47:36,sess_000978,cust_0115,play,Tablet,Europe,Horror,Premium ,1485,0,3000kbps,,,
2026-07-04 09:48:11,sess_000961,cust_0007,play,Smart TV,APAC,Comedy,basic ,778,0,480p-2000kbps,,,
2026-07-04 09:49:22,sess_000978,cust_0115,session_end,Tablet,Europe,,Premium ,0,0,,,87%,1
2026-07-04 09:50:40,sess_000309,cust_0125,play,Tablet,APAC,Drama,standard,813,0,3000kbps,,,
2026-07-04 09:54:09,sess_000309,cust_0125,play,Tablet,APAC,Horror,standard,57,0,2000 kbps,,,
2026-07-04 09:57:34,sess_000309,cust_0125,buffer,Tablet,APAC,SciFi,standard,0,1555,,,,
2026-07-04 10:01:34,sess_000309,cust_0125,play,Tablet,APAC,Comedy,standard,1064,0,1080p-6000kbps,,,
2026-07-04 10:01:44,sess_000961,cust_0007,play,Smart TV,APAC,Kids,basic ,899,0,720p-3000kbps,,,
2026-07-04 10:04:34,sess_000309,cust_0125,play,Tablet,APAC,Comedy,standard,1776,0,720p-3000kbps,,,
2026-07-04 10:05:32,sess_000309,cust_0125,play,Tablet,APAC,Kids,standard,1633,0,1500 kbps,,,
2026-07-04 10:06:36,sess_000462,cust_0121,session_start,Smart TV,Africa,,Premium,0,0,,,,
2026-07-04 10:10:39,sess_000309,cust_0125,pause,Tablet,APAC,Horror,standard,0,0,,,,
2026-07-04 10:12:36,sess_000961,cust_0007,play,Smart TV,APAC,Action,basic ,1422,0,1080p-8000kbps,,,
2026-07-04 10:12:38,sess_000462,cust_0121,play,Smart TV,Africa,Action,Premium,741,0,8000 kbps,,,
2026-07-04 10:13:02,sess_000961,cust_0007,session_end,Smart TV,APAC,,basic ,0,0,,,75%,1 stars
2026-07-04 10:13:24,sess_000412,cust_0101,session_start,Mobile,North America,,STD,0,0,,,,
2026-07-04 10:14:19,sess_000309,cust_0125,play,Tablet,APAC,Horror,standard,1395,0,8000 kbps,,,
2026-07-04 10:15:09,sess_000420,cust_0118,session_start,Web,LATAM,,premium_plus,0,0,,,,
2026-07-04 10:15:20,sess_000309,cust_0125,session_end,Tablet,APAC,,standard,0,0,,,45%,4
2026-07-04 10:17:19,sess_000420,cust_0118,pause,Web,LATAM,Documentary,premium_plus,0,0,,,,
2026-07-04 10:25:09,sess_000462,cust_0121,play,Smart TV,Africa,Drama,Premium,1014,0,4500kbps,,,
2026-07-04 10:25:41,sess_000412,cust_0101,error,Mobile,North America,Horror,STD,0,0,,E3003,,
2026-07-04 10:25:42,sess_000462,cust_0121,play,Smart TV,Africa,SciFi,Premium,1322,0,6000kbps,,,
2026-07-04 10:29:24,sess_000420,cust_0118,play,Web,LATAM,Kids,premium_plus,88,0,6000kbps,,,
2026-07-04 10:33:04,sess_000462,cust_0121,play,Smart TV,Africa,Action,Premium,1663,0,8000kbps,,,
2026-07-04 10:36:23,sess_000462,cust_0121,play,Smart TV,Africa,Drama,Premium,625,0,3000 kbps,,,
2026-07-04 10:37:30,sess_000420,cust_0118,error,Web,LATAM,Action,premium_plus,0,0,,E4004,,
2026-07-04 10:38:03,sess_000412,cust_0101,play,Mobile,North America,Action,STD,149,0,1500kbps,,,
2026-07-04 10:50:51,sess_000462,cust_0121,play,Smart TV,Africa,Horror,Premium,1597,0,8000kbps,,,
2026-07-04 10:51:59,sess_000412,cust_0101,play,Mobile,North America,SciFi,STD,1094,0,720p-4500kbps,,,
2026-07-04 11:02:25,sess_000412,cust_0101,error,Mobile,North America,Horror,STD,0,0,,E1001,,
2026-07-04 11:05:37,sess_000462,cust_0121,play,Smart TV,Africa,SciFi,Premium,1634,0,3000 kbps,,,
2026-07-04 11:13:43,sess_000462,cust_0121,error,Smart TV,Africa,Action,Premium,0,0,,E3003,,
2026-07-04 11:21:29,sess_000899,cust_0062,session_start,Web,North America,,Premium ,0,0,,,,
2026-07-04 11:29:47,sess_000899,cust_0062,pause,Web,North America,Horror,Premium ,0,0,,,,
2026-07-04 11:34:02,sess_000899,cust_0062,play,Web,North America,Comedy,Premium ,1638,0,480p-2000kbps,,,
2026-07-04 11:39:16,sess_000899,cust_0062,play,Web,North America,Action,Premium ,1438,0,720p-3000kbps,,,
2026-07-04 11:44:42,sess_000899,cust_0062,play,Web,North America,Documentary,Premium ,1212,0,480p-2000kbps,,,
2026-07-04 11:46:41,sess_000899,cust_0062,session_end,Web,North America,,Premium ,0,0,,,95%,1.0
2026-07-04 14:44:39,sess_000641,cust_0056,session_start,Mobile,Africa,,basic,0,0,,,,
2026-07-04 14:58:42,sess_000641,cust_0056,play,Mobile,Africa,Action,basic,104,0,2000kbps,,,
2026-07-04 15:12:11,sess_000641,cust_0056,play,Mobile,Africa,Drama,basic,1052,0,720p-3000kbps,,,
2026-07-04 15:19:15,sess_000641,cust_0056,pause,Mobile,Africa,Kids,basic,0,0,,,,
2026-07-04 15:19:58,sess_000641,cust_0056,play,Mobile,Africa,Action,basic,345,0,4500 kbps,,,
2026-07-04 15:24:14,sess_000641,cust_0056,play,Mobile,Africa,Drama,basic,1276,0,1080p-8000kbps,,,
2026-07-04 15:36:27,sess_000641,cust_0056,play,Mobile,Africa,SciFi,basic,167,0,2000 kbps,,,
2026-07-04 15:41:46,sess_000641,cust_0056,buffer,Mobile,Africa,Documentary,basic,0,3211,,,,
2026-07-04 15:45:41,sess_000641,cust_0056,play,Mobile,Africa,Documentary,basic,766,0,4500kbps,,,
2026-07-04 15:46:29,sess_000641,cust_0056,session_end,Mobile,Africa,,basic,0,0,,,95%,4.0
2026-07-04 16:20:44,sess_000300,cust_0089,session_start,Tablet,APAC,,Basic,0,0,,,,
2026-07-04 16:35:22,sess_000300,cust_0089,play,Tablet,APAC,SciFi,Basic,839,0,480p-1500kbps,,,
2026-07-04 16:44:39,sess_000300,cust_0089,play,Tablet,APAC,Horror,Basic,1012,0,1080p-6000kbps,,,
2026-07-04 16:45:27,sess_000300,cust_0089,play,Tablet,APAC,Drama,Basic,1693,0,2000kbps,,,
2026-07-04 16:56:20,sess_000300,cust_0089,error,Tablet,APAC,Documentary,Basic,0,0,,E2002,,
2026-07-04 18:02:46,sess_000816,cust_0097,session_start,Console,Europe,,PREM,0,0,,,,
2026-07-04 18:06:08,sess_000816,cust_0097,play,Console,Europe,Horror,PREM,840,0,8000kbps,,,
2026-07-04 18:19:30,sess_000816,cust_0097,play,Console,Europe,Action,PREM,629,0,720p-4500kbps,,,
2026-07-04 18:22:39,sess_000816,cust_0097,play,Console,Europe,Horror,PREM,1338,0,480p-1500kbps,,,
2026-07-04 18:23:37,sess_000816,cust_0097,session_end,Console,Europe,,PREM,0,0,,,N/A,n/a
2026-07-04 18:48:18,sess_000023,cust_0106,session_start,Tablet,,,premium plus,0,0,,,,
2026-07-04 18:54:54,sess_000562,cust_0134,session_start,Mobile,APAC,,basic,0,0,,,,
2026-07-04 18:56:40,sess_000023,cust_0106,play,Tablet,LATAM,Drama,premium plus,778,0,720p-4500kbps,,,
2026-07-04 19:08:05,sess_000562,cust_0134,play,Mobile,APAC,Comedy,basic,1280,0,6000kbps,,,
2026-07-04 19:09:24,sess_000023,cust_0106,play,Tablet,LATAM,Documentary,premium plus,688,0,1080p-8000kbps,,,
2026-07-04 19:20:51,sess_000023,cust_0106,buffer,Tablet,LATAM,Horror,premium plus,0,2773,,,,
2026-07-04 19:21:21,sess_000023,cust_0106,session_end,Tablet,LATAM,,premium plus,0,0,,,,N/A
2026-07-04 19:21:30,sess_000562,cust_0134,play,Mobile,APAC,Documentary,basic,798,0,6000kbps,,,
2026-07-04 19:36:11,sess_000562,cust_0134,play,Mobile,APAC,Drama,basic,967,0,2000 kbps,,,
2026-07-04 19:42:06,sess_000562,cust_0134,buffer,Mobile,APAC,Comedy,basic,0,3679,,,,
2026-07-04 19:45:23,sess_000562,cust_0134,pause,Mobile,APAC,Action,basic,0,0,,,,
2026-07-04 19:53:49,sess_000562,cust_0134,play,Mobile,APAC,Horror,basic,686,0,3000kbps,,,
2026-07-04 19:57:41,sess_000562,cust_0134,buffer,Mobile,APAC,SciFi,basic,0,1108,,,,
2026-07-04 19:58:27,sess_000562,cust_0134,play,Mobile,APAC,Documentary,basic,1642,0,4500 kbps,,,
2026-07-04 19:59:43,sess_000562,cust_0134,session_end,Mobile,APAC,,basic,0,0,,,100%,4.0
2026-07-04 20:24:23,sess_000033,cust_0123,session_start,Smart TV,Europe,,BASIC,0,0,,,,
2026-07-04 20:24:39,sess_000033,cust_0123,play,Smart TV,Europe,SciFi,BASIC,903,0,4500kbps,,,
2026-07-04 20:26:11,sess_000033,cust_0123,play,Smart TV,Europe,SciFi,BASIC,280,0,480p-2000kbps,,,
2026-07-04 20:27:57,sess_000033,cust_0123,pause,Smart TV,Europe,Drama,BASIC,0,0,,,,
2026-07-04 20:28:41,sess_000033,cust_0123,pause,Smart TV,Europe,Drama,BASIC,0,0,,,,
2026-07-04 20:34:11,sess_000033,cust_0123,play,Smart TV,Europe,Documentary,BASIC,702,0,2000 kbps,,,
2026-07-04 20:42:06,sess_000033,cust_0123,play,Smart TV,Europe,SciFi,BASIC,347,0,1080p-6000kbps,,,
2026-07-04 20:43:57,sess_000033,cust_0123,play,Smart TV,Europe,SciFi,BASIC,628,0,3000 kbps,,,
2026-07-04 20:45:48,sess_000033,cust_0123,error,Smart TV,Europe,SciFi,BASIC,0,0,,E3003,,
2026-07-04 20:56:26,sess_000033,cust_0123,play,Smart TV,Europe,Documentary,BASIC,1677,0,2000kbps,,,
2026-07-04 20:58:02,sess_000033,cust_0123,session_end,Smart TV,Europe,,BASIC,0,0,,,87%,N/A
2026-07-05 01:39:41,sess_000850,cust_0118,session_start,Web,LATAM,,PremiumPlus,0,0,,,,
2026-07-05 01:40:56,sess_000850,cust_0118,pause,Web,LATAM,Horror,PremiumPlus,0,0,,,,
2026-07-05 01:50:48,sess_000850,cust_0118,play,Web,LATAM,Action,PremiumPlus,872,0,2000kbps,,,
2026-07-05 02:02:26,sess_000850,cust_0118,play,Web,LATAM,Documentary,PremiumPlus,831,0,720p-3000kbps,,,
2026-07-05 02:11:54,sess_000850,cust_0118,play,Web,LATAM,Comedy,PremiumPlus,1394,0,480p-2000kbps,,,
2026-07-05 02:24:39,sess_000850,cust_0118,play,Web,LATAM,Horror,PremiumPlus,389,0,480p-1500kbps,,,
2026-07-05 02:38:08,sess_000850,cust_0118,buffer,Web,LATAM,Documentary,PremiumPlus,0,599,,,,
2026-07-05 02:38:40,sess_000850,cust_0118,session_end,Web,LATAM,,PremiumPlus,0,0,,,100%,1 stars
2026-07-05 04:30:20,sess_000677,cust_0105,session_start,Smart TV,North America,,STD,0,0,,,,
2026-07-05 04:36:18,sess_000677,cust_0105,play,Smart TV,North America,Comedy,STD,1691,0,3000 kbps,,,
2026-07-05 04:43:57,sess_000677,cust_0105,play,Smart TV,North America,SciFi,STD,162,0,6000 kbps,,,
2026-07-05 04:46:24,sess_000677,cust_0105,error,Smart TV,North America,Drama,STD,0,0,,E4004,,
2026-07-05 04:49:17,sess_000677,cust_0105,pause,Smart TV,North America,Documentary,STD,0,0,,,,
2026-07-05 04:58:46,sess_000677,cust_0105,play,Smart TV,North America,Horror,STD,101,0,720p-3000kbps,,,
2026-07-05 05:05:58,sess_000677,cust_0105,play,Smart TV,North America,Comedy,STD,177,0,480p-2000kbps,,,
2026-07-05 05:06:34,sess_000677,cust_0105,pause,Smart TV,North America,Documentary,STD,0,0,,,,
2026-07-05 05:21:30,sess_000677,cust_0105,play,Smart TV,North America,Kids,STD,880,0,720p-3000kbps,,,
2026-07-05 05:33:17,sess_000677,cust_0105,play,Smart TV,North America,Kids,STD,72,0,4500kbps,,,
2026-07-05 05:46:44,sess_000677,cust_0105,play,Smart TV,North America,Drama,STD,1457,0,3000 kbps,,,
2026-07-05 05:50:50,sess_000677,cust_0105,pause,Smart TV,North America,SciFi,STD,0,0,,,,
2026-07-05 05:52:36,sess_000677,cust_0105,session_end,Smart TV,North America,,STD,0,0,,,45%,n/a
2026-07-05 06:56:56,sess_000369,cust_0131,session_start,Smart TV,Europe,,Premium,0,0,,,,
2026-07-05 07:03:46,sess_000369,cust_0131,pause,Smart TV,Europe,Documentary,Premium,0,0,,,,
2026-07-05 07:05:02,sess_000369,cust_0131,pause,Smart TV,Europe,Kids,Premium,0,0,,,,
2026-07-05 07:14:10,sess_000461,cust_0119,session_start,Smart TV,Africa,,Standard,0,0,,,,
2026-07-05 07:14:21,sess_000369,cust_0131,pause,Smart TV,Europe,Comedy,Premium,0,0,,,,
2026-07-05 07:23:50,sess_000461,cust_0119,buffer,Smart TV,Africa,Action,Standard,0,1551,,,,
2026-07-05 07:24:03,sess_000369,cust_0131,play,Smart TV,Europe,Action,Premium,1460,0,480p-1500kbps,,,
2026-07-05 07:31:27,sess_000369,cust_0131,pause,Smart TV,Europe,Action,Premium,0,0,,,,
2026-07-05 07:35:33,sess_000461,cust_0119,play,Smart TV,Africa,Documentary,Standard,117,0,4500 kbps,,,
2026-07-05 07:45:45,sess_000369,cust_0131,play,Smart TV,Europe,SciFi,Premium,736,0,720p-3000kbps,,,
2026-07-05 07:49:54,sess_000461,cust_0119,play,Smart TV,Africa,SciFi,Standard,1798,0,8000 kbps,,,
2026-07-05 07:52:34,sess_000461,cust_0119,pause,Smart TV,Africa,SciFi,Standard,0,0,,,,
2026-07-05 07:56:39,sess_000369,cust_0131,play,Smart TV,Europe,Kids,Premium,1731,0,720p-3000kbps,,,
2026-07-05 08:00:18,sess_000369,cust_0131,play,Smart TV,Europe,Horror,Premium,1123,0,4500kbps,,,
2026-07-05 08:00:47,sess_000369,cust_0131,session_end,Smart TV,Europe,,Premium,0,0,,,87%,4.0
2026-07-05 08:04:07,sess_000461,cust_0119,play,Smart TV,Africa,Comedy,Standard,1574,0,6000kbps,,,
2026-07-05 08:14:13,sess_000461,cust_0119,play,Smart TV,Africa,Action,Standard,1268,0,1080p-8000kbps,,,
2026-07-05 08:16:02,sess_000461,cust_0119,pause,Smart TV,Africa,SciFi,Standard,0,0,,,,
2026-07-05 08:20:00,sess_000461,cust_0119,play,Smart TV,Africa,SciFi,Standard,226,0,2000 kbps,,,
2026-07-05 08:30:20,sess_000461,cust_0119,play,Smart TV,Africa,SciFi,Standard,1709,0,8000 kbps,,,
2026-07-05 08:30:48,sess_000461,cust_0119,session_end,Smart TV,Africa,,Standard,0,0,,,75%,
2026-07-05 08:37:12,sess_000379,cust_0131,session_start,Smart TV,Europe,,Premium,0,0,,,,
2026-07-05 08:42:42,sess_000379,cust_0131,error,Smart TV,Europe,Documentary,Premium,0,0,,E4004,,
2026-07-05 09:18:58,sess_000631,cust_0013,session_start,Tablet,APAC,,STD,0,0,,,,
2026-07-05 09:22:22,sess_000631,cust_0013,pause,Tablet,APAC,Kids,STD,0,0,,,,
2026-07-05 09:29:34,sess_000631,cust_0013,play,Tablet,APAC,Comedy,STD,973,0,480p-1500kbps,,,
2026-07-05 09:33:53,sess_000631,cust_0013,pause,Tablet,APAC,Comedy,STD,0,0,,,,
2026-07-05 09:42:09,sess_000631,cust_0013,play,Tablet,APAC,Documentary,STD,941,0,480p-1500kbps,,,
2026-07-05 09:49:48,sess_000712,cust_0052,session_start,Mobile,LATAM,,STD,0,0,,,,
2026-07-05 09:55:03,sess_000712,cust_0052,play,Mobile,,Documentary,STD,1606,0,6000kbps,,,
2026-07-05 09:56:34,sess_000631,cust_0013,play,Tablet,APAC,Horror,STD,1249,0,6000 kbps,,,
2026-07-05 10:05:46,sess_000712,cust_0052,error,Mobile,,Kids,STD,0,0,,E1001,,
2026-07-05 10:07:47,sess_000631,cust_0013,play,Tablet,APAC,SciFi,STD,1778,0,480p-1500kbps,,,
2026-07-05 10:11:30,sess_000631,cust_0013,play,Tablet,APAC,Drama,STD,667,0,720p-3000kbps,,,
2026-07-05 10:26:21,sess_000631,cust_0013,play,Tablet,APAC,SciFi,STD,276,0,1080p-8000kbps,,,
2026-07-05 10:27:54,sess_000631,cust_0013,session_end,Tablet,APAC,,STD,0,0,,,90%,1
2026-07-05 10:36:27,sess_000177,cust_0001,session_start,Tablet,Africa,,STD,0,0,,,,
2026-07-05 10:37:38,sess_000177,cust_0001,play,Tablet,Africa,Comedy,STD,506,0,4500kbps,,,
2026-07-05 10:50:17,sess_000177,cust_0001,play,Tablet,Africa,Action,STD,142,0,8000 kbps,,,
2026-07-05 10:51:27,sess_000177,cust_0001,session_end,Tablet,Africa,,STD,0,0,,,60%,2 stars
2026-07-05 12:38:59,sess_000337,cust_0064,session_start,Tablet,APAC,,STD,0,0,,,,
2026-07-05 12:42:14,sess_000337,cust_0064,play,Tablet,APAC,Kids,STD,476,0,1080p-6000kbps,,,
2026-07-05 12:48:48,sess_000337,cust_0064,buffer,Tablet,APAC,Drama,STD,0,327,,,,
2026-07-05 12:54:40,sess_000337,cust_0064,buffer,Tablet,APAC,Drama,STD,0,2629,,,,
2026-07-05 12:56:38,sess_000337,cust_0064,session_end,Tablet,APAC,,STD,0,0,,,,
2026-07-05 15:52:27,sess_000717,cust_0096,session_start,Web,Africa,,basic,0,0,,,,
2026-07-05 15:55:16,sess_000717,cust_0096,play,Web,Africa,Comedy,basic,125,0,720p-3000kbps,,,
2026-07-05 16:01:35,sess_000717,cust_0096,pause,Web,Africa,Comedy,basic,0,0,,,,
2026-07-05 16:11:54,sess_000717,cust_0096,play,Web,Africa,Comedy,basic,748,0,8000kbps,,,
2026-07-05 16:26:49,sess_000717,cust_0096,pause,Web,Africa,SciFi,basic,0,0,,,,
2026-07-05 16:30:10,sess_000717,cust_0096,pause,Web,Africa,Documentary,basic,0,0,,,,
2026-07-05 16:31:27,sess_000717,cust_0096,play,Web,Africa,Drama,basic,283,0,480p-1500kbps,,,
2026-07-05 16:32:12,sess_000717,cust_0096,session_end,Web,Africa,,basic,0,0,,,45%,1.0
2026-07-05 17:15:03,sess_000317,cust_0130,session_start,Mobile,LATAM,,basic ,0,0,,,,
2026-07-05 17:21:43,sess_000317,cust_0130,play,Mobile,LATAM,Comedy,basic ,1405,0,2000 kbps,,,
2026-07-05 17:27:00,sess_000317,cust_0130,play,Mobile,LATAM,Kids,basic ,455,0,3000kbps,,,
2026-07-05 17:27:12,sess_000317,cust_0130,session_end,Mobile,LATAM,,basic ,0,0,,,75%,
2026-07-05 18:36:03,sess_000244,cust_0021,session_start,Tablet,LATAM,,Standard,0,0,,,,
2026-07-05 18:43:05,sess_000244,cust_0021,play,Tablet,LATAM,Documentary,Standard,91,0,1080p-6000kbps,,,
2026-07-05 18:53:11,sess_000244,cust_0021,play,Tablet,LATAM,Horror,Standard,1110,0,4500kbps,,,
2026-07-05 18:54:55,sess_000244,cust_0021,session_end,Tablet,LATAM,,Standard,0,0,,,95%,4.0
2026-07-05 19:40:01,sess_000403,cust_0119,session_start,Smart TV,Africa,,STD,0,0,,,,
2026-07-05 19:45:03,sess_000403,cust_0119,play,Smart TV,Africa,SciFi,STD,1543,0,6000kbps,,,
2026-07-05 19:50:15,sess_000403,cust_0119,pause,Smart TV,Africa,Drama,STD,0,0,,,,
2026-07-05 20:04:34,sess_000403,cust_0119,play,Smart TV,Africa,SciFi,STD,631,0,4500kbps,,,
2026-07-05 20:10:45,sess_000403,cust_0119,play,Smart TV,Africa,Action,STD,1330,0,2000kbps,,,
2026-07-05 20:12:02,sess_000403,cust_0119,pause,Smart TV,Africa,Action,STD,0,0,,,,
2026-07-05 20:14:18,sess_000403,cust_0119,error,Smart TV,Africa,Action,STD,0,0,,E3003,,
2026-07-05 20:30:05,sess_000982,cust_0008,session_start,Tablet,LATAM,,PremiumPlus,0,0,,,,
2026-07-05 20:31:29,sess_000360,cust_0043,session_start,Smart TV,LATAM,,Standard ,0,0,,,,
2026-07-05 20:33:43,sess_000360,cust_0043,buffer,Smart TV,LATAM,Drama,Standard ,0,1024,,,,
2026-07-05 20:36:38,sess_000360,cust_0043,pause,Smart TV,LATAM,Kids,Standard ,0,0,,,,
2026-07-05 20:37:44,sess_000982,cust_0008,play,Tablet,LATAM,SciFi,PremiumPlus,1010,0,1500 kbps,,,
2026-07-05 20:40:54,sess_000360,cust_0043,error,Smart TV,LATAM,Kids,Standard ,0,0,,E1001,,
2026-07-05 20:48:18,sess_000982,cust_0008,play,Tablet,LATAM,Documentary,PremiumPlus,1781,0,4500kbps,,,
2026-07-05 20:55:38,sess_000360,cust_0043,play,Smart TV,LATAM,Drama,Standard ,1793,0,1080p-8000kbps,,,
2026-07-05 21:02:53,sess_000982,cust_0008,play,Tablet,LATAM,Drama,PremiumPlus,427,0,480p-1500kbps,,,
2026-07-05 21:04:55,sess_000982,cust_0008,play,Tablet,LATAM,Comedy,PremiumPlus,337,0,2000 kbps,,,
2026-07-05 21:10:18,sess_000360,cust_0043,play,Smart TV,LATAM,Comedy,Standard ,1724,0,1080p-6000kbps,,,
2026-07-05 21:18:22,sess_000982,cust_0008,play,Tablet,LATAM,Documentary,PremiumPlus,327,0,1500kbps,,,
2026-07-05 21:22:29,sess_000360,cust_0043,play,Smart TV,LATAM,SciFi,Standard ,468,0,3000kbps,,,
2026-07-05 21:22:48,sess_000360,cust_0043,session_end,Smart TV,LATAM,,Standard ,0,0,,,60%,
2026-07-05 21:30:44,sess_000982,cust_0008,buffer,Tablet,LATAM,Documentary,PremiumPlus,0,2067,,,,
2026-07-05 21:38:37,sess_000982,cust_0008,play,Tablet,LATAM,Action,PremiumPlus,500,0,720p-4500kbps,,,
2026-07-05 21:50:55,sess_000982,cust_0008,play,Tablet,LATAM,Comedy,PremiumPlus,1260,0,8000 kbps,,,
2026-07-05 21:56:48,sess_000982,cust_0008,play,Tablet,LATAM,Drama,PremiumPlus,1754,0,1500kbps,,,
2026-07-05 22:11:21,sess_000982,cust_0008,pause,Tablet,LATAM,Kids,PremiumPlus,0,0,,,,
2026-07-05 22:24:23,sess_000982,cust_0008,play,Tablet,LATAM,Kids,PremiumPlus,540,0,3000kbps,,,
2026-07-05 22:26:21,sess_000982,cust_0008,play,Tablet,LATAM,Kids,PremiumPlus,62,0,2000kbps,,,
2026-07-05 22:27:16,sess_000982,cust_0008,session_end,Tablet,LATAM,,PremiumPlus,0,0,,,80%,4
2026-07-05 23:16:16,sess_000020,cust_0145,session_start,Smart TV,APAC,,BASIC,0,0,,,,
2026-07-05 23:19:38,sess_000020,cust_0145,buffer,Smart TV,APAC,Kids,BASIC,0,3861,,,,
2026-07-05 23:21:42,sess_000020,cust_0145,pause,Smart TV,APAC,Documentary,BASIC,0,0,,,,
2026-07-05 23:26:14,sess_000020,cust_0145,play,Smart TV,APAC,Drama,BASIC,960,0,8000kbps,,,
2026-07-05 23:36:00,sess_000020,cust_0145,buffer,Smart TV,APAC,Documentary,BASIC,0,2874,,,,
2026-07-05 23:37:12,sess_000020,cust_0145,play,Smart TV,APAC,SciFi,BASIC,507,0,8000 kbps,,,
2026-07-05 23:45:25,sess_000020,cust_0145,play,Smart TV,APAC,Drama,BASIC,1591,0,6000 kbps,,,
2026-07-05 23:52:33,sess_000020,cust_0145,play,Smart TV,APAC,Comedy,BASIC,1391,0,8000 kbps,,,
2026-07-05 23:58:49,sess_000474,cust_0054,session_start,Mobile,APAC,,PREM,0,0,,,,
2026-07-06 00:07:29,sess_000020,cust_0145,play,Smart TV,APAC,Comedy,BASIC,50,0,480p-1500kbps,,,
2026-07-06 00:09:53,sess_000138,cust_0106,session_start,Tablet,LATAM,,premium plus,0,0,,,,
2026-07-06 00:10:13,sess_000474,cust_0054,play,Mobile,APAC,Documentary,PREM,46,0,8000kbps,,,
2026-07-06 00:10:44,sess_000474,cust_0054,play,Mobile,APAC,Comedy,PREM,1263,0,1080p-6000kbps,,,
2026-07-06 00:14:20,sess_000138,cust_0106,play,Tablet,LATAM,Horror,premium plus,1407,0,1080p-6000kbps,,,
2026-07-06 00:16:29,sess_000020,cust_0145,error,Smart TV,APAC,Kids,BASIC,0,0,,E1001,,
2026-07-06 00:18:07,sess_000020,cust_0145,play,Smart TV,APAC,Drama,BASIC,278,0,4500 kbps,,,
2026-07-06 00:18:47,sess_000020,cust_0145,session_end,Smart TV,APAC,,BASIC,0,0,,,75%,5
2026-07-06 00:23:14,sess_000474,cust_0054,pause,Mobile,,Horror,PREM,0,0,,,,
2026-07-06 00:24:03,sess_000474,cust_0054,session_end,Mobile,APAC,,PREM,0,0,,,75%,n/a
2026-07-06 00:27:41,sess_000138,cust_0106,play,Tablet,LATAM,Kids,premium plus,1030,0,720p-4500kbps,,,
2026-07-06 00:37:54,sess_000138,cust_0106,play,Tablet,LATAM,Kids,premium plus,209,0,480p-1500kbps,,,
2026-07-06 00:45:27,sess_000138,cust_0106,play,Tablet,LATAM,Drama,premium plus,850,0,2000kbps,,,
2026-07-06 00:59:12,sess_000138,cust_0106,play,Tablet,LATAM,Kids,premium plus,527,0,4500kbps,,,
2026-07-06 01:00:49,sess_000138,cust_0106,session_end,Tablet,LATAM,,premium plus,0,0,,,87%,N/A
2026-07-06 02:01:53,sess_000932,cust_0080,session_start,Console,APAC,,premium,0,0,,,,
2026-07-06 02:11:32,sess_000642,cust_0085,session_start,Tablet,North America,,basic,0,0,,,,
2026-07-06 02:13:28,sess_000932,cust_0080,buffer,Console,APAC,Action,premium,0,7951,,,,
2026-07-06 02:19:45,sess_000642,cust_0085,error,Tablet,North America,Horror,basic,0,0,,E4004,,
2026-07-06 02:25:59,sess_000932,cust_0080,pause,Console,APAC,Drama,premium,0,0,,,,
2026-07-06 02:26:37,sess_000932,cust_0080,pause,Console,APAC,Action,premium,0,0,,,,
2026-07-06 02:27:55,sess_000642,cust_0085,play,Tablet,,Comedy,basic,494,0,4500kbps,,,
2026-07-06 02:29:22,sess_000932,cust_0080,buffer,Console,APAC,Comedy,premium,0,3808,,,,
2026-07-06 02:35:18,sess_000642,cust_0085,play,Tablet,North America,Kids,basic,1483,0,8000 kbps,,,
2026-07-06 02:38:43,sess_000932,cust_0080,buffer,Console,APAC,Drama,premium,0,6448,,,,
2026-07-06 02:42:44,sess_000932,cust_0080,play,Console,APAC,Horror,premium,1540,0,8000kbps,,,
2026-07-06 02:43:56,sess_000932,cust_0080,error,Console,APAC,Comedy,premium,0,0,,E2002,,
2026-07-06 02:45:29,sess_000932,cust_0080,session_end,Console,APAC,,premium,0,0,,,87%,N/A
2026-07-06 02:45:46,sess_000642,cust_0085,play,Tablet,North America,Documentary,basic,1247,0,480p-2000kbps,,,
2026-07-06 02:50:47,sess_000642,cust_0085,buffer,Tablet,North America,Drama,basic,0,2418,,,,
2026-07-06 02:59:47,sess_000642,cust_0085,play,Tablet,North America,Action,basic,184,0,3000kbps,,,
2026-07-06 03:01:57,sess_000642,cust_0085,play,Tablet,North America,Horror,basic,1500,0,4500 kbps,,,
2026-07-06 03:07:01,sess_000212,cust_0077,session_start,Console,Africa,,Standard ,0,0,,,,
2026-07-06 03:14:27,sess_000642,cust_0085,play,Tablet,North America,SciFi,basic,1096,0,1500 kbps,,,
2026-07-06 03:17:52,sess_000212,cust_0077,play,Console,Africa,Kids,Standard ,484,0,480p-1500kbps,,,
2026-07-06 03:21:33,sess_000642,cust_0085,pause,Tablet,North America,Comedy,basic,0,0,,,,
2026-07-06 03:22:08,sess_000642,cust_0085,session_end,Tablet,North America,,basic,0,0,,,75%,2.0
2026-07-06 03:26:45,sess_000212,cust_0077,play,Console,Africa,Action,Standard ,53,0,720p-3000kbps,,,
2026-07-06 03:32:51,sess_000212,cust_0077,play,Console,Africa,SciFi,Standard ,1798,0,720p-3000kbps,,,
2026-07-06 03:38:00,sess_000212,cust_0077,pause,Console,Africa,SciFi,Standard ,0,0,,,,
2026-07-06 03:39:39,sess_000212,cust_0077,session_end,Console,Africa,,Standard ,0,0,,,90%,5 stars
2026-07-06 04:25:10,sess_000964,cust_0147,session_start,Console,APAC,,basic,0,0,,,,
2026-07-06 04:29:54,sess_000964,cust_0147,pause,Console,APAC,Drama,basic,0,0,,,,
2026-07-06 04:38:06,sess_000964,cust_0147,buffer,Console,APAC,Documentary,basic,0,7972,,,,
2026-07-06 04:43:14,sess_000964,cust_0147,pause,Console,APAC,Documentary,basic,0,0,,,,
2026-07-06 04:53:20,sess_000511,cust_0055,session_start,Mobile,North America,,premium,0,0,,,,
2026-07-06 04:53:20,sess_000964,cust_0147,buffer,Console,APAC,Comedy,basic,0,7344,,,,
2026-07-06 04:54:22,sess_000964,cust_0147,session_end,Console,APAC,,basic,0,0,,,100%,4
2026-07-06 04:57:48,sess_000511,cust_0055,play,Mobile,North America,Comedy,premium,178,0,480p-2000kbps,,,
2026-07-06 05:12:42,sess_000511,cust_0055,play,Mobile,North America,SciFi,premium,1076,0,480p-1500kbps,,,
2026-07-06 05:18:58,sess_000511,cust_0055,play,Mobile,North America,Documentary,premium,1094,0,720p-3000kbps,,,
2026-07-06 05:21:57,sess_000511,cust_0055,buffer,Mobile,North America,Documentary,premium,0,2470,,,,
2026-07-06 05:35:44,sess_000511,cust_0055,play,Mobile,North America,Horror,premium,1529,0,2000 kbps,,,
2026-07-06 05:39:26,sess_000511,cust_0055,pause,Mobile,North America,Horror,premium,0,0,,,,
2026-07-06 05:50:22,sess_000511,cust_0055,play,Mobile,North America,Comedy,premium,785,0,1080p-6000kbps,,,
2026-07-06 06:01:57,sess_000511,cust_0055,error,Mobile,North America,Documentary,premium,0,0,,E1001,,
2026-07-06 08:30:42,sess_000110,cust_0050,session_start,Tablet,APAC,,basic,0,0,,,,
2026-07-06 08:32:39,sess_000583,cust_0034,session_start,Console,APAC,,BASIC,0,0,,,,
2026-07-06 08:38:09,sess_000110,cust_0050,play,Tablet,APAC,Kids,basic,926,0,480p-1500kbps,,,
2026-07-06 08:47:06,sess_000583,cust_0034,play,Console,APAC,SciFi,BASIC,1638,0,3000 kbps,,,
2026-07-06 08:50:37,sess_000110,cust_0050,buffer,Tablet,APAC,Action,basic,0,3645,,,,
2026-07-06 08:53:23,sess_000583,cust_0034,play,Console,APAC,Horror,BASIC,738,0,3000kbps,,,
2026-07-06 08:59:40,sess_000110,cust_0050,play,Tablet,APAC,Kids,basic,408,0,1080p-8000kbps,,,
2026-07-06 09:06:01,sess_000583,cust_0034,play,Console,APAC,Drama,BASIC,485,0,6000kbps,,,
2026-07-06 09:08:22,sess_000110,cust_0050,play,Tablet,APAC,Horror,basic,526,0,480p-1500kbps,,,
2026-07-06 09:10:14,sess_000110,cust_0050,error,Tablet,APAC,Drama,basic,0,0,,E1001,,
2026-07-06 09:11:35,sess_000583,cust_0034,pause,Console,APAC,Comedy,BASIC,0,0,,,,
2026-07-06 09:14:38,sess_000583,cust_0034,buffer,Console,APAC,Action,BASIC,0,4505,,,,
2026-07-06 09:15:54,sess_000110,cust_0050,pause,Tablet,APAC,Action,basic,0,0,,,,
2026-07-06 09:17:32,sess_000583,cust_0034,buffer,Console,APAC,Action,BASIC,0,7511,,,,
2026-07-06 09:23:10,sess_000110,cust_0050,error,Tablet,APAC,Kids,basic,0,0,,E1001,,
2026-07-06 09:29:51,sess_000583,cust_0034,buffer,Console,APAC,Action,BASIC,0,9066,,,,
2026-07-06 09:40:51,sess_000583,cust_0034,pause,Console,APAC,SciFi,BASIC,0,0,,,,
2026-07-06 09:50:32,sess_000583,cust_0034,buffer,Console,APAC,Kids,BASIC,0,9118,,,,
2026-07-06 09:52:03,sess_000583,cust_0034,play,Console,APAC,Horror,BASIC,1364,0,1500kbps,,,
2026-07-06 09:52:13,sess_000583,cust_0034,session_end,Console,APAC,,BASIC,0,0,,,95%,4.0
2026-07-06 10:46:38,sess_000985,cust_0141,session_start,Mobile,APAC,,Basic,0,0,,,,
2026-07-06 10:49:37,sess_000985,cust_0141,buffer,Mobile,APAC,Drama,Basic,0,10671,,,,
2026-07-06 10:50:58,sess_000985,cust_0141,play,Mobile,APAC,Drama,Basic,1004,0,1080p-8000kbps,,,
2026-07-06 10:54:33,sess_000985,cust_0141,pause,Mobile,APAC,Drama,Basic,0,0,,,,
2026-07-06 10:58:06,sess_000985,cust_0141,buffer,Mobile,APAC,SciFi,Basic,0,4500,,,,
2026-07-06 11:11:00,sess_000985,cust_0141,error,Mobile,APAC,SciFi,Basic,0,0,,E2002,,
2026-07-06 11:43:52,sess_000439,cust_0019,session_start,Console,APAC,,Premium+,0,0,,,,
2026-07-06 11:44:43,sess_000060,cust_0080,session_start,Console,APAC,,premium,0,0,,,,
2026-07-06 11:54:17,sess_000060,cust_0080,play,Console,APAC,Drama,premium,848,0,8000kbps,,,
2026-07-06 11:54:33,sess_000439,cust_0019,play,Console,APAC,Comedy,Premium+,1633,0,6000kbps,,,
2026-07-06 11:57:33,sess_000439,cust_0019,error,Console,APAC,Comedy,Premium+,0,0,,E4004,,
2026-07-06 12:02:43,sess_000060,cust_0080,play,Console,APAC,Horror,premium,219,0,1500kbps,,,
2026-07-06 12:07:50,sess_000439,cust_0019,buffer,Console,APAC,Kids,Premium+,0,3760,,,,
2026-07-06 12:14:14,sess_000060,cust_0080,play,Console,APAC,Documentary,premium,855,0,1080p-8000kbps,,,
2026-07-06 12:18:26,sess_000439,cust_0019,pause,Console,APAC,Drama,Premium+,0,0,,,,
2026-07-06 12:21:07,sess_000439,cust_0019,buffer,Console,APAC,Kids,Premium+,0,11104,,,,
2026-07-06 12:23:22,sess_000439,cust_0019,buffer,Console,APAC,Horror,Premium+,0,7673,,,,
2026-07-06 12:23:43,sess_000439,cust_0019,error,Console,APAC,Documentary,Premium+,0,0,,E2002,,
2026-07-06 12:26:50,sess_000060,cust_0080,error,Console,APAC,Drama,premium,0,0,,E4004,,
2026-07-06 12:37:39,sess_000439,cust_0019,play,Console,APAC,SciFi,Premium+,1081,0,480p-2000kbps,,,
2026-07-06 12:41:53,sess_000287,cust_0009,session_start,,APAC,,Premium ,0,0,,,,
2026-07-06 12:45:39,sess_000439,cust_0019,play,Console,APAC,SciFi,Premium+,992,0,8000 kbps,,,
2026-07-06 12:48:15,sess_000287,cust_0009,play,,APAC,SciFi,Premium ,1073,0,3000 kbps,,,
2026-07-06 12:49:30,sess_000459,cust_0128,session_start,Tablet,Europe,,BASIC,0,0,,,,
2026-07-06 12:51:57,sess_000287,cust_0009,error,,APAC,Kids,Premium ,0,0,,E1001,,
2026-07-06 12:53:45,sess_000439,cust_0019,play,Console,APAC,Horror,Premium+,244,0,3000 kbps,,,
2026-07-06 12:57:54,sess_000439,cust_0019,buffer,Console,APAC,Action,Premium+,0,5057,,,,
2026-07-06 13:00:03,sess_000459,cust_0128,pause,Tablet,Europe,SciFi,BASIC,0,0,,,,
2026-07-06 13:03:56,sess_000439,cust_0019,buffer,Console,APAC,Horror,Premium+,0,6822,,,,
2026-07-06 13:04:10,sess_000287,cust_0009,buffer,,APAC,Drama,Premium ,0,5181,,,,
2026-07-06 13:05:31,sess_000459,cust_0128,error,Tablet,Europe,Documentary,BASIC,0,0,,E3003,,
2026-07-06 13:11:36,sess_000287,cust_0009,error,,APAC,Action,Premium ,0,0,,E2002,,
2026-07-06 13:11:48,sess_000439,cust_0019,buffer,Console,,Action,Premium+,0,11221,,,,
2026-07-06 13:12:33,sess_000439,cust_0019,session_end,Console,APAC,,Premium+,0,0,,,60%,1
2026-07-06 13:20:01,sess_000459,cust_0128,play,Tablet,Europe,Action,BASIC,1702,0,1500kbps,,,
2026-07-06 13:31:59,sess_000459,cust_0128,play,Tablet,Europe,SciFi,BASIC,1010,0,8000kbps,,,
2026-07-06 13:41:37,sess_000459,cust_0128,pause,Tablet,Europe,Drama,BASIC,0,0,,,,
2026-07-06 13:42:02,sess_000214,cust_0015,session_start,Console,LATAM,,Premium ,0,0,,,,
2026-07-06 13:47:52,sess_000936,cust_0083,session_start,Tablet,APAC,,premium,0,0,,,,
2026-07-06 13:49:19,sess_000459,cust_0128,pause,Tablet,Europe,Kids,BASIC,0,0,,,,
2026-07-06 13:49:47,sess_000459,cust_0128,error,Tablet,Europe,Comedy,BASIC,0,0,,E3003,,
2026-07-06 13:55:37,sess_000214,cust_0015,play,Console,LATAM,Kids,Premium ,1608,0,1500 kbps,,,
2026-07-06 13:56:08,sess_000936,cust_0083,play,Tablet,APAC,SciFi,premium,663,0,720p-3000kbps,,,
2026-07-06 13:58:53,sess_000936,cust_0083,pause,Tablet,APAC,Documentary,premium,0,0,,,,
2026-07-06 14:07:40,sess_000936,cust_0083,play,Tablet,APAC,Action,premium,1099,0,3000 kbps,,,
2026-07-06 14:10:16,sess_000214,cust_0015,buffer,Console,LATAM,Drama,Premium ,0,2843,,,,
2026-07-06 14:10:55,sess_000214,cust_0015,play,Console,LATAM,SciFi,Premium ,155,0,480p-2000kbps,,,
2026-07-06 14:11:34,sess_000936,cust_0083,pause,Tablet,APAC,Drama,premium,0,0,,,,
2026-07-06 14:12:05,sess_000936,cust_0083,session_end,Tablet,APAC,,premium,0,0,,,87%,3
2026-07-06 14:19:55,sess_000214,cust_0015,play,Console,LATAM,Comedy,Premium ,826,0,720p-3000kbps,,,
2026-07-06 14:20:48,sess_000214,cust_0015,play,Console,LATAM,Documentary,Premium ,368,0,1500 kbps,,,
2026-07-06 14:21:39,sess_000214,cust_0015,session_end,Console,LATAM,,Premium ,0,0,,,80%,N/A
2026-07-06 16:04:41,sess_000049,cust_0043,session_start,Smart TV,LATAM,,Standard ,0,0,,,,
2026-07-06 16:12:51,sess_000049,cust_0043,pause,Smart TV,LATAM,Drama,Standard ,0,0,,,,
2026-07-06 16:23:45,sess_000049,cust_0043,pause,Smart TV,LATAM,Horror,Standard ,0,0,,,,
2026-07-06 16:32:20,sess_000375,cust_0109,session_start,Console,North America,,standard,0,0,,,,
2026-07-06 16:37:39,sess_000049,cust_0043,play,Smart TV,LATAM,Documentary,Standard ,760,0,6000kbps,,,
2026-07-06 16:41:20,sess_000375,cust_0109,buffer,Console,North America,SciFi,standard,0,3046,,,,
2026-07-06 16:50:48,sess_000049,cust_0043,play,Smart TV,LATAM,Drama,Standard ,591,0,4500 kbps,,,
2026-07-06 16:51:40,sess_000375,cust_0109,play,Console,North America,Horror,standard,313,0,1500 kbps,,,
2026-07-06 16:51:51,sess_000049,cust_0043,play,Smart TV,LATAM,SciFi,Standard ,156,0,6000 kbps,,,
2026-07-06 16:57:18,sess_000375,cust_0109,play,Console,North America,Kids,standard,721,0,480p-2000kbps,,,
2026-07-06 17:00:25,sess_000049,cust_0043,play,Smart TV,LATAM,Documentary,Standard ,1009,0,480p-2000kbps,,,
2026-07-06 17:01:16,sess_000049,cust_0043,session_end,Smart TV,LATAM,,Standard ,0,0,,,,
2026-07-06 17:01:27,sess_000375,cust_0109,play,Console,North America,Comedy,standard,1094,0,6000kbps,,,
2026-07-06 17:12:48,sess_000375,cust_0109,buffer,Console,North America,SciFi,standard,0,3585,,,,
2026-07-06 17:15:55,sess_000375,cust_0109,play,Console,North America,Comedy,standard,539,0,3000kbps,,,
2026-07-06 17:19:11,sess_000375,cust_0109,pause,Console,North America,Drama,standard,0,0,,,,
2026-07-06 17:22:06,sess_000375,cust_0109,play,Console,North America,Documentary,standard,1036,0,2000kbps,,,
2026-07-06 17:33:31,sess_000375,cust_0109,play,Console,North America,Drama,standard,488,0,6000 kbps,,,
2026-07-06 17:45:22,sess_000375,cust_0109,pause,Console,North America,Action,standard,0,0,,,,
2026-07-06 17:55:43,sess_000375,cust_0109,play,Console,North America,Drama,standard,667,0,6000 kbps,,,
2026-07-06 18:09:20,sess_000375,cust_0109,play,Console,North America,Horror,standard,801,0,480p-2000kbps,,,
2026-07-06 18:15:05,sess_000375,cust_0109,play,Console,North America,SciFi,standard,159,0,4500kbps,,,
2026-07-06 18:18:03,sess_000375,cust_0109,play,Console,,Action,standard,1316,0,720p-3000kbps,,,
2026-07-06 18:23:22,sess_000906,cust_0125,session_start,Tablet,APAC,,Standard,0,0,,,,
2026-07-06 18:26:51,sess_000375,cust_0109,play,Console,North America,SciFi,standard,698,0,720p-3000kbps,,,
2026-07-06 18:31:44,sess_000906,cust_0125,pause,Tablet,APAC,Horror,Standard,0,0,,,,
2026-07-06 18:34:19,sess_000906,cust_0125,play,Tablet,APAC,SciFi,Standard,1357,0,3000kbps,,,
2026-07-06 18:34:28,sess_000375,cust_0109,pause,Console,North America,Action,standard,0,0,,,,
2026-07-06 18:35:04,sess_000375,cust_0109,session_end,Console,North America,,standard,0,0,,,45%,n/a
2026-07-06 18:41:45,sess_000906,cust_0125,buffer,Tablet,APAC,Comedy,Standard,0,9112,,,,
2026-07-06 18:43:22,sess_000860,cust_0013,session_start,Tablet,APAC,,Standard ,0,0,,,,
2026-07-06 18:48:55,sess_000906,cust_0125,play,Tablet,APAC,Kids,Standard,1330,0,4500kbps,,,
2026-07-06 18:52:14,sess_000906,cust_0125,error,Tablet,APAC,Documentary,Standard,0,0,,E3003,,
2026-07-06 18:53:17,sess_000266,cust_0130,session_start,Mobile,LATAM,,BASIC,0,0,,,,
2026-07-06 18:56:56,sess_000860,cust_0013,pause,Tablet,APAC,Kids,Standard ,0,0,,,,
2026-07-06 19:00:18,sess_000266,cust_0130,play,Mobile,LATAM,Documentary,BASIC,1400,0,1500 kbps,,,
2026-07-06 19:00:41,sess_000860,cust_0013,play,Tablet,APAC,Documentary,Standard ,362,0,8000 kbps,,,
2026-07-06 19:01:59,sess_000860,cust_0013,session_end,Tablet,APAC,,Standard ,0,0,,,100%,1.0
2026-07-06 19:02:18,sess_000266,cust_0130,buffer,Mobile,LATAM,Kids,BASIC,0,351,,,,
2026-07-06 19:14:30,sess_000266,cust_0130,pause,Mobile,LATAM,Kids,BASIC,0,0,,,,
2026-07-06 19:17:04,sess_000266,cust_0130,play,Mobile,LATAM,Action,BASIC,905,0,1500kbps,,,
2026-07-06 19:25:02,sess_000266,cust_0130,play,Mobile,LATAM,Drama,BASIC,691,0,2000 kbps,,,
2026-07-06 19:28:14,sess_000266,cust_0130,play,Mobile,LATAM,SciFi,BASIC,529,0,6000 kbps,,,
2026-07-06 19:39:25,sess_000266,cust_0130,play,Mobile,LATAM,SciFi,BASIC,1429,0,3000 kbps,,,
2026-07-06 19:39:59,sess_000266,cust_0130,session_end,Mobile,LATAM,,BASIC,0,0,,,45%,
2026-07-06 20:29:43,sess_000318,cust_0141,session_start,Mobile,APAC,,Basic,0,0,,,,
2026-07-06 20:44:20,sess_000318,cust_0141,play,Mobile,APAC,Documentary,Basic,468,0,2000 kbps,,,
2026-07-06 20:57:12,sess_000318,cust_0141,buffer,Mobile,APAC,Documentary,Basic,0,5373,,,,
2026-07-06 21:02:07,sess_000318,cust_0141,buffer,Mobile,APAC,Comedy,Basic,0,7751,,,,
2026-07-06 21:04:14,sess_000318,cust_0141,error,Mobile,APAC,Documentary,Basic,0,0,,E3003,,
2026-07-06 21:14:15,sess_000994,cust_0034,session_start,Console,APAC,,BASIC,0,0,,,,
2026-07-06 21:16:13,sess_000318,cust_0141,buffer,Mobile,APAC,Horror,Basic,0,8042,,,,
2026-07-06 21:18:04,sess_000318,cust_0141,session_end,Mobile,APAC,,Basic,0,0,,,87%,4 stars
2026-07-06 21:25:26,sess_000994,cust_0034,error,Console,APAC,Kids,BASIC,0,0,,E2002,,
2026-07-06 21:28:49,sess_000994,cust_0034,play,Console,APAC,Comedy,BASIC,1474,0,4500kbps,,,
2026-07-06 21:40:49,sess_000994,cust_0034,play,Console,APAC,Documentary,BASIC,645,0,480p-2000kbps,,,
2026-07-06 21:41:02,sess_000994,cust_0034,session_end,Console,APAC,,BASIC,0,0,,,90%,1
2026-07-06 22:36:00,sess_000941,cust_0117,session_start,Smart TV,LATAM,,Standard ,0,0,,,,
2026-07-06 22:39:51,sess_000493,cust_0082,session_start,Smart TV,Africa,,Premium ,0,0,,,,
2026-07-06 22:41:10,sess_000493,cust_0082,play,Smart TV,Africa,Action,Premium ,1393,0,1080p-8000kbps,,,
2026-07-06 22:43:15,sess_000493,cust_0082,buffer,Smart TV,Africa,Drama,Premium ,0,1655,,,,
2026-07-06 22:47:48,sess_000941,cust_0117,play,Smart TV,LATAM,Kids,Standard ,716,0,3000kbps,,,
2026-07-06 22:49:57,sess_000493,cust_0082,play,Smart TV,Africa,Drama,Premium ,914,0,4500kbps,,,
2026-07-06 22:55:27,sess_000941,cust_0117,play,Smart TV,LATAM,Comedy,Standard ,1323,0,2000 kbps,,,
2026-07-06 23:00:10,sess_000493,cust_0082,pause,Smart TV,Africa,Comedy,Premium ,0,0,,,,
2026-07-06 23:00:16,sess_000941,cust_0117,play,Smart TV,,Action,Standard ,1255,0,1500 kbps,,,
2026-07-06 23:13:27,sess_000941,cust_0117,play,Smart TV,LATAM,Horror,Standard ,101,0,480p-1500kbps,,,
2026-07-06 23:14:35,sess_000914,cust_0052,session_start,Mobile,LATAM,,Standard ,0,0,,,,
2026-07-06 23:15:06,sess_000493,cust_0082,error,Smart TV,Africa,Horror,Premium ,0,0,,E3003,,
2026-07-06 23:17:40,sess_000941,cust_0117,play,Smart TV,LATAM,Documentary,Standard ,77,0,8000 kbps,,,
2026-07-06 23:21:22,sess_000914,cust_0052,buffer,Mobile,LATAM,Kids,Standard ,0,1394,,,,
2026-07-06 23:27:04,sess_000941,cust_0117,pause,Smart TV,LATAM,SciFi,Standard ,0,0,,,,
2026-07-06 23:27:20,sess_000914,cust_0052,play,Mobile,LATAM,SciFi,Standard ,617,0,1500 kbps,,,
2026-07-06 23:31:20,sess_000914,cust_0052,play,Mobile,LATAM,Kids,Standard ,1306,0,1500 kbps,,,
2026-07-06 23:39:24,sess_000941,cust_0117,play,Smart TV,LATAM,Action,Standard ,1390,0,480p-2000kbps,,,
2026-07-06 23:43:02,sess_000914,cust_0052,pause,Mobile,LATAM,Drama,Standard ,0,0,,,,
2026-07-06 23:43:59,sess_000914,cust_0052,session_end,Mobile,LATAM,,Standard ,0,0,,,60%,3.0
2026-07-06 23:45:59,sess_000941,cust_0117,buffer,Smart TV,LATAM,Horror,Standard ,0,2067,,,,
2026-07-06 23:50:59,sess_000941,cust_0117,pause,Smart TV,LATAM,Action,Standard ,0,0,,,,
2026-07-06 23:59:34,sess_000182,cust_0133,session_start,Mobile,Africa,,basic,0,0,,,,
2026-07-07 00:00:58,sess_000941,cust_0117,play,Smart TV,,SciFi,Standard ,902,0,3000 kbps,,,
2026-07-07 00:04:19,sess_000182,cust_0133,play,Mobile,Africa,Horror,basic,834,0,1500 kbps,,,
2026-07-07 00:08:39,sess_000941,cust_0117,play,Smart TV,LATAM,SciFi,Standard ,679,0,1080p-6000kbps,,,
2026-07-07 00:10:15,sess_000941,cust_0117,session_end,Smart TV,LATAM,,Standard ,0,0,,,45%,N/A
2026-07-07 00:14:37,sess_000182,cust_0133,play,Mobile,Africa,Horror,basic,877,0,720p-4500kbps,,,
2026-07-07 00:15:33,sess_000182,cust_0133,buffer,Mobile,Africa,Horror,basic,0,3885,,,,
2026-07-07 00:26:29,sess_000182,cust_0133,play,Mobile,Africa,Kids,basic,1167,0,1500kbps,,,
2026-07-07 00:40:11,sess_000182,cust_0133,buffer,Mobile,Africa,Kids,basic,0,1565,,,,
2026-07-07 00:50:00,sess_000182,cust_0133,play,Mobile,Africa,SciFi,basic,286,0,8000kbps,,,
2026-07-07 00:51:01,sess_000182,cust_0133,play,Mobile,Africa,Drama,basic,37,0,1500kbps,,,
2026-07-07 00:54:50,sess_000182,cust_0133,error,Mobile,Africa,Drama,basic,0,0,,E2002,,
2026-07-07 01:06:46,sess_000575,cust_0022,session_start,Mobile,APAC,,Premium+,0,0,,,,
2026-07-07 01:07:50,sess_000182,cust_0133,play,Mobile,Africa,Documentary,basic,746,0,720p-3000kbps,,,
2026-07-07 01:10:25,sess_000508,cust_0141,session_start,Mobile,APAC,,Basic,0,0,,,,
2026-07-07 01:12:19,sess_000508,cust_0141,buffer,Mobile,APAC,Drama,Basic,0,7392,,,,
2026-07-07 01:18:40,sess_000575,cust_0022,buffer,Mobile,APAC,Documentary,Premium+,0,3897,,,,
2026-07-07 01:21:17,sess_000508,cust_0141,play,Mobile,APAC,Drama,Basic,535,0,8000kbps,,,
2026-07-07 01:22:41,sess_000182,cust_0133,play,Mobile,Africa,Action,basic,486,0,480p-2000kbps,,,
2026-07-07 01:23:13,sess_000575,cust_0022,play,Mobile,APAC,SciFi,Premium+,292,0,1080p-8000kbps,,,
2026-07-07 01:23:41,sess_000508,cust_0141,pause,Mobile,APAC,Documentary,Basic,0,0,,,,
2026-07-07 01:26:04,sess_000182,cust_0133,play,Mobile,Africa,SciFi,basic,1506,0,3000kbps,,,
2026-07-07 01:27:37,sess_000182,cust_0133,session_end,Mobile,Africa,,basic,0,0,,,95%,1.0
2026-07-07 01:27:47,sess_000508,cust_0141,buffer,Mobile,APAC,Kids,Basic,0,5166,,,,
2026-07-07 01:36:11,sess_000575,cust_0022,error,Mobile,APAC,Comedy,Premium+,0,0,,E2002,,
2026-07-07 01:42:36,sess_000508,cust_0141,buffer,Mobile,APAC,Horror,Basic,0,11818,,,,
2026-07-07 01:53:07,sess_000508,cust_0141,error,Mobile,APAC,SciFi,Basic,0,0,,E4004,,
2026-07-07 02:03:02,sess_000508,cust_0141,play,Mobile,APAC,SciFi,Basic,719,0,1080p-6000kbps,,,
2026-07-07 02:13:25,sess_000508,cust_0141,buffer,Mobile,APAC,Comedy,Basic,0,6552,,,,
2026-07-07 02:16:35,sess_000508,cust_0141,buffer,Mobile,APAC,Documentary,Basic,0,9353,,,,
2026-07-07 02:19:11,sess_000508,cust_0141,buffer,Mobile,APAC,Drama,Basic,0,3690,,,,
2026-07-07 02:20:06,sess_000508,cust_0141,session_end,Mobile,APAC,,Basic,0,0,,,75%,3 stars
2026-07-07 02:55:13,sess_000887,cust_0003,session_start,Console,,,STD,0,0,,,,
2026-07-07 03:08:35,sess_000887,cust_0003,play,Console,APAC,Documentary,STD,572,0,4500 kbps,,,
2026-07-07 03:22:14,sess_000887,cust_0003,play,Console,APAC,Action,STD,1755,0,1500 kbps,,,
2026-07-07 03:35:54,sess_000887,cust_0003,pause,Console,APAC,Documentary,STD,0,0,,,,
2026-07-07 03:39:24,sess_000887,cust_0003,error,Console,APAC,SciFi,STD,0,0,,E2002,,
2026-07-07 04:19:26,sess_000823,cust_0132,session_start,Tablet,LATAM,,basic ,0,0,,,,
2026-07-07 04:19:44,sess_000823,cust_0132,play,Tablet,LATAM,Comedy,basic ,1795,0,3000 kbps,,,
2026-07-07 04:21:30,sess_000823,cust_0132,play,Tablet,LATAM,Drama,basic ,1611,0,3000 kbps,,,
2026-07-07 04:33:00,sess_000823,cust_0132,play,Tablet,LATAM,Comedy,basic ,132,0,3000kbps,,,
2026-07-07 04:36:56,sess_000823,cust_0132,play,Tablet,LATAM,Kids,basic ,123,0,4500kbps,,,
2026-07-07 04:37:33,sess_000823,cust_0132,play,Tablet,,Comedy,basic ,1154,0,1080p-6000kbps,,,
2026-07-07 04:44:00,sess_000823,cust_0132,play,Tablet,LATAM,Action,basic ,1295,0,1080p-6000kbps,,,
2026-07-07 04:50:59,sess_000823,cust_0132,play,Tablet,LATAM,Kids,basic ,1384,0,4500 kbps,,,
2026-07-07 05:01:51,sess_000823,cust_0132,play,Tablet,LATAM,Comedy,basic ,1325,0,8000 kbps,,,
2026-07-07 05:08:29,sess_000823,cust_0132,play,Tablet,LATAM,Documentary,basic ,214,0,480p-1500kbps,,,
2026-07-07 05:23:29,sess_000823,cust_0132,play,Tablet,LATAM,Documentary,basic ,966,0,480p-1500kbps,,,
2026-07-07 05:34:12,sess_000823,cust_0132,pause,Tablet,LATAM,Documentary,basic ,0,0,,,,
2026-07-07 05:37:21,sess_000974,cust_0053,session_start,Mobile,Africa,,premium,0,0,,,,
2026-07-07 05:47:33,sess_000974,cust_0053,buffer,Mobile,Africa,Kids,premium,0,2289,,,,
2026-07-07 05:49:05,sess_000823,cust_0132,play,Tablet,LATAM,Comedy,basic ,1722,0,4500 kbps,,,
2026-07-07 05:49:21,sess_000823,cust_0132,session_end,Tablet,LATAM,,basic ,0,0,,,60%,1 stars
2026-07-07 05:49:42,sess_000974,cust_0053,play,Mobile,Africa,Kids,premium,978,0,3000kbps,,,
2026-07-07 05:57:17,sess_000974,cust_0053,play,Mobile,Africa,Action,premium,176,0,2000kbps,,,
2026-07-07 06:07:57,sess_000974,cust_0053,play,Mobile,Africa,Horror,premium,594,0,1500 kbps,,,
2026-07-07 06:20:15,sess_000974,cust_0053,play,Mobile,Africa,Comedy,premium,1125,0,8000kbps,,,
2026-07-07 06:22:33,sess_000974,cust_0053,play,Mobile,Africa,SciFi,premium,1239,0,1080p-8000kbps,,,
2026-07-07 06:32:35,sess_000974,cust_0053,play,Mobile,Africa,Horror,premium,1001,0,1080p-8000kbps,,,
2026-07-07 06:42:05,sess_000974,cust_0053,pause,Mobile,Africa,Horror,premium,0,0,,,,
2026-07-07 06:49:04,sess_000974,cust_0053,play,Mobile,Africa,Drama,premium,1666,0,2000 kbps,,,
2026-07-07 06:49:44,sess_000574,cust_0135,session_start,Smart TV,North America,,standard,0,0,,,,
2026-07-07 06:55:06,sess_000974,cust_0053,play,Mobile,Africa,Documentary,premium,1468,0,3000 kbps,,,
2026-07-07 06:55:32,sess_000974,cust_0053,play,Mobile,Africa,Drama,premium,163,0,2000kbps,,,
2026-07-07 06:56:13,sess_000574,cust_0135,buffer,Smart TV,North America,Comedy,standard,0,2286,,,,
2026-07-07 06:57:23,sess_000974,cust_0053,session_end,Mobile,Africa,,premium,0,0,,,75%,N/A
2026-07-07 07:06:19,sess_000574,cust_0135,play,Smart TV,North America,Kids,standard,1632,0,8000kbps,,,
2026-07-07 07:06:55,sess_000574,cust_0135,buffer,Smart TV,North America,Comedy,standard,0,1488,,,,
2026-07-07 07:08:08,sess_000607,cust_0009,session_start,Smart TV,APAC,,premium,0,0,,,,
2026-07-07 07:08:24,sess_000574,cust_0135,play,Smart TV,North America,Documentary,standard,947,0,4500kbps,,,
2026-07-07 07:09:17,sess_000574,cust_0135,buffer,Smart TV,North America,Comedy,standard,0,2475,,,,
2026-07-07 07:10:55,sess_000574,cust_0135,session_end,Smart TV,North America,,standard,0,0,,,60%,1.0
2026-07-07 07:11:26,sess_000607,cust_0009,error,Smart TV,APAC,Comedy,premium,0,0,,E2002,,
2026-07-07 08:08:30,sess_000417,cust_0083,session_start,Tablet,APAC,,premium,0,0,,,,
2026-07-07 08:08:56,sess_000417,cust_0083,error,Tablet,APAC,Action,premium,0,0,,E1001,,
2026-07-07 08:11:19,sess_000417,cust_0083,buffer,Tablet,APAC,Drama,premium,0,5902,,,,
2026-07-07 08:14:20,sess_000417,cust_0083,buffer,Tablet,APAC,Documentary,premium,0,4112,,,,
2026-07-07 08:14:42,sess_000417,cust_0083,buffer,Tablet,APAC,Documentary,premium,0,9222,,,,
2026-07-07 08:28:15,sess_000417,cust_0083,play,Tablet,APAC,Kids,premium,1042,0,8000kbps,,,
2026-07-07 08:32:17,sess_000285,cust_0114,session_start,Web,Europe,,Standard ,0,0,,,,
2026-07-07 08:41:44,sess_000417,cust_0083,pause,Tablet,APAC,Kids,premium,0,0,,,,
2026-07-07 08:42:30,sess_000417,cust_0083,buffer,Tablet,APAC,Comedy,premium,0,11441,,,,
2026-07-07 08:43:11,sess_000417,cust_0083,play,Tablet,APAC,Horror,premium,463,0,720p-4500kbps,,,
2026-07-07 08:44:59,sess_000285,cust_0114,buffer,Web,Europe,SciFi,Standard ,0,3985,,,,
2026-07-07 08:51:52,sess_000285,cust_0114,play,Web,Europe,Drama,Standard ,545,0,720p-4500kbps,,,
2026-07-07 08:54:04,sess_000417,cust_0083,pause,Tablet,APAC,Comedy,premium,0,0,,,,
2026-07-07 08:55:54,sess_000417,cust_0083,session_end,Tablet,APAC,,premium,0,0,,,87%,
2026-07-07 09:06:14,sess_000285,cust_0114,play,Web,Europe,Comedy,Standard ,596,0,720p-4500kbps,,,
2026-07-07 09:09:30,sess_000285,cust_0114,play,Web,,SciFi,Standard ,130,0,1500 kbps,,,
2026-07-07 09:21:35,sess_000285,cust_0114,play,Web,Europe,Horror,Standard ,711,0,8000kbps,,,
2026-07-07 09:26:17,sess_000285,cust_0114,play,Web,Europe,Documentary,Standard ,1512,0,8000kbps,,,
2026-07-07 09:40:09,sess_000285,cust_0114,play,Web,Europe,Action,Standard ,519,0,2000kbps,,,
2026-07-07 09:48:10,sess_000285,cust_0114,buffer,Web,Europe,Documentary,Standard ,0,2003,,,,
2026-07-07 09:52:31,sess_000285,cust_0114,pause,Web,Europe,Documentary,Standard ,0,0,,,,
2026-07-07 09:52:47,sess_000285,cust_0114,session_end,Web,Europe,,Standard ,0,0,,,60%,4.0
2026-07-07 12:09:56,sess_000109,cust_0019,session_start,Console,APAC,,Premium+,0,0,,,,
2026-07-07 12:23:15,sess_000109,cust_0019,error,Console,APAC,Drama,Premium+,0,0,,E1001,,
2026-07-07 12:32:45,sess_000347,cust_0051,session_start,Smart TV,Europe,,Standard,0,0,,,,
2026-07-07 12:34:45,sess_000109,cust_0019,buffer,Console,APAC,SciFi,Premium+,0,6218,,,,
2026-07-07 12:39:38,sess_000347,cust_0051,play,Smart TV,Europe,Comedy,Standard,665,0,8000kbps,,,
2026-07-07 12:39:59,sess_000109,cust_0019,error,Console,APAC,SciFi,Premium+,0,0,,E2002,,
2026-07-07 12:47:16,sess_000347,cust_0051,play,Smart TV,Europe,Drama,Standard,266,0,1080p-6000kbps,,,
2026-07-07 12:53:36,sess_000109,cust_0019,error,Console,APAC,SciFi,Premium+,0,0,,E4004,,
2026-07-07 12:59:51,sess_000347,cust_0051,play,Smart TV,Europe,SciFi,Standard,1671,0,1500kbps,,,
2026-07-07 13:11:24,sess_000347,cust_0051,play,Smart TV,Europe,Documentary,Standard,85,0,4500 kbps,,,
2026-07-07 13:18:46,sess_000347,cust_0051,play,Smart TV,Europe,Documentary,Standard,60,0,4500 kbps,,,
2026-07-07 13:25:19,sess_000347,cust_0051,pause,Smart TV,Europe,Drama,Standard,0,0,,,,
2026-07-07 13:26:49,sess_000347,cust_0051,session_end,Smart TV,Europe,,Standard,0,0,,,60%,1
2026-07-07 13:44:59,sess_000822,cust_0122,session_start,Smart TV,APAC,,BASIC,0,0,,,,
2026-07-07 13:58:51,sess_000822,cust_0122,play,Smart TV,APAC,Drama,BASIC,279,0,2000kbps,,,
2026-07-07 14:10:36,sess_000822,cust_0122,play,Smart TV,APAC,Drama,BASIC,678,0,4500 kbps,,,
2026-07-07 14:24:43,sess_000822,cust_0122,buffer,Smart TV,APAC,Documentary,BASIC,0,10105,,,,
2026-07-07 14:27:21,sess_000822,cust_0122,play,Smart TV,,Horror,BASIC,631,0,1080p-8000kbps,,,
2026-07-07 14:30:15,sess_000822,cust_0122,pause,Smart TV,APAC,Kids,BASIC,0,0,,,,
2026-07-07 14:33:33,sess_000822,cust_0122,buffer,Smart TV,APAC,SciFi,BASIC,0,10774,,,,
2026-07-07 14:34:17,sess_000822,cust_0122,buffer,Smart TV,APAC,SciFi,BASIC,0,8844,,,,
2026-07-07 14:35:18,sess_000822,cust_0122,buffer,Smart TV,APAC,Action,BASIC,0,11593,,,,
2026-07-07 14:37:09,sess_000410,cust_0064,session_start,Tablet,APAC,,Standard,0,0,,,,
2026-07-07 14:39:41,sess_000410,cust_0064,buffer,Tablet,APAC,Action,Standard,0,8938,,,,
2026-07-07 14:46:36,sess_000822,cust_0122,buffer,Smart TV,APAC,Kids,BASIC,0,8763,,,,
2026-07-07 14:47:58,sess_000410,cust_0064,pause,Tablet,APAC,Comedy,Standard,0,0,,,,
2026-07-07 14:50:49,sess_000822,cust_0122,error,Smart TV,APAC,Drama,BASIC,0,0,,E4004,,
2026-07-07 14:52:40,sess_000822,cust_0122,error,Smart TV,APAC,Documentary,BASIC,0,0,,E2002,,
2026-07-07 15:00:24,sess_000410,cust_0064,play,Tablet,APAC,Drama,Standard,1533,0,8000kbps,,,
2026-07-07 15:04:22,sess_000822,cust_0122,pause,Smart TV,APAC,Kids,BASIC,0,0,,,,
2026-07-07 15:04:48,sess_000822,cust_0122,session_end,Smart TV,APAC,,BASIC,0,0,,,90%,4
2026-07-07 15:14:40,sess_000410,cust_0064,error,Tablet,APAC,Comedy,Standard,0,0,,E4004,,
2026-07-07 15:19:41,sess_000410,cust_0064,play,Tablet,APAC,Comedy,Standard,1586,0,720p-4500kbps,,,
2026-07-07 15:20:15,sess_000410,cust_0064,session_end,Tablet,APAC,,Standard,0,0,,,87%,3
2026-07-07 15:48:39,sess_000786,cust_0041,session_start,Tablet,North America,,basic,0,0,,,,
2026-07-07 15:59:56,sess_000786,cust_0041,play,Tablet,North America,Drama,basic,226,0,720p-4500kbps,,,
2026-07-07 16:05:10,sess_000786,cust_0041,pause,Tablet,North America,SciFi,basic,0,0,,,,
2026-07-07 16:13:24,sess_000786,cust_0041,pause,Tablet,North America,Drama,basic,0,0,,,,
2026-07-07 16:21:15,sess_000786,cust_0041,play,Tablet,,Action,basic,107,0,1080p-8000kbps,,,
2026-07-07 16:25:14,sess_000585,cust_0044,session_start,Mobile,Africa,,BASIC,0,0,,,,
2026-07-07 16:26:11,sess_000786,cust_0041,play,Tablet,North America,Documentary,basic,684,0,6000kbps,,,
2026-07-07 16:35:01,sess_000585,cust_0044,buffer,Mobile,Africa,Documentary,BASIC,0,2366,,,,
2026-07-07 16:35:42,sess_000786,cust_0041,play,Tablet,North America,Comedy,basic,383,0,6000kbps,,,
2026-07-07 16:40:58,sess_000585,cust_0044,play,Mobile,Africa,Comedy,BASIC,298,0,4500kbps,,,
2026-07-07 16:46:16,sess_000786,cust_0041,play,Tablet,North America,Documentary,basic,1721,0,720p-4500kbps,,,
2026-07-07 16:48:04,sess_000585,cust_0044,play,Mobile,Africa,Drama,BASIC,1674,0,480p-2000kbps,,,
2026-07-07 16:58:49,sess_000585,cust_0044,play,Mobile,Africa,Action,BASIC,1637,0,720p-4500kbps,,,
2026-07-07 16:59:16,sess_000786,cust_0041,pause,Tablet,North America,SciFi,basic,0,0,,,,
2026-07-07 17:04:13,sess_000786,cust_0041,play,Tablet,North America,Action,basic,908,0,6000kbps,,,
2026-07-07 17:04:26,sess_000585,cust_0044,pause,Mobile,Africa,Documentary,BASIC,0,0,,,,
2026-07-07 17:07:14,sess_000585,cust_0044,pause,Mobile,Africa,Comedy,BASIC,0,0,,,,
2026-07-07 17:08:22,sess_000585,cust_0044,session_end,Mobile,Africa,,BASIC,0,0,,,,
2026-07-07 17:08:50,sess_000786,cust_0041,buffer,Tablet,North America,SciFi,basic,0,3129,,,,
2026-07-07 17:10:50,sess_000786,cust_0041,session_end,Tablet,North America,,basic,0,0,,,60%,5
2026-07-07 17:25:48,sess_000663,cust_0026,session_start,Web,North America,,Premium,0,0,,,,
2026-07-07 17:36:02,sess_000663,cust_0026,play,Web,North America,Comedy,Premium,1638,0,1080p-6000kbps,,,
2026-07-07 17:42:46,sess_000148,cust_0030,session_start,Web,APAC,,Standard ,0,0,,,,
2026-07-07 17:44:33,sess_000663,cust_0026,play,Web,North America,Action,Premium,1480,0,480p-2000kbps,,,
2026-07-07 17:45:41,sess_000148,cust_0030,buffer,Web,APAC,Drama,Standard ,0,7977,,,,
2026-07-07 17:46:33,sess_000523,cust_0115,session_start,Tablet,Europe,,Premium,0,0,,,,
2026-07-07 17:56:36,sess_000523,cust_0115,play,Tablet,Europe,Horror,Premium,250,0,720p-3000kbps,,,
2026-07-07 17:56:52,sess_000663,cust_0026,play,Web,North America,Horror,Premium,1271,0,4500 kbps,,,
2026-07-07 18:00:13,sess_000523,cust_0115,play,Tablet,Europe,SciFi,Premium,826,0,2000 kbps,,,
2026-07-07 18:00:37,sess_000148,cust_0030,buffer,Web,APAC,SciFi,Standard ,0,10730,,,,
2026-07-07 18:01:52,sess_000523,cust_0115,buffer,Tablet,Europe,Kids,Premium,0,2654,,,,
2026-07-07 18:02:34,sess_000663,cust_0026,play,Web,North America,SciFi,Premium,810,0,8000kbps,,,
2026-07-07 18:05:20,sess_000148,cust_0030,buffer,Web,APAC,Documentary,Standard ,0,5626,,,,
2026-07-07 18:05:34,sess_000663,cust_0026,error,Web,North America,Drama,Premium,0,0,,E1001,,
2026-07-07 18:09:14,sess_000663,cust_0026,play,Web,North America,Comedy,Premium,468,0,4500kbps,,,
2026-07-07 18:12:36,sess_000523,cust_0115,play,Tablet,Europe,Documentary,Premium,67,0,8000kbps,,,
2026-07-07 18:15:05,sess_000663,cust_0026,buffer,Web,North America,Documentary,Premium,0,3988,,,,
2026-07-07 18:15:54,sess_000663,cust_0026,pause,Web,North America,Documentary,Premium,0,0,,,,
2026-07-07 18:17:12,sess_000148,cust_0030,play,Web,APAC,Kids,Standard ,112,0,480p-1500kbps,,,
2026-07-07 18:17:32,sess_000663,cust_0026,play,Web,North America,Drama,Premium,987,0,8000 kbps,,,
2026-07-07 18:23:10,sess_000523,cust_0115,pause,Tablet,Europe,Drama,Premium,0,0,,,,
2026-07-07 18:25:15,sess_000663,cust_0026,play,Web,North America,Drama,Premium,443,0,1500 kbps,,,
2026-07-07 18:26:57,sess_000523,cust_0115,pause,Tablet,Europe,Kids,Premium,0,0,,,,
2026-07-07 18:30:50,sess_000148,cust_0030,play,Web,APAC,Drama,Standard ,1089,0,4500kbps,,,
2026-07-07 18:35:27,sess_000523,cust_0115,play,Tablet,Europe,SciFi,Premium,743,0,8000 kbps,,,
2026-07-07 18:39:01,sess_000663,cust_0026,play,Web,North America,Documentary,Premium,523,0,3000kbps,,,
2026-07-07 18:40:57,sess_000148,cust_0030,buffer,Web,APAC,Documentary,Standard ,0,8491,,,,
2026-07-07 18:40:57,sess_000523,cust_0115,play,Tablet,Europe,Horror,Premium,1340,0,1500 kbps,,,
2026-07-07 18:43:08,sess_000148,cust_0030,buffer,Web,APAC,Kids,Standard ,0,6058,,,,
2026-07-07 18:43:25,sess_000523,cust_0115,play,Tablet,Europe,SciFi,Premium,1005,0,2000kbps,,,
2026-07-07 18:45:18,sess_000663,cust_0026,error,Web,North America,Kids,Premium,0,0,,E4004,,
2026-07-07 18:50:02,sess_000148,cust_0030,play,Web,APAC,Documentary,Standard ,1569,0,1080p-8000kbps,,,
2026-07-07 18:50:56,sess_000148,cust_0030,play,Web,APAC,Drama,Standard ,1182,0,1500 kbps,,,
2026-07-07 18:51:05,sess_000523,cust_0115,play,Tablet,Europe,Drama,Premium,1249,0,720p-4500kbps,,,
2026-07-07 18:55:09,sess_000523,cust_0115,play,Tablet,Europe,Drama,Premium,577,0,1500 kbps,,,
2026-07-07 18:57:50,sess_000148,cust_0030,play,Web,APAC,Comedy,Standard ,382,0,4500kbps,,,
2026-07-07 19:00:39,sess_000523,cust_0115,buffer,Tablet,Europe,Kids,Premium,0,388,,,,
2026-07-07 19:01:08,sess_000523,cust_0115,play,Tablet,Europe,Action,Premium,210,0,3000kbps,,,
2026-07-07 19:01:38,sess_000523,cust_0115,pause,Tablet,Europe,Action,Premium,0,0,,,,
2026-07-07 19:06:50,sess_000148,cust_0030,play,Web,APAC,Drama,Standard ,191,0,8000kbps,,,
2026-07-07 19:09:45,sess_000148,cust_0030,error,Web,APAC,Horror,Standard ,0,0,,E1001,,
2026-07-07 19:11:04,sess_000148,cust_0030,session_end,Web,APAC,,Standard ,0,0,,,90%,N/A
2026-07-07 19:14:09,sess_000523,cust_0115,play,Tablet,Europe,Documentary,Premium,119,0,6000 kbps,,,
2026-07-07 19:19:12,sess_000523,cust_0115,pause,Tablet,Europe,Documentary,Premium,0,0,,,,
2026-07-07 19:20:40,sess_000523,cust_0115,session_end,Tablet,Europe,,Premium,0,0,,,100%,4 stars
2026-07-07 19:40:46,sess_000032,cust_0111,session_start,Mobile,APAC,,STD,0,0,,,,
2026-07-07 19:52:40,sess_000032,cust_0111,play,Mobile,APAC,Kids,STD,1603,0,2000 kbps,,,
2026-07-07 20:00:22,sess_000032,cust_0111,buffer,Mobile,APAC,Horror,STD,0,5278,,,,
2026-07-07 20:13:54,sess_000032,cust_0111,buffer,Mobile,APAC,Drama,STD,0,9595,,,,
2026-07-07 20:18:29,sess_000032,cust_0111,play,Mobile,APAC,Action,STD,1362,0,480p-2000kbps,,,
2026-07-07 20:20:07,sess_000032,cust_0111,buffer,Mobile,APAC,Horror,STD,0,4498,,,,
2026-07-07 20:21:09,sess_000032,cust_0111,session_end,Mobile,APAC,,STD,0,0,,,75%,3.0
2026-07-07 21:06:45,sess_000204,cust_0145,session_start,Smart TV,APAC,,Basic,0,0,,,,
2026-07-07 21:16:15,sess_000204,cust_0145,play,Smart TV,APAC,Kids,Basic,1394,0,8000kbps,,,
2026-07-07 21:23:14,sess_000204,cust_0145,play,Smart TV,APAC,SciFi,Basic,301,0,8000 kbps,,,
2026-07-07 21:36:52,sess_000204,cust_0145,play,Smart TV,APAC,Horror,Basic,1226,0,8000 kbps,,,
2026-07-07 21:43:57,sess_000204,cust_0145,play,Smart TV,APAC,Action,Basic,230,0,1500kbps,,,
2026-07-07 21:45:35,sess_000204,cust_0145,buffer,Smart TV,APAC,Comedy,Basic,0,10039,,,,
2026-07-07 21:49:47,sess_000204,cust_0145,buffer,Smart TV,APAC,Horror,Basic,0,4000,,,,
2026-07-07 22:02:59,sess_000204,cust_0145,play,Smart TV,APAC,Kids,Basic,566,0,480p-1500kbps,,,
2026-07-07 22:10:47,sess_000207,cust_0094,session_start,Mobile,APAC,,premium,0,0,,,,
2026-07-07 22:14:44,sess_000204,cust_0145,play,Smart TV,APAC,Documentary,Basic,1425,0,2000 kbps,,,
2026-07-07 22:15:13,sess_000119,cust_0093,session_start,Smart TV,Africa,,PremiumPlus,0,0,,,,
2026-07-07 22:15:16,sess_000204,cust_0145,session_end,Smart TV,APAC,,Basic,0,0,,,60%,1
2026-07-07 22:18:14,sess_000119,cust_0093,buffer,Smart TV,Africa,Comedy,PremiumPlus,0,3113,,,,
2026-07-07 22:18:53,sess_000718,cust_0138,session_start,Smart TV,Africa,,Standard ,0,0,,,,
2026-07-07 22:20:46,sess_000207,cust_0094,error,Mobile,APAC,Comedy,premium,0,0,,E1001,,
2026-07-07 22:21:01,sess_000115,cust_0103,session_start,Console,APAC,,premium,0,0,,,,
2026-07-07 22:23:33,sess_000115,cust_0103,pause,Console,APAC,Comedy,premium,0,0,,,,
2026-07-07 22:24:19,sess_000718,cust_0138,play,Smart TV,Africa,Documentary,Standard ,114,0,1080p-8000kbps,,,
2026-07-07 22:24:34,sess_000119,cust_0093,play,Smart TV,Africa,SciFi,PremiumPlus,922,0,6000kbps,,,
2026-07-07 22:27:48,sess_000119,cust_0093,play,Smart TV,Africa,Comedy,PremiumPlus,1050,0,3000kbps,,,
2026-07-07 22:29:43,sess_000115,cust_0103,buffer,Console,APAC,Action,premium,0,10624,,,,
2026-07-07 22:32:46,sess_000718,cust_0138,play,Smart TV,Africa,Kids,Standard ,851,0,4500kbps,,,
2026-07-07 22:39:39,sess_000115,cust_0103,play,Console,APAC,Action,premium,282,0,2000kbps,,,
2026-07-07 22:40:44,sess_000718,cust_0138,play,Smart TV,Africa,Action,Standard ,434,0,6000kbps,,,
2026-07-07 22:42:42,sess_000119,cust_0093,play,Smart TV,Africa,Drama,PremiumPlus,1439,0,6000 kbps,,,
2026-07-07 22:42:57,sess_000119,cust_0093,play,Smart TV,Africa,Kids,PremiumPlus,147,0,2000kbps,,,
2026-07-07 22:43:19,sess_000119,cust_0093,play,Smart TV,Africa,Documentary,PremiumPlus,1439,0,1080p-6000kbps,,,
2026-07-07 22:47:46,sess_000119,cust_0093,pause,Smart TV,Africa,Comedy,PremiumPlus,0,0,,,,
2026-07-07 22:47:54,sess_000718,cust_0138,play,Smart TV,Africa,Comedy,Standard ,495,0,480p-1500kbps,,,
2026-07-07 22:49:08,sess_000718,cust_0138,session_end,Smart TV,,,Standard ,0,0,,,80%,2 stars
2026-07-07 22:49:38,sess_000115,cust_0103,play,Console,APAC,Documentary,premium,421,0,6000 kbps,,,
2026-07-07 22:50:48,sess_000115,cust_0103,play,Console,APAC,Horror,premium,1312,0,720p-3000kbps,,,
2026-07-07 22:52:08,sess_000119,cust_0093,play,Smart TV,Africa,Drama,PremiumPlus,1619,0,4500kbps,,,
2026-07-07 22:52:35,sess_000119,cust_0093,session_end,Smart TV,Africa,,PremiumPlus,0,0,,,45%,N/A
2026-07-07 22:56:45,sess_000115,cust_0103,buffer,Console,APAC,Drama,premium,0,6383,,,,
2026-07-07 22:57:15,sess_000115,cust_0103,play,Console,APAC,Horror,premium,286,0,720p-4500kbps,,,
2026-07-07 23:03:19,sess_000115,cust_0103,error,Console,APAC,Action,premium,0,0,,E4004,,
2026-07-07 23:05:06,sess_000539,cust_0039,session_start,Smart TV,Africa,,standard,0,0,,,,
2026-07-07 23:17:39,sess_000115,cust_0103,pause,Console,APAC,Drama,premium,0,0,,,,
2026-07-07 23:19:14,sess_000539,cust_0039,play,Smart TV,Africa,SciFi,standard,105,0,720p-4500kbps,,,
2026-07-07 23:21:12,sess_000115,cust_0103,play,Console,APAC,Comedy,premium,685,0,4500 kbps,,,
2026-07-07 23:23:39,sess_000539,cust_0039,play,Smart TV,Africa,Kids,standard,1185,0,6000 kbps,,,
2026-07-07 23:29:22,sess_000539,cust_0039,buffer,Smart TV,,Kids,standard,0,1161,,,,
2026-07-07 23:35:46,sess_000115,cust_0103,play,Console,APAC,Comedy,premium,1448,0,6000kbps,,,
2026-07-07 23:36:25,sess_000115,cust_0103,buffer,Console,APAC,Drama,premium,0,4402,,,,
2026-07-07 23:42:13,sess_000539,cust_0039,pause,Smart TV,Africa,Documentary,standard,0,0,,,,
2026-07-07 23:42:40,sess_000271,cust_0020,session_start,Console,LATAM,,Standard,0,0,,,,
2026-07-07 23:44:03,sess_000539,cust_0039,session_end,Smart TV,Africa,,standard,0,0,,,45%,3.0
2026-07-07 23:44:36,sess_000811,cust_0143,session_start,Mobile,APAC,,Standard,0,0,,,,
2026-07-07 23:49:54,sess_000115,cust_0103,buffer,Console,APAC,Drama,premium,0,8639,,,,
2026-07-07 23:52:27,sess_000271,cust_0020,play,Console,LATAM,Comedy,Standard,268,0,8000kbps,,,
2026-07-07 23:52:38,sess_000115,cust_0103,play,Console,APAC,Action,premium,925,0,4500 kbps,,,
2026-07-07 23:58:51,sess_000811,cust_0143,buffer,Mobile,APAC,Action,Standard,0,11595,,,,
2026-07-07 23:59:58,sess_000271,cust_0020,play,Console,LATAM,Action,Standard,651,0,6000kbps,,,
2026-07-08 00:04:11,sess_000271,cust_0020,play,Console,LATAM,Kids,Standard,403,0,2000 kbps,,,
2026-07-08 00:06:25,sess_000115,cust_0103,pause,Console,APAC,Comedy,premium,0,0,,,,
2026-07-08 00:10:33,sess_000271,cust_0020,play,Console,LATAM,Kids,Standard,1088,0,4500 kbps,,,
2026-07-08 00:10:43,sess_000115,cust_0103,play,Console,APAC,Comedy,premium,274,0,8000kbps,,,
2026-07-08 00:11:52,sess_000115,cust_0103,session_end,Console,APAC,,premium,0,0,,,95%,N/A
2026-07-08 00:13:01,sess_000811,cust_0143,play,Mobile,APAC,Horror,Standard,389,0,4500kbps,,,
2026-07-08 00:20:19,sess_000811,cust_0143,error,Mobile,APAC,Documentary,Standard,0,0,,E1001,,
2026-07-08 00:24:31,sess_000271,cust_0020,play,Console,LATAM,Horror,Standard,850,0,8000 kbps,,,
2026-07-08 00:29:55,sess_000271,cust_0020,play,Console,LATAM,Kids,Standard,86,0,4500 kbps,,,
2026-07-08 00:33:44,sess_000811,cust_0143,play,Mobile,APAC,Drama,Standard,1512,0,1500kbps,,,
2026-07-08 00:35:26,sess_000811,cust_0143,error,Mobile,APAC,Drama,Standard,0,0,,E1001,,
2026-07-08 00:41:31,sess_000271,cust_0020,buffer,Console,LATAM,Documentary,Standard,0,1741,,,,
2026-07-08 00:44:26,sess_000811,cust_0143,error,Mobile,APAC,Kids,Standard,0,0,,E2002,,
2026-07-08 00:52:07,sess_000271,cust_0020,play,Console,LATAM,SciFi,Standard,1350,0,720p-4500kbps,,,
2026-07-08 00:59:20,sess_000811,cust_0143,pause,Mobile,APAC,SciFi,Standard,0,0,,,,
2026-07-08 01:05:08,sess_000271,cust_0020,play,Console,LATAM,Horror,Standard,1513,0,720p-4500kbps,,,
2026-07-08 01:07:34,sess_000811,cust_0143,buffer,Mobile,APAC,Comedy,Standard,0,11033,,,,
2026-07-08 01:07:41,sess_000271,cust_0020,play,Console,LATAM,Action,Standard,1722,0,1500 kbps,,,
2026-07-08 01:08:34,sess_000271,cust_0020,session_end,Console,LATAM,,Standard,0,0,,,95%,N/A
2026-07-08 01:11:36,sess_000811,cust_0143,pause,Mobile,APAC,Action,Standard,0,0,,,,
2026-07-08 01:20:28,sess_000811,cust_0143,play,Mobile,APAC,Drama,Standard,472,0,1500 kbps,,,
2026-07-08 01:34:20,sess_000811,cust_0143,error,Mobile,APAC,Kids,Standard,0,0,,E1001,,
2026-07-08 01:34:31,sess_000811,cust_0143,session_end,Mobile,APAC,,Standard,0,0,,,45%,N/A
2026-07-08 02:44:08,sess_000669,cust_0143,session_start,Mobile,APAC,,Standard ,0,0,,,,
2026-07-08 02:56:33,sess_000669,cust_0143,error,Mobile,APAC,Comedy,Standard ,0,0,,E4004,,
2026-07-08 02:59:52,sess_000669,cust_0143,play,Mobile,APAC,Action,Standard ,697,0,1500kbps,,,
2026-07-08 03:13:42,sess_000669,cust_0143,play,Mobile,APAC,Comedy,Standard ,940,0,2000kbps,,,
2026-07-08 03:14:09,sess_000348,cust_0074,session_start,Smart TV,Africa,,premium_plus,0,0,,,,
2026-07-08 03:16:31,sess_000669,cust_0143,play,Mobile,APAC,Drama,Standard ,394,0,720p-4500kbps,,,
2026-07-08 03:18:43,sess_000669,cust_0143,play,Mobile,APAC,Horror,Standard ,595,0,4500 kbps,,,
2026-07-08 03:26:03,sess_000348,cust_0074,play,Smart TV,Africa,Action,premium_plus,576,0,4500kbps,,,
2026-07-08 03:32:34,sess_000669,cust_0143,play,Mobile,APAC,Horror,Standard ,257,0,8000 kbps,,,
2026-07-08 03:33:08,sess_000491,cust_0071,session_start,Mobile,Europe,,Standard,0,0,,,,
2026-07-08 03:33:12,sess_000669,cust_0143,buffer,Mobile,APAC,Documentary,Standard ,0,5207,,,,
2026-07-08 03:34:31,sess_000669,cust_0143,session_end,Mobile,APAC,,Standard ,0,0,,,100%,4.0
2026-07-08 03:37:51,sess_000348,cust_0074,play,Smart TV,Africa,Action,premium_plus,360,0,2000 kbps,,,
2026-07-08 03:39:02,sess_000039,cust_0057,session_start,,APAC,,basic ,0,0,,,,
2026-07-08 03:40:14,sess_000348,cust_0074,play,Smart TV,Africa,Documentary,premium_plus,1568,0,6000 kbps,,,
2026-07-08 03:42:38,sess_000039,cust_0057,play,,APAC,Action,basic ,576,0,1500 kbps,,,
2026-07-08 03:42:42,sess_000491,cust_0071,play,Mobile,Europe,SciFi,Standard,1455,0,1500 kbps,,,
2026-07-08 03:46:46,sess_000491,cust_0071,buffer,Mobile,Europe,Action,Standard,0,1307,,,,
2026-07-08 03:49:12,sess_000348,cust_0074,play,Smart TV,,Horror,premium_plus,794,0,8000kbps,,,
2026-07-08 03:49:16,sess_000491,cust_0071,pause,Mobile,Europe,Comedy,Standard,0,0,,,,
2026-07-08 03:50:34,sess_000378,cust_0058,session_start,Tablet,LATAM,,Premium,0,0,,,,
2026-07-08 03:56:40,sess_000039,cust_0057,error,,APAC,SciFi,basic ,0,0,,E2002,,
2026-07-08 03:56:43,sess_000348,cust_0074,play,Smart TV,Africa,Action,premium_plus,1065,0,480p-2000kbps,,,
2026-07-08 03:58:30,sess_000039,cust_0057,session_end,,APAC,,basic ,0,0,,,100%,3.0
2026-07-08 04:00:06,sess_000491,cust_0071,play,Mobile,Europe,Comedy,Standard,1532,0,3000kbps,,,
2026-07-08 04:01:01,sess_000378,cust_0058,play,Tablet,LATAM,Documentary,Premium,1002,0,480p-2000kbps,,,
2026-07-08 04:04:21,sess_000491,cust_0071,play,Mobile,Europe,Documentary,Standard,1567,0,480p-2000kbps,,,
2026-07-08 04:05:47,sess_000298,cust_0134,session_start,Mobile,APAC,,basic ,0,0,,,,
2026-07-08 04:08:43,sess_000298,cust_0134,error,Mobile,APAC,Horror,basic ,0,0,,E3003,,
2026-07-08 04:09:50,sess_000348,cust_0074,play,Smart TV,Africa,Kids,premium_plus,583,0,8000 kbps,,,
2026-07-08 04:12:37,sess_000378,cust_0058,play,Tablet,LATAM,Drama,Premium,81,0,6000kbps,,,
2026-07-08 04:17:32,sess_000491,cust_0071,buffer,Mobile,Europe,Comedy,Standard,0,890,,,,
2026-07-08 04:23:46,sess_000348,cust_0074,play,Smart TV,Africa,Horror,premium_plus,1352,0,2000 kbps,,,
2026-07-08 04:24:43,sess_000348,cust_0074,play,Smart TV,Africa,SciFi,premium_plus,93,0,8000 kbps,,,
2026-07-08 04:24:43,sess_000378,cust_0058,play,Tablet,LATAM,Comedy,Premium,330,0,6000kbps,,,
2026-07-08 04:26:18,sess_000348,cust_0074,session_end,Smart TV,Africa,,premium_plus,0,0,,,75%,2 stars
2026-07-08 04:27:07,sess_000378,cust_0058,play,Tablet,LATAM,SciFi,Premium,1356,0,4500kbps,,,
2026-07-08 04:29:14,sess_000491,cust_0071,pause,Mobile,Europe,Kids,Standard,0,0,,,,
2026-07-08 04:35:41,sess_000491,cust_0071,play,Mobile,Europe,Drama,Standard,834,0,3000 kbps,,,
2026-07-08 04:40:35,sess_000491,cust_0071,play,Mobile,,SciFi,Standard,1382,0,720p-4500kbps,,,
2026-07-08 04:41:46,sess_000378,cust_0058,play,Tablet,LATAM,SciFi,Premium,901,0,6000kbps,,,
2026-07-08 04:41:54,sess_000491,cust_0071,session_end,Mobile,Europe,,Standard,0,0,,,80%,N/A
2026-07-08 04:42:44,sess_000378,cust_0058,session_end,Tablet,LATAM,,Premium,0,0,,,45%,5 stars
2026-07-08 04:55:05,sess_000194,cust_0013,session_start,Tablet,APAC,,Standard ,0,0,,,,
2026-07-08 04:58:07,sess_000194,cust_0013,buffer,Tablet,APAC,Action,Standard ,0,5919,,,,
2026-07-08 05:05:04,sess_000194,cust_0013,pause,Tablet,APAC,Horror,Standard ,0,0,,,,
2026-07-08 05:10:23,sess_000194,cust_0013,pause,Tablet,APAC,SciFi,Standard ,0,0,,,,
2026-07-08 05:17:37,sess_000194,cust_0013,buffer,Tablet,APAC,Documentary,Standard ,0,11214,,,,
2026-07-08 05:19:46,sess_000194,cust_0013,pause,Tablet,APAC,SciFi,Standard ,0,0,,,,
2026-07-08 05:30:20,sess_000194,cust_0013,error,Tablet,APAC,Horror,Standard ,0,0,,E3003,,
2026-07-08 05:36:23,sess_000194,cust_0013,buffer,Tablet,APAC,Documentary,Standard ,0,5719,,,,
2026-07-08 05:37:35,sess_000194,cust_0013,pause,Tablet,APAC,Comedy,Standard ,0,0,,,,
2026-07-08 05:38:49,sess_000194,cust_0013,session_end,Tablet,APAC,,Standard ,0,0,,,45%,1
2026-07-08 07:44:33,sess_000433,cust_0047,session_start,Smart TV,Europe,,STD,0,0,,,,
2026-07-08 07:51:17,sess_000096,cust_0034,session_start,Console,APAC,,basic ,0,0,,,,
2026-07-08 07:54:43,sess_000433,cust_0047,buffer,Smart TV,Europe,Action,STD,0,3513,,,,
2026-07-08 07:55:15,sess_000096,cust_0034,play,Console,APAC,SciFi,basic ,790,0,8000kbps,,,
2026-07-08 07:55:44,sess_000433,cust_0047,play,Smart TV,Europe,Drama,STD,1182,0,1080p-6000kbps,,,
2026-07-08 08:07:05,sess_000096,cust_0034,play,Console,APAC,Kids,basic ,1484,0,4500kbps,,,
2026-07-08 08:08:15,sess_000433,cust_0047,buffer,Smart TV,Europe,Comedy,STD,0,1484,,,,
2026-07-08 08:16:06,sess_000096,cust_0034,play,Console,APAC,Documentary,basic ,216,0,1080p-8000kbps,,,
2026-07-08 08:17:08,sess_000096,cust_0034,play,Console,APAC,Action,basic ,527,0,3000kbps,,,
2026-07-08 08:21:06,sess_000433,cust_0047,play,Smart TV,Europe,Comedy,STD,1362,0,4500kbps,,,
2026-07-08 08:28:51,sess_000096,cust_0034,play,Console,APAC,Horror,basic ,1788,0,6000kbps,,,
2026-07-08 08:30:21,sess_000096,cust_0034,play,Console,APAC,Action,basic ,1618,0,2000 kbps,,,
2026-07-08 08:30:52,sess_000433,cust_0047,play,Smart TV,Europe,Drama,STD,1731,0,2000 kbps,,,
2026-07-08 08:31:30,sess_000433,cust_0047,session_end,Smart TV,Europe,,STD,0,0,,,60%,2 stars
2026-07-08 08:42:14,sess_000096,cust_0034,buffer,Console,APAC,Action,basic ,0,7788,,,,
2026-07-08 08:52:08,sess_000096,cust_0034,error,Console,APAC,Documentary,basic ,0,0,,E2002,,
2026-07-08 09:11:46,sess_000734,cust_0134,session_start,Mobile,APAC,,BASIC,0,0,,,,
2026-07-08 09:24:50,sess_000734,cust_0134,buffer,Mobile,APAC,Comedy,BASIC,0,6969,,,,
2026-07-08 09:31:42,sess_000734,cust_0134,play,Mobile,APAC,Comedy,BASIC,373,0,8000 kbps,,,
2026-07-08 09:44:47,sess_000734,cust_0134,play,Mobile,APAC,Horror,BASIC,806,0,2000 kbps,,,
2026-07-08 09:51:08,sess_000734,cust_0134,buffer,Mobile,APAC,Documentary,BASIC,0,6290,,,,
2026-07-08 09:52:12,sess_000734,cust_0134,pause,Mobile,APAC,Horror,BASIC,0,0,,,,
2026-07-08 09:53:24,sess_000534,cust_0084,session_start,Mobile,APAC,,basic,0,0,,,,
2026-07-08 09:59:06,sess_000734,cust_0134,play,Mobile,APAC,Action,BASIC,517,0,2000kbps,,,
2026-07-08 10:01:49,sess_000534,cust_0084,buffer,Mobile,APAC,Kids,basic,0,3586,,,,
2026-07-08 10:05:57,sess_000734,cust_0134,buffer,Mobile,APAC,Kids,BASIC,0,4998,,,,
2026-07-08 10:06:09,sess_000534,cust_0084,buffer,Mobile,APAC,Comedy,basic,0,9203,,,,
2026-07-08 10:17:45,sess_000734,cust_0134,error,Mobile,APAC,Kids,BASIC,0,0,,E4004,,
2026-07-08 10:18:56,sess_000534,cust_0084,error,Mobile,APAC,SciFi,basic,0,0,,E1001,,
2026-07-08 10:24:48,sess_000734,cust_0134,pause,Mobile,APAC,Kids,BASIC,0,0,,,,
2026-07-08 10:26:46,sess_000734,cust_0134,session_end,Mobile,APAC,,BASIC,0,0,,,95%,4.0
2026-07-08 10:37:46,sess_000839,cust_0118,session_start,Web,LATAM,,premium_plus,0,0,,,,
2026-07-08 10:50:59,sess_000839,cust_0118,error,Web,LATAM,Documentary,premium_plus,0,0,,E1001,,
2026-07-08 13:36:26,sess_000924,cust_0075,session_start,Smart TV,LATAM,,Basic,0,0,,,,
2026-07-08 13:44:38,sess_000546,cust_0129,session_start,Tablet,Africa,,Standard ,0,0,,,,
2026-07-08 13:45:10,sess_000924,cust_0075,error,Smart TV,LATAM,Horror,Basic,0,0,,E2002,,
2026-07-08 13:45:53,sess_000546,cust_0129,play,Tablet,Africa,Drama,Standard ,882,0,720p-4500kbps,,,
2026-07-08 13:47:40,sess_000924,cust_0075,play,Smart TV,LATAM,Horror,Basic,112,0,4500kbps,,,
2026-07-08 13:52:50,sess_000888,cust_0103,session_start,Console,APAC,,premium,0,0,,,,
2026-07-08 13:53:57,sess_000888,cust_0103,buffer,Console,APAC,Comedy,premium,0,6497,,,,
2026-07-08 13:54:55,sess_000924,cust_0075,play,Smart TV,LATAM,Comedy,Basic,464,0,2000kbps,,,
2026-07-08 13:59:33,sess_000546,cust_0129,play,Tablet,Africa,Comedy,Standard ,1313,0,1080p-6000kbps,,,
2026-07-08 14:03:18,sess_000546,cust_0129,play,Tablet,Africa,SciFi,Standard ,129,0,4500 kbps,,,
2026-07-08 14:03:20,sess_000924,cust_0075,pause,Smart TV,LATAM,Comedy,Basic,0,0,,,,
2026-07-08 14:04:59,sess_000888,cust_0103,error,Console,APAC,Drama,premium,0,0,,E4004,,
2026-07-08 14:08:43,sess_000924,cust_0075,play,Smart TV,LATAM,Action,Basic,388,0,8000 kbps,,,
2026-07-08 14:09:43,sess_000888,cust_0103,error,Console,APAC,Kids,premium,0,0,,E3003,,
2026-07-08 14:11:33,sess_000546,cust_0129,play,Tablet,Africa,Horror,Standard ,1662,0,4500kbps,,,
2026-07-08 14:13:27,sess_000924,cust_0075,pause,Smart TV,LATAM,Horror,Basic,0,0,,,,
2026-07-08 14:13:48,sess_000546,cust_0129,pause,Tablet,Africa,Comedy,Standard ,0,0,,,,
2026-07-08 14:19:28,sess_000546,cust_0129,pause,Tablet,Africa,Horror,Standard ,0,0,,,,
2026-07-08 14:21:11,sess_000888,cust_0103,buffer,Console,APAC,Kids,premium,0,7721,,,,
2026-07-08 14:21:42,sess_000546,cust_0129,play,Tablet,Africa,Kids,Standard ,120,0,2000 kbps,,,
2026-07-08 14:24:43,sess_000924,cust_0075,play,Smart TV,LATAM,Action,Basic,475,0,2000 kbps,,,
2026-07-08 14:34:16,sess_000888,cust_0103,play,Console,APAC,Kids,premium,456,0,720p-4500kbps,,,
2026-07-08 14:35:43,sess_000924,cust_0075,pause,Smart TV,LATAM,Action,Basic,0,0,,,,
2026-07-08 14:35:52,sess_000546,cust_0129,play,Tablet,Africa,Action,Standard ,1732,0,1080p-8000kbps,,,
2026-07-08 14:41:20,sess_000546,cust_0129,play,Tablet,Africa,Drama,Standard ,1777,0,8000kbps,,,
2026-07-08 14:43:12,sess_000546,cust_0129,session_end,Tablet,Africa,,Standard ,0,0,,,45%,N/A
2026-07-08 14:44:52,sess_000888,cust_0103,pause,Console,APAC,Drama,premium,0,0,,,,
2026-07-08 14:45:57,sess_000888,cust_0103,play,Console,APAC,Drama,premium,883,0,3000 kbps,,,
2026-07-08 14:46:29,sess_000924,cust_0075,play,Smart TV,LATAM,Action,Basic,1182,0,2000kbps,,,
2026-07-08 14:47:40,sess_000924,cust_0075,session_end,Smart TV,LATAM,,Basic,0,0,,,60%,
2026-07-08 14:57:30,sess_000888,cust_0103,play,Console,APAC,Kids,premium,910,0,720p-4500kbps,,,
2026-07-08 15:06:55,sess_000888,cust_0103,error,Console,APAC,Drama,premium,0,0,,E1001,,
2026-07-08 15:07:57,sess_000888,cust_0103,buffer,Console,APAC,Drama,premium,0,7831,,,,
2026-07-08 15:14:42,sess_000888,cust_0103,play,Console,APAC,Action,premium,1360,0,6000kbps,,,
2026-07-08 15:25:49,sess_000888,cust_0103,error,Console,APAC,SciFi,premium,0,0,,E3003,,
2026-07-08 16:59:25,sess_000470,cust_0080,session_start,Console,APAC,,PREM,0,0,,,,
2026-07-08 17:10:27,sess_000470,cust_0080,error,Console,APAC,Drama,PREM,0,0,,E1001,,
2026-07-08 17:21:36,sess_000470,cust_0080,error,Console,APAC,Kids,PREM,0,0,,E3003,,
2026-07-08 17:51:22,sess_000525,cust_0135,session_start,,North America,,Standard,0,0,,,,
2026-07-08 17:57:42,sess_000525,cust_0135,pause,,North America,Kids,Standard,0,0,,,,
2026-07-08 17:59:27,sess_000525,cust_0135,play,,North America,Horror,Standard,280,0,6000 kbps,,,
2026-07-08 18:11:30,sess_000525,cust_0135,play,,North America,Comedy,Standard,1189,0,4500 kbps,,,
2026-07-08 18:23:38,sess_000525,cust_0135,play,,North America,Kids,Standard,1488,0,720p-4500kbps,,,
2026-07-08 18:26:38,sess_000525,cust_0135,play,,North America,Kids,Standard,414,0,480p-2000kbps,,,
2026-07-08 18:28:48,sess_000525,cust_0135,play,,North America,Drama,Standard,688,0,3000 kbps,,,
2026-07-08 18:30:08,sess_000525,cust_0135,buffer,,North America,Action,Standard,0,1776,,,,
2026-07-08 18:32:38,sess_000696,cust_0093,session_start,Smart TV,Africa,,PremiumPlus,0,0,,,,
2026-07-08 18:34:39,sess_000696,cust_0093,play,Smart TV,Africa,Drama,PremiumPlus,1588,0,6000 kbps,,,
2026-07-08 18:45:05,sess_000525,cust_0135,buffer,,North America,Horror,Standard,0,3763,,,,
2026-07-08 18:46:28,sess_000525,cust_0135,session_end,,North America,,Standard,0,0,,,45%,4 stars
2026-07-08 18:48:11,sess_000696,cust_0093,play,Smart TV,Africa,Documentary,PremiumPlus,554,0,2000 kbps,,,
2026-07-08 18:57:42,sess_000896,cust_0084,session_start,Mobile,APAC,,basic ,0,0,,,,
2026-07-08 18:58:08,sess_000896,cust_0084,buffer,Mobile,APAC,Kids,basic ,0,4025,,,,
2026-07-08 19:00:02,sess_000696,cust_0093,play,Smart TV,Africa,Kids,PremiumPlus,893,0,2000 kbps,,,
2026-07-08 19:11:09,sess_000696,cust_0093,play,Smart TV,,Comedy,PremiumPlus,964,0,8000kbps,,,
2026-07-08 19:12:28,sess_000896,cust_0084,error,Mobile,APAC,Drama,basic ,0,0,,E4004,,
2026-07-08 19:22:11,sess_000696,cust_0093,play,Smart TV,Africa,Action,PremiumPlus,1678,0,6000kbps,,,
2026-07-08 19:35:56,sess_000696,cust_0093,play,Smart TV,Africa,Comedy,PremiumPlus,513,0,4500kbps,,,
2026-07-08 19:36:31,sess_000946,cust_0105,session_start,Smart TV,North America,,Standard ,0,0,,,,
2026-07-08 19:37:38,sess_000696,cust_0093,session_end,Smart TV,Africa,,PremiumPlus,0,0,,,80%,
2026-07-08 19:41:29,sess_000946,cust_0105,play,Smart TV,North America,Documentary,Standard ,791,0,720p-3000kbps,,,
2026-07-08 19:49:37,sess_000946,cust_0105,play,Smart TV,North America,Drama,Standard ,625,0,6000kbps,,,
2026-07-08 19:52:05,sess_000038,cust_0060,session_start,Tablet,Europe,,PREM,0,0,,,,
2026-07-08 19:53:30,sess_000040,cust_0113,session_start,Tablet,APAC,,basic ,0,0,,,,
2026-07-08 20:00:58,sess_000038,cust_0060,play,Tablet,Europe,Drama,PREM,1100,0,8000kbps,,,
2026-07-08 20:02:18,sess_000946,cust_0105,play,Smart TV,North America,Documentary,Standard ,663,0,3000kbps,,,
2026-07-08 20:03:01,sess_000040,cust_0113,buffer,Tablet,APAC,SciFi,basic ,0,9381,,,,
2026-07-08 20:07:36,sess_000040,cust_0113,play,Tablet,APAC,Drama,basic ,293,0,480p-1500kbps,,,
2026-07-08 20:12:26,sess_000040,cust_0113,play,Tablet,APAC,Horror,basic ,1165,0,1500 kbps,,,
2026-07-08 20:15:18,sess_000038,cust_0060,play,Tablet,Europe,Documentary,PREM,731,0,1080p-6000kbps,,,
2026-07-08 20:15:40,sess_000946,cust_0105,play,Smart TV,North America,Drama,Standard ,816,0,2000kbps,,,
2026-07-08 20:21:16,sess_000040,cust_0113,play,Tablet,APAC,Action,basic ,1589,0,4500kbps,,,
2026-07-08 20:23:11,sess_000040,cust_0113,session_end,Tablet,APAC,,basic ,0,0,,,95%,4
2026-07-08 20:24:38,sess_000946,cust_0105,pause,Smart TV,North America,Horror,Standard ,0,0,,,,
2026-07-08 20:25:41,sess_000946,cust_0105,buffer,Smart TV,North America,Action,Standard ,0,1104,,,,
2026-07-08 20:26:10,sess_000946,cust_0105,session_end,Smart TV,North America,,Standard ,0,0,,,100%,N/A
2026-07-08 20:30:03,sess_000038,cust_0060,play,Tablet,Europe,Horror,PREM,1465,0,3000kbps,,,
2026-07-08 20:30:43,sess_000031,cust_0019,session_start,Console,APAC,,premium plus,0,0,,,,
2026-07-08 20:37:29,sess_000031,cust_0019,play,Console,APAC,Action,premium plus,1701,0,3000 kbps,,,
2026-07-08 20:40:27,sess_000038,cust_0060,play,Tablet,Europe,Comedy,PREM,1014,0,8000kbps,,,
2026-07-08 20:49:07,sess_000031,cust_0019,play,Console,APAC,Comedy,premium plus,989,0,4500kbps,,,
2026-07-08 20:49:30,sess_000038,cust_0060,play,Tablet,Europe,Horror,PREM,522,0,720p-4500kbps,,,
2026-07-08 21:00:46,sess_000031,cust_0019,play,Console,APAC,Documentary,premium plus,406,0,720p-4500kbps,,,
2026-07-08 21:01:41,sess_000038,cust_0060,pause,Tablet,Europe,Comedy,PREM,0,0,,,,
2026-07-08 21:09:55,sess_000031,cust_0019,buffer,Console,APAC,Drama,premium plus,0,6969,,,,
2026-07-08 21:12:27,sess_000038,cust_0060,play,Tablet,Europe,Horror,PREM,1410,0,480p-1500kbps,,,
2026-07-08 21:12:49,sess_000231,cust_0045,session_start,Mobile,North America,,PREM,0,0,,,,
2026-07-08 21:17:37,sess_000231,cust_0045,play,Mobile,North America,Drama,PREM,590,0,720p-4500kbps,,,
2026-07-08 21:20:48,sess_000031,cust_0019,buffer,Console,APAC,Comedy,premium plus,0,5352,,,,
2026-07-08 21:21:27,sess_000038,cust_0060,play,Tablet,Europe,Kids,PREM,320,0,480p-1500kbps,,,
2026-07-08 21:25:20,sess_000031,cust_0019,play,Console,APAC,Drama,premium plus,982,0,4500kbps,,,
2026-07-08 21:27:14,sess_000231,cust_0045,pause,Mobile,North America,Action,PREM,0,0,,,,
2026-07-08 21:28:38,sess_000231,cust_0045,play,Mobile,North America,Drama,PREM,1250,0,3000 kbps,,,
2026-07-08 21:29:49,sess_000231,cust_0045,session_end,Mobile,North America,,PREM,0,0,,,,
2026-07-08 21:32:34,sess_000038,cust_0060,pause,Tablet,Europe,Horror,PREM,0,0,,,,
2026-07-08 21:36:33,sess_000031,cust_0019,buffer,Console,,Drama,premium plus,0,11816,,,,
2026-07-08 21:44:30,sess_000038,cust_0060,buffer,Tablet,Europe,SciFi,PREM,0,2131,,,,
2026-07-08 21:45:59,sess_000031,cust_0019,play,Console,APAC,Horror,premium plus,886,0,480p-1500kbps,,,
2026-07-08 21:47:39,sess_000038,cust_0060,play,Tablet,Europe,SciFi,PREM,895,0,4500kbps,,,
2026-07-08 21:51:24,sess_000038,cust_0060,play,Tablet,Europe,Kids,PREM,352,0,1500 kbps,,,
2026-07-08 21:51:44,sess_000038,cust_0060,error,Tablet,Europe,Horror,PREM,0,0,,E3003,,
2026-07-08 22:00:09,sess_000031,cust_0019,buffer,Console,APAC,Drama,premium plus,0,3930,,,,
2026-07-08 22:01:17,sess_000031,cust_0019,session_end,Console,APAC,,premium plus,0,0,,,60%,N/A
2026-07-08 22:14:54,sess_000209,cust_0084,session_start,Mobile,APAC,,basic,0,0,,,,
2026-07-08 22:24:55,sess_000167,cust_0086,session_start,Web,Europe,,standard,0,0,,,,
2026-07-08 22:24:58,sess_000209,cust_0084,buffer,Mobile,APAC,SciFi,basic,0,7449,,,,
2026-07-08 22:25:49,sess_000251,cust_0148,session_start,Mobile,LATAM,,Premium,0,0,,,,
2026-07-08 22:28:07,sess_000251,cust_0148,play,Mobile,LATAM,Comedy,Premium,685,0,3000 kbps,,,
2026-07-08 22:29:33,sess_000251,cust_0148,play,Mobile,LATAM,Action,Premium,305,0,1500kbps,,,
2026-07-08 22:36:54,sess_000731,cust_0102,session_start,Smart TV,LATAM,,basic ,0,0,,,,
2026-07-08 22:38:39,sess_000167,cust_0086,play,Web,Europe,Documentary,standard,63,0,3000 kbps,,,
2026-07-08 22:39:25,sess_000251,cust_0148,pause,Mobile,LATAM,Horror,Premium,0,0,,,,
2026-07-08 22:39:40,sess_000209,cust_0084,play,Mobile,APAC,Horror,basic,1382,0,2000kbps,,,
2026-07-08 22:43:10,sess_000167,cust_0086,buffer,Web,Europe,Comedy,standard,0,1034,,,,
2026-07-08 22:46:12,sess_000102,cust_0103,session_start,Console,APAC,,Premium ,0,0,,,,
2026-07-08 22:48:56,sess_000731,cust_0102,error,Smart TV,LATAM,Documentary,basic ,0,0,,E1001,,
2026-07-08 22:50:38,sess_000251,cust_0148,play,Mobile,LATAM,Documentary,Premium,1124,0,1080p-6000kbps,,,
2026-07-08 22:52:59,sess_000102,cust_0103,play,Console,APAC,Documentary,Premium ,1295,0,720p-3000kbps,,,
2026-07-08 22:54:30,sess_000209,cust_0084,play,Mobile,APAC,Comedy,basic,701,0,1500 kbps,,,
2026-07-08 22:55:19,sess_000251,cust_0148,play,Mobile,LATAM,SciFi,Premium,1041,0,2000 kbps,,,
2026-07-08 22:55:58,sess_000167,cust_0086,play,Web,Europe,SciFi,standard,539,0,8000kbps,,,
2026-07-08 22:57:22,sess_000251,cust_0148,play,Mobile,LATAM,Action,Premium,1266,0,3000 kbps,,,
2026-07-08 22:57:29,sess_000102,cust_0103,buffer,Console,APAC,Comedy,Premium ,0,8282,,,,
2026-07-08 22:57:39,sess_000251,cust_0148,play,Mobile,LATAM,Documentary,Premium,647,0,1500kbps,,,
2026-07-08 22:59:49,sess_000102,cust_0103,buffer,Console,APAC,Drama,Premium ,0,9342,,,,
2026-07-08 23:02:28,sess_000251,cust_0148,play,Mobile,LATAM,Drama,Premium,1725,0,1500kbps,,,
2026-07-08 23:04:21,sess_000251,cust_0148,session_end,Mobile,LATAM,,Premium,0,0,,,87%,1
2026-07-08 23:08:07,sess_000209,cust_0084,play,Mobile,APAC,Action,basic,1746,0,4500kbps,,,
2026-07-08 23:10:22,sess_000167,cust_0086,play,Web,Europe,Action,standard,820,0,720p-4500kbps,,,
2026-07-08 23:11:10,sess_000102,cust_0103,error,Console,APAC,Documentary,Premium ,0,0,,E4004,,
2026-07-08 23:11:46,sess_000209,cust_0084,error,Mobile,APAC,Drama,basic,0,0,,E4004,,
2026-07-08 23:18:16,sess_000102,cust_0103,pause,Console,APAC,Drama,Premium ,0,0,,,,
2026-07-08 23:21:56,sess_000102,cust_0103,play,Console,APAC,Documentary,Premium ,1585,0,1500 kbps,,,
2026-07-08 23:24:07,sess_000167,cust_0086,play,Web,Europe,SciFi,standard,1793,0,480p-2000kbps,,,
2026-07-08 23:25:09,sess_000167,cust_0086,session_end,Web,Europe,,standard,0,0,,,95%,2 stars
2026-07-08 23:36:25,sess_000102,cust_0103,play,Console,APAC,SciFi,Premium ,333,0,6000 kbps,,,
2026-07-08 23:40:36,sess_000102,cust_0103,play,Console,APAC,Documentary,Premium ,1114,0,8000kbps,,,
2026-07-08 23:41:11,sess_000102,cust_0103,buffer,Console,,Horror,Premium ,0,8768,,,,
2026-07-08 23:50:32,sess_000102,cust_0103,buffer,Console,APAC,Comedy,Premium ,0,5620,,,,
2026-07-08 23:58:16,sess_000102,cust_0103,play,Console,APAC,Action,Premium ,208,0,8000kbps,,,
2026-07-09 00:10:00,sess_000102,cust_0103,play,Console,APAC,Kids,Premium ,186,0,1080p-8000kbps,,,
2026-07-09 00:11:23,sess_000102,cust_0103,play,Console,APAC,Drama,Premium ,1160,0,2000 kbps,,,
2026-07-09 00:12:22,sess_000102,cust_0103,play,Console,APAC,Comedy,Premium ,54,0,480p-1500kbps,,,
2026-07-09 00:14:26,sess_000102,cust_0103,buffer,Console,APAC,Drama,Premium ,0,7524,,,,
2026-07-09 00:15:16,sess_000102,cust_0103,session_end,Console,APAC,,Premium ,0,0,,,60%,3.0
2026-07-09 00:25:15,sess_000311,cust_0080,session_start,Console,APAC,,premium,0,0,,,,
2026-07-09 00:37:23,sess_000311,cust_0080,error,Console,APAC,Drama,premium,0,0,,E4004,,
2026-07-09 00:40:53,sess_000311,cust_0080,error,Console,APAC,Kids,premium,0,0,,E4004,,
2026-07-09 01:39:54,sess_000473,cust_0111,session_start,Mobile,APAC,,Standard,0,0,,,,
2026-07-09 01:51:40,sess_000473,cust_0111,pause,Mobile,APAC,Horror,Standard,0,0,,,,
2026-07-09 02:00:42,sess_000473,cust_0111,buffer,Mobile,APAC,Horror,Standard,0,8396,,,,
2026-07-09 02:09:10,sess_000473,cust_0111,pause,Mobile,APAC,SciFi,Standard,0,0,,,,
2026-07-09 02:18:41,sess_000626,cust_0090,session_start,Mobile,North America,,Standard,0,0,,,,
2026-07-09 02:19:44,sess_000473,cust_0111,play,Mobile,APAC,Drama,Standard,1260,0,4500 kbps,,,
2026-07-09 02:26:30,sess_000473,cust_0111,error,Mobile,APAC,SciFi,Standard,0,0,,E3003,,
2026-07-09 02:29:31,sess_000626,cust_0090,play,Mobile,North America,Horror,Standard,766,0,2000 kbps,,,
2026-07-09 02:33:12,sess_000626,cust_0090,play,Mobile,North America,Drama,Standard,1265,0,1080p-6000kbps,,,
2026-07-09 02:35:08,sess_000626,cust_0090,session_end,Mobile,North America,,Standard,0,0,,,45%,3.0
2026-07-09 02:58:12,sess_000648,cust_0024,session_start,Smart TV,APAC,,BASIC,0,0,,,,
2026-07-09 02:58:49,sess_000648,cust_0024,buffer,Smart TV,APAC,Kids,BASIC,0,11038,,,,
2026-07-09 03:05:23,sess_000497,cust_0015,session_start,Console,LATAM,,Premium,0,0,,,,
2026-07-09 03:10:58,sess_000648,cust_0024,pause,Smart TV,APAC,Comedy,BASIC,0,0,,,,
2026-07-09 03:12:16,sess_000497,cust_0015,play,Console,LATAM,Kids,Premium,218,0,1500 kbps,,,
2026-07-09 03:17:55,sess_000497,cust_0015,play,Console,LATAM,SciFi,Premium,823,0,720p-4500kbps,,,
2026-07-09 03:20:48,sess_000648,cust_0024,play,Smart TV,APAC,Horror,BASIC,347,0,3000kbps,,,
2026-07-09 03:29:37,sess_000497,cust_0015,play,Console,LATAM,Horror,Premium,1058,0,1080p-6000kbps,,,
2026-07-09 03:29:47,sess_000648,cust_0024,buffer,Smart TV,APAC,Comedy,BASIC,0,6557,,,,
2026-07-09 03:30:56,sess_000648,cust_0024,pause,Smart TV,APAC,Action,BASIC,0,0,,,,
2026-07-09 03:39:19,sess_000497,cust_0015,play,Console,LATAM,Comedy,Premium,763,0,3000 kbps,,,
2026-07-09 03:41:41,sess_000648,cust_0024,pause,Smart TV,APAC,Kids,BASIC,0,0,,,,
2026-07-09 03:48:45,sess_000648,cust_0024,error,Smart TV,APAC,Kids,BASIC,0,0,,E3003,,
2026-07-09 03:50:05,sess_000497,cust_0015,play,Console,LATAM,Drama,Premium,1091,0,1500kbps,,,
2026-07-09 03:53:29,sess_000648,cust_0024,buffer,Smart TV,APAC,SciFi,BASIC,0,8539,,,,
2026-07-09 03:59:25,sess_000303,cust_0071,session_start,Mobile,Europe,,Standard,0,0,,,,
2026-07-09 04:02:49,sess_000497,cust_0015,pause,Console,LATAM,Action,Premium,0,0,,,,
2026-07-09 04:03:28,sess_000648,cust_0024,play,Smart TV,APAC,Comedy,BASIC,732,0,8000 kbps,,,
2026-07-09 04:04:56,sess_000648,cust_0024,play,Smart TV,APAC,Horror,BASIC,1061,0,720p-3000kbps,,,
2026-07-09 04:07:12,sess_000303,cust_0071,play,Mobile,Europe,Action,Standard,913,0,480p-1500kbps,,,
2026-07-09 04:13:14,sess_000303,cust_0071,pause,Mobile,Europe,Horror,Standard,0,0,,,,
2026-07-09 04:13:46,sess_000648,cust_0024,buffer,Smart TV,APAC,Drama,BASIC,0,10605,,,,
2026-07-09 04:15:04,sess_000648,cust_0024,session_end,Smart TV,APAC,,BASIC,0,0,,,45%,
2026-07-09 04:15:44,sess_000303,cust_0071,play,Mobile,Europe,Comedy,Standard,1226,0,720p-4500kbps,,,
2026-07-09 04:17:07,sess_000497,cust_0015,play,Console,LATAM,Drama,Premium,661,0,4500kbps,,,
2026-07-09 04:19:38,sess_000497,cust_0015,play,Console,LATAM,SciFi,Premium,648,0,1080p-6000kbps,,,
2026-07-09 04:21:37,sess_000497,cust_0015,play,Console,LATAM,Kids,Premium,1247,0,8000kbps,,,
2026-07-09 04:28:52,sess_000497,cust_0015,play,Console,LATAM,Horror,Premium,379,0,1500kbps,,,
2026-07-09 04:30:16,sess_000303,cust_0071,play,Mobile,Europe,Comedy,Standard,1025,0,1500kbps,,,
2026-07-09 04:32:29,sess_000303,cust_0071,play,Mobile,Europe,SciFi,Standard,1797,0,8000 kbps,,,
2026-07-09 04:40:45,sess_000497,cust_0015,play,Console,LATAM,Drama,Premium,1414,0,3000 kbps,,,
2026-07-09 04:41:43,sess_000497,cust_0015,session_end,Console,LATAM,,Premium,0,0,,,90%,5
2026-07-09 04:42:14,sess_000303,cust_0071,play,Mobile,Europe,Documentary,Standard,704,0,1080p-6000kbps,,,
2026-07-09 04:43:57,sess_000303,cust_0071,session_end,Mobile,Europe,,Standard,0,0,,,60%,1 stars
2026-07-09 05:10:43,sess_000305,cust_0009,session_start,Smart TV,APAC,,premium,0,0,,,,
2026-07-09 05:11:23,sess_000305,cust_0009,play,Smart TV,APAC,Comedy,premium,1071,0,1080p-8000kbps,,,
2026-07-09 05:11:49,sess_000527,cust_0024,session_start,Smart TV,APAC,,basic ,0,0,,,,
2026-07-09 05:19:41,sess_000527,cust_0024,pause,Smart TV,APAC,Action,basic ,0,0,,,,
2026-07-09 05:20:53,sess_000305,cust_0009,error,Smart TV,APAC,SciFi,premium,0,0,,E4004,,
2026-07-09 05:27:11,sess_000527,cust_0024,play,Smart TV,APAC,Action,basic ,779,0,4500 kbps,,,
2026-07-09 05:28:00,sess_000527,cust_0024,session_end,Smart TV,APAC,,basic ,0,0,,,75%,2 stars
2026-07-09 06:24:40,sess_000554,cust_0147,session_start,Console,APAC,,Basic,0,0,,,,
2026-07-09 06:26:10,sess_000554,cust_0147,buffer,Console,APAC,SciFi,Basic,0,6420,,,,
2026-07-09 06:32:20,sess_000554,cust_0147,play,Console,APAC,Kids,Basic,811,0,8000kbps,,,
2026-07-09 06:41:17,sess_000552,cust_0088,session_start,Tablet,Europe,,BASIC,0,0,,,,
2026-07-09 06:41:24,sess_000554,cust_0147,error,Console,APAC,SciFi,Basic,0,0,,E3003,,
2026-07-09 06:41:42,sess_000552,cust_0088,play,Tablet,Europe,SciFi,BASIC,852,0,480p-2000kbps,,,
2026-07-09 06:49:47,sess_000552,cust_0088,error,Tablet,Europe,Kids,BASIC,0,0,,E2002,,
2026-07-09 06:58:50,sess_000552,cust_0088,play,Tablet,Europe,Kids,BASIC,1723,0,2000 kbps,,,
2026-07-09 07:10:10,sess_000552,cust_0088,pause,Tablet,Europe,SciFi,BASIC,0,0,,,,
2026-07-09 07:15:35,sess_000552,cust_0088,buffer,Tablet,Europe,Drama,BASIC,0,1498,,,,
2026-07-09 07:24:58,sess_000552,cust_0088,buffer,Tablet,Europe,Documentary,BASIC,0,1487,,,,
2026-07-09 07:36:32,sess_000552,cust_0088,pause,Tablet,Europe,Drama,BASIC,0,0,,,,
2026-07-09 07:47:31,sess_000552,cust_0088,pause,Tablet,Europe,Horror,BASIC,0,0,,,,
2026-07-09 07:53:30,sess_000552,cust_0088,play,Tablet,Europe,Comedy,BASIC,1366,0,720p-3000kbps,,,
2026-07-09 07:54:54,sess_000552,cust_0088,play,Tablet,Europe,Action,BASIC,1002,0,8000 kbps,,,
2026-07-09 08:07:47,sess_000552,cust_0088,play,Tablet,Europe,Drama,BASIC,604,0,4500 kbps,,,
2026-07-09 08:12:25,sess_000552,cust_0088,play,Tablet,Europe,Documentary,BASIC,1666,0,720p-3000kbps,,,
2026-07-09 08:17:01,sess_000114,cust_0029,session_start,Mobile,Europe,,basic ,0,0,,,,
2026-07-09 08:18:19,sess_000552,cust_0088,play,Tablet,Europe,Horror,BASIC,1610,0,4500kbps,,,
2026-07-09 08:24:08,sess_000322,cust_0123,session_start,Smart TV,Europe,,basic ,0,0,,,,
2026-07-09 08:29:20,sess_000114,cust_0029,pause,Mobile,Europe,Horror,basic ,0,0,,,,
2026-07-09 08:32:06,sess_000552,cust_0088,play,Tablet,Europe,Kids,BASIC,695,0,2000 kbps,,,
2026-07-09 08:34:58,sess_000146,cust_0089,session_start,Tablet,APAC,,BASIC,0,0,,,,
2026-07-09 08:36:00,sess_000114,cust_0029,play,Mobile,Europe,Horror,basic ,701,0,4500kbps,,,
2026-07-09 08:37:20,sess_000552,cust_0088,pause,Tablet,Europe,Kids,BASIC,0,0,,,,
2026-07-09 08:38:58,sess_000552,cust_0088,session_end,Tablet,Europe,,BASIC,0,0,,,75%,5.0
2026-07-09 08:39:00,sess_000322,cust_0123,play,Smart TV,Europe,Horror,basic ,126,0,720p-3000kbps,,,
2026-07-09 08:39:48,sess_000146,cust_0089,pause,Tablet,APAC,Kids,BASIC,0,0,,,,
2026-07-09 08:43:52,sess_000322,cust_0123,play,Smart TV,Europe,Drama,basic ,932,0,2000 kbps,,,
2026-07-09 08:44:22,sess_000322,cust_0123,play,Smart TV,Europe,Horror,basic ,172,0,1500 kbps,,,
2026-07-09 08:45:53,sess_000114,cust_0029,play,Mobile,Europe,Drama,basic ,781,0,720p-4500kbps,,,
2026-07-09 08:48:19,sess_000074,cust_0084,session_start,Mobile,APAC,,basic,0,0,,,,
2026-07-09 08:49:17,sess_000322,cust_0123,play,Smart TV,Europe,SciFi,basic ,139,0,4500 kbps,,,
2026-07-09 08:51:34,sess_000146,cust_0089,pause,Tablet,APAC,Drama,BASIC,0,0,,,,
2026-07-09 08:57:02,sess_000146,cust_0089,pause,Tablet,APAC,Comedy,BASIC,0,0,,,,
2026-07-09 08:59:42,sess_000074,cust_0084,play,Mobile,APAC,Comedy,basic,224,0,8000 kbps,,,
2026-07-09 08:59:47,sess_000322,cust_0123,play,Smart TV,Europe,Action,basic ,824,0,3000kbps,,,
2026-07-09 09:00:34,sess_000114,cust_0029,play,Mobile,Europe,Action,basic ,501,0,1500 kbps,,,
2026-07-09 09:01:12,sess_000146,cust_0089,play,Tablet,APAC,Documentary,BASIC,1225,0,4500 kbps,,,
2026-07-09 09:01:53,sess_000074,cust_0084,error,Mobile,APAC,Horror,basic,0,0,,E1001,,
2026-07-09 09:04:52,sess_000146,cust_0089,play,Tablet,APAC,Drama,BASIC,1471,0,1080p-6000kbps,,,
2026-07-09 09:06:55,sess_000114,cust_0029,play,Mobile,Europe,Action,basic ,1167,0,3000 kbps,,,
2026-07-09 09:07:14,sess_000322,cust_0123,play,Smart TV,Europe,Action,basic ,1533,0,720p-4500kbps,,,
2026-07-09 09:10:50,sess_000146,cust_0089,buffer,Tablet,APAC,Drama,BASIC,0,10166,,,,
2026-07-09 09:11:51,sess_000074,cust_0084,play,Mobile,APAC,Kids,basic,1403,0,2000kbps,,,
2026-07-09 09:12:12,sess_000146,cust_0089,session_end,Tablet,APAC,,BASIC,0,0,,,100%,1.0
2026-07-09 09:13:58,sess_000114,cust_0029,play,Mobile,Europe,Drama,basic ,1242,0,6000kbps,,,
2026-07-09 09:19:25,sess_000322,cust_0123,play,Smart TV,Europe,Kids,basic ,1631,0,1500 kbps,,,
2026-07-09 09:20:34,sess_000114,cust_0029,buffer,Mobile,Europe,Action,basic ,0,1810,,,,
2026-07-09 09:23:20,sess_000074,cust_0084,pause,Mobile,APAC,Drama,basic,0,0,,,,
2026-07-09 09:24:15,sess_000934,cust_0127,session_start,Tablet,Africa,,standard,0,0,,,,
2026-07-09 09:25:22,sess_000934,cust_0127,play,Tablet,Africa,Horror,standard,1150,0,8000kbps,,,
2026-07-09 09:26:48,sess_000074,cust_0084,play,Mobile,APAC,Comedy,basic,1587,0,2000kbps,,,
2026-07-09 09:31:09,sess_000322,cust_0123,play,Smart TV,Europe,Documentary,basic ,1153,0,480p-1500kbps,,,
2026-07-09 09:33:21,sess_000934,cust_0127,error,Tablet,Africa,SciFi,standard,0,0,,E3003,,
2026-07-09 09:35:00,sess_000114,cust_0029,play,Mobile,Europe,SciFi,basic ,416,0,6000kbps,,,
2026-07-09 09:37:36,sess_000934,cust_0127,play,Tablet,Africa,Drama,standard,987,0,1500kbps,,,
2026-07-09 09:37:48,sess_000074,cust_0084,buffer,Mobile,APAC,Horror,basic,0,5934,,,,
2026-07-09 09:38:05,sess_000074,cust_0084,pause,Mobile,APAC,Horror,basic,0,0,,,,
2026-07-09 09:38:57,sess_000322,cust_0123,play,Smart TV,Europe,Horror,basic ,1514,0,4500kbps,,,
2026-07-09 09:39:11,sess_000074,cust_0084,session_end,Mobile,APAC,,basic,0,0,,,95%,5 stars
2026-07-09 09:42:51,sess_000934,cust_0127,play,Tablet,Africa,Horror,standard,133,0,3000 kbps,,,
2026-07-09 09:45:06,sess_000114,cust_0029,play,Mobile,Europe,Kids,basic ,535,0,720p-4500kbps,,,
2026-07-09 09:48:44,sess_000114,cust_0029,buffer,Mobile,Europe,Kids,basic ,0,2988,,,,
2026-07-09 09:50:34,sess_000934,cust_0127,play,Tablet,Africa,Action,standard,1386,0,480p-2000kbps,,,
2026-07-09 09:52:04,sess_000114,cust_0029,play,Mobile,Europe,Horror,basic ,956,0,8000kbps,,,
2026-07-09 09:52:28,sess_000114,cust_0029,session_end,Mobile,Europe,,basic ,0,0,,,87%,4.0
2026-07-09 09:52:56,sess_000322,cust_0123,play,Smart TV,Europe,Kids,basic ,711,0,1080p-6000kbps,,,
2026-07-09 09:54:25,sess_000322,cust_0123,session_end,Smart TV,Europe,,basic ,0,0,,,,n/a
2026-07-09 09:58:53,sess_000934,cust_0127,play,Tablet,Africa,Kids,standard,180,0,4500kbps,,,
2026-07-09 10:11:33,sess_000934,cust_0127,pause,Tablet,Africa,SciFi,standard,0,0,,,,
2026-07-09 10:20:51,sess_000934,cust_0127,buffer,Tablet,Africa,SciFi,standard,0,3351,,,,
2026-07-09 10:29:28,sess_000934,cust_0127,play,Tablet,Africa,Documentary,standard,1409,0,720p-3000kbps,,,
2026-07-09 10:31:21,sess_000934,cust_0127,play,Tablet,Africa,Documentary,standard,1012,0,480p-1500kbps,,,
2026-07-09 10:42:21,sess_000934,cust_0127,play,Tablet,Africa,Documentary,standard,909,0,6000kbps,,,
2026-07-09 10:43:35,sess_000125,cust_0009,session_start,Smart TV,APAC,,premium,0,0,,,,
2026-07-09 10:44:36,sess_000934,cust_0127,play,Tablet,Africa,Drama,standard,1170,0,6000kbps,,,
2026-07-09 10:45:51,sess_000934,cust_0127,session_end,Tablet,,,standard,0,0,,,87%,
2026-07-09 10:46:59,sess_000125,cust_0009,error,Smart TV,APAC,SciFi,premium,0,0,,E1001,,
2026-07-09 10:49:03,sess_000652,cust_0041,session_start,Tablet,North America,,BASIC,0,0,,,,
2026-07-09 10:58:38,sess_000652,cust_0041,play,Tablet,North America,Drama,BASIC,1429,0,6000 kbps,,,
2026-07-09 11:06:49,sess_000652,cust_0041,play,Tablet,North America,SciFi,BASIC,1212,0,2000 kbps,,,
2026-07-09 11:18:17,sess_000652,cust_0041,play,Tablet,North America,Kids,BASIC,1693,0,1500 kbps,,,
2026-07-09 11:27:01,sess_000652,cust_0041,play,Tablet,North America,Action,BASIC,53,0,6000kbps,,,
2026-07-09 11:38:13,sess_000652,cust_0041,pause,Tablet,North America,Drama,BASIC,0,0,,,,
2026-07-09 11:41:33,sess_000652,cust_0041,pause,Tablet,North America,Kids,BASIC,0,0,,,,
2026-07-09 11:52:03,sess_000652,cust_0041,play,Tablet,North America,Horror,BASIC,1320,0,720p-4500kbps,,,
2026-07-09 11:53:30,sess_000652,cust_0041,session_end,Tablet,North America,,BASIC,0,0,,,45%,5 stars
2026-07-09 11:59:04,sess_000759,cust_0131,session_start,Smart TV,Europe,,Premium,0,0,,,,
2026-07-09 12:10:30,sess_000759,cust_0131,play,Smart TV,Europe,Drama,Premium,612,0,1080p-8000kbps,,,
2026-07-09 12:18:15,sess_000759,cust_0131,pause,Smart TV,Europe,SciFi,Premium,0,0,,,,
2026-07-09 12:27:35,sess_000044,cust_0028,session_start,Tablet,Europe,,PREM,0,0,,,,
2026-07-09 12:28:41,sess_000044,cust_0028,error,Tablet,Europe,Drama,PREM,0,0,,E3003,,
2026-07-09 12:31:26,sess_000759,cust_0131,play,Smart TV,Europe,SciFi,Premium,252,0,1500 kbps,,,
2026-07-09 12:37:55,sess_000044,cust_0028,play,Tablet,Europe,Action,PREM,279,0,3000 kbps,,,
2026-07-09 12:44:48,sess_000759,cust_0131,buffer,Smart TV,Europe,Kids,Premium,0,3106,,,,
2026-07-09 12:52:53,sess_000044,cust_0028,play,Tablet,Europe,SciFi,PREM,542,0,2000 kbps,,,
2026-07-09 12:54:29,sess_000044,cust_0028,session_end,Tablet,Europe,,PREM,0,0,,,75%,3.0
2026-07-09 12:57:59,sess_000759,cust_0131,play,Smart TV,Europe,Action,Premium,1696,0,1080p-8000kbps,,,
2026-07-09 13:08:12,sess_000759,cust_0131,play,Smart TV,Europe,Horror,Premium,1443,0,480p-1500kbps,,,
2026-07-09 13:13:05,sess_000759,cust_0131,play,Smart TV,Europe,Comedy,Premium,1767,0,1080p-8000kbps,,,
2026-07-09 13:27:02,sess_000759,cust_0131,play,Smart TV,Europe,Drama,Premium,379,0,720p-3000kbps,,,
2026-07-09 13:36:42,sess_000759,cust_0131,play,Smart TV,Europe,Horror,Premium,299,0,720p-4500kbps,,,
2026-07-09 13:42:22,sess_000759,cust_0131,pause,Smart TV,Europe,Drama,Premium,0,0,,,,
2026-07-09 13:50:13,sess_000759,cust_0131,play,Smart TV,Europe,Kids,Premium,928,0,8000kbps,,,
2026-07-09 13:51:16,sess_000759,cust_0131,session_end,Smart TV,Europe,,Premium,0,0,,,95%,
2026-07-09 14:05:06,sess_000766,cust_0064,session_start,Tablet,APAC,,standard,0,0,,,,
2026-07-09 14:16:54,sess_000766,cust_0064,buffer,Tablet,APAC,Drama,standard,0,9149,,,,
2026-07-09 14:18:42,sess_000766,cust_0064,buffer,Tablet,APAC,Drama,standard,0,7169,,,,
2026-07-09 14:30:29,sess_000766,cust_0064,pause,Tablet,APAC,Drama,standard,0,0,,,,
2026-07-09 14:36:57,sess_000766,cust_0064,error,Tablet,APAC,Action,standard,0,0,,E4004,,
2026-07-09 15:07:37,sess_000006,cust_0122,session_start,Smart TV,APAC,,basic ,0,0,,,,
2026-07-09 15:12:03,sess_000006,cust_0122,buffer,Smart TV,APAC,Action,basic ,0,4912,,,,
2026-07-09 15:17:45,sess_000006,cust_0122,buffer,Smart TV,APAC,Kids,basic ,0,4011,,,,
2026-07-09 15:18:01,sess_000006,cust_0122,error,Smart TV,APAC,Action,basic ,0,0,,E2002,,
2026-07-09 15:22:53,sess_000006,cust_0122,pause,Smart TV,APAC,Horror,basic ,0,0,,,,
2026-07-09 15:27:35,sess_000006,cust_0122,pause,Smart TV,APAC,Documentary,basic ,0,0,,,,
2026-07-09 15:41:53,sess_000006,cust_0122,pause,Smart TV,APAC,Kids,basic ,0,0,,,,
2026-07-09 15:45:08,sess_000006,cust_0122,play,Smart TV,APAC,Drama,basic ,506,0,720p-4500kbps,,,
2026-07-09 15:45:20,sess_000006,cust_0122,session_end,Smart TV,APAC,,basic ,0,0,,,N/A,n/a
2026-07-09 16:30:23,sess_000354,cust_0126,session_start,Console,LATAM,,basic ,0,0,,,,
2026-07-09 16:43:38,sess_000354,cust_0126,play,Console,LATAM,Action,basic ,878,0,720p-4500kbps,,,
2026-07-09 16:54:47,sess_000354,cust_0126,play,Console,LATAM,Drama,basic ,1157,0,480p-1500kbps,,,
2026-07-09 16:55:30,sess_000937,cust_0076,session_start,Mobile,North America,,PREM,0,0,,,,
2026-07-09 16:56:28,sess_000354,cust_0126,session_end,Console,LATAM,,basic ,0,0,,,60%,3 stars
2026-07-09 17:02:43,sess_000937,cust_0076,play,Mobile,North America,Horror,PREM,823,0,6000 kbps,,,
2026-07-09 17:07:13,sess_000937,cust_0076,pause,Mobile,North America,Horror,PREM,0,0,,,,
2026-07-09 17:19:05,sess_000937,cust_0076,play,Mobile,North America,Kids,PREM,163,0,1080p-6000kbps,,,
2026-07-09 17:19:47,sess_000937,cust_0076,session_end,Mobile,North America,,PREM,0,0,,,100%,3.0
2026-07-09 17:43:00,sess_000771,cust_0141,session_start,Mobile,,,BASIC,0,0,,,,
2026-07-09 17:44:21,sess_000848,cust_0028,session_start,Tablet,Europe,,Premium,0,0,,,,
2026-07-09 17:44:22,sess_000771,cust_0141,pause,Mobile,APAC,SciFi,BASIC,0,0,,,,
2026-07-09 17:53:35,sess_000848,cust_0028,buffer,Tablet,Europe,Action,Premium,0,1403,,,,
2026-07-09 17:57:38,sess_000771,cust_0141,buffer,Mobile,APAC,Comedy,BASIC,0,10814,,,,
2026-07-09 18:00:46,sess_000771,cust_0141,pause,Mobile,APAC,SciFi,BASIC,0,0,,,,
2026-07-09 18:00:51,sess_000848,cust_0028,buffer,Tablet,Europe,Action,Premium,0,3458,,,,
2026-07-09 18:09:12,sess_000771,cust_0141,play,Mobile,APAC,Kids,BASIC,1222,0,4500 kbps,,,
2026-07-09 18:11:27,sess_000848,cust_0028,play,Tablet,Europe,Drama,Premium,70,0,6000kbps,,,
2026-07-09 18:12:12,sess_000815,cust_0141,session_start,Mobile,APAC,,basic,0,0,,,,
2026-07-09 18:14:53,sess_000815,cust_0141,buffer,Mobile,APAC,Horror,basic,0,9076,,,,
2026-07-09 18:16:12,sess_000771,cust_0141,play,Mobile,APAC,Kids,BASIC,220,0,720p-3000kbps,,,
2026-07-09 18:16:29,sess_000848,cust_0028,play,Tablet,Europe,SciFi,Premium,1634,0,480p-2000kbps,,,
2026-07-09 18:19:22,sess_000815,cust_0141,buffer,Mobile,APAC,Drama,basic,0,8836,,,,
2026-07-09 18:21:10,sess_000815,cust_0141,session_end,Mobile,APAC,,basic,0,0,,,90%,4 stars
2026-07-09 18:22:08,sess_000848,cust_0028,buffer,Tablet,Europe,SciFi,Premium,0,1074,,,,
2026-07-09 18:25:55,sess_000771,cust_0141,buffer,Mobile,APAC,Horror,BASIC,0,9694,,,,
2026-07-09 18:26:12,sess_000771,cust_0141,session_end,Mobile,,,BASIC,0,0,,,60%,
2026-07-09 18:29:47,sess_000848,cust_0028,play,Tablet,Europe,Documentary,Premium,555,0,480p-1500kbps,,,
2026-07-09 18:43:50,sess_000848,cust_0028,play,Tablet,Europe,Kids,Premium,384,0,6000kbps,,,
2026-07-09 18:46:13,sess_000848,cust_0028,play,Tablet,Europe,Horror,Premium,660,0,1080p-6000kbps,,,
2026-07-09 18:49:32,sess_000848,cust_0028,play,Tablet,Europe,Kids,Premium,1010,0,720p-3000kbps,,,
2026-07-09 18:50:44,sess_000848,cust_0028,session_end,Tablet,Europe,,Premium,0,0,,,60%,
2026-07-09 20:57:00,sess_000855,cust_0138,session_start,Smart TV,Africa,,Standard ,0,0,,,,
2026-07-09 21:09:05,sess_000855,cust_0138,play,Smart TV,Africa,Drama,Standard ,1086,0,1500kbps,,,
2026-07-09 21:18:59,sess_000855,cust_0138,play,Smart TV,Africa,Horror,Standard ,1749,0,2000 kbps,,,
2026-07-09 21:28:01,sess_000855,cust_0138,play,Smart TV,Africa,Horror,Standard ,1403,0,1080p-6000kbps,,,
2026-07-09 21:32:27,sess_000237,cust_0025,session_start,Mobile,Africa,,standard,0,0,,,,
2026-07-09 21:33:31,sess_000237,cust_0025,play,Mobile,Africa,Drama,standard,1315,0,1500kbps,,,
2026-07-09 21:38:54,sess_000855,cust_0138,play,Smart TV,Africa,Action,Standard ,891,0,8000kbps,,,
2026-07-09 21:48:20,sess_000237,cust_0025,play,Mobile,Africa,Documentary,standard,1088,0,1080p-8000kbps,,,
2026-07-09 21:48:32,sess_000855,cust_0138,pause,Smart TV,Africa,Drama,Standard ,0,0,,,,
2026-07-09 21:48:40,sess_000237,cust_0025,pause,Mobile,Africa,Horror,standard,0,0,,,,
2026-07-09 21:53:03,sess_000237,cust_0025,play,Mobile,Africa,SciFi,standard,1110,0,2000 kbps,,,
2026-07-09 21:57:47,sess_000237,cust_0025,play,Mobile,Africa,Documentary,standard,1653,0,3000 kbps,,,
2026-07-09 22:01:02,sess_000855,cust_0138,play,Smart TV,Africa,Horror,Standard ,1599,0,8000 kbps,,,
2026-07-09 22:02:18,sess_000237,cust_0025,play,Mobile,Africa,Action,standard,1307,0,480p-1500kbps,,,
2026-07-09 22:08:30,sess_000855,cust_0138,pause,Smart TV,Africa,SciFi,Standard ,0,0,,,,
2026-07-09 22:10:26,sess_000855,cust_0138,session_end,Smart TV,Africa,,Standard ,0,0,,,45%,
2026-07-09 22:14:46,sess_000237,cust_0025,buffer,Mobile,Africa,Documentary,standard,0,397,,,,
2026-07-09 22:27:37,sess_000237,cust_0025,play,Mobile,Africa,Horror,standard,1345,0,8000 kbps,,,
2026-07-09 22:28:21,sess_000237,cust_0025,play,Mobile,Africa,Kids,standard,914,0,1500 kbps,,,
2026-07-09 22:35:54,sess_000211,cust_0065,session_start,Web,Europe,,BASIC,0,0,,,,
2026-07-09 22:37:44,sess_000237,cust_0025,play,Mobile,Africa,SciFi,standard,636,0,3000kbps,,,
2026-07-09 22:42:38,sess_000211,cust_0065,play,Web,Europe,Horror,BASIC,897,0,2000kbps,,,
2026-07-09 22:46:28,sess_000237,cust_0025,pause,Mobile,Africa,Documentary,standard,0,0,,,,
2026-07-09 22:53:22,sess_000237,cust_0025,play,Mobile,Africa,Comedy,standard,1061,0,6000kbps,,,
2026-07-09 22:53:54,sess_000211,cust_0065,play,Web,Europe,Action,BASIC,690,0,4500kbps,,,
2026-07-09 22:55:03,sess_000237,cust_0025,session_end,Mobile,Africa,,standard,0,0,,,95%,2
2026-07-09 23:08:17,sess_000211,cust_0065,play,Web,Europe,Action,BASIC,1190,0,720p-4500kbps,,,
2026-07-09 23:09:09,sess_000211,cust_0065,session_end,Web,Europe,,BASIC,0,0,,,80%,1.0
2026-07-10 00:27:34,sess_000471,cust_0053,session_start,Mobile,Africa,,Premium ,0,0,,,,
2026-07-10 00:40:53,sess_000471,cust_0053,play,Mobile,Africa,Comedy,Premium ,931,0,8000kbps,,,
2026-07-10 00:41:19,sess_000471,cust_0053,play,Mobile,Africa,Drama,Premium ,527,0,8000kbps,,,
2026-07-10 00:49:19,sess_000471,cust_0053,buffer,Mobile,Africa,Documentary,Premium ,0,2348,,,,
2026-07-10 00:50:18,sess_000471,cust_0053,pause,Mobile,Africa,Drama,Premium ,0,0,,,,
2026-07-10 00:57:26,sess_000471,cust_0053,pause,Mobile,Africa,Horror,Premium ,0,0,,,,
2026-07-10 01:05:39,sess_000471,cust_0053,play,Mobile,Africa,Documentary,Premium ,157,0,2000kbps,,,
2026-07-10 01:17:23,sess_000471,cust_0053,play,Mobile,Africa,Kids,Premium ,391,0,2000 kbps,,,
2026-07-10 01:19:42,sess_000333,cust_0144,session_start,Console,LATAM,,Standard ,0,0,,,,
2026-07-10 01:21:35,sess_000471,cust_0053,play,Mobile,Africa,Drama,Premium ,1060,0,8000kbps,,,
2026-07-10 01:22:06,sess_000471,cust_0053,session_end,Mobile,Africa,,Premium ,0,0,,,90%,1.0
2026-07-10 01:26:34,sess_000333,cust_0144,play,Console,LATAM,Documentary,Standard ,942,0,1080p-6000kbps,,,
2026-07-10 01:28:34,sess_000333,cust_0144,play,Console,LATAM,Documentary,Standard ,905,0,8000kbps,,,
2026-07-10 01:30:19,sess_000679,cust_0101,session_start,Mobile,North America,,standard,0,0,,,,
2026-07-10 01:30:57,sess_000679,cust_0101,pause,Mobile,North America,Drama,standard,0,0,,,,
2026-07-10 01:34:25,sess_000679,cust_0101,play,Mobile,North America,Action,standard,1351,0,1500 kbps,,,
2026-07-10 01:34:32,sess_000333,cust_0144,buffer,Console,LATAM,Action,Standard ,0,1173,,,,
2026-07-10 01:37:45,sess_000679,cust_0101,pause,Mobile,North America,SciFi,standard,0,0,,,,
2026-07-10 01:38:09,sess_000679,cust_0101,play,Mobile,North America,Horror,standard,1366,0,2000 kbps,,,
2026-07-10 01:42:10,sess_000679,cust_0101,play,Mobile,North America,SciFi,standard,874,0,6000 kbps,,,
2026-07-10 01:47:11,sess_000333,cust_0144,play,Console,LATAM,Action,Standard ,1466,0,720p-3000kbps,,,
2026-07-10 01:47:30,sess_000679,cust_0101,play,Mobile,North America,Comedy,standard,1676,0,6000 kbps,,,
2026-07-10 01:48:52,sess_000333,cust_0144,play,Console,LATAM,Horror,Standard ,610,0,480p-1500kbps,,,
2026-07-10 01:50:05,sess_000333,cust_0144,error,Console,LATAM,Comedy,Standard ,0,0,,E1001,,
2026-07-10 01:55:21,sess_000679,cust_0101,error,Mobile,North America,Action,standard,0,0,,E3003,,
2026-07-10 02:00:57,sess_000679,cust_0101,play,Mobile,North America,Kids,standard,868,0,3000 kbps,,,
2026-07-10 02:14:36,sess_000679,cust_0101,error,Mobile,North America,Action,standard,0,0,,E2002,,
2026-07-10 02:25:44,sess_000679,cust_0101,play,Mobile,North America,Horror,standard,894,0,3000 kbps,,,
2026-07-10 02:38:03,sess_000072,cust_0074,session_start,Smart TV,Africa,,premium_plus,0,0,,,,
2026-07-10 02:40:17,sess_000679,cust_0101,play,Mobile,North America,Drama,standard,1486,0,4500kbps,,,
2026-07-10 02:40:51,sess_000679,cust_0101,session_end,Mobile,North America,,standard,0,0,,,95%,1.0
2026-07-10 02:48:28,sess_000072,cust_0074,play,Smart TV,Africa,Kids,premium_plus,443,0,720p-3000kbps,,,
2026-07-10 02:52:00,sess_000072,cust_0074,play,Smart TV,Africa,Comedy,premium_plus,1687,0,3000 kbps,,,
2026-07-10 03:04:54,sess_000072,cust_0074,play,Smart TV,Africa,Drama,premium_plus,1341,0,6000 kbps,,,
2026-07-10 03:05:12,sess_000072,cust_0074,session_end,Smart TV,Africa,,premium_plus,0,0,,,90%,1.0
2026-07-10 03:48:09,sess_000482,cust_0034,session_start,Console,APAC,,basic ,0,0,,,,
2026-07-10 03:48:55,sess_000482,cust_0034,play,Console,APAC,Horror,basic ,721,0,6000 kbps,,,
2026-07-10 03:50:47,sess_000482,cust_0034,play,Console,APAC,Kids,basic ,387,0,720p-3000kbps,,,
2026-07-10 03:51:25,sess_000482,cust_0034,session_end,Console,APAC,,basic ,0,0,,,,N/A
2026-07-10 04:06:42,sess_000150,cust_0054,session_start,Mobile,APAC,,Premium ,0,0,,,,
2026-07-10 04:17:22,sess_000150,cust_0054,play,Mobile,APAC,SciFi,Premium ,1730,0,1500 kbps,,,
2026-07-10 04:31:07,sess_000150,cust_0054,pause,Mobile,APAC,Drama,Premium ,0,0,,,,
2026-07-10 04:32:01,sess_000150,cust_0054,session_end,Mobile,APAC,,Premium ,0,0,,,90%,5.0
2026-07-10 04:43:38,sess_000262,cust_0132,session_start,Tablet,LATAM,,Basic,0,0,,,,
2026-07-10 04:53:06,sess_000262,cust_0132,play,Tablet,LATAM,Documentary,Basic,1365,0,6000kbps,,,
2026-07-10 05:04:04,sess_000262,cust_0132,play,Tablet,LATAM,Comedy,Basic,444,0,8000 kbps,,,
2026-07-10 05:07:58,sess_000262,cust_0132,error,Tablet,LATAM,Horror,Basic,0,0,,E3003,,
2026-07-10 05:08:17,sess_000262,cust_0132,pause,Tablet,LATAM,Kids,Basic,0,0,,,,
2026-07-10 05:14:44,sess_000262,cust_0132,play,Tablet,LATAM,SciFi,Basic,1037,0,1500kbps,,,
2026-07-10 05:18:56,sess_000262,cust_0132,buffer,Tablet,LATAM,Documentary,Basic,0,2980,,,,
2026-07-10 05:19:40,sess_000262,cust_0132,session_end,Tablet,LATAM,,Basic,0,0,,,75%,4 stars
2026-07-10 06:43:37,sess_000620,cust_0019,session_start,Console,APAC,,Premium+,0,0,,,,
2026-07-10 06:53:39,sess_000620,cust_0019,play,Console,APAC,Comedy,Premium+,604,0,3000 kbps,,,
2026-07-10 07:04:16,sess_000620,cust_0019,play,Console,APAC,SciFi,Premium+,1608,0,6000 kbps,,,
2026-07-10 07:07:37,sess_000620,cust_0019,error,Console,APAC,SciFi,Premium+,0,0,,E2002,,
2026-07-10 07:11:57,sess_000620,cust_0019,error,Console,APAC,Action,Premium+,0,0,,E4004,,
2026-07-10 07:25:04,sess_000620,cust_0019,play,Console,APAC,Drama,Premium+,915,0,3000 kbps,,,
2026-07-10 07:29:01,sess_000620,cust_0019,play,Console,APAC,Horror,Premium+,1730,0,3000 kbps,,,
2026-07-10 07:41:57,sess_000620,cust_0019,pause,Console,APAC,Drama,Premium+,0,0,,,,
2026-07-10 07:45:49,sess_000620,cust_0019,play,Console,APAC,Documentary,Premium+,777,0,1080p-8000kbps,,,
2026-07-10 07:47:52,sess_000620,cust_0019,buffer,Console,APAC,Kids,Premium+,0,5728,,,,
2026-07-10 07:48:56,sess_000620,cust_0019,session_end,Console,,,Premium+,0,0,,,45%,n/a
2026-07-10 10:26:04,sess_000763,cust_0002,session_start,Mobile,Africa,,premium plus,0,0,,,,
2026-07-10 10:28:16,sess_000763,cust_0002,play,Mobile,Africa,Documentary,premium plus,216,0,8000kbps,,,
2026-07-10 10:35:57,sess_000763,cust_0002,play,Mobile,Africa,Comedy,premium plus,600,0,480p-2000kbps,,,
2026-07-10 10:45:36,sess_000763,cust_0002,play,Mobile,Africa,Horror,premium plus,470,0,1500kbps,,,
2026-07-10 10:57:16,sess_000763,cust_0002,play,Mobile,Africa,Kids,premium plus,83,0,8000kbps,,,
2026-07-10 11:09:05,sess_000763,cust_0002,play,Mobile,Africa,Documentary,premium plus,1172,0,480p-2000kbps,,,
2026-07-10 11:11:33,sess_000079,cust_0019,session_start,Console,APAC,,premium plus,0,0,,,,
2026-07-10 11:15:19,sess_000763,cust_0002,play,Mobile,Africa,Action,premium plus,373,0,1500kbps,,,
2026-07-10 11:20:16,sess_000763,cust_0002,play,Mobile,Africa,Horror,premium plus,540,0,720p-3000kbps,,,
2026-07-10 11:20:44,sess_000763,cust_0002,play,Mobile,Africa,Kids,premium plus,1643,0,8000kbps,,,
2026-07-10 11:21:47,sess_000079,cust_0019,play,Console,APAC,Kids,premium plus,70,0,3000kbps,,,
2026-07-10 11:25:42,sess_000763,cust_0002,play,Mobile,Africa,Comedy,premium plus,1108,0,2000kbps,,,
2026-07-10 11:32:51,sess_000397,cust_0107,session_start,Web,APAC,,premium,0,0,,,,
2026-07-10 11:34:21,sess_000079,cust_0019,buffer,Console,APAC,Action,premium plus,0,10377,,,,
2026-07-10 11:34:39,sess_000079,cust_0019,error,Console,APAC,SciFi,premium plus,0,0,,E1001,,
2026-07-10 11:36:35,sess_000079,cust_0019,error,Console,APAC,Comedy,premium plus,0,0,,E3003,,
2026-07-10 11:39:10,sess_000763,cust_0002,buffer,Mobile,Africa,Comedy,premium plus,0,2820,,,,
2026-07-10 11:39:32,sess_000397,cust_0107,buffer,Web,APAC,SciFi,premium,0,8593,,,,
2026-07-10 11:40:17,sess_000763,cust_0002,session_end,Mobile,Africa,,premium plus,0,0,,,80%,3 stars
2026-07-10 11:40:24,sess_000397,cust_0107,buffer,Web,APAC,Drama,premium,0,11106,,,,
2026-07-10 11:42:58,sess_000397,cust_0107,buffer,Web,APAC,Action,premium,0,4864,,,,
2026-07-10 11:45:46,sess_000397,cust_0107,error,Web,APAC,SciFi,premium,0,0,,E1001,,
2026-07-10 11:49:43,sess_000079,cust_0019,play,Console,APAC,Comedy,premium plus,1533,0,1080p-6000kbps,,,
2026-07-10 11:54:09,sess_000079,cust_0019,buffer,Console,APAC,Kids,premium plus,0,6289,,,,
2026-07-10 12:06:04,sess_000079,cust_0019,play,Console,APAC,Action,premium plus,855,0,1500kbps,,,
2026-07-10 12:06:23,sess_000079,cust_0019,play,Console,APAC,SciFi,premium plus,1278,0,3000kbps,,,
2026-07-10 12:07:47,sess_000079,cust_0019,buffer,Console,APAC,Horror,premium plus,0,9873,,,,
2026-07-10 12:09:44,sess_000079,cust_0019,session_end,Console,APAC,,premium plus,0,0,,,95%,3.0
2026-07-10 12:50:50,sess_000638,cust_0111,session_start,Mobile,APAC,,standard,0,0,,,,
2026-07-10 13:00:45,sess_000638,cust_0111,play,Mobile,APAC,Documentary,standard,1121,0,3000 kbps,,,
2026-07-10 13:08:00,sess_000638,cust_0111,play,Mobile,APAC,Comedy,standard,689,0,480p-2000kbps,,,
2026-07-10 13:08:37,sess_000638,cust_0111,error,Mobile,APAC,Comedy,standard,0,0,,E3003,,
2026-07-10 13:23:21,sess_000638,cust_0111,buffer,Mobile,APAC,SciFi,standard,0,4761,,,,
2026-07-10 13:28:37,sess_000638,cust_0111,error,Mobile,APAC,Action,standard,0,0,,E3003,,
2026-07-10 13:38:05,sess_000638,cust_0111,error,Mobile,APAC,SciFi,standard,0,0,,E1001,,
2026-07-10 13:40:22,sess_000638,cust_0111,error,Mobile,APAC,Kids,standard,0,0,,E1001,,
2026-07-10 13:54:12,sess_000638,cust_0111,play,Mobile,APAC,Action,standard,670,0,1500kbps,,,
2026-07-10 13:59:50,sess_000638,cust_0111,buffer,Mobile,APAC,Horror,standard,0,7225,,,,
2026-07-10 14:05:36,sess_000674,cust_0110,session_start,Web,Europe,,Premium,0,0,,,,
2026-07-10 14:07:32,sess_000841,cust_0058,session_start,Tablet,LATAM,,PREM,0,0,,,,
2026-07-10 14:09:07,sess_000638,cust_0111,play,Mobile,APAC,Drama,standard,1687,0,1080p-6000kbps,,,
2026-07-10 14:09:25,sess_000638,cust_0111,session_end,Mobile,APAC,,standard,0,0,,,100%,2.0
2026-07-10 14:13:09,sess_000841,cust_0058,pause,Tablet,LATAM,Action,PREM,0,0,,,,
2026-07-10 14:17:02,sess_000674,cust_0110,play,Web,Europe,Documentary,Premium,1313,0,1080p-6000kbps,,,
2026-07-10 14:18:18,sess_000674,cust_0110,play,Web,Europe,Horror,Premium,764,0,8000kbps,,,
2026-07-10 14:19:22,sess_000674,cust_0110,session_end,Web,Europe,,Premium,0,0,,,90%,n/a
2026-07-10 14:21:18,sess_000841,cust_0058,pause,Tablet,LATAM,Drama,PREM,0,0,,,,
2026-07-10 14:27:54,sess_000841,cust_0058,buffer,Tablet,LATAM,Action,PREM,0,2549,,,,
2026-07-10 14:30:38,sess_000841,cust_0058,play,Tablet,LATAM,Documentary,PREM,674,0,8000kbps,,,
2026-07-10 14:40:46,sess_000841,cust_0058,play,Tablet,LATAM,Horror,PREM,780,0,1500kbps,,,
2026-07-10 14:41:01,sess_000841,cust_0058,session_end,Tablet,LATAM,,PREM,0,0,,,87%,n/a
2026-07-10 14:41:46,sess_000280,cust_0057,session_start,Smart TV,APAC,,BASIC,0,0,,,,
2026-07-10 14:46:00,sess_000037,cust_0139,session_start,Console,Europe,,basic ,0,0,,,,
2026-07-10 14:47:01,sess_000419,cust_0061,session_start,Web,Africa,,basic,0,0,,,,
2026-07-10 14:53:30,sess_000419,cust_0061,play,Web,Africa,Comedy,basic,1261,0,6000kbps,,,
2026-07-10 14:54:33,sess_000280,cust_0057,buffer,Smart TV,APAC,Comedy,BASIC,0,10249,,,,
2026-07-10 14:58:04,sess_000037,cust_0139,buffer,Console,Europe,SciFi,basic ,0,1043,,,,
2026-07-10 15:04:25,sess_000280,cust_0057,pause,Smart TV,APAC,Action,BASIC,0,0,,,,
2026-07-10 15:04:42,sess_000280,cust_0057,session_end,Smart TV,APAC,,BASIC,0,0,,,80%,n/a
2026-07-10 15:06:24,sess_000037,cust_0139,play,Console,Europe,SciFi,basic ,334,0,1080p-8000kbps,,,
2026-07-10 15:07:55,sess_000419,cust_0061,play,Web,Africa,Comedy,basic,1549,0,2000 kbps,,,
2026-07-10 15:10:01,sess_000419,cust_0061,play,Web,Africa,Documentary,basic,569,0,3000kbps,,,
2026-07-10 15:16:42,sess_000037,cust_0139,play,Console,Europe,Horror,basic ,1494,0,4500kbps,,,
2026-07-10 15:22:53,sess_000419,cust_0061,play,Web,Africa,Comedy,basic,670,0,6000 kbps,,,
2026-07-10 15:24:49,sess_000037,cust_0139,play,Console,Europe,Horror,basic ,1596,0,1500kbps,,,
2026-07-10 15:26:45,sess_000037,cust_0139,play,Console,Europe,Action,basic ,1320,0,6000 kbps,,,
2026-07-10 15:31:20,sess_000037,cust_0139,play,Console,Europe,Horror,basic ,1154,0,1500 kbps,,,
2026-07-10 15:34:34,sess_000419,cust_0061,play,Web,Africa,Action,basic,734,0,8000 kbps,,,
2026-07-10 15:37:55,sess_000037,cust_0139,pause,Console,Europe,SciFi,basic ,0,0,,,,
2026-07-10 15:38:58,sess_000037,cust_0139,play,Console,Europe,Horror,basic ,337,0,1500kbps,,,
2026-07-10 15:39:52,sess_000419,cust_0061,play,Web,Africa,Documentary,basic,1713,0,8000kbps,,,
2026-07-10 15:52:22,sess_000037,cust_0139,play,Console,Europe,Documentary,basic ,368,0,3000kbps,,,
2026-07-10 15:54:03,sess_000037,cust_0139,session_end,Console,Europe,,basic ,0,0,,,90%,
2026-07-10 15:54:35,sess_000419,cust_0061,play,Web,Africa,Drama,basic,752,0,6000kbps,,,
2026-07-10 15:56:20,sess_000010,cust_0033,session_start,Web,Africa,,standard,0,0,,,,
2026-07-10 16:00:08,sess_000010,cust_0033,play,Web,Africa,Documentary,standard,1328,0,2000kbps,,,
2026-07-10 16:01:26,sess_000010,cust_0033,play,Web,Africa,Drama,standard,1287,0,6000kbps,,,
2026-07-10 16:05:07,sess_000419,cust_0061,pause,Web,Africa,Kids,basic,0,0,,,,
2026-07-10 16:10:08,sess_000419,cust_0061,error,Web,Africa,Drama,basic,0,0,,E4004,,
2026-07-10 16:11:37,sess_000419,cust_0061,session_end,Web,Africa,,basic,0,0,,,87%,2.0
2026-07-10 16:14:50,sess_000010,cust_0033,pause,Web,Africa,Documentary,standard,0,0,,,,
2026-07-10 16:17:15,sess_000010,cust_0033,play,Web,Africa,Action,standard,516,0,480p-2000kbps,,,
2026-07-10 16:23:18,sess_000010,cust_0033,buffer,Web,Africa,Kids,standard,0,2890,,,,
2026-07-10 16:38:01,sess_000010,cust_0033,play,Web,Africa,Action,standard,1543,0,720p-3000kbps,,,
2026-07-10 16:48:36,sess_000010,cust_0033,play,Web,Africa,Documentary,standard,1272,0,3000kbps,,,
2026-07-10 16:50:54,sess_000289,cust_0057,session_start,Smart TV,APAC,,basic ,0,0,,,,
2026-07-10 16:53:21,sess_000010,cust_0033,error,Web,Africa,Horror,standard,0,0,,E3003,,
2026-07-10 16:54:15,sess_000010,cust_0033,session_end,Web,Africa,,standard,0,0,,,80%,5.0
2026-07-10 16:59:59,sess_000857,cust_0001,session_start,Tablet,Africa,,STD,0,0,,,,
2026-07-10 17:01:51,sess_000857,cust_0001,play,Tablet,Africa,Action,STD,1391,0,6000 kbps,,,
2026-07-10 17:03:50,sess_000289,cust_0057,buffer,Smart TV,APAC,Comedy,basic ,0,6371,,,,
2026-07-10 17:08:56,sess_000289,cust_0057,buffer,Smart TV,APAC,Documentary,basic ,0,10019,,,,
2026-07-10 17:11:52,sess_000857,cust_0001,error,Tablet,Africa,Kids,STD,0,0,,E3003,,
2026-07-10 17:12:02,sess_000289,cust_0057,play,Smart TV,APAC,Drama,basic ,422,0,720p-4500kbps,,,
2026-07-10 17:20:34,sess_000289,cust_0057,buffer,Smart TV,APAC,Drama,basic ,0,8401,,,,
2026-07-10 17:21:20,sess_000289,cust_0057,session_end,Smart TV,APAC,,basic ,0,0,,,80%,2 stars
2026-07-10 17:25:06,sess_000121,cust_0034,session_start,Console,APAC,,basic ,0,0,,,,
2026-07-10 17:25:58,sess_000121,cust_0034,buffer,Console,APAC,Drama,basic ,0,6361,,,,
2026-07-10 17:39:58,sess_000121,cust_0034,play,Console,APAC,Kids,basic ,1168,0,3000kbps,,,
2026-07-10 17:46:19,sess_000121,cust_0034,buffer,Console,APAC,Kids,basic ,0,7550,,,,
2026-07-10 17:49:06,sess_000121,cust_0034,error,Console,APAC,Drama,basic ,0,0,,E2002,,
2026-07-10 17:50:05,sess_000121,cust_0034,session_end,Console,APAC,,basic ,0,0,,,45%,1 stars
2026-07-10 21:43:46,sess_000993,cust_0003,session_start,Console,APAC,,Standard,0,0,,,,
2026-07-10 21:45:42,sess_000548,cust_0083,session_start,Tablet,APAC,,premium,0,0,,,,
2026-07-10 21:53:26,sess_000993,cust_0003,error,Console,APAC,Drama,Standard,0,0,,E2002,,
2026-07-10 21:56:26,sess_000548,cust_0083,buffer,Tablet,APAC,Documentary,premium,0,4492,,,,
2026-07-10 21:59:51,sess_000993,cust_0003,buffer,Console,APAC,Drama,Standard,0,4443,,,,
2026-07-10 22:04:40,sess_000993,cust_0003,error,Console,APAC,Drama,Standard,0,0,,E4004,,
2026-07-10 22:07:20,sess_000222,cust_0101,session_start,Mobile,North America,,STD,0,0,,,,
2026-07-10 22:10:20,sess_000548,cust_0083,buffer,Tablet,APAC,Horror,premium,0,11121,,,,
2026-07-10 22:15:41,sess_000222,cust_0101,pause,Mobile,North America,Comedy,STD,0,0,,,,
2026-07-10 22:17:50,sess_000548,cust_0083,error,Tablet,APAC,Kids,premium,0,0,,E4004,,
2026-07-10 22:29:37,sess_000222,cust_0101,pause,Mobile,North America,Horror,STD,0,0,,,,
2026-07-10 22:43:41,sess_000222,cust_0101,play,Mobile,North America,Drama,STD,1620,0,1500 kbps,,,
2026-07-10 22:47:41,sess_000222,cust_0101,error,Mobile,North America,Comedy,STD,0,0,,E2002,,
2026-07-10 22:59:09,sess_000222,cust_0101,play,Mobile,North America,Kids,STD,72,0,4500 kbps,,,
2026-07-10 23:05:29,sess_000222,cust_0101,play,Mobile,North America,Comedy,STD,1505,0,8000 kbps,,,
2026-07-10 23:20:14,sess_000222,cust_0101,play,Mobile,North America,Comedy,STD,1730,0,8000 kbps,,,
2026-07-10 23:24:58,sess_000468,cust_0143,session_start,Mobile,APAC,,Standard,0,0,,,,
2026-07-10 23:26:52,sess_000222,cust_0101,play,Mobile,North America,Documentary,STD,854,0,3000 kbps,,,
2026-07-10 23:31:17,sess_000222,cust_0101,error,Mobile,North America,Horror,STD,0,0,,E2002,,
2026-07-10 23:36:52,sess_000468,cust_0143,error,Mobile,APAC,Action,Standard,0,0,,E4004,,
2026-07-10 23:39:03,sess_000468,cust_0143,buffer,Mobile,APAC,SciFi,Standard,0,3906,,,,
2026-07-10 23:40:40,sess_000468,cust_0143,session_end,Mobile,APAC,,Standard,0,0,,,100%,
2026-07-10 23:57:57,sess_000064,cust_0083,session_start,Tablet,APAC,,PREM,0,0,,,,
2026-07-11 00:06:30,sess_000064,cust_0083,play,Tablet,APAC,Action,PREM,1404,0,8000kbps,,,
2026-07-11 00:19:15,sess_000064,cust_0083,play,Tablet,APAC,Comedy,PREM,1590,0,8000kbps,,,
2026-07-11 00:27:04,sess_000064,cust_0083,error,Tablet,APAC,Comedy,PREM,0,0,,E4004,,
2026-07-11 00:39:33,sess_000064,cust_0083,buffer,Tablet,APAC,SciFi,PREM,0,8451,,,,
2026-07-11 00:48:09,sess_000064,cust_0083,pause,Tablet,APAC,Action,PREM,0,0,,,,
2026-07-11 00:51:48,sess_000064,cust_0083,buffer,Tablet,APAC,Drama,PREM,0,8657,,,,
2026-07-11 01:04:01,sess_000064,cust_0083,buffer,Tablet,APAC,Horror,PREM,0,6262,,,,
2026-07-11 01:04:38,sess_000064,cust_0083,buffer,Tablet,APAC,Drama,PREM,0,4832,,,,
2026-07-11 01:14:42,sess_000064,cust_0083,buffer,Tablet,APAC,SciFi,PREM,0,9169,,,,
2026-07-11 01:16:13,sess_000064,cust_0083,buffer,Tablet,APAC,Drama,PREM,0,8666,,,,
2026-07-11 01:26:56,sess_000064,cust_0083,buffer,Tablet,APAC,Drama,PREM,0,8859,,,,
2026-07-11 01:28:40,sess_000064,cust_0083,session_end,Tablet,APAC,,PREM,0,0,,,75%,
2026-07-11 01:46:49,sess_000036,cust_0043,session_start,Smart TV,LATAM,,standard,0,0,,,,
2026-07-11 01:57:18,sess_000036,cust_0043,pause,Smart TV,LATAM,Horror,standard,0,0,,,,
2026-07-11 02:04:49,sess_000036,cust_0043,play,Smart TV,LATAM,Comedy,standard,367,0,6000 kbps,,,
2026-07-11 02:05:17,sess_000036,cust_0043,play,Smart TV,LATAM,Comedy,standard,291,0,480p-1500kbps,,,
2026-07-11 02:15:43,sess_000036,cust_0043,pause,Smart TV,LATAM,SciFi,standard,0,0,,,,
2026-07-11 02:23:17,sess_000036,cust_0043,pause,Smart TV,LATAM,SciFi,standard,0,0,,,,
2026-07-11 02:23:44,sess_000036,cust_0043,session_end,Smart TV,LATAM,,standard,0,0,,,60%,3
2026-07-11 02:39:57,sess_000722,cust_0056,session_start,Mobile,Africa,,Basic,0,0,,,,
2026-07-11 02:42:31,sess_000722,cust_0056,play,Mobile,Africa,Drama,Basic,1788,0,720p-4500kbps,,,
2026-07-11 02:50:32,sess_000722,cust_0056,play,Mobile,Africa,Horror,Basic,873,0,8000kbps,,,
2026-07-11 03:02:54,sess_000722,cust_0056,play,Mobile,Africa,Comedy,Basic,1191,0,1500 kbps,,,
2026-07-11 03:05:22,sess_000722,cust_0056,play,Mobile,Africa,Horror,Basic,686,0,1500 kbps,,,
2026-07-11 03:15:21,sess_000722,cust_0056,play,Mobile,Africa,Drama,Basic,1682,0,2000kbps,,,
2026-07-11 03:21:10,sess_000722,cust_0056,play,Mobile,Africa,Comedy,Basic,1538,0,8000 kbps,,,
2026-07-11 03:32:17,sess_000722,cust_0056,play,Mobile,Africa,Horror,Basic,545,0,480p-1500kbps,,,
2026-07-11 03:34:18,sess_000722,cust_0056,play,Mobile,Africa,SciFi,Basic,813,0,2000kbps,,,
2026-07-11 03:35:07,sess_000722,cust_0056,session_end,Mobile,Africa,,Basic,0,0,,,60%,5
2026-07-11 03:48:31,sess_000671,cust_0048,session_start,Console,Europe,,BASIC,0,0,,,,
2026-07-11 03:51:51,sess_000671,cust_0048,play,Console,Europe,Horror,BASIC,995,0,1080p-6000kbps,,,
2026-07-11 04:05:03,sess_000671,cust_0048,buffer,Console,Europe,Drama,BASIC,0,1051,,,,
2026-07-11 04:11:05,sess_000671,cust_0048,pause,Console,Europe,SciFi,BASIC,0,0,,,,
2026-07-11 04:19:13,sess_000671,cust_0048,buffer,Console,Europe,Action,BASIC,0,365,,,,
2026-07-11 04:27:26,sess_000671,cust_0048,play,Console,Europe,Documentary,BASIC,150,0,1080p-6000kbps,,,
2026-07-11 04:30:58,sess_000671,cust_0048,play,Console,Europe,Documentary,BASIC,760,0,6000kbps,,,
2026-07-11 04:38:22,sess_000671,cust_0048,play,Console,Europe,Comedy,BASIC,47,0,3000 kbps,,,
2026-07-11 04:38:57,sess_000671,cust_0048,play,Console,Europe,Horror,BASIC,563,0,4500kbps,,,
2026-07-11 04:42:13,sess_000107,cust_0119,session_start,Smart TV,,,standard,0,0,,,,
2026-07-11 04:45:59,sess_000671,cust_0048,play,Console,Europe,Action,BASIC,1681,0,480p-2000kbps,,,
2026-07-11 04:47:10,sess_000671,cust_0048,session_end,Console,Europe,,BASIC,0,0,,,75%,2 stars
2026-07-11 04:51:53,sess_000107,cust_0119,play,Smart TV,Africa,Comedy,standard,1283,0,2000 kbps,,,
2026-07-11 04:54:44,sess_000107,cust_0119,play,Smart TV,Africa,Drama,standard,309,0,6000 kbps,,,
2026-07-11 05:00:03,sess_000165,cust_0111,session_start,Mobile,APAC,,STD,0,0,,,,
2026-07-11 05:03:18,sess_000107,cust_0119,play,Smart TV,Africa,Action,standard,332,0,4500kbps,,,
2026-07-11 05:03:37,sess_000165,cust_0111,buffer,Mobile,APAC,Comedy,STD,0,11720,,,,
2026-07-11 05:03:55,sess_000107,cust_0119,play,Smart TV,Africa,Drama,standard,1178,0,480p-2000kbps,,,
2026-07-11 05:07:30,sess_000165,cust_0111,buffer,Mobile,APAC,Action,STD,0,10641,,,,
2026-07-11 05:10:51,sess_000107,cust_0119,play,Smart TV,,Action,standard,466,0,720p-4500kbps,,,
2026-07-11 05:16:19,sess_000165,cust_0111,play,Mobile,APAC,Action,STD,464,0,1500 kbps,,,
2026-07-11 05:16:39,sess_000107,cust_0119,play,Smart TV,Africa,Horror,standard,102,0,2000kbps,,,
2026-07-11 05:16:56,sess_000107,cust_0119,session_end,Smart TV,Africa,,standard,0,0,,,87%,4.0
2026-07-11 05:27:03,sess_000165,cust_0111,play,Mobile,APAC,SciFi,STD,1729,0,720p-4500kbps,,,
2026-07-11 05:27:51,sess_000165,cust_0111,session_end,Mobile,APAC,,STD,0,0,,,95%,2.0
2026-07-11 05:33:46,sess_000323,cust_0085,session_start,Tablet,North America,,Basic,0,0,,,,
2026-07-11 05:48:27,sess_000323,cust_0085,play,Tablet,North America,Action,Basic,1239,0,6000 kbps,,,
2026-07-11 05:57:48,sess_000323,cust_0085,play,Tablet,North America,Action,Basic,902,0,480p-2000kbps,,,
2026-07-11 06:11:08,sess_000323,cust_0085,pause,Tablet,North America,Action,Basic,0,0,,,,
2026-07-11 06:12:45,sess_000323,cust_0085,session_end,Tablet,North America,,Basic,0,0,,,100%,2.0
2026-07-11 08:41:12,sess_000466,cust_0063,session_start,Smart TV,Africa,,BASIC,0,0,,,,
2026-07-11 08:44:09,sess_000466,cust_0063,buffer,Smart TV,Africa,SciFi,BASIC,0,1375,,,,
2026-07-11 08:57:57,sess_000466,cust_0063,play,Smart TV,Africa,Kids,BASIC,94,0,1080p-8000kbps,,,
2026-07-11 09:03:56,sess_000466,cust_0063,buffer,Smart TV,Africa,Comedy,BASIC,0,804,,,,
2026-07-11 09:15:56,sess_000466,cust_0063,play,Smart TV,Africa,Action,BASIC,542,0,1080p-6000kbps,,,
2026-07-11 09:30:16,sess_000466,cust_0063,play,Smart TV,Africa,Drama,BASIC,397,0,480p-2000kbps,,,
2026-07-11 09:35:16,sess_000466,cust_0063,play,Smart TV,Africa,Comedy,BASIC,342,0,6000kbps,,,
2026-07-11 09:35:31,sess_000466,cust_0063,play,Smart TV,Africa,Action,BASIC,357,0,4500kbps,,,
2026-07-11 09:50:19,sess_000466,cust_0063,play,Smart TV,Africa,Comedy,BASIC,1223,0,3000 kbps,,,
2026-07-11 09:51:30,sess_000466,cust_0063,play,Smart TV,Africa,SciFi,BASIC,382,0,480p-1500kbps,,,
2026-07-11 09:53:51,sess_000466,cust_0063,play,Smart TV,Africa,Documentary,BASIC,424,0,4500kbps,,,
2026-07-11 09:54:07,sess_000466,cust_0063,session_end,Smart TV,Africa,,BASIC,0,0,,,60%,n/a
2026-07-11 10:14:43,sess_000160,cust_0035,session_start,,Europe,,STD,0,0,,,,
2026-07-11 10:25:19,sess_000160,cust_0035,play,,Europe,Documentary,STD,1002,0,2000 kbps,,,
2026-07-11 10:36:49,sess_000160,cust_0035,pause,,Europe,Drama,STD,0,0,,,,
2026-07-11 10:48:42,sess_000160,cust_0035,play,,Europe,Action,STD,717,0,6000kbps,,,
2026-07-11 10:56:37,sess_000545,cust_0125,session_start,Tablet,APAC,,standard,0,0,,,,
2026-07-11 10:57:49,sess_000545,cust_0125,play,Tablet,APAC,Documentary,standard,783,0,6000kbps,,,
2026-07-11 10:59:00,sess_000160,cust_0035,error,,Europe,Comedy,STD,0,0,,E4004,,
2026-07-11 11:02:01,sess_000545,cust_0125,pause,Tablet,APAC,Comedy,standard,0,0,,,,
2026-07-11 11:03:26,sess_000545,cust_0125,session_end,Tablet,APAC,,standard,0,0,,,N/A,N/A
2026-07-11 11:04:28,sess_000160,cust_0035,play,,Europe,Drama,STD,631,0,2000kbps,,,
2026-07-11 11:09:38,sess_000160,cust_0035,error,,Europe,Action,STD,0,0,,E2002,,
2026-07-11 11:14:08,sess_000160,cust_0035,play,,Europe,SciFi,STD,553,0,4500kbps,,,
2026-07-11 11:25:29,sess_000160,cust_0035,buffer,,Europe,Comedy,STD,0,3852,,,,
2026-07-11 11:26:05,sess_000160,cust_0035,session_end,,Europe,,STD,0,0,,,95%,n/a
2026-07-11 14:50:13,sess_000188,cust_0040,session_start,Console,Africa,,basic ,0,0,,,,
2026-07-11 14:55:41,sess_000188,cust_0040,play,Console,Africa,Action,basic ,1633,0,4500kbps,,,
2026-07-11 14:59:40,sess_000155,cust_0119,session_start,Smart TV,Africa,,Standard ,0,0,,,,
2026-07-11 15:00:29,sess_000188,cust_0040,play,Console,Africa,Kids,basic ,1436,0,4500 kbps,,,
2026-07-11 15:02:45,sess_000188,cust_0040,play,Console,Africa,Drama,basic ,1523,0,3000kbps,,,
2026-07-11 15:07:05,sess_000029,cust_0071,session_start,Mobile,Europe,,Standard,0,0,,,,
2026-07-11 15:07:06,sess_000155,cust_0119,play,Smart TV,Africa,SciFi,Standard ,607,0,720p-4500kbps,,,
2026-07-11 15:13:18,sess_000188,cust_0040,play,Console,Africa,Comedy,basic ,347,0,8000kbps,,,
2026-07-11 15:18:35,sess_000155,cust_0119,play,Smart TV,Africa,Comedy,Standard ,1732,0,1500kbps,,,
2026-07-11 15:21:14,sess_000029,cust_0071,play,Mobile,Europe,Drama,Standard,1705,0,480p-2000kbps,,,
2026-07-11 15:25:03,sess_000155,cust_0119,play,Smart TV,Africa,Horror,Standard ,296,0,1080p-8000kbps,,,
2026-07-11 15:25:25,sess_000188,cust_0040,buffer,Console,Africa,Comedy,basic ,0,1083,,,,
2026-07-11 15:27:54,sess_000029,cust_0071,play,Mobile,Europe,Comedy,Standard,152,0,6000 kbps,,,
2026-07-11 15:29:11,sess_000029,cust_0071,play,Mobile,Europe,Horror,Standard,1591,0,2000 kbps,,,
2026-07-11 15:30:41,sess_000029,cust_0071,session_end,Mobile,Europe,,Standard,0,0,,,60%,n/a
2026-07-11 15:31:10,sess_000155,cust_0119,play,Smart TV,Africa,Documentary,Standard ,935,0,2000kbps,,,
2026-07-11 15:36:47,sess_000155,cust_0119,play,Smart TV,Africa,Comedy,Standard ,1019,0,2000kbps,,,
2026-07-11 15:37:15,sess_000155,cust_0119,buffer,Smart TV,Africa,Drama,Standard ,0,2050,,,,
2026-07-11 15:37:48,sess_000188,cust_0040,play,Console,Africa,SciFi,basic ,554,0,3000 kbps,,,
2026-07-11 15:38:42,sess_000188,cust_0040,play,Console,Africa,Drama,basic ,743,0,8000 kbps,,,
2026-07-11 15:44:04,sess_000188,cust_0040,play,Console,Africa,Horror,basic ,1648,0,3000kbps,,,
2026-07-11 15:52:02,sess_000155,cust_0119,play,Smart TV,Africa,Kids,Standard ,992,0,3000kbps,,,
2026-07-11 15:52:19,sess_000188,cust_0040,buffer,Console,Africa,Action,basic ,0,1258,,,,
2026-07-11 15:55:29,sess_000188,cust_0040,buffer,Console,Africa,Action,basic ,0,500,,,,
2026-07-11 15:55:59,sess_000188,cust_0040,session_end,Console,Africa,,basic ,0,0,,,80%,5 stars
2026-07-11 15:58:06,sess_000155,cust_0119,pause,Smart TV,Africa,Action,Standard ,0,0,,,,
2026-07-11 16:08:15,sess_000155,cust_0119,play,Smart TV,Africa,Kids,Standard ,1182,0,3000kbps,,,
2026-07-11 16:13:44,sess_000155,cust_0119,play,Smart TV,Africa,Documentary,Standard ,698,0,2000kbps,,,
2026-07-11 16:14:47,sess_000155,cust_0119,session_end,Smart TV,Africa,,Standard ,0,0,,,N/A,
2026-07-11 16:21:09,sess_000880,cust_0082,session_start,Smart TV,Africa,,Premium,0,0,,,,
2026-07-11 16:27:18,sess_000880,cust_0082,play,Smart TV,Africa,SciFi,Premium,1241,0,3000 kbps,,,
2026-07-11 16:36:49,sess_000880,cust_0082,play,Smart TV,Africa,Comedy,Premium,524,0,6000kbps,,,
2026-07-11 16:39:05,sess_000880,cust_0082,play,Smart TV,Africa,Horror,Premium,1719,0,720p-3000kbps,,,
2026-07-11 16:43:02,sess_000880,cust_0082,play,Smart TV,Africa,Action,Premium,779,0,1080p-8000kbps,,,
2026-07-11 16:48:46,sess_000880,cust_0082,play,Smart TV,Africa,Documentary,Premium,554,0,720p-4500kbps,,,
2026-07-11 16:57:46,sess_000880,cust_0082,play,Smart TV,Africa,Documentary,Premium,996,0,8000 kbps,,,
2026-07-11 17:08:07,sess_000738,cust_0019,session_start,Console,,,premium plus,0,0,,,,
2026-07-11 17:11:13,sess_000738,cust_0019,buffer,Console,APAC,Comedy,premium plus,0,10434,,,,
2026-07-11 17:12:24,sess_000880,cust_0082,error,Smart TV,Africa,Documentary,Premium,0,0,,E1001,,
2026-07-11 17:20:17,sess_000880,cust_0082,play,Smart TV,Africa,Drama,Premium,1121,0,1080p-6000kbps,,,
2026-07-11 17:21:47,sess_000880,cust_0082,session_end,Smart TV,Africa,,Premium,0,0,,,100%,3
2026-07-11 17:25:24,sess_000738,cust_0019,play,Console,APAC,SciFi,premium plus,1326,0,2000kbps,,,
2026-07-11 17:27:11,sess_000738,cust_0019,play,Console,APAC,Comedy,premium plus,1197,0,2000kbps,,,
2026-07-11 17:28:30,sess_000738,cust_0019,error,Console,APAC,Documentary,premium plus,0,0,,E1001,,
2026-07-11 19:14:47,sess_000723,cust_0025,session_start,Mobile,Africa,,standard,0,0,,,,
2026-07-11 19:27:25,sess_000723,cust_0025,pause,Mobile,Africa,Action,standard,0,0,,,,
2026-07-11 19:39:56,sess_000723,cust_0025,play,Mobile,Africa,Comedy,standard,519,0,1080p-6000kbps,,,
2026-07-11 19:50:28,sess_000723,cust_0025,play,Mobile,Africa,Comedy,standard,71,0,6000 kbps,,,
2026-07-11 19:55:08,sess_000723,cust_0025,play,Mobile,Africa,Kids,standard,1228,0,3000 kbps,,,
2026-07-11 19:55:41,sess_000723,cust_0025,session_end,Mobile,Africa,,standard,0,0,,,80%,5.0
2026-07-11 20:51:35,sess_000942,cust_0011,session_start,Smart TV,LATAM,,premium_plus,0,0,,,,
2026-07-11 20:53:54,sess_000836,cust_0007,session_start,Smart TV,APAC,,basic ,0,0,,,,
2026-07-11 20:57:58,sess_000576,cust_0097,session_start,Console,Europe,,Premium ,0,0,,,,
2026-07-11 21:03:31,sess_000942,cust_0011,play,Smart TV,LATAM,Comedy,premium_plus,1325,0,8000 kbps,,,
2026-07-11 21:08:40,sess_000836,cust_0007,buffer,Smart TV,APAC,Kids,basic ,0,8900,,,,
2026-07-11 21:12:18,sess_000576,cust_0097,error,Console,Europe,Documentary,Premium ,0,0,,E1001,,
2026-07-11 21:15:10,sess_000576,cust_0097,play,Console,Europe,Comedy,Premium ,1041,0,1500 kbps,,,
2026-07-11 21:18:02,sess_000942,cust_0011,buffer,Smart TV,LATAM,Comedy,premium_plus,0,491,,,,
2026-07-11 21:18:06,sess_000836,cust_0007,play,Smart TV,APAC,Horror,basic ,1172,0,480p-2000kbps,,,
2026-07-11 21:22:47,sess_000942,cust_0011,play,Smart TV,LATAM,Action,premium_plus,1268,0,480p-1500kbps,,,
2026-07-11 21:23:13,sess_000836,cust_0007,error,Smart TV,APAC,Comedy,basic ,0,0,,E1001,,
2026-07-11 21:26:41,sess_000576,cust_0097,play,Console,Europe,Documentary,Premium ,69,0,1080p-6000kbps,,,
2026-07-11 21:29:34,sess_000942,cust_0011,buffer,Smart TV,LATAM,Horror,premium_plus,0,916,,,,
2026-07-11 21:31:11,sess_000836,cust_0007,pause,Smart TV,APAC,Documentary,basic ,0,0,,,,
2026-07-11 21:32:43,sess_000576,cust_0097,play,Console,Europe,Horror,Premium ,1042,0,3000kbps,,,
2026-07-11 21:37:59,sess_000576,cust_0097,pause,Console,Europe,Action,Premium ,0,0,,,,
2026-07-11 21:38:27,sess_000942,cust_0011,play,Smart TV,LATAM,SciFi,premium_plus,1459,0,3000kbps,,,
2026-07-11 21:39:07,sess_000942,cust_0011,session_end,Smart TV,LATAM,,premium_plus,0,0,,,,n/a
2026-07-11 21:44:55,sess_000836,cust_0007,error,Smart TV,APAC,Horror,basic ,0,0,,E2002,,
2026-07-11 21:45:34,sess_000576,cust_0097,play,Console,Europe,Action,Premium ,578,0,2000kbps,,,
2026-07-11 21:50:06,sess_000576,cust_0097,play,Console,Europe,Drama,Premium ,136,0,720p-4500kbps,,,
2026-07-11 21:58:12,sess_000836,cust_0007,play,Smart TV,APAC,Action,basic ,903,0,2000 kbps,,,
2026-07-11 22:00:53,sess_000576,cust_0097,play,Console,Europe,Drama,Premium ,1354,0,4500kbps,,,
2026-07-11 22:02:32,sess_000947,cust_0030,session_start,Web,APAC,,standard,0,0,,,,
2026-07-11 22:06:29,sess_000576,cust_0097,error,Console,Europe,Horror,Premium ,0,0,,E2002,,
2026-07-11 22:08:34,sess_000836,cust_0007,play,Smart TV,APAC,Action,basic ,915,0,4500 kbps,,,
2026-07-11 22:10:24,sess_000836,cust_0007,session_end,Smart TV,APAC,,basic ,0,0,,,95%,5.0
2026-07-11 22:14:54,sess_000947,cust_0030,buffer,Web,APAC,Action,standard,0,5389,,,,
2026-07-11 22:25:49,sess_000947,cust_0030,buffer,Web,APAC,Documentary,standard,0,5996,,,,
2026-07-11 22:29:48,sess_000732,cust_0122,session_start,Smart TV,APAC,,Basic,0,0,,,,
2026-07-11 22:36:34,sess_000947,cust_0030,play,Web,APAC,Kids,standard,74,0,6000kbps,,,
2026-07-11 22:37:53,sess_000947,cust_0030,buffer,Web,APAC,Kids,standard,0,10722,,,,
2026-07-11 22:41:04,sess_000732,cust_0122,play,Smart TV,APAC,Documentary,Basic,502,0,720p-3000kbps,,,
2026-07-11 22:45:37,sess_000947,cust_0030,error,Web,APAC,SciFi,standard,0,0,,E1001,,
2026-07-11 22:46:27,sess_000149,cust_0062,session_start,Web,North America,,PREM,0,0,,,,
2026-07-11 22:49:02,sess_000732,cust_0122,pause,Smart TV,APAC,Comedy,Basic,0,0,,,,
2026-07-11 22:50:30,sess_000149,cust_0062,pause,Web,North America,Drama,PREM,0,0,,,,
2026-07-11 22:52:35,sess_000149,cust_0062,play,Web,North America,Drama,PREM,159,0,6000kbps,,,
2026-07-11 22:54:39,sess_000149,cust_0062,play,Web,North America,Kids,PREM,1307,0,1080p-6000kbps,,,
2026-07-11 22:55:17,sess_000149,cust_0062,session_end,Web,North America,,PREM,0,0,,,80%,4 stars
2026-07-11 23:03:50,sess_000732,cust_0122,buffer,Smart TV,APAC,Comedy,Basic,0,7574,,,,
2026-07-11 23:08:11,sess_000456,cust_0050,session_start,Tablet,APAC,,basic ,0,0,,,,
2026-07-11 23:15:16,sess_000456,cust_0050,play,Tablet,APAC,Horror,basic ,213,0,3000kbps,,,
2026-07-11 23:16:28,sess_000732,cust_0122,error,Smart TV,APAC,Documentary,Basic,0,0,,E4004,,
2026-07-11 23:23:32,sess_000456,cust_0050,buffer,Tablet,APAC,Kids,basic ,0,5231,,,,
2026-07-11 23:37:14,sess_000456,cust_0050,buffer,Tablet,APAC,SciFi,basic ,0,8450,,,,
2026-07-11 23:46:31,sess_000456,cust_0050,buffer,Tablet,APAC,Comedy,basic ,0,5029,,,,
2026-07-11 23:52:48,sess_000456,cust_0050,play,Tablet,APAC,Horror,basic ,351,0,1080p-6000kbps,,,
2026-07-12 00:03:15,sess_000456,cust_0050,play,Tablet,APAC,Comedy,basic ,1649,0,1500kbps,,,
2026-07-12 00:03:31,sess_000456,cust_0050,play,Tablet,APAC,Drama,basic ,398,0,1500kbps,,,
2026-07-12 00:05:06,sess_000456,cust_0050,session_end,Tablet,APAC,,basic ,0,0,,,60%,N/A
2026-07-12 01:41:57,sess_000657,cust_0120,session_start,Console,LATAM,,Standard,0,0,,,,
2026-07-12 01:54:04,sess_000657,cust_0120,pause,Console,LATAM,Horror,Standard,0,0,,,,
2026-07-12 02:01:31,sess_000657,cust_0120,play,Console,LATAM,Horror,Standard,1293,0,1500kbps,,,
2026-07-12 02:04:10,sess_000657,cust_0120,play,Console,LATAM,SciFi,Standard,722,0,2000 kbps,,,
2026-07-12 02:11:08,sess_000257,cust_0024,session_start,Smart TV,APAC,,basic,0,0,,,,
2026-07-12 02:12:16,sess_000257,cust_0024,pause,Smart TV,APAC,Kids,basic,0,0,,,,
2026-07-12 02:14:26,sess_000657,cust_0120,play,Console,LATAM,Drama,Standard,1339,0,480p-2000kbps,,,
2026-07-12 02:23:47,sess_000257,cust_0024,buffer,Smart TV,APAC,Drama,basic,0,9300,,,,
2026-07-12 02:24:15,sess_000657,cust_0120,play,Console,LATAM,Kids,Standard,1352,0,8000kbps,,,
2026-07-12 02:24:51,sess_000657,cust_0120,session_end,Console,LATAM,,Standard,0,0,,,60%,n/a
2026-07-12 02:26:39,sess_000257,cust_0024,buffer,Smart TV,APAC,Horror,basic,0,9973,,,,
2026-07-12 02:29:21,sess_000257,cust_0024,buffer,Smart TV,APAC,Documentary,basic,0,6649,,,,
2026-07-12 02:38:13,sess_000257,cust_0024,play,Smart TV,APAC,Comedy,basic,1492,0,720p-3000kbps,,,
2026-07-12 02:41:29,sess_000541,cust_0022,session_start,Mobile,APAC,,Premium+,0,0,,,,
2026-07-12 02:50:13,sess_000257,cust_0024,buffer,Smart TV,APAC,SciFi,basic,0,11148,,,,
2026-07-12 02:50:57,sess_000541,cust_0022,error,Mobile,,Horror,Premium+,0,0,,E1001,,
2026-07-12 02:54:52,sess_000541,cust_0022,play,Mobile,APAC,Drama,Premium+,846,0,3000kbps,,,
2026-07-12 02:56:26,sess_000541,cust_0022,session_end,Mobile,APAC,,Premium+,0,0,,,45%,3
2026-07-12 03:03:52,sess_000257,cust_0024,pause,Smart TV,APAC,SciFi,basic,0,0,,,,
2026-07-12 03:13:12,sess_000257,cust_0024,play,Smart TV,APAC,Comedy,basic,1058,0,3000kbps,,,
2026-07-12 03:25:06,sess_000257,cust_0024,error,Smart TV,APAC,Horror,basic,0,0,,E3003,,
2026-07-12 03:55:34,sess_000721,cust_0097,session_start,Console,Europe,,premium,0,0,,,,
2026-07-12 04:03:53,sess_000721,cust_0097,play,Console,Europe,Horror,premium,391,0,3000 kbps,,,
2026-07-12 04:14:32,sess_000721,cust_0097,play,Console,Europe,Documentary,premium,1490,0,480p-1500kbps,,,
2026-07-12 04:23:22,sess_000721,cust_0097,play,Console,Europe,Comedy,premium,898,0,1500kbps,,,
2026-07-12 04:28:09,sess_000721,cust_0097,play,Console,Europe,Comedy,premium,103,0,3000kbps,,,
2026-07-12 04:29:14,sess_000721,cust_0097,play,Console,Europe,Action,premium,1452,0,8000 kbps,,,
2026-07-12 04:38:51,sess_000658,cust_0049,session_start,Tablet,North America,,standard,0,0,,,,
2026-07-12 04:42:30,sess_000721,cust_0097,play,Console,Europe,Documentary,premium,1171,0,8000kbps,,,
2026-07-12 04:48:10,sess_000658,cust_0049,play,Tablet,North America,SciFi,standard,1177,0,720p-3000kbps,,,
2026-07-12 04:52:48,sess_000721,cust_0097,play,Console,Europe,Drama,premium,459,0,480p-1500kbps,,,
2026-07-12 04:56:59,sess_000658,cust_0049,play,Tablet,North America,Horror,standard,1472,0,720p-4500kbps,,,
2026-07-12 04:57:25,sess_000658,cust_0049,pause,Tablet,North America,Comedy,standard,0,0,,,,
2026-07-12 04:59:47,sess_000721,cust_0097,pause,Console,Europe,Comedy,premium,0,0,,,,
2026-07-12 05:01:53,sess_000658,cust_0049,play,Tablet,North America,Drama,standard,856,0,8000kbps,,,
2026-07-12 05:02:49,sess_000721,cust_0097,pause,Console,Europe,Drama,premium,0,0,,,,
2026-07-12 05:09:47,sess_000658,cust_0049,play,Tablet,North America,Drama,standard,917,0,4500 kbps,,,
2026-07-12 05:11:38,sess_000658,cust_0049,play,Tablet,North America,Action,standard,503,0,480p-2000kbps,,,
2026-07-12 05:17:19,sess_000721,cust_0097,play,Console,Europe,Horror,premium,915,0,2000 kbps,,,
2026-07-12 05:25:55,sess_000658,cust_0049,pause,Tablet,North America,Documentary,standard,0,0,,,,
2026-07-12 05:28:02,sess_000721,cust_0097,play,Console,Europe,Comedy,premium,1726,0,1500 kbps,,,
2026-07-12 05:31:16,sess_000807,cust_0086,session_start,Web,Europe,,Standard,0,0,,,,
2026-07-12 05:32:40,sess_000658,cust_0049,pause,Tablet,North America,Comedy,standard,0,0,,,,
2026-07-12 05:38:55,sess_000807,cust_0086,play,Web,Europe,Action,Standard,1207,0,1500kbps,,,
2026-07-12 05:40:17,sess_000721,cust_0097,play,Console,Europe,Documentary,premium,540,0,1500kbps,,,
2026-07-12 05:42:16,sess_000721,cust_0097,session_end,Console,Europe,,premium,0,0,,,95%,N/A
2026-07-12 05:43:02,sess_000658,cust_0049,play,Tablet,North America,Kids,standard,1105,0,1080p-8000kbps,,,
2026-07-12 05:48:15,sess_000807,cust_0086,pause,Web,Europe,Documentary,Standard,0,0,,,,
2026-07-12 05:54:19,sess_000807,cust_0086,play,Web,Europe,SciFi,Standard,625,0,3000 kbps,,,
2026-07-12 05:55:00,sess_000807,cust_0086,session_end,Web,Europe,,Standard,0,0,,,95%,1
2026-07-12 05:55:12,sess_000658,cust_0049,play,Tablet,North America,Drama,standard,200,0,3000kbps,,,
2026-07-12 06:09:36,sess_000658,cust_0049,play,Tablet,North America,Horror,standard,1736,0,6000 kbps,,,
2026-07-12 06:11:38,sess_000665,cust_0093,session_start,Smart TV,Africa,,premium plus,0,0,,,,
2026-07-12 06:12:47,sess_000665,cust_0093,pause,Smart TV,Africa,Drama,premium plus,0,0,,,,
2026-07-12 06:17:09,sess_000658,cust_0049,play,Tablet,North America,SciFi,standard,869,0,2000 kbps,,,
2026-07-12 06:17:56,sess_000658,cust_0049,session_end,Tablet,North America,,standard,0,0,,,100%,n/a
2026-07-12 06:18:39,sess_000665,cust_0093,play,Smart TV,Africa,Horror,premium plus,500,0,480p-1500kbps,,,
2026-07-12 06:19:34,sess_000665,cust_0093,error,Smart TV,Africa,Horror,premium plus,0,0,,E2002,,
2026-07-12 06:21:10,sess_000665,cust_0093,session_end,Smart TV,Africa,,premium plus,0,0,,,80%,3
2026-07-12 08:30:26,sess_000058,cust_0090,session_start,Mobile,North America,,STD,0,0,,,,
2026-07-12 08:43:57,sess_000058,cust_0090,play,Mobile,North America,Horror,STD,1386,0,1080p-6000kbps,,,
2026-07-12 08:47:03,sess_000058,cust_0090,error,Mobile,North America,Drama,STD,0,0,,E1001,,
2026-07-12 09:13:43,sess_000316,cust_0084,session_start,Mobile,APAC,,BASIC,0,0,,,,
2026-07-12 09:20:33,sess_000316,cust_0084,pause,Mobile,APAC,Documentary,BASIC,0,0,,,,
2026-07-12 09:28:16,sess_000592,cust_0045,session_start,Mobile,North America,,Premium,0,0,,,,
2026-07-12 09:28:41,sess_000592,cust_0045,error,Mobile,North America,Kids,Premium,0,0,,E3003,,
2026-07-12 09:34:55,sess_000316,cust_0084,pause,Mobile,APAC,Comedy,BASIC,0,0,,,,
2026-07-12 09:35:40,sess_000316,cust_0084,session_end,Mobile,APAC,,BASIC,0,0,,,45%,4.0
2026-07-12 09:38:12,sess_000592,cust_0045,play,Mobile,North America,Horror,Premium,490,0,720p-3000kbps,,,
2026-07-12 09:44:52,sess_000792,cust_0050,session_start,Tablet,APAC,,basic ,0,0,,,,
2026-07-12 09:50:06,sess_000792,cust_0050,buffer,Tablet,APAC,Drama,basic ,0,4754,,,,
2026-07-12 09:53:12,sess_000592,cust_0045,play,Mobile,North America,SciFi,Premium,344,0,720p-4500kbps,,,
2026-07-12 09:57:15,sess_000592,cust_0045,play,Mobile,North America,Kids,Premium,1524,0,1080p-8000kbps,,,
2026-07-12 10:04:55,sess_000792,cust_0050,play,Tablet,APAC,Action,basic ,293,0,6000kbps,,,
2026-07-12 10:06:06,sess_000592,cust_0045,play,Mobile,North America,Kids,Premium,1041,0,2000 kbps,,,
2026-07-12 10:15:09,sess_000592,cust_0045,play,Mobile,North America,Horror,Premium,1767,0,8000kbps,,,
2026-07-12 10:17:27,sess_000792,cust_0050,pause,Tablet,APAC,Drama,basic ,0,0,,,,
2026-07-12 10:20:36,sess_000592,cust_0045,play,Mobile,North America,Comedy,Premium,298,0,480p-2000kbps,,,
2026-07-12 10:28:59,sess_000792,cust_0050,pause,Tablet,APAC,SciFi,basic ,0,0,,,,
2026-07-12 10:30:46,sess_000792,cust_0050,session_end,Tablet,APAC,,basic ,0,0,,,100%,5.0
2026-07-12 10:34:13,sess_000592,cust_0045,play,Mobile,North America,Comedy,Premium,970,0,720p-3000kbps,,,
2026-07-12 10:34:50,sess_000592,cust_0045,session_end,Mobile,North America,,Premium,0,0,,,75%,
2026-07-12 13:06:53,sess_000278,cust_0071,session_start,Mobile,Europe,,standard,0,0,,,,
2026-07-12 13:09:58,sess_000278,cust_0071,buffer,Mobile,Europe,SciFi,standard,0,2766,,,,
2026-07-12 13:16:47,sess_000278,cust_0071,play,Mobile,Europe,Comedy,standard,1250,0,2000kbps,,,
2026-07-12 13:18:26,sess_000278,cust_0071,session_end,Mobile,Europe,,standard,0,0,,,45%,N/A
2026-07-12 15:14:03,sess_000269,cust_0071,session_start,Mobile,Europe,,Standard,0,0,,,,
2026-07-12 15:16:14,sess_000269,cust_0071,play,Mobile,Europe,Action,Standard,997,0,720p-4500kbps,,,
2026-07-12 15:16:33,sess_000269,cust_0071,play,Mobile,Europe,Action,Standard,1634,0,1080p-8000kbps,,,
2026-07-12 15:26:27,sess_000269,cust_0071,play,Mobile,Europe,Comedy,Standard,1559,0,8000 kbps,,,
2026-07-12 15:32:19,sess_000269,cust_0071,play,Mobile,Europe,Documentary,Standard,1284,0,480p-2000kbps,,,
2026-07-12 15:34:28,sess_000269,cust_0071,buffer,Mobile,Europe,Kids,Standard,0,1572,,,,
2026-07-12 15:46:15,sess_000269,cust_0071,pause,Mobile,Europe,Comedy,Standard,0,0,,,,
2026-07-12 15:57:03,sess_000269,cust_0071,play,Mobile,Europe,Kids,Standard,290,0,8000kbps,,,
2026-07-12 16:04:34,sess_000269,cust_0071,buffer,Mobile,Europe,Kids,Standard,0,730,,,,
2026-07-12 16:15:52,sess_000269,cust_0071,play,Mobile,Europe,Documentary,Standard,1109,0,2000kbps,,,
2026-07-12 16:23:12,sess_000269,cust_0071,play,Mobile,Europe,Action,Standard,349,0,6000kbps,,,
2026-07-12 16:24:52,sess_000269,cust_0071,play,Mobile,Europe,Drama,Standard,422,0,720p-4500kbps,,,
2026-07-12 16:33:09,sess_000269,cust_0071,play,Mobile,Europe,Horror,Standard,1433,0,3000 kbps,,,
2026-07-12 16:35:06,sess_000269,cust_0071,session_end,Mobile,Europe,,Standard,0,0,,,90%,1 stars
2026-07-12 17:00:24,sess_000418,cust_0021,session_start,Tablet,LATAM,,standard,0,0,,,,
2026-07-12 17:04:34,sess_000418,cust_0021,buffer,Tablet,LATAM,Kids,standard,0,508,,,,
2026-07-12 17:05:31,sess_000418,cust_0021,error,Tablet,LATAM,Drama,standard,0,0,,E1001,,
2026-07-12 17:13:02,sess_000418,cust_0021,play,Tablet,LATAM,Action,standard,667,0,1500kbps,,,
2026-07-12 17:27:28,sess_000418,cust_0021,play,Tablet,LATAM,Action,standard,1309,0,8000 kbps,,,
2026-07-12 17:37:42,sess_000418,cust_0021,play,Tablet,LATAM,Horror,standard,103,0,1080p-6000kbps,,,
2026-07-12 17:41:27,sess_000418,cust_0021,error,Tablet,LATAM,Kids,standard,0,0,,E2002,,
2026-07-12 18:36:17,sess_000988,cust_0026,session_start,Web,North America,,PREM,0,0,,,,
2026-07-12 18:36:43,sess_000988,cust_0026,pause,Web,North America,Documentary,PREM,0,0,,,,
2026-07-12 18:37:14,sess_000988,cust_0026,pause,Web,North America,Kids,PREM,0,0,,,,
2026-07-12 18:49:05,sess_000988,cust_0026,buffer,Web,North America,Documentary,PREM,0,1463,,,,
2026-07-12 18:49:50,sess_000988,cust_0026,pause,Web,North America,Horror,PREM,0,0,,,,
2026-07-12 18:55:19,sess_000988,cust_0026,buffer,Web,North America,Drama,PREM,0,3410,,,,
2026-07-12 18:57:52,sess_000342,cust_0112,session_start,Smart TV,Africa,,Premium,0,0,,,,
2026-07-12 19:02:31,sess_000988,cust_0026,play,Web,North America,Action,PREM,197,0,6000 kbps,,,
2026-07-12 19:11:29,sess_000988,cust_0026,play,Web,North America,Horror,PREM,604,0,720p-3000kbps,,,
2026-07-12 19:11:41,sess_000342,cust_0112,play,Smart TV,Africa,Action,Premium,1729,0,1080p-8000kbps,,,
2026-07-12 19:12:37,sess_000988,cust_0026,play,Web,North America,SciFi,PREM,265,0,8000kbps,,,
2026-07-12 19:13:39,sess_000988,cust_0026,session_end,Web,North America,,PREM,0,0,,,90%,
2026-07-12 19:24:14,sess_000342,cust_0112,pause,Smart TV,Africa,SciFi,Premium,0,0,,,,
2026-07-12 19:28:08,sess_000832,cust_0005,session_start,Mobile,Africa,,premium,0,0,,,,
2026-07-12 19:28:50,sess_000342,cust_0112,buffer,Smart TV,Africa,Kids,Premium,0,357,,,,
2026-07-12 19:37:48,sess_000342,cust_0112,pause,Smart TV,Africa,Drama,Premium,0,0,,,,
2026-07-12 19:39:38,sess_000832,cust_0005,play,Mobile,Africa,Horror,premium,1480,0,480p-1500kbps,,,
2026-07-12 19:40:16,sess_000965,cust_0015,session_start,Console,LATAM,,PREM,0,0,,,,
2026-07-12 19:41:55,sess_000342,cust_0112,play,Smart TV,Africa,SciFi,Premium,1621,0,2000 kbps,,,
2026-07-12 19:47:25,sess_000832,cust_0005,play,Mobile,Africa,Kids,premium,472,0,480p-1500kbps,,,
2026-07-12 19:50:26,sess_000342,cust_0112,pause,Smart TV,Africa,Action,Premium,0,0,,,,
2026-07-12 19:52:49,sess_000965,cust_0015,pause,Console,LATAM,SciFi,PREM,0,0,,,,
2026-07-12 19:53:32,sess_000832,cust_0005,play,Mobile,Africa,Drama,premium,1502,0,6000kbps,,,
2026-07-12 19:58:47,sess_000342,cust_0112,error,Smart TV,Africa,Kids,Premium,0,0,,E2002,,
2026-07-12 20:00:49,sess_000054,cust_0080,session_start,Console,APAC,,Premium,0,0,,,,
2026-07-12 20:03:14,sess_000213,cust_0122,session_start,Smart TV,APAC,,basic,0,0,,,,
2026-07-12 20:06:43,sess_000342,cust_0112,play,Smart TV,Africa,SciFi,Premium,984,0,8000 kbps,,,
2026-07-12 20:07:17,sess_000832,cust_0005,play,Mobile,Africa,Documentary,premium,871,0,1080p-8000kbps,,,
2026-07-12 20:07:39,sess_000965,cust_0015,play,Console,LATAM,Drama,PREM,888,0,3000kbps,,,
2026-07-12 20:08:39,sess_000342,cust_0112,play,Smart TV,Africa,Kids,Premium,1416,0,6000kbps,,,
2026-07-12 20:09:09,sess_000965,cust_0015,buffer,Console,LATAM,Documentary,PREM,0,1021,,,,
2026-07-12 20:09:37,sess_000965,cust_0015,session_end,Console,LATAM,,PREM,0,0,,,45%,1 stars
2026-07-12 20:11:28,sess_000054,cust_0080,play,Console,APAC,SciFi,Premium,1613,0,720p-3000kbps,,,
2026-07-12 20:12:40,sess_000832,cust_0005,play,Mobile,Africa,Kids,premium,1479,0,3000kbps,,,
2026-07-12 20:13:10,sess_000213,cust_0122,error,Smart TV,APAC,Action,basic,0,0,,E3003,,
2026-07-12 20:16:41,sess_000054,cust_0080,pause,Console,APAC,Drama,Premium,0,0,,,,
2026-07-12 20:21:09,sess_000054,cust_0080,error,Console,APAC,Documentary,Premium,0,0,,E1001,,
2026-07-12 20:22:01,sess_000832,cust_0005,play,Mobile,Africa,SciFi,premium,300,0,720p-4500kbps,,,
2026-07-12 20:23:14,sess_000342,cust_0112,play,Smart TV,Africa,Action,Premium,188,0,4500 kbps,,,
2026-07-12 20:23:26,sess_000054,cust_0080,error,Console,APAC,Horror,Premium,0,0,,E1001,,
2026-07-12 20:25:10,sess_000342,cust_0112,session_end,Smart TV,Africa,,Premium,0,0,,,95%,1
2026-07-12 20:25:16,sess_000054,cust_0080,play,Console,APAC,Kids,Premium,116,0,4500kbps,,,
2026-07-12 20:26:07,sess_000832,cust_0005,play,Mobile,Africa,Horror,premium,1194,0,2000kbps,,,
2026-07-12 20:27:21,sess_000832,cust_0005,session_end,Mobile,Africa,,premium,0,0,,,45%,4.0
2026-07-12 20:39:49,sess_000054,cust_0080,error,Console,APAC,SciFi,Premium,0,0,,E4004,,
2026-07-12 20:41:35,sess_000054,cust_0080,play,Console,APAC,Comedy,Premium,1260,0,480p-1500kbps,,,
2026-07-12 20:50:15,sess_000054,cust_0080,error,Console,APAC,Drama,Premium,0,0,,E1001,,
2026-07-12 21:02:56,sess_000258,cust_0003,session_start,Console,APAC,,Standard ,0,0,,,,
2026-07-12 21:09:36,sess_000258,cust_0003,play,Console,APAC,Action,Standard ,1312,0,480p-1500kbps,,,
2026-07-12 21:17:20,sess_000258,cust_0003,error,Console,APAC,Action,Standard ,0,0,,E4004,,
2026-07-12 21:27:57,sess_000258,cust_0003,error,Console,APAC,Comedy,Standard ,0,0,,E3003,,
2026-07-12 21:38:19,sess_000258,cust_0003,play,Console,APAC,Action,Standard ,437,0,480p-2000kbps,,,
2026-07-12 21:39:40,sess_000258,cust_0003,session_end,Console,APAC,,Standard ,0,0,,,45%,N/A
2026-07-12 22:01:18,sess_000940,cust_0012,session_start,Web,Europe,,BASIC,0,0,,,,
2026-07-12 22:03:09,sess_000940,cust_0012,play,Web,Europe,Action,BASIC,812,0,2000kbps,,,
2026-07-12 22:15:42,sess_000940,cust_0012,play,Web,Europe,Documentary,BASIC,1124,0,3000 kbps,,,
2026-07-12 22:30:28,sess_000940,cust_0012,error,Web,Europe,SciFi,BASIC,0,0,,E4004,,
2026-07-13 00:05:52,sess_000307,cust_0008,session_start,Tablet,LATAM,,premium plus,0,0,,,,
2026-07-13 00:18:45,sess_000307,cust_0008,buffer,Tablet,LATAM,Kids,premium plus,0,3168,,,,
2026-07-13 00:28:29,sess_000879,cust_0052,session_start,Mobile,LATAM,,standard,0,0,,,,
2026-07-13 00:31:38,sess_000307,cust_0008,play,Tablet,LATAM,Horror,premium plus,395,0,480p-2000kbps,,,
2026-07-13 00:38:31,sess_000307,cust_0008,pause,Tablet,LATAM,Documentary,premium plus,0,0,,,,
2026-07-13 00:39:53,sess_000307,cust_0008,session_end,Tablet,LATAM,,premium plus,0,0,,,100%,3.0
2026-07-13 00:43:00,sess_000879,cust_0052,play,Mobile,LATAM,Comedy,standard,707,0,4500kbps,,,
2026-07-13 00:43:40,sess_000879,cust_0052,pause,Mobile,LATAM,Kids,standard,0,0,,,,
2026-07-13 00:57:56,sess_000879,cust_0052,pause,Mobile,LATAM,SciFi,standard,0,0,,,,
2026-07-13 00:59:03,sess_000879,cust_0052,session_end,Mobile,LATAM,,standard,0,0,,,100%,3
2026-07-13 02:17:46,sess_000957,cust_0150,session_start,Smart TV,LATAM,,BASIC,0,0,,,,
2026-07-13 02:21:32,sess_000957,cust_0150,play,Smart TV,LATAM,Comedy,BASIC,1039,0,6000kbps,,,
2026-07-13 02:28:57,sess_000957,cust_0150,play,Smart TV,LATAM,SciFi,BASIC,1533,0,480p-2000kbps,,,
2026-07-13 02:33:17,sess_000957,cust_0150,play,Smart TV,LATAM,Documentary,BASIC,1310,0,1500kbps,,,
2026-07-13 02:39:54,sess_000957,cust_0150,pause,Smart TV,LATAM,Comedy,BASIC,0,0,,,,
2026-07-13 02:41:05,sess_000957,cust_0150,play,Smart TV,LATAM,Kids,BASIC,1629,0,480p-2000kbps,,,
2026-07-13 02:46:23,sess_000957,cust_0150,play,Smart TV,LATAM,Kids,BASIC,1240,0,6000kbps,,,
2026-07-13 03:01:10,sess_000957,cust_0150,play,Smart TV,LATAM,Drama,BASIC,627,0,2000kbps,,,
2026-07-13 03:13:17,sess_000555,cust_0104,session_start,Console,Europe,,standard,0,0,,,,
2026-07-13 03:13:24,sess_000957,cust_0150,pause,Smart TV,LATAM,Action,BASIC,0,0,,,,
2026-07-13 03:14:22,sess_000555,cust_0104,play,Console,Europe,Action,standard,1085,0,480p-1500kbps,,,
2026-07-13 03:21:38,sess_000555,cust_0104,play,Console,Europe,Horror,standard,120,0,480p-2000kbps,,,
2026-07-13 03:22:09,sess_000957,cust_0150,play,Smart TV,LATAM,Kids,BASIC,104,0,6000 kbps,,,
2026-07-13 03:26:28,sess_000555,cust_0104,pause,Console,Europe,Comedy,standard,0,0,,,,
2026-07-13 03:27:49,sess_000957,cust_0150,pause,Smart TV,LATAM,SciFi,BASIC,0,0,,,,
2026-07-13 03:28:23,sess_000957,cust_0150,session_end,Smart TV,LATAM,,BASIC,0,0,,,75%,2 stars
2026-07-13 03:39:38,sess_000555,cust_0104,play,Console,Europe,Comedy,standard,721,0,720p-4500kbps,,,
2026-07-13 03:49:22,sess_000555,cust_0104,pause,Console,Europe,SciFi,standard,0,0,,,,
2026-07-13 04:01:30,sess_000555,cust_0104,play,Console,Europe,Drama,standard,560,0,1080p-6000kbps,,,
2026-07-13 04:08:05,sess_000805,cust_0138,session_start,Smart TV,Africa,,Standard ,0,0,,,,
2026-07-13 04:09:52,sess_000555,cust_0104,play,Console,Europe,Horror,standard,1310,0,1080p-6000kbps,,,
2026-07-13 04:11:46,sess_000555,cust_0104,session_end,Console,Europe,,standard,0,0,,,N/A,
2026-07-13 04:17:47,sess_000805,cust_0138,pause,Smart TV,Africa,Documentary,Standard ,0,0,,,,
2026-07-13 04:30:48,sess_000805,cust_0138,play,Smart TV,Africa,Documentary,Standard ,834,0,6000 kbps,,,
2026-07-13 04:37:46,sess_000805,cust_0138,play,Smart TV,Africa,Action,Standard ,616,0,2000kbps,,,
2026-07-13 04:38:24,sess_000805,cust_0138,session_end,Smart TV,Africa,,Standard ,0,0,,,75%,2
2026-07-13 07:13:50,sess_000913,cust_0109,session_start,,North America,,STD,0,0,,,,
2026-07-13 07:20:46,sess_000913,cust_0109,error,,North America,Drama,STD,0,0,,E4004,,
2026-07-13 09:19:48,sess_000139,cust_0096,session_start,Web,Africa,,BASIC,0,0,,,,
2026-07-13 09:32:05,sess_000139,cust_0096,play,Web,Africa,Kids,BASIC,1161,0,4500 kbps,,,
2026-07-13 09:32:42,sess_000139,cust_0096,pause,Web,Africa,SciFi,BASIC,0,0,,,,
2026-07-13 09:34:50,sess_000139,cust_0096,buffer,Web,Africa,Kids,BASIC,0,3802,,,,
2026-07-13 09:39:20,sess_000139,cust_0096,play,Web,Africa,Kids,BASIC,1100,0,2000kbps,,,
2026-07-13 09:50:37,sess_000139,cust_0096,play,Web,Africa,Kids,BASIC,821,0,1080p-8000kbps,,,
2026-07-13 10:04:11,sess_000139,cust_0096,play,Web,Africa,Kids,BASIC,440,0,3000kbps,,,
2026-07-13 10:06:24,sess_000139,cust_0096,play,Web,Africa,Action,BASIC,235,0,720p-3000kbps,,,
2026-07-13 10:07:08,sess_000139,cust_0096,session_end,Web,Africa,,BASIC,0,0,,,100%,n/a
2026-07-13 11:04:11,sess_000900,cust_0145,session_start,Smart TV,APAC,,basic,0,0,,,,
2026-07-13 11:06:01,sess_000900,cust_0145,buffer,Smart TV,APAC,Documentary,basic,0,1194,,,,
2026-07-13 11:13:49,sess_000900,cust_0145,play,Smart TV,APAC,SciFi,basic,716,0,1500kbps,,,
2026-07-13 11:18:56,sess_000900,cust_0145,play,Smart TV,APAC,Drama,basic,477,0,4500kbps,,,
2026-07-13 11:28:25,sess_000900,cust_0145,play,Smart TV,APAC,Kids,basic,1313,0,1080p-6000kbps,,,
2026-07-13 11:32:39,sess_000900,cust_0145,play,Smart TV,APAC,Comedy,basic,1764,0,4500 kbps,,,
2026-07-13 11:35:42,sess_000900,cust_0145,play,Smart TV,APAC,Drama,basic,91,0,1500kbps,,,
2026-07-13 11:42:14,sess_000692,cust_0094,session_start,Mobile,APAC,,PREM,0,0,,,,
2026-07-13 11:47:04,sess_000692,cust_0094,play,Mobile,APAC,Documentary,PREM,1145,0,1500kbps,,,
2026-07-13 11:47:28,sess_000692,cust_0094,play,Mobile,APAC,Action,PREM,1692,0,720p-3000kbps,,,
2026-07-13 11:49:44,sess_000900,cust_0145,play,Smart TV,APAC,Horror,basic,731,0,3000kbps,,,
2026-07-13 11:57:11,sess_000900,cust_0145,play,Smart TV,APAC,Documentary,basic,1232,0,4500kbps,,,
2026-07-13 11:58:04,sess_000900,cust_0145,session_end,Smart TV,APAC,,basic,0,0,,,N/A,N/A
2026-07-13 12:00:40,sess_000692,cust_0094,play,Mobile,APAC,Horror,PREM,1637,0,1500 kbps,,,
2026-07-13 12:11:07,sess_000692,cust_0094,play,Mobile,APAC,Documentary,PREM,864,0,1080p-8000kbps,,,
2026-07-13 12:23:53,sess_000692,cust_0094,pause,Mobile,APAC,Drama,PREM,0,0,,,,
2026-07-13 12:35:02,sess_000692,cust_0094,play,Mobile,APAC,Horror,PREM,1395,0,4500 kbps,,,
2026-07-13 12:48:23,sess_000692,cust_0094,play,Mobile,APAC,Documentary,PREM,1601,0,2000kbps,,,
2026-07-13 12:51:01,sess_000683,cust_0035,session_start,Smart TV,Europe,,STD,0,0,,,,
2026-07-13 12:52:46,sess_000463,cust_0032,session_start,Web,LATAM,,STD,0,0,,,,
2026-07-13 12:59:28,sess_000692,cust_0094,play,Mobile,APAC,Action,PREM,1583,0,720p-3000kbps,,,
2026-07-13 13:04:48,sess_000683,cust_0035,pause,Smart TV,Europe,Action,STD,0,0,,,,
2026-07-13 13:04:53,sess_000463,cust_0032,pause,Web,LATAM,Drama,STD,0,0,,,,
2026-07-13 13:05:19,sess_000692,cust_0094,play,Mobile,APAC,Kids,PREM,184,0,1500kbps,,,
2026-07-13 13:11:57,sess_000463,cust_0032,play,Web,LATAM,Horror,STD,1623,0,3000kbps,,,
2026-07-13 13:17:22,sess_000692,cust_0094,play,Mobile,APAC,Drama,PREM,1189,0,2000kbps,,,
2026-07-13 13:18:08,sess_000692,cust_0094,session_end,Mobile,APAC,,PREM,0,0,,,80%,3
2026-07-13 13:18:33,sess_000683,cust_0035,play,Smart TV,Europe,Documentary,STD,1526,0,1080p-6000kbps,,,
2026-07-13 13:19:05,sess_000683,cust_0035,session_end,Smart TV,Europe,,STD,0,0,,,80%,
2026-07-13 13:23:44,sess_000463,cust_0032,play,Web,LATAM,Action,STD,542,0,8000 kbps,,,
2026-07-13 13:26:40,sess_000463,cust_0032,play,Web,LATAM,Documentary,STD,1034,0,1500kbps,,,
2026-07-13 13:29:11,sess_000463,cust_0032,play,Web,LATAM,Horror,STD,336,0,8000kbps,,,
2026-07-13 13:31:37,sess_000463,cust_0032,play,Web,LATAM,Horror,STD,1251,0,1080p-8000kbps,,,
2026-07-13 13:33:32,sess_000463,cust_0032,play,Web,LATAM,Drama,STD,1597,0,4500 kbps,,,
2026-07-13 13:44:07,sess_000463,cust_0032,pause,Web,LATAM,Kids,STD,0,0,,,,
2026-07-13 13:45:48,sess_000463,cust_0032,play,Web,LATAM,Drama,STD,1390,0,720p-4500kbps,,,
2026-07-13 13:54:48,sess_000463,cust_0032,buffer,Web,,SciFi,STD,0,972,,,,
2026-07-13 14:02:19,sess_000463,cust_0032,play,Web,LATAM,SciFi,STD,1419,0,1500 kbps,,,
2026-07-13 14:03:41,sess_000463,cust_0032,session_end,Web,LATAM,,STD,0,0,,,87%,n/a
2026-07-13 17:18:15,sess_000335,cust_0072,session_start,Mobile,North America,,STD,0,0,,,,
2026-07-13 17:23:31,sess_000335,cust_0072,play,Mobile,North America,Kids,STD,909,0,4500 kbps,,,
2026-07-13 17:26:47,sess_000335,cust_0072,play,Mobile,North America,Drama,STD,476,0,6000kbps,,,
2026-07-13 17:36:41,sess_000335,cust_0072,play,Mobile,North America,Drama,STD,771,0,4500 kbps,,,
2026-07-13 17:43:18,sess_000335,cust_0072,pause,Mobile,North America,Documentary,STD,0,0,,,,
2026-07-13 17:53:49,sess_000335,cust_0072,play,Mobile,North America,SciFi,STD,876,0,4500kbps,,,
2026-07-13 18:01:37,sess_000335,cust_0072,play,Mobile,North America,Kids,STD,151,0,480p-1500kbps,,,
2026-07-13 18:14:15,sess_000335,cust_0072,play,Mobile,North America,Kids,STD,51,0,1500kbps,,,
2026-07-13 18:23:28,sess_000335,cust_0072,play,Mobile,North America,Comedy,STD,59,0,8000 kbps,,,
2026-07-13 18:32:04,sess_000335,cust_0072,play,Mobile,North America,Action,STD,1580,0,4500 kbps,,,
2026-07-13 18:33:32,sess_000335,cust_0072,play,Mobile,North America,SciFi,STD,931,0,6000 kbps,,,
2026-07-13 18:37:24,sess_000335,cust_0072,play,Mobile,North America,Horror,STD,1436,0,3000kbps,,,
2026-07-13 18:42:20,sess_000335,cust_0072,play,Mobile,North America,Documentary,STD,241,0,2000 kbps,,,
2026-07-13 18:42:56,sess_000335,cust_0072,session_end,Mobile,North America,,STD,0,0,,,87%,n/a
2026-07-13 19:02:14,sess_000921,cust_0116,session_start,Web,Europe,,standard,0,0,,,,
2026-07-13 19:14:15,sess_000921,cust_0116,buffer,Web,Europe,Horror,standard,0,1517,,,,
2026-07-13 19:22:06,sess_000921,cust_0116,play,Web,Europe,Documentary,standard,953,0,720p-4500kbps,,,
2026-07-13 19:26:26,sess_000921,cust_0116,play,Web,Europe,Comedy,standard,391,0,1080p-8000kbps,,,
2026-07-13 19:34:14,sess_000921,cust_0116,play,Web,Europe,Horror,standard,516,0,480p-2000kbps,,,
2026-07-13 19:35:29,sess_000921,cust_0116,play,Web,Europe,Documentary,standard,1474,0,4500kbps,,,
2026-07-13 19:46:50,sess_000921,cust_0116,buffer,Web,Europe,Drama,standard,0,1013,,,,
2026-07-13 19:51:04,sess_000921,cust_0116,pause,Web,Europe,Action,standard,0,0,,,,
2026-07-13 19:51:19,sess_000921,cust_0116,play,Web,Europe,Documentary,standard,401,0,4500kbps,,,
2026-07-13 20:06:10,sess_000921,cust_0116,play,Web,Europe,Documentary,standard,1415,0,6000 kbps,,,
2026-07-13 20:11:46,sess_000359,cust_0119,session_start,Smart TV,Africa,,Standard,0,0,,,,
2026-07-13 20:12:29,sess_000359,cust_0119,play,Smart TV,Africa,Kids,Standard,306,0,1080p-6000kbps,,,
2026-07-13 20:16:53,sess_000921,cust_0116,play,Web,Europe,Action,standard,1278,0,480p-2000kbps,,,
2026-07-13 20:21:10,sess_000921,cust_0116,play,Web,Europe,Comedy,standard,1064,0,3000kbps,,,
2026-07-13 20:21:45,sess_000921,cust_0116,session_end,Web,,,standard,0,0,,,,N/A
2026-07-13 20:26:30,sess_000359,cust_0119,play,Smart TV,Africa,SciFi,Standard,980,0,8000 kbps,,,
2026-07-13 20:26:53,sess_000359,cust_0119,play,Smart TV,Africa,Kids,Standard,1024,0,8000kbps,,,
2026-07-13 20:37:53,sess_000359,cust_0119,pause,Smart TV,Africa,SciFi,Standard,0,0,,,,
2026-07-13 20:50:55,sess_000359,cust_0119,buffer,Smart TV,Africa,Documentary,Standard,0,2530,,,,
2026-07-13 20:51:19,sess_000359,cust_0119,play,Smart TV,Africa,Documentary,Standard,1171,0,720p-3000kbps,,,
2026-07-13 20:57:20,sess_000359,cust_0119,pause,Smart TV,Africa,Documentary,Standard,0,0,,,,
2026-07-13 21:10:55,sess_000359,cust_0119,pause,Smart TV,Africa,Comedy,Standard,0,0,,,,
2026-07-13 21:21:30,sess_000359,cust_0119,error,Smart TV,Africa,Documentary,Standard,0,0,,E4004,,
2026-07-14 00:05:16,sess_000928,cust_0017,session_start,Mobile,North America,,PREM,0,0,,,,
2026-07-14 00:15:42,sess_000928,cust_0017,play,Mobile,North America,Kids,PREM,704,0,1080p-6000kbps,,,
2026-07-14 00:18:39,sess_000928,cust_0017,buffer,Mobile,North America,Horror,PREM,0,2322,,,,
2026-07-14 00:25:50,sess_000928,cust_0017,play,Mobile,North America,Horror,PREM,1540,0,6000 kbps,,,
2026-07-14 00:39:50,sess_000928,cust_0017,play,Mobile,North America,Drama,PREM,497,0,8000kbps,,,
2026-07-14 00:43:45,sess_000928,cust_0017,buffer,Mobile,North America,Kids,PREM,0,2134,,,,
2026-07-14 00:56:48,sess_000928,cust_0017,play,Mobile,North America,Kids,PREM,430,0,480p-1500kbps,,,
2026-07-14 01:06:25,sess_000928,cust_0017,play,Mobile,North America,Drama,PREM,1791,0,4500 kbps,,,
2026-07-14 01:18:26,sess_000928,cust_0017,play,Mobile,North America,SciFi,PREM,588,0,4500 kbps,,,
2026-07-14 01:19:13,sess_000928,cust_0017,session_end,Mobile,North America,,PREM,0,0,,,45%,N/A
2026-07-14 02:24:51,sess_000219,cust_0004,session_start,Web,Africa,,standard,0,0,,,,
2026-07-14 02:39:28,sess_000219,cust_0004,play,Web,Africa,Horror,standard,365,0,480p-1500kbps,,,
2026-07-14 02:39:55,sess_000122,cust_0123,session_start,Smart TV,Europe,,basic ,0,0,,,,
2026-07-14 02:45:22,sess_000122,cust_0123,buffer,Smart TV,Europe,Horror,basic ,0,3577,,,,
2026-07-14 02:47:52,sess_000122,cust_0123,play,Smart TV,Europe,Documentary,basic ,1738,0,480p-2000kbps,,,
2026-07-14 02:50:25,sess_000219,cust_0004,play,Web,Africa,Kids,standard,1491,0,1080p-6000kbps,,,
2026-07-14 02:56:52,sess_000122,cust_0123,play,Smart TV,Europe,Action,basic ,313,0,1500 kbps,,,
2026-07-14 02:59:18,sess_000122,cust_0123,play,Smart TV,Europe,Kids,basic ,798,0,8000kbps,,,
2026-07-14 02:59:39,sess_000122,cust_0123,session_end,Smart TV,Europe,,basic ,0,0,,,60%,4.0
2026-07-14 03:04:10,sess_000219,cust_0004,play,Web,Africa,Horror,standard,1156,0,480p-2000kbps,,,
2026-07-14 03:10:37,sess_000219,cust_0004,buffer,Web,Africa,Comedy,standard,0,447,,,,
2026-07-14 03:20:33,sess_000219,cust_0004,play,Web,Africa,Comedy,standard,590,0,720p-4500kbps,,,
2026-07-14 03:23:24,sess_000219,cust_0004,play,Web,Africa,Comedy,standard,1057,0,2000kbps,,,
2026-07-14 03:24:39,sess_000219,cust_0004,session_end,Web,Africa,,standard,0,0,,,90%,4 stars
2026-07-14 03:52:00,sess_000864,cust_0121,session_start,Smart TV,Africa,,premium,0,0,,,,
2026-07-14 04:06:22,sess_000864,cust_0121,buffer,Smart TV,Africa,Horror,premium,0,1101,,,,
2026-07-14 04:07:43,sess_000864,cust_0121,play,Smart TV,Africa,Horror,premium,1566,0,4500kbps,,,
2026-07-14 04:21:58,sess_000864,cust_0121,error,Smart TV,Africa,Comedy,premium,0,0,,E3003,,
2026-07-14 05:07:29,sess_000362,cust_0043,session_start,Smart TV,LATAM,,standard,0,0,,,,
2026-07-14 05:10:10,sess_000380,cust_0082,session_start,Smart TV,Africa,,PREM,0,0,,,,
2026-07-14 05:13:59,sess_000362,cust_0043,play,Smart TV,LATAM,Comedy,standard,1735,0,2000kbps,,,
2026-07-14 05:19:18,sess_000362,cust_0043,play,Smart TV,LATAM,Kids,standard,342,0,480p-2000kbps,,,
2026-07-14 05:24:53,sess_000380,cust_0082,play,Smart TV,Africa,Kids,PREM,495,0,6000 kbps,,,
2026-07-14 05:26:11,sess_000362,cust_0043,buffer,Smart TV,LATAM,Comedy,standard,0,2623,,,,
2026-07-14 05:27:15,sess_000362,cust_0043,session_end,Smart TV,LATAM,,standard,0,0,,,60%,4 stars
2026-07-14 05:37:41,sess_000380,cust_0082,play,Smart TV,Africa,Documentary,PREM,300,0,8000kbps,,,
2026-07-14 05:50:11,sess_000380,cust_0082,play,Smart TV,Africa,Kids,PREM,897,0,8000kbps,,,
2026-07-14 05:56:18,sess_000380,cust_0082,play,Smart TV,Africa,Horror,PREM,1379,0,3000 kbps,,,
2026-07-14 06:04:55,sess_000380,cust_0082,error,Smart TV,Africa,SciFi,PREM,0,0,,E4004,,
2026-07-14 06:15:49,sess_000380,cust_0082,buffer,Smart TV,Africa,Comedy,PREM,0,1465,,,,
2026-07-14 06:15:59,sess_000380,cust_0082,session_end,Smart TV,Africa,,PREM,0,0,,,100%,2.0
2026-07-14 12:17:44,sess_000529,cust_0018,session_start,Smart TV,Africa,,Basic,0,0,,,,
2026-07-14 12:28:37,sess_000529,cust_0018,play,Smart TV,Africa,Comedy,Basic,1086,0,6000kbps,,,
2026-07-14 12:29:21,sess_000529,cust_0018,play,Smart TV,Africa,Comedy,Basic,1285,0,3000kbps,,,
2026-07-14 12:34:14,sess_000529,cust_0018,play,Smart TV,Africa,Kids,Basic,546,0,8000kbps,,,
2026-07-14 12:39:37,sess_000529,cust_0018,pause,Smart TV,Africa,Comedy,Basic,0,0,,,,
2026-07-14 12:43:59,sess_000611,cust_0106,session_start,Tablet,LATAM,,premium_plus,0,0,,,,
2026-07-14 12:44:08,sess_000529,cust_0018,play,Smart TV,Africa,Kids,Basic,522,0,6000kbps,,,
2026-07-14 12:47:38,sess_000529,cust_0018,play,Smart TV,Africa,Kids,Basic,796,0,720p-3000kbps,,,
2026-07-14 12:55:38,sess_000529,cust_0018,error,Smart TV,Africa,Kids,Basic,0,0,,E2002,,
2026-07-14 12:57:09,sess_000611,cust_0106,pause,Tablet,LATAM,Kids,premium_plus,0,0,,,,
2026-07-14 12:57:21,sess_000529,cust_0018,pause,Smart TV,Africa,Action,Basic,0,0,,,,
2026-07-14 12:57:39,sess_000529,cust_0018,play,Smart TV,Africa,Horror,Basic,1168,0,1080p-6000kbps,,,
2026-07-14 13:01:28,sess_000611,cust_0106,play,Tablet,LATAM,Comedy,premium_plus,789,0,4500kbps,,,
2026-07-14 13:02:00,sess_000611,cust_0106,play,Tablet,LATAM,SciFi,premium_plus,209,0,720p-3000kbps,,,
2026-07-14 13:08:00,sess_000529,cust_0018,play,Smart TV,Africa,Drama,Basic,47,0,8000 kbps,,,
2026-07-14 13:11:46,sess_000529,cust_0018,error,Smart TV,Africa,Action,Basic,0,0,,E4004,,
2026-07-14 13:13:07,sess_000529,cust_0018,session_end,Smart TV,Africa,,Basic,0,0,,,100%,
2026-07-14 13:16:04,sess_000611,cust_0106,buffer,Tablet,LATAM,Horror,premium_plus,0,3122,,,,
2026-07-14 13:22:16,sess_000611,cust_0106,play,Tablet,LATAM,Horror,premium_plus,984,0,3000 kbps,,,
2026-07-14 13:27:44,sess_000611,cust_0106,play,Tablet,LATAM,Drama,premium_plus,1496,0,1080p-8000kbps,,,
2026-07-14 13:33:47,sess_000611,cust_0106,play,Tablet,LATAM,Drama,premium_plus,947,0,4500kbps,,,
2026-07-14 13:34:43,sess_000611,cust_0106,session_end,Tablet,LATAM,,premium_plus,0,0,,,75%,1 stars
2026-07-14 13:53:30,sess_000386,cust_0056,session_start,Mobile,Africa,,basic ,0,0,,,,
2026-07-14 13:53:43,sess_000895,cust_0140,session_start,Console,LATAM,,Premium+,0,0,,,,
2026-07-14 13:55:28,sess_000386,cust_0056,play,Mobile,Africa,Comedy,basic ,654,0,4500kbps,,,
2026-07-14 13:59:56,sess_000386,cust_0056,play,Mobile,Africa,Comedy,basic ,550,0,480p-1500kbps,,,
2026-07-14 14:02:37,sess_000895,cust_0140,play,Console,LATAM,Documentary,Premium+,920,0,480p-1500kbps,,,
2026-07-14 14:02:56,sess_000895,cust_0140,play,Console,LATAM,Kids,Premium+,1347,0,3000 kbps,,,
2026-07-14 14:08:35,sess_000895,cust_0140,play,Console,LATAM,Action,Premium+,1661,0,8000kbps,,,
2026-07-14 14:11:36,sess_000386,cust_0056,play,Mobile,Africa,Documentary,basic ,983,0,480p-1500kbps,,,
2026-07-14 14:12:34,sess_000195,cust_0122,session_start,Smart TV,APAC,,Basic,0,0,,,,
2026-07-14 14:12:56,sess_000386,cust_0056,session_end,Mobile,Africa,,basic ,0,0,,,100%,
2026-07-14 14:20:31,sess_000895,cust_0140,error,Console,LATAM,Comedy,Premium+,0,0,,E2002,,
2026-07-14 14:22:22,sess_000195,cust_0122,buffer,Smart TV,APAC,Comedy,Basic,0,1521,,,,
2026-07-14 14:31:14,sess_000195,cust_0122,play,Smart TV,APAC,Action,Basic,296,0,4500 kbps,,,
2026-07-14 14:32:07,sess_000895,cust_0140,buffer,Console,LATAM,Drama,Premium+,0,3507,,,,
2026-07-14 14:38:51,sess_000895,cust_0140,play,Console,LATAM,Horror,Premium+,1670,0,720p-4500kbps,,,
2026-07-14 14:44:24,sess_000895,cust_0140,play,Console,LATAM,Documentary,Premium+,106,0,720p-3000kbps,,,
2026-07-14 14:45:41,sess_000195,cust_0122,pause,Smart TV,APAC,Documentary,Basic,0,0,,,,
2026-07-14 14:49:08,sess_000195,cust_0122,play,Smart TV,,Drama,Basic,346,0,480p-2000kbps,,,
2026-07-14 14:50:36,sess_000895,cust_0140,play,Console,LATAM,SciFi,Premium+,399,0,6000 kbps,,,
2026-07-14 14:51:55,sess_000573,cust_0142,session_start,Tablet,Africa,,Premium ,0,0,,,,
2026-07-14 14:52:17,sess_000895,cust_0140,session_end,Console,LATAM,,Premium+,0,0,,,75%,2.0
2026-07-14 14:52:19,sess_000195,cust_0122,play,Smart TV,APAC,Action,Basic,682,0,720p-3000kbps,,,
2026-07-14 14:53:38,sess_000573,cust_0142,play,Tablet,Africa,Action,Premium ,1711,0,4500kbps,,,
2026-07-14 14:54:15,sess_000573,cust_0142,play,Tablet,Africa,Comedy,Premium ,1248,0,6000kbps,,,
2026-07-14 14:55:33,sess_000573,cust_0142,buffer,Tablet,Africa,SciFi,Premium ,0,1041,,,,
2026-07-14 15:00:13,sess_000573,cust_0142,buffer,Tablet,Africa,Horror,Premium ,0,2370,,,,
2026-07-14 15:02:26,sess_000195,cust_0122,pause,Smart TV,APAC,Documentary,Basic,0,0,,,,
2026-07-14 15:11:46,sess_000573,cust_0142,play,Tablet,Africa,SciFi,Premium ,1472,0,2000kbps,,,
2026-07-14 15:12:01,sess_000195,cust_0122,play,Smart TV,APAC,Horror,Basic,867,0,3000kbps,,,
2026-07-14 15:16:20,sess_000573,cust_0142,error,Tablet,Africa,Documentary,Premium ,0,0,,E3003,,
2026-07-14 15:21:04,sess_000195,cust_0122,pause,Smart TV,APAC,Comedy,Basic,0,0,,,,
2026-07-14 15:23:29,sess_000195,cust_0122,play,Smart TV,APAC,SciFi,Basic,1578,0,4500 kbps,,,
2026-07-14 15:24:44,sess_000195,cust_0122,session_end,Smart TV,APAC,,Basic,0,0,,,80%,n/a
2026-07-14 16:12:00,sess_000101,cust_0033,session_start,,Africa,,Standard,0,0,,,,
2026-07-14 16:18:29,sess_000101,cust_0033,pause,,Africa,Documentary,Standard,0,0,,,,
2026-07-14 16:32:32,sess_000101,cust_0033,play,,Africa,Action,Standard,60,0,480p-1500kbps,,,
2026-07-14 16:34:38,sess_000101,cust_0033,play,,Africa,Kids,Standard,565,0,3000kbps,,,
2026-07-14 16:43:55,sess_000101,cust_0033,pause,,Africa,Comedy,Standard,0,0,,,,
2026-07-14 16:46:41,sess_000101,cust_0033,play,,Africa,Kids,Standard,1508,0,720p-3000kbps,,,
2026-07-14 16:47:34,sess_000101,cust_0033,play,,Africa,Horror,Standard,342,0,6000kbps,,,
2026-07-14 17:00:02,sess_000101,cust_0033,play,,Africa,SciFi,Standard,778,0,720p-4500kbps,,,
2026-07-14 17:13:28,sess_000101,cust_0033,play,,Africa,Horror,Standard,1598,0,3000kbps,,,
2026-07-14 17:14:17,sess_000101,cust_0033,session_end,,Africa,,Standard,0,0,,,,
2026-07-14 19:22:12,sess_000001,cust_0066,session_start,Smart TV,Africa,,premium,0,0,,,,
2026-07-14 19:33:20,sess_000001,cust_0066,pause,Smart TV,Africa,Documentary,premium,0,0,,,,
2026-07-14 19:34:03,sess_000001,cust_0066,play,Smart TV,Africa,Kids,premium,485,0,6000kbps,,,
2026-07-14 19:41:00,sess_000001,cust_0066,buffer,Smart TV,Africa,Drama,premium,0,3336,,,,
2026-07-14 19:41:28,sess_000001,cust_0066,play,Smart TV,Africa,Kids,premium,1295,0,720p-3000kbps,,,
2026-07-14 19:49:29,sess_000001,cust_0066,pause,Smart TV,Africa,Documentary,premium,0,0,,,,
2026-07-14 19:52:52,sess_000001,cust_0066,play,Smart TV,Africa,Drama,premium,1402,0,8000kbps,,,
2026-07-14 20:04:35,sess_000001,cust_0066,play,Smart TV,Africa,Kids,premium,1163,0,6000 kbps,,,
2026-07-14 20:19:06,sess_000001,cust_0066,pause,Smart TV,Africa,SciFi,premium,0,0,,,,
2026-07-14 20:20:58,sess_000361,cust_0093,session_start,Smart TV,Africa,,premium plus,0,0,,,,
2026-07-14 20:29:12,sess_000361,cust_0093,play,Smart TV,Africa,Documentary,premium plus,130,0,8000kbps,,,
2026-07-14 20:33:06,sess_000001,cust_0066,play,Smart TV,Africa,Documentary,premium,1333,0,1080p-8000kbps,,,
2026-07-14 20:36:32,sess_000001,cust_0066,play,Smart TV,Africa,Horror,premium,595,0,720p-3000kbps,,,
2026-07-14 20:37:42,sess_000001,cust_0066,session_end,Smart TV,Africa,,premium,0,0,,,80%,5
2026-07-14 20:38:05,sess_000361,cust_0093,play,Smart TV,Africa,SciFi,premium plus,1377,0,1500kbps,,,
2026-07-14 20:42:08,sess_000361,cust_0093,error,Smart TV,Africa,Documentary,premium plus,0,0,,E2002,,
2026-07-14 20:53:32,sess_000487,cust_0118,session_start,Web,LATAM,,PremiumPlus,0,0,,,,
2026-07-14 21:01:33,sess_000487,cust_0118,play,Web,LATAM,Comedy,PremiumPlus,655,0,3000kbps,,,
2026-07-14 21:13:33,sess_000487,cust_0118,play,Web,LATAM,Action,PremiumPlus,599,0,1500 kbps,,,
2026-07-14 21:21:03,sess_000487,cust_0118,play,Web,LATAM,Action,PremiumPlus,623,0,3000 kbps,,,
2026-07-14 21:25:14,sess_000487,cust_0118,play,Web,LATAM,SciFi,PremiumPlus,781,0,720p-4500kbps,,,
2026-07-14 21:26:48,sess_000487,cust_0118,play,Web,LATAM,Drama,PremiumPlus,1036,0,480p-1500kbps,,,
2026-07-14 21:32:47,sess_000487,cust_0118,play,Web,LATAM,Documentary,PremiumPlus,643,0,480p-1500kbps,,,
2026-07-14 21:42:38,sess_000487,cust_0118,pause,Web,LATAM,Comedy,PremiumPlus,0,0,,,,
2026-07-14 21:52:39,sess_000487,cust_0118,play,Web,LATAM,Action,PremiumPlus,575,0,480p-1500kbps,,,
2026-07-14 22:07:37,sess_000487,cust_0118,play,Web,LATAM,SciFi,PremiumPlus,667,0,4500 kbps,,,
2026-07-14 22:07:47,sess_000487,cust_0118,session_end,Web,LATAM,,PremiumPlus,0,0,,,75%,2
2026-07-14 23:32:41,sess_000503,cust_0140,session_start,,LATAM,,Premium+,0,0,,,,
2026-07-14 23:47:31,sess_000503,cust_0140,play,,LATAM,Documentary,Premium+,337,0,720p-3000kbps,,,
2026-07-14 23:50:42,sess_000604,cust_0017,session_start,Mobile,North America,,premium,0,0,,,,
2026-07-15 00:01:02,sess_000604,cust_0017,play,Mobile,North America,Horror,premium,53,0,1500 kbps,,,
2026-07-15 00:02:00,sess_000503,cust_0140,play,,LATAM,SciFi,Premium+,939,0,3000 kbps,,,
2026-07-15 00:09:48,sess_000503,cust_0140,play,,LATAM,Comedy,Premium+,306,0,4500kbps,,,
2026-07-15 00:10:25,sess_000503,cust_0140,play,,LATAM,SciFi,Premium+,1626,0,2000 kbps,,,
2026-07-15 00:14:01,sess_000604,cust_0017,play,Mobile,North America,SciFi,premium,1296,0,720p-3000kbps,,,
2026-07-15 00:21:48,sess_000503,cust_0140,play,,LATAM,SciFi,Premium+,456,0,6000kbps,,,
2026-07-15 00:22:23,sess_000604,cust_0017,play,Mobile,North America,Drama,premium,1300,0,720p-3000kbps,,,
2026-07-15 00:28:27,sess_000503,cust_0140,play,,LATAM,Comedy,Premium+,1730,0,480p-2000kbps,,,
2026-07-15 00:32:52,sess_000604,cust_0017,play,Mobile,North America,Kids,premium,89,0,6000kbps,,,
2026-07-15 00:35:10,sess_000503,cust_0140,play,,LATAM,Documentary,Premium+,900,0,3000kbps,,,
2026-07-15 00:42:04,sess_000604,cust_0017,play,Mobile,North America,Kids,premium,168,0,6000 kbps,,,
2026-07-15 00:50:09,sess_000503,cust_0140,play,,LATAM,Action,Premium+,1449,0,4500 kbps,,,
2026-07-15 00:52:08,sess_000604,cust_0017,play,Mobile,North America,Horror,premium,697,0,6000kbps,,,
2026-07-15 00:53:07,sess_000604,cust_0017,session_end,Mobile,North America,,premium,0,0,,,60%,N/A
2026-07-15 00:54:06,sess_000503,cust_0140,play,,LATAM,Action,Premium+,1698,0,1500kbps,,,
2026-07-15 00:55:51,sess_000503,cust_0140,session_end,,LATAM,,Premium+,0,0,,,75%,n/a
2026-07-15 01:52:24,sess_000197,cust_0088,session_start,Tablet,Europe,,basic,0,0,,,,
2026-07-15 02:00:22,sess_000197,cust_0088,pause,Tablet,Europe,Documentary,basic,0,0,,,,
2026-07-15 02:10:08,sess_000197,cust_0088,play,Tablet,,Documentary,basic,1173,0,6000 kbps,,,
2026-07-15 02:10:48,sess_000197,cust_0088,play,Tablet,Europe,Documentary,basic,909,0,1500kbps,,,
2026-07-15 02:20:27,sess_000197,cust_0088,play,Tablet,Europe,Comedy,basic,811,0,720p-4500kbps,,,
2026-07-15 02:31:29,sess_000197,cust_0088,play,Tablet,Europe,Kids,basic,1299,0,8000 kbps,,,
2026-07-15 02:40:38,sess_000197,cust_0088,play,Tablet,Europe,Horror,basic,1627,0,3000 kbps,,,
2026-07-15 02:54:57,sess_000197,cust_0088,pause,Tablet,Europe,Drama,basic,0,0,,,,
2026-07-15 03:03:03,sess_000197,cust_0088,play,Tablet,Europe,Drama,basic,42,0,1500kbps,,,
2026-07-15 03:05:24,sess_000197,cust_0088,play,Tablet,Europe,Drama,basic,1137,0,1080p-8000kbps,,,
2026-07-15 03:16:16,sess_000197,cust_0088,play,Tablet,Europe,Drama,basic,1562,0,3000 kbps,,,
2026-07-15 03:17:54,sess_000590,cust_0017,session_start,Mobile,North America,,Premium,0,0,,,,
2026-07-15 03:18:32,sess_000590,cust_0017,play,Mobile,North America,Documentary,Premium,1523,0,720p-4500kbps,,,
2026-07-15 03:23:56,sess_000197,cust_0088,play,Tablet,Europe,Horror,basic,684,0,8000kbps,,,
2026-07-15 03:26:23,sess_000590,cust_0017,pause,Mobile,North America,Horror,Premium,0,0,,,,
2026-07-15 03:26:33,sess_000197,cust_0088,play,Tablet,Europe,Comedy,basic,1078,0,720p-3000kbps,,,
2026-07-15 03:35:00,sess_000590,cust_0017,play,Mobile,North America,Action,Premium,426,0,2000kbps,,,
2026-07-15 03:36:52,sess_000197,cust_0088,play,Tablet,Europe,Action,basic,1569,0,1080p-6000kbps,,,
2026-07-15 03:37:16,sess_000590,cust_0017,play,Mobile,North America,Drama,Premium,255,0,4500kbps,,,
2026-07-15 03:37:27,sess_000197,cust_0088,session_end,Tablet,Europe,,basic,0,0,,,95%,5 stars
2026-07-15 03:42:56,sess_000590,cust_0017,play,Mobile,North America,SciFi,Premium,1414,0,3000 kbps,,,
2026-07-15 03:56:21,sess_000590,cust_0017,play,Mobile,North America,SciFi,Premium,369,0,4500 kbps,,,
2026-07-15 04:00:07,sess_000590,cust_0017,pause,Mobile,North America,Drama,Premium,0,0,,,,
2026-07-15 04:08:22,sess_000590,cust_0017,play,Mobile,North America,Horror,Premium,939,0,4500 kbps,,,
2026-07-15 04:15:24,sess_000590,cust_0017,play,Mobile,North America,SciFi,Premium,1550,0,1500 kbps,,,
2026-07-15 04:25:43,sess_000590,cust_0017,play,Mobile,North America,Documentary,Premium,1031,0,720p-4500kbps,,,
2026-07-15 04:25:56,sess_000590,cust_0017,session_end,Mobile,North America,,Premium,0,0,,,87%,n/a
2026-07-15 09:08:27,sess_000004,cust_0127,session_start,Tablet,Africa,,STD,0,0,,,,
2026-07-15 09:14:44,sess_000413,cust_0008,session_start,Tablet,LATAM,,premium plus,0,0,,,,
2026-07-15 09:17:30,sess_000413,cust_0008,play,Tablet,LATAM,Horror,premium plus,1403,0,3000kbps,,,
2026-07-15 09:20:13,sess_000004,cust_0127,play,Tablet,Africa,Kids,STD,299,0,6000kbps,,,
2026-07-15 09:23:35,sess_000413,cust_0008,play,Tablet,LATAM,Kids,premium plus,1060,0,8000kbps,,,
2026-07-15 09:25:17,sess_000770,cust_0148,session_start,Mobile,LATAM,,PREM,0,0,,,,
2026-07-15 09:26:44,sess_000004,cust_0127,play,Tablet,Africa,Horror,STD,1227,0,6000kbps,,,
2026-07-15 09:30:06,sess_000770,cust_0148,play,Mobile,LATAM,Comedy,PREM,319,0,3000 kbps,,,
2026-07-15 09:35:15,sess_000004,cust_0127,play,Tablet,Africa,Action,STD,1151,0,6000 kbps,,,
2026-07-15 09:37:00,sess_000413,cust_0008,play,Tablet,LATAM,Action,premium plus,865,0,4500 kbps,,,
2026-07-15 09:41:01,sess_000770,cust_0148,play,Mobile,LATAM,Documentary,PREM,1282,0,8000kbps,,,
2026-07-15 09:47:53,sess_000770,cust_0148,buffer,Mobile,LATAM,Action,PREM,0,2941,,,,
2026-07-15 09:48:05,sess_000413,cust_0008,play,Tablet,LATAM,Kids,premium plus,505,0,6000 kbps,,,
2026-07-15 09:48:25,sess_000004,cust_0127,play,Tablet,Africa,Action,STD,1609,0,2000kbps,,,
2026-07-15 09:54:34,sess_000413,cust_0008,play,Tablet,LATAM,Documentary,premium plus,274,0,1080p-8000kbps,,,
2026-07-15 09:55:07,sess_000004,cust_0127,play,Tablet,Africa,Horror,STD,408,0,8000kbps,,,
2026-07-15 09:57:37,sess_000770,cust_0148,pause,Mobile,LATAM,Horror,PREM,0,0,,,,
2026-07-15 09:59:29,sess_000004,cust_0127,play,Tablet,Africa,Action,STD,1125,0,6000 kbps,,,
2026-07-15 10:05:45,sess_000413,cust_0008,pause,Tablet,LATAM,Comedy,premium plus,0,0,,,,
2026-07-15 10:08:10,sess_000770,cust_0148,play,Mobile,LATAM,Comedy,PREM,780,0,1500kbps,,,
2026-07-15 10:12:34,sess_000004,cust_0127,play,Tablet,Africa,SciFi,STD,505,0,1080p-8000kbps,,,
2026-07-15 10:14:41,sess_000413,cust_0008,play,Tablet,LATAM,Kids,premium plus,1594,0,8000kbps,,,
2026-07-15 10:16:27,sess_000413,cust_0008,buffer,Tablet,LATAM,Drama,premium plus,0,3938,,,,
2026-07-15 10:17:37,sess_000413,cust_0008,session_end,Tablet,LATAM,,premium plus,0,0,,,87%,2 stars
2026-07-15 10:18:31,sess_000004,cust_0127,play,Tablet,Africa,Documentary,STD,1228,0,4500 kbps,,,
2026-07-15 10:20:31,sess_000770,cust_0148,play,Mobile,LATAM,Horror,PREM,298,0,4500 kbps,,,
2026-07-15 10:20:56,sess_000004,cust_0127,play,Tablet,Africa,Action,STD,556,0,2000 kbps,,,
2026-07-15 10:21:02,sess_000770,cust_0148,session_end,Mobile,LATAM,,PREM,0,0,,,95%,5 stars
2026-07-15 10:22:32,sess_000004,cust_0127,session_end,Tablet,Africa,,STD,0,0,,,45%,1
2026-07-15 10:43:25,sess_000382,cust_0116,session_start,Web,Europe,,Standard ,0,0,,,,
2026-07-15 10:56:50,sess_000382,cust_0116,pause,Web,Europe,SciFi,Standard ,0,0,,,,
2026-07-15 11:03:13,sess_000382,cust_0116,play,Web,Europe,Drama,Standard ,1332,0,4500kbps,,,
2026-07-15 11:11:55,sess_000382,cust_0116,pause,Web,Europe,Kids,Standard ,0,0,,,,
2026-07-15 11:16:54,sess_000382,cust_0116,play,Web,Europe,Kids,Standard ,529,0,1080p-8000kbps,,,
2026-07-15 11:24:54,sess_000382,cust_0116,play,Web,Europe,Horror,Standard ,1485,0,1080p-8000kbps,,,
2026-07-15 11:25:47,sess_000382,cust_0116,session_end,Web,Europe,,Standard ,0,0,,,45%,3 stars
2026-07-15 17:17:04,sess_000767,cust_0026,session_start,Web,North America,,Premium,0,0,,,,
2026-07-15 17:26:11,sess_000767,cust_0026,buffer,Web,North America,Kids,Premium,0,2550,,,,
2026-07-15 17:39:44,sess_000767,cust_0026,pause,Web,North America,SciFi,Premium,0,0,,,,
2026-07-15 17:46:00,sess_000767,cust_0026,play,Web,North America,Comedy,Premium,1208,0,480p-2000kbps,,,
2026-07-15 17:58:31,sess_000767,cust_0026,play,Web,North America,Documentary,Premium,1324,0,4500kbps,,,
2026-07-15 18:04:10,sess_000767,cust_0026,play,Web,North America,Comedy,Premium,867,0,1080p-6000kbps,,,
2026-07-15 18:04:40,sess_000767,cust_0026,play,Web,North America,Action,Premium,201,0,1080p-6000kbps,,,
2026-07-15 18:05:39,sess_000767,cust_0026,play,Web,North America,Comedy,Premium,987,0,720p-4500kbps,,,
2026-07-15 18:15:30,sess_000767,cust_0026,play,Web,North America,Documentary,Premium,776,0,6000 kbps,,,
2026-07-15 18:17:20,sess_000767,cust_0026,play,Web,North America,Drama,Premium,1097,0,2000kbps,,,
2026-07-15 18:22:32,sess_000767,cust_0026,pause,Web,North America,Drama,Premium,0,0,,,,
2026-07-15 18:35:02,sess_000767,cust_0026,play,Web,North America,Kids,Premium,400,0,720p-4500kbps,,,
2026-07-15 18:45:15,sess_000767,cust_0026,play,Web,North America,Documentary,Premium,1755,0,3000 kbps,,,
2026-07-15 18:46:45,sess_000767,cust_0026,play,Web,North America,Horror,Premium,1443,0,480p-2000kbps,,,
2026-07-15 18:56:09,sess_000767,cust_0026,play,Web,,Horror,Premium,291,0,720p-4500kbps,,,
2026-07-15 19:00:05,sess_000767,cust_0026,play,Web,North America,Kids,Premium,457,0,1080p-6000kbps,,,
2026-07-15 19:05:37,sess_000767,cust_0026,play,Web,North America,Horror,Premium,193,0,8000kbps,,,
2026-07-15 19:06:59,sess_000767,cust_0026,session_end,Web,North America,,Premium,0,0,,,90%,3 stars
2026-07-16 06:00:06,sess_000543,cust_0136,session_start,Tablet,North America,,Premium+,0,0,,,,
2026-07-16 06:01:06,sess_000543,cust_0136,play,Tablet,North America,Documentary,Premium+,1324,0,1080p-6000kbps,,,
2026-07-16 06:03:02,sess_000543,cust_0136,play,Tablet,North America,Documentary,Premium+,1217,0,8000kbps,,,
2026-07-16 06:13:52,sess_000543,cust_0136,play,Tablet,North America,Documentary,Premium+,436,0,480p-1500kbps,,,
2026-07-16 06:28:42,sess_000543,cust_0136,play,Tablet,North America,Documentary,Premium+,342,0,480p-1500kbps,,,
2026-07-16 06:32:54,sess_000543,cust_0136,play,Tablet,North America,SciFi,Premium+,458,0,3000 kbps,,,
2026-07-16 06:43:03,sess_000543,cust_0136,play,Tablet,North America,Horror,Premium+,592,0,1500 kbps,,,
2026-07-16 06:57:05,sess_000543,cust_0136,pause,Tablet,North America,Kids,Premium+,0,0,,,,
2026-07-16 07:01:51,sess_000543,cust_0136,play,Tablet,North America,Documentary,Premium+,1064,0,4500 kbps,,,
2026-07-16 07:15:22,sess_000543,cust_0136,play,Tablet,North America,Drama,Premium+,454,0,480p-1500kbps,,,
2026-07-16 07:27:43,sess_000543,cust_0136,play,Tablet,North America,Action,Premium+,1524,0,480p-1500kbps,,,
2026-07-16 07:37:44,sess_000543,cust_0136,play,Tablet,North America,SciFi,Premium+,1791,0,3000kbps,,,
2026-07-16 07:38:30,sess_000543,cust_0136,session_end,Tablet,North America,,Premium+,0,0,,,80%,3
2026-07-16 15:00:44,sess_000447,cust_0138,session_start,Smart TV,Africa,,standard,0,0,,,,
2026-07-16 15:13:58,sess_000447,cust_0138,play,Smart TV,,Kids,standard,890,0,8000kbps,,,
2026-07-16 15:20:40,sess_000447,cust_0138,buffer,Smart TV,Africa,Horror,standard,0,618,,,,
2026-07-16 15:24:08,sess_000447,cust_0138,play,Smart TV,Africa,Drama,standard,1716,0,6000kbps,,,
2026-07-16 15:26:02,sess_000447,cust_0138,play,Smart TV,Africa,Horror,standard,1761,0,3000 kbps,,,
2026-07-16 15:30:33,sess_000447,cust_0138,play,Smart TV,Africa,Action,standard,1435,0,720p-3000kbps,,,
2026-07-16 15:44:06,sess_000447,cust_0138,play,Smart TV,Africa,Drama,standard,394,0,1080p-6000kbps,,,
2026-07-16 15:47:38,sess_000447,cust_0138,play,Smart TV,Africa,Action,standard,1479,0,2000kbps,,,
2026-07-16 15:58:25,sess_000447,cust_0138,pause,Smart TV,Africa,SciFi,standard,0,0,,,,
2026-07-16 16:01:44,sess_000447,cust_0138,play,Smart TV,Africa,Horror,standard,1046,0,2000kbps,,,
2026-07-16 16:03:40,sess_000447,cust_0138,session_end,Smart TV,Africa,,standard,0,0,,,80%,3
2026-07-16 16:39:26,sess_000291,cust_0118,session_start,Web,LATAM,,premium_plus,0,0,,,,
2026-07-16 16:43:13,sess_000291,cust_0118,play,Web,LATAM,Drama,premium_plus,212,0,480p-2000kbps,,,
2026-07-16 16:45:12,sess_000291,cust_0118,error,Web,LATAM,Comedy,premium_plus,0,0,,E1001,,
2026-07-16 17:55:05,sess_000819,cust_0111,session_start,Mobile,APAC,,Standard ,0,0,,,,
2026-07-16 17:55:40,sess_000819,cust_0111,play,Mobile,APAC,Documentary,Standard ,549,0,480p-2000kbps,,,
2026-07-16 17:57:03,sess_000819,cust_0111,buffer,Mobile,APAC,Action,Standard ,0,3309,,,,
2026-07-16 18:01:49,sess_000819,cust_0111,pause,Mobile,APAC,Documentary,Standard ,0,0,,,,
2026-07-16 18:07:33,sess_000819,cust_0111,play,Mobile,APAC,Horror,Standard ,868,0,4500 kbps,,,
2026-07-16 18:17:02,sess_000819,cust_0111,buffer,Mobile,APAC,SciFi,Standard ,0,1525,,,,
2026-07-16 18:27:25,sess_000819,cust_0111,play,Mobile,APAC,Comedy,Standard ,40,0,1080p-8000kbps,,,
2026-07-16 18:29:16,sess_000819,cust_0111,buffer,Mobile,APAC,Kids,Standard ,0,3131,,,,
2026-07-16 18:35:53,sess_000819,cust_0111,error,Mobile,APAC,Action,Standard ,0,0,,E3003,,
2026-07-16 18:36:53,sess_000819,cust_0111,session_end,Mobile,APAC,,Standard ,0,0,,,80%,1.0
2026-07-16 23:52:06,sess_000130,cust_0029,session_start,Mobile,Europe,,basic ,0,0,,,,
2026-07-17 00:06:38,sess_000130,cust_0029,play,Mobile,Europe,Documentary,basic ,1312,0,2000kbps,,,
2026-07-17 00:12:27,sess_000130,cust_0029,play,Mobile,,Documentary,basic ,176,0,1080p-8000kbps,,,
2026-07-17 00:14:04,sess_000130,cust_0029,play,Mobile,Europe,Kids,basic ,671,0,4500 kbps,,,
2026-07-17 00:20:23,sess_000130,cust_0029,buffer,Mobile,Europe,Documentary,basic ,0,441,,,,
2026-07-17 00:21:30,sess_000130,cust_0029,pause,Mobile,Europe,Kids,basic ,0,0,,,,
2026-07-17 00:26:14,sess_000130,cust_0029,pause,Mobile,Europe,Action,basic ,0,0,,,,
2026-07-17 00:28:06,sess_000130,cust_0029,session_end,Mobile,Europe,,basic ,0,0,,,87%,2
2026-07-17 01:40:12,sess_000929,cust_0040,session_start,Console,Africa,,Basic,0,0,,,,
2026-07-17 01:54:40,sess_000929,cust_0040,play,Console,Africa,Documentary,Basic,1393,0,4500 kbps,,,
2026-07-17 02:07:46,sess_000929,cust_0040,buffer,Console,Africa,Kids,Basic,0,3692,,,,
2026-07-17 02:12:37,sess_000929,cust_0040,pause,Console,,Drama,Basic,0,0,,,,
2026-07-17 02:17:20,sess_000929,cust_0040,play,Console,Africa,Action,Basic,1612,0,720p-3000kbps,,,
2026-07-17 02:29:50,sess_000929,cust_0040,play,Console,Africa,SciFi,Basic,496,0,8000kbps,,,
2026-07-17 02:36:38,sess_000929,cust_0040,play,Console,Africa,Drama,Basic,1510,0,3000kbps,,,
2026-07-17 02:39:22,sess_000929,cust_0040,play,Console,Africa,Comedy,Basic,112,0,4500 kbps,,,
2026-07-17 02:48:49,sess_000929,cust_0040,play,Console,,Comedy,Basic,37,0,3000kbps,,,
2026-07-17 02:53:25,sess_000929,cust_0040,play,Console,Africa,Action,Basic,89,0,4500 kbps,,,
2026-07-17 02:56:09,sess_000929,cust_0040,pause,Console,Africa,Kids,Basic,0,0,,,,
2026-07-17 02:56:46,sess_000364,cust_0088,session_start,Tablet,Europe,,basic,0,0,,,,
2026-07-17 02:58:40,sess_000929,cust_0040,pause,Console,Africa,Horror,Basic,0,0,,,,
2026-07-17 03:00:38,sess_000929,cust_0040,session_end,Console,Africa,,Basic,0,0,,,87%,5.0
2026-07-17 03:07:39,sess_000364,cust_0088,play,Tablet,Europe,Kids,basic,504,0,1080p-8000kbps,,,
2026-07-17 03:11:27,sess_000364,cust_0088,play,Tablet,Europe,Comedy,basic,30,0,4500kbps,,,
2026-07-17 03:20:04,sess_000364,cust_0088,play,Tablet,Europe,Comedy,basic,1652,0,1500 kbps,,,
2026-07-17 03:24:05,sess_000364,cust_0088,pause,Tablet,Europe,Drama,basic,0,0,,,,
2026-07-17 03:30:31,sess_000276,cust_0076,session_start,Mobile,North America,,premium,0,0,,,,
2026-07-17 03:32:30,sess_000364,cust_0088,play,Tablet,Europe,Comedy,basic,842,0,2000 kbps,,,
2026-07-17 03:34:43,sess_000276,cust_0076,buffer,Mobile,North America,Horror,premium,0,1473,,,,
2026-07-17 03:44:25,sess_000364,cust_0088,play,Tablet,Europe,Comedy,basic,1462,0,8000kbps,,,
2026-07-17 03:47:10,sess_000276,cust_0076,play,Mobile,North America,SciFi,premium,1508,0,3000 kbps,,,
2026-07-17 03:52:22,sess_000364,cust_0088,play,Tablet,Europe,Kids,basic,1540,0,3000 kbps,,,
2026-07-17 03:56:56,sess_000364,cust_0088,play,Tablet,Europe,Documentary,basic,111,0,480p-1500kbps,,,
2026-07-17 04:01:48,sess_000276,cust_0076,play,Mobile,North America,SciFi,premium,728,0,3000kbps,,,
2026-07-17 04:02:18,sess_000276,cust_0076,play,Mobile,North America,SciFi,premium,598,0,8000kbps,,,
2026-07-17 04:03:26,sess_000276,cust_0076,play,Mobile,North America,Horror,premium,782,0,2000 kbps,,,
2026-07-17 04:08:00,sess_000364,cust_0088,play,Tablet,Europe,Horror,basic,867,0,480p-2000kbps,,,
2026-07-17 04:12:50,sess_000276,cust_0076,pause,Mobile,North America,Action,premium,0,0,,,,
2026-07-17 04:14:46,sess_000276,cust_0076,session_end,Mobile,North America,,premium,0,0,,,60%,n/a
2026-07-17 04:14:58,sess_000973,cust_0055,session_start,Mobile,North America,,Premium ,0,0,,,,
2026-07-17 04:15:24,sess_000364,cust_0088,play,Tablet,Europe,SciFi,basic,1671,0,4500kbps,,,
2026-07-17 04:17:21,sess_000364,cust_0088,play,Tablet,Europe,Action,basic,208,0,1080p-8000kbps,,,
2026-07-17 04:19:44,sess_000364,cust_0088,play,Tablet,Europe,Drama,basic,575,0,480p-2000kbps,,,
2026-07-17 04:28:09,sess_000973,cust_0055,pause,Mobile,North America,Kids,Premium ,0,0,,,,
2026-07-17 04:30:03,sess_000364,cust_0088,play,Tablet,Europe,Horror,basic,171,0,3000 kbps,,,
2026-07-17 04:32:06,sess_000364,cust_0088,buffer,Tablet,Europe,Drama,basic,0,2829,,,,
2026-07-17 04:33:05,sess_000364,cust_0088,session_end,Tablet,Europe,,basic,0,0,,,45%,1.0
2026-07-17 04:36:38,sess_000973,cust_0055,play,Mobile,North America,Horror,Premium ,901,0,720p-3000kbps,,,
2026-07-17 04:44:32,sess_000973,cust_0055,play,Mobile,North America,Documentary,Premium ,144,0,480p-2000kbps,,,
2026-07-17 04:54:07,sess_000973,cust_0055,play,Mobile,North America,Action,Premium ,139,0,8000 kbps,,,
2026-07-17 05:03:04,sess_000973,cust_0055,play,Mobile,North America,Comedy,Premium ,57,0,2000kbps,,,
2026-07-17 05:12:47,sess_000973,cust_0055,play,Mobile,North America,Kids,Premium ,1699,0,1080p-6000kbps,,,
2026-07-17 05:25:58,sess_000973,cust_0055,play,Mobile,North America,Action,Premium ,257,0,1500 kbps,,,
2026-07-17 05:30:09,sess_000973,cust_0055,play,Mobile,North America,SciFi,Premium ,1143,0,480p-1500kbps,,,
2026-07-17 05:40:18,sess_000973,cust_0055,pause,Mobile,North America,Kids,Premium ,0,0,,,,
2026-07-17 05:49:06,sess_000973,cust_0055,play,Mobile,North America,Action,Premium ,770,0,3000kbps,,,
2026-07-17 05:50:29,sess_000973,cust_0055,session_end,Mobile,North America,,Premium ,0,0,,,87%,N/A
2026-07-17 08:04:52,sess_000095,cust_0101,session_start,Mobile,North America,,standard,0,0,,,,
2026-07-17 08:11:47,sess_000095,cust_0101,play,Mobile,North America,SciFi,standard,1202,0,480p-2000kbps,,,
2026-07-17 08:21:15,sess_000095,cust_0101,play,Mobile,North America,Action,standard,57,0,4500kbps,,,
2026-07-17 08:33:27,sess_000095,cust_0101,play,Mobile,North America,Action,standard,428,0,1500kbps,,,
2026-07-17 08:34:39,sess_000095,cust_0101,buffer,Mobile,North America,Documentary,standard,0,1286,,,,
2026-07-17 08:37:09,sess_000095,cust_0101,play,Mobile,North America,Action,standard,272,0,720p-4500kbps,,,
2026-07-17 08:38:59,sess_000095,cust_0101,play,Mobile,North America,Drama,standard,1521,0,6000 kbps,,,
2026-07-17 08:48:14,sess_000095,cust_0101,buffer,Mobile,North America,SciFi,standard,0,1971,,,,
2026-07-17 08:53:50,sess_000095,cust_0101,play,Mobile,North America,SciFi,standard,379,0,4500kbps,,,
2026-07-17 09:05:22,sess_000095,cust_0101,play,Mobile,North America,Documentary,standard,1604,0,6000 kbps,,,
2026-07-17 09:05:46,sess_000095,cust_0101,play,Mobile,North America,Kids,standard,1464,0,1080p-8000kbps,,,
2026-07-17 09:14:53,sess_000095,cust_0101,play,Mobile,North America,Documentary,standard,1112,0,480p-2000kbps,,,
2026-07-17 09:15:44,sess_000095,cust_0101,play,Mobile,North America,Horror,standard,1699,0,3000kbps,,,
2026-07-17 09:16:46,sess_000095,cust_0101,session_end,Mobile,North America,,standard,0,0,,,60%,1.0
2026-07-17 09:22:13,sess_000535,cust_0050,session_start,Tablet,APAC,,basic ,0,0,,,,
2026-07-17 09:23:55,sess_000959,cust_0144,session_start,Console,LATAM,,Standard ,0,0,,,,
2026-07-17 09:34:38,sess_000959,cust_0144,play,Console,LATAM,Action,Standard ,196,0,480p-2000kbps,,,
2026-07-17 09:35:05,sess_000535,cust_0050,play,Tablet,APAC,Comedy,basic ,1795,0,1500kbps,,,
2026-07-17 09:45:50,sess_000959,cust_0144,play,Console,LATAM,Kids,Standard ,1452,0,4500kbps,,,
2026-07-17 09:46:50,sess_000535,cust_0050,play,Tablet,APAC,Drama,basic ,756,0,1080p-8000kbps,,,
2026-07-17 09:48:39,sess_000959,cust_0144,play,Console,LATAM,Kids,Standard ,1332,0,1080p-8000kbps,,,
2026-07-17 09:58:09,sess_000535,cust_0050,play,Tablet,APAC,Kids,basic ,88,0,2000kbps,,,
2026-07-17 10:01:55,sess_000959,cust_0144,play,Console,,SciFi,Standard ,1093,0,8000 kbps,,,
2026-07-17 10:11:17,sess_000535,cust_0050,pause,Tablet,APAC,Comedy,basic ,0,0,,,,
2026-07-17 10:11:39,sess_000535,cust_0050,session_end,Tablet,APAC,,basic ,0,0,,,95%,1
2026-07-17 10:12:19,sess_000959,cust_0144,play,Console,LATAM,Horror,Standard ,1402,0,480p-2000kbps,,,
2026-07-17 10:19:01,sess_000959,cust_0144,pause,Console,LATAM,Kids,Standard ,0,0,,,,
2026-07-17 10:20:18,sess_000959,cust_0144,play,Console,LATAM,Comedy,Standard ,1701,0,3000 kbps,,,
2026-07-17 10:32:52,sess_000959,cust_0144,play,Console,LATAM,Horror,Standard ,1660,0,3000kbps,,,
2026-07-17 10:45:15,sess_000959,cust_0144,play,Console,LATAM,Drama,Standard ,1044,0,1080p-6000kbps,,,
2026-07-17 10:49:06,sess_000959,cust_0144,pause,Console,LATAM,Comedy,Standard ,0,0,,,,
2026-07-17 10:53:37,sess_000959,cust_0144,play,Console,LATAM,SciFi,Standard ,1486,0,1500 kbps,,,
2026-07-17 11:05:02,sess_000959,cust_0144,play,Console,LATAM,Comedy,Standard ,461,0,8000 kbps,,,
2026-07-17 11:05:28,sess_000959,cust_0144,session_end,Console,LATAM,,Standard ,0,0,,,100%,n/a
2026-07-17 11:37:59,sess_000521,cust_0063,session_start,Smart TV,,,basic,0,0,,,,
2026-07-17 11:39:39,sess_000521,cust_0063,play,Smart TV,Africa,Kids,basic,31,0,720p-3000kbps,,,
2026-07-17 11:44:51,sess_000521,cust_0063,play,Smart TV,Africa,Documentary,basic,1044,0,4500kbps,,,
2026-07-17 11:46:02,sess_000521,cust_0063,play,Smart TV,Africa,Drama,basic,1094,0,2000 kbps,,,
2026-07-17 11:48:45,sess_000521,cust_0063,play,Smart TV,Africa,Horror,basic,1207,0,1080p-6000kbps,,,
2026-07-17 11:57:42,sess_000521,cust_0063,play,Smart TV,Africa,Horror,basic,529,0,4500 kbps,,,
2026-07-17 12:11:50,sess_000521,cust_0063,play,Smart TV,Africa,SciFi,basic,1346,0,4500 kbps,,,
2026-07-17 12:24:04,sess_000521,cust_0063,play,Smart TV,Africa,SciFi,basic,1169,0,8000kbps,,,
2026-07-17 12:37:48,sess_000521,cust_0063,play,Smart TV,Africa,Action,basic,1372,0,4500 kbps,,,
2026-07-17 12:43:03,sess_000521,cust_0063,pause,Smart TV,Africa,Horror,basic,0,0,,,,
2026-07-17 12:47:24,sess_000521,cust_0063,play,Smart TV,Africa,Comedy,basic,1462,0,4500 kbps,,,
2026-07-17 12:48:03,sess_000521,cust_0063,session_end,Smart TV,Africa,,basic,0,0,,,100%,1
2026-07-17 17:43:43,sess_000263,cust_0025,session_start,Mobile,Africa,,Standard ,0,0,,,,
2026-07-17 17:48:32,sess_000263,cust_0025,error,Mobile,Africa,Drama,Standard ,0,0,,E1001,,
2026-07-17 17:59:07,sess_000263,cust_0025,play,Mobile,Africa,Kids,Standard ,511,0,3000 kbps,,,
2026-07-17 18:00:11,sess_000263,cust_0025,session_end,Mobile,Africa,,Standard ,0,0,,,,N/A
2026-07-17 18:27:30,sess_000104,cust_0081,session_start,Mobile,Africa,,PremiumPlus,0,0,,,,
2026-07-17 18:35:55,sess_000104,cust_0081,buffer,Mobile,Africa,Documentary,PremiumPlus,0,982,,,,
2026-07-17 18:45:39,sess_000104,cust_0081,play,Mobile,Africa,Horror,PremiumPlus,1411,0,480p-2000kbps,,,
2026-07-17 18:53:46,sess_000104,cust_0081,play,Mobile,Africa,Documentary,PremiumPlus,1488,0,6000 kbps,,,
2026-07-17 19:06:38,sess_000104,cust_0081,play,Mobile,Africa,Drama,PremiumPlus,347,0,1080p-8000kbps,,,
2026-07-17 19:13:56,sess_000104,cust_0081,pause,Mobile,Africa,Horror,PremiumPlus,0,0,,,,
2026-07-17 19:27:55,sess_000104,cust_0081,buffer,Mobile,Africa,Kids,PremiumPlus,0,3300,,,,
2026-07-17 19:30:11,sess_000104,cust_0081,pause,Mobile,Africa,Documentary,PremiumPlus,0,0,,,,
2026-07-17 19:36:00,sess_000104,cust_0081,play,Mobile,Africa,Action,PremiumPlus,1547,0,1500kbps,,,
2026-07-17 19:46:27,sess_000104,cust_0081,play,Mobile,Africa,Horror,PremiumPlus,1240,0,3000kbps,,,
2026-07-17 19:46:58,sess_000104,cust_0081,session_end,Mobile,Africa,,PremiumPlus,0,0,,,60%,
2026-07-17 22:52:30,sess_000584,cust_0111,session_start,Mobile,APAC,,Standard,0,0,,,,
2026-07-17 23:01:17,sess_000584,cust_0111,pause,Mobile,APAC,Drama,Standard,0,0,,,,
2026-07-17 23:09:24,sess_000584,cust_0111,play,Mobile,APAC,Comedy,Standard,1415,0,6000 kbps,,,
2026-07-17 23:18:49,sess_000584,cust_0111,play,Mobile,APAC,Horror,Standard,428,0,1500 kbps,,,
2026-07-17 23:27:51,sess_000584,cust_0111,pause,Mobile,APAC,Horror,Standard,0,0,,,,
2026-07-17 23:30:29,sess_000584,cust_0111,play,Mobile,APAC,Kids,Standard,1027,0,4500 kbps,,,
2026-07-17 23:42:39,sess_000584,cust_0111,play,Mobile,APAC,Comedy,Standard,1072,0,480p-1500kbps,,,
2026-07-17 23:51:05,sess_000584,cust_0111,pause,Mobile,APAC,SciFi,Standard,0,0,,,,
2026-07-17 23:52:58,sess_000584,cust_0111,session_end,Mobile,APAC,,Standard,0,0,,,60%,2 stars
2026-07-18 00:42:16,sess_000616,cust_0079,session_start,Console,Africa,,Basic,0,0,,,,
2026-07-18 00:47:17,sess_000616,cust_0079,play,Console,Africa,Drama,Basic,711,0,720p-3000kbps,,,
2026-07-18 00:50:29,sess_000616,cust_0079,play,Console,Africa,Kids,Basic,714,0,1080p-6000kbps,,,
2026-07-18 01:01:23,sess_000616,cust_0079,play,Console,Africa,Comedy,Basic,1122,0,2000 kbps,,,
2026-07-18 01:02:48,sess_000616,cust_0079,session_end,Console,Africa,,Basic,0,0,,,100%,1
2026-07-18 02:13:01,sess_000059,cust_0115,session_start,,Europe,,Premium ,0,0,,,,
2026-07-18 02:23:49,sess_000059,cust_0115,play,,Europe,Action,Premium ,96,0,4500 kbps,,,
2026-07-18 02:34:59,sess_000059,cust_0115,play,,Europe,Documentary,Premium ,1428,0,6000kbps,,,
2026-07-18 02:39:33,sess_000061,cust_0115,session_start,Tablet,Europe,,premium,0,0,,,,
2026-07-18 02:42:42,sess_000059,cust_0115,play,,Europe,Comedy,Premium ,1019,0,4500kbps,,,
2026-07-18 02:43:04,sess_000061,cust_0115,play,Tablet,Europe,Comedy,premium,228,0,3000 kbps,,,
2026-07-18 02:48:21,sess_000061,cust_0115,play,Tablet,Europe,Horror,premium,1302,0,1080p-8000kbps,,,
2026-07-18 02:52:55,sess_000061,cust_0115,play,Tablet,Europe,Documentary,premium,245,0,4500 kbps,,,
2026-07-18 02:53:58,sess_000059,cust_0115,play,,Europe,Action,Premium ,1035,0,1500kbps,,,
2026-07-18 02:57:20,sess_000059,cust_0115,buffer,,Europe,Kids,Premium ,0,1478,,,,
2026-07-18 03:04:25,sess_000061,cust_0115,play,Tablet,Europe,Action,premium,625,0,3000kbps,,,
2026-07-18 03:04:30,sess_000059,cust_0115,pause,,Europe,Action,Premium ,0,0,,,,
2026-07-18 03:07:07,sess_000061,cust_0115,play,Tablet,Europe,Comedy,premium,1213,0,720p-4500kbps,,,
2026-07-18 03:15:07,sess_000061,cust_0115,buffer,Tablet,Europe,Kids,premium,0,620,,,,
2026-07-18 03:19:18,sess_000059,cust_0115,buffer,,Europe,Comedy,Premium ,0,2443,,,,
2026-07-18 03:25:12,sess_000061,cust_0115,play,Tablet,Europe,Horror,premium,832,0,1080p-8000kbps,,,
2026-07-18 03:27:09,sess_000061,cust_0115,play,Tablet,Europe,Action,premium,62,0,480p-1500kbps,,,
2026-07-18 03:30:42,sess_000061,cust_0115,play,Tablet,,Documentary,premium,1362,0,6000kbps,,,
2026-07-18 03:32:45,sess_000059,cust_0115,pause,,Europe,Horror,Premium ,0,0,,,,
2026-07-18 03:34:08,sess_000059,cust_0115,session_end,,Europe,,Premium ,0,0,,,87%,n/a
2026-07-18 03:34:24,sess_000061,cust_0115,play,Tablet,Europe,Action,premium,206,0,480p-2000kbps,,,
2026-07-18 03:47:53,sess_000061,cust_0115,pause,Tablet,Europe,Horror,premium,0,0,,,,
2026-07-18 03:58:44,sess_000061,cust_0115,play,Tablet,Europe,Comedy,premium,1569,0,720p-3000kbps,,,
2026-07-18 04:10:08,sess_000061,cust_0115,play,Tablet,Europe,Horror,premium,959,0,720p-4500kbps,,,
2026-07-18 04:11:47,sess_000061,cust_0115,pause,Tablet,Europe,Documentary,premium,0,0,,,,
2026-07-18 04:13:19,sess_000061,cust_0115,session_end,Tablet,Europe,,premium,0,0,,,87%,N/A
2026-07-18 07:54:05,sess_000637,cust_0054,session_start,,APAC,,PREM,0,0,,,,
2026-07-18 08:00:10,sess_000637,cust_0054,pause,,APAC,Action,PREM,0,0,,,,
2026-07-18 08:04:59,sess_000637,cust_0054,play,,APAC,Comedy,PREM,1457,0,480p-1500kbps,,,
2026-07-18 08:06:54,sess_000637,cust_0054,buffer,,APAC,Comedy,PREM,0,2375,,,,
2026-07-18 08:08:17,sess_000637,cust_0054,session_end,,APAC,,PREM,0,0,,,100%,
2026-07-18 09:26:48,sess_000328,cust_0102,session_start,Smart TV,LATAM,,basic ,0,0,,,,
2026-07-18 09:28:19,sess_000328,cust_0102,play,Smart TV,LATAM,Horror,basic ,428,0,480p-2000kbps,,,
2026-07-18 09:31:21,sess_000328,cust_0102,play,Smart TV,LATAM,Comedy,basic ,1448,0,480p-1500kbps,,,
2026-07-18 09:45:16,sess_000328,cust_0102,pause,Smart TV,LATAM,SciFi,basic ,0,0,,,,
2026-07-18 09:47:12,sess_000328,cust_0102,pause,Smart TV,LATAM,Drama,basic ,0,0,,,,
2026-07-18 09:53:53,sess_000328,cust_0102,play,Smart TV,LATAM,SciFi,basic ,609,0,3000 kbps,,,
2026-07-18 10:01:36,sess_000328,cust_0102,play,Smart TV,LATAM,Kids,basic ,1360,0,8000kbps,,,
2026-07-18 10:09:26,sess_000328,cust_0102,pause,Smart TV,LATAM,Action,basic ,0,0,,,,
2026-07-18 10:21:00,sess_000328,cust_0102,play,Smart TV,LATAM,Comedy,basic ,1402,0,1500 kbps,,,
2026-07-18 10:35:12,sess_000328,cust_0102,play,Smart TV,LATAM,Comedy,basic ,343,0,2000 kbps,,,
2026-07-18 10:45:47,sess_000328,cust_0102,pause,Smart TV,LATAM,SciFi,basic ,0,0,,,,
2026-07-18 10:48:15,sess_000328,cust_0102,play,Smart TV,LATAM,Documentary,basic ,1288,0,3000 kbps,,,
2026-07-18 10:48:59,sess_000328,cust_0102,session_end,Smart TV,LATAM,,basic ,0,0,,,100%,1
2026-07-18 11:01:47,sess_000321,cust_0101,session_start,Mobile,North America,,STD,0,0,,,,
2026-07-18 11:03:19,sess_000321,cust_0101,buffer,Mobile,North America,Horror,STD,0,1880,,,,
2026-07-18 11:06:06,sess_000321,cust_0101,play,Mobile,,Drama,STD,1495,0,8000 kbps,,,
2026-07-18 11:21:01,sess_000321,cust_0101,buffer,Mobile,North America,Drama,STD,0,334,,,,
2026-07-18 11:33:03,sess_000321,cust_0101,play,Mobile,North America,Horror,STD,1453,0,3000 kbps,,,
2026-07-18 11:34:58,sess_000321,cust_0101,buffer,Mobile,North America,Documentary,STD,0,2821,,,,
2026-07-18 11:44:50,sess_000321,cust_0101,play,Mobile,North America,Documentary,STD,1275,0,1500 kbps,,,
2026-07-18 11:45:09,sess_000321,cust_0101,play,Mobile,North America,Action,STD,245,0,3000 kbps,,,
2026-07-18 11:52:27,sess_000321,cust_0101,pause,Mobile,North America,Horror,STD,0,0,,,,
2026-07-18 11:57:29,sess_000321,cust_0101,error,Mobile,North America,Documentary,STD,0,0,,E1001,,
2026-07-18 13:53:42,sess_000872,cust_0006,session_start,Tablet,Europe,,Standard ,0,0,,,,
2026-07-18 14:06:16,sess_000872,cust_0006,pause,Tablet,Europe,Drama,Standard ,0,0,,,,
2026-07-18 14:16:02,sess_000872,cust_0006,play,Tablet,Europe,Action,Standard ,744,0,6000kbps,,,
2026-07-18 14:29:52,sess_000872,cust_0006,play,Tablet,Europe,Comedy,Standard ,971,0,2000 kbps,,,
2026-07-18 14:44:00,sess_000872,cust_0006,play,Tablet,Europe,Action,Standard ,219,0,6000kbps,,,
2026-07-18 14:46:41,sess_000872,cust_0006,play,Tablet,Europe,Documentary,Standard ,1166,0,4500 kbps,,,
2026-07-18 14:48:26,sess_000872,cust_0006,session_end,Tablet,Europe,,Standard ,0,0,,,95%,2.0
2026-07-18 15:43:13,sess_000423,cust_0020,session_start,Console,LATAM,,Standard ,0,0,,,,
2026-07-18 15:51:15,sess_000423,cust_0020,play,Console,LATAM,Documentary,Standard ,713,0,480p-1500kbps,,,
2026-07-18 16:05:06,sess_000423,cust_0020,play,Console,LATAM,Drama,Standard ,1561,0,480p-2000kbps,,,
2026-07-18 16:19:15,sess_000423,cust_0020,play,Console,LATAM,Comedy,Standard ,1139,0,1500 kbps,,,
2026-07-18 16:27:19,sess_000423,cust_0020,buffer,Console,LATAM,Comedy,Standard ,0,2824,,,,
2026-07-18 16:28:58,sess_000423,cust_0020,session_end,Console,LATAM,,Standard ,0,0,,,75%,1
2026-07-18 18:44:19,sess_000391,cust_0055,session_start,Mobile,North America,,Premium ,0,0,,,,
2026-07-18 18:52:19,sess_000391,cust_0055,buffer,Mobile,North America,Action,Premium ,0,787,,,,
2026-07-18 19:04:52,sess_000391,cust_0055,play,Mobile,North America,SciFi,Premium ,370,0,3000 kbps,,,
2026-07-18 19:08:48,sess_000391,cust_0055,play,Mobile,North America,SciFi,Premium ,765,0,480p-2000kbps,,,
2026-07-18 19:09:54,sess_000391,cust_0055,session_end,Mobile,North America,,Premium ,0,0,,,95%,3.0
2026-07-18 20:49:13,sess_000183,cust_0111,session_start,Mobile,APAC,,standard,0,0,,,,
2026-07-18 20:54:41,sess_000183,cust_0111,play,Mobile,APAC,Documentary,standard,1586,0,4500kbps,,,
2026-07-18 20:56:30,sess_000765,cust_0021,session_start,Tablet,LATAM,,Standard ,0,0,,,,
2026-07-18 21:01:40,sess_000765,cust_0021,play,Tablet,LATAM,Kids,Standard ,50,0,2000kbps,,,
2026-07-18 21:04:39,sess_000183,cust_0111,play,Mobile,APAC,Drama,standard,444,0,1080p-6000kbps,,,
2026-07-18 21:06:34,sess_000183,cust_0111,session_end,Mobile,APAC,,standard,0,0,,,90%,4
2026-07-18 21:14:22,sess_000765,cust_0021,play,Tablet,LATAM,Kids,Standard ,674,0,1080p-8000kbps,,,
2026-07-18 21:28:44,sess_000765,cust_0021,buffer,Tablet,LATAM,Documentary,Standard ,0,2200,,,,
2026-07-18 21:39:01,sess_000765,cust_0021,play,Tablet,LATAM,Horror,Standard ,1471,0,1080p-8000kbps,,,
2026-07-18 21:50:40,sess_000765,cust_0021,play,Tablet,LATAM,Comedy,Standard ,1564,0,720p-3000kbps,,,
2026-07-18 22:01:56,sess_000765,cust_0021,play,Tablet,LATAM,Kids,Standard ,629,0,480p-2000kbps,,,
2026-07-18 22:07:36,sess_000765,cust_0021,play,Tablet,LATAM,Drama,Standard ,1178,0,480p-2000kbps,,,
2026-07-18 22:22:22,sess_000765,cust_0021,pause,Tablet,LATAM,Documentary,Standard ,0,0,,,,
2026-07-18 22:27:07,sess_000765,cust_0021,play,Tablet,LATAM,Drama,Standard ,1018,0,1500 kbps,,,
2026-07-18 22:36:09,sess_000765,cust_0021,play,Tablet,LATAM,SciFi,Standard ,1366,0,1500kbps,,,
2026-07-18 22:44:58,sess_000765,cust_0021,buffer,Tablet,LATAM,Comedy,Standard ,0,2522,,,,
2026-07-18 22:46:35,sess_000765,cust_0021,session_end,Tablet,LATAM,,Standard ,0,0,,,100%,2
2026-07-19 03:47:55,sess_000338,cust_0076,session_start,Mobile,North America,,premium,0,0,,,,
2026-07-19 03:50:09,sess_000559,cust_0077,session_start,Console,Africa,,STD,0,0,,,,
2026-07-19 04:02:09,sess_000338,cust_0076,buffer,Mobile,North America,Drama,premium,0,312,,,,
2026-07-19 04:04:18,sess_000559,cust_0077,play,Console,Africa,Drama,STD,1608,0,8000kbps,,,
2026-07-19 04:09:12,sess_000698,cust_0130,session_start,Mobile,LATAM,,basic ,0,0,,,,
2026-07-19 04:09:24,sess_000559,cust_0077,buffer,Console,Africa,Kids,STD,0,2220,,,,
2026-07-19 04:09:28,sess_000809,cust_0126,session_start,Console,LATAM,,basic,0,0,,,,
2026-07-19 04:10:05,sess_000698,cust_0130,play,Mobile,LATAM,Drama,basic ,683,0,2000 kbps,,,
2026-07-19 04:12:06,sess_000559,cust_0077,play,Console,,Documentary,STD,565,0,2000 kbps,,,
2026-07-19 04:14:50,sess_000338,cust_0076,play,Mobile,North America,Horror,premium,1174,0,2000 kbps,,,
2026-07-19 04:16:03,sess_000559,cust_0077,play,Console,Africa,Documentary,STD,502,0,6000 kbps,,,
2026-07-19 04:16:19,sess_000559,cust_0077,session_end,Console,Africa,,STD,0,0,,,87%,2
2026-07-19 04:17:51,sess_000338,cust_0076,play,Mobile,North America,Action,premium,984,0,1500 kbps,,,
2026-07-19 04:19:47,sess_000698,cust_0130,buffer,Mobile,LATAM,Drama,basic ,0,2945,,,,
2026-07-19 04:24:02,sess_000809,cust_0126,buffer,Console,LATAM,Comedy,basic,0,1515,,,,
2026-07-19 04:26:13,sess_000698,cust_0130,error,Mobile,LATAM,Kids,basic ,0,0,,E2002,,
2026-07-19 04:31:57,sess_000338,cust_0076,pause,Mobile,North America,Documentary,premium,0,0,,,,
2026-07-19 04:33:16,sess_000809,cust_0126,play,Console,LATAM,SciFi,basic,1018,0,720p-4500kbps,,,
2026-07-19 04:34:25,sess_000338,cust_0076,play,Mobile,North America,Action,premium,1424,0,2000kbps,,,
2026-07-19 04:34:26,sess_000698,cust_0130,play,Mobile,LATAM,Drama,basic ,1697,0,2000kbps,,,
2026-07-19 04:36:43,sess_000698,cust_0130,pause,Mobile,LATAM,Comedy,basic ,0,0,,,,
2026-07-19 04:37:58,sess_000338,cust_0076,play,Mobile,North America,SciFi,premium,660,0,3000 kbps,,,
2026-07-19 04:42:35,sess_000338,cust_0076,pause,Mobile,North America,Drama,premium,0,0,,,,
2026-07-19 04:44:38,sess_000338,cust_0076,error,Mobile,North America,Horror,premium,0,0,,E1001,,
2026-07-19 04:47:33,sess_000809,cust_0126,play,Console,LATAM,Drama,basic,1020,0,3000 kbps,,,
2026-07-19 04:48:41,sess_000698,cust_0130,play,Mobile,LATAM,Comedy,basic ,706,0,1080p-6000kbps,,,
2026-07-19 04:59:54,sess_000809,cust_0126,play,Console,LATAM,Documentary,basic,1260,0,480p-1500kbps,,,
2026-07-19 05:01:38,sess_000698,cust_0130,buffer,Mobile,LATAM,Documentary,basic ,0,2530,,,,
2026-07-19 05:01:43,sess_000809,cust_0126,pause,Console,LATAM,Documentary,basic,0,0,,,,
2026-07-19 05:10:32,sess_000698,cust_0130,pause,Mobile,LATAM,Kids,basic ,0,0,,,,
2026-07-19 05:10:44,sess_000809,cust_0126,play,Console,LATAM,Action,basic,1220,0,1500kbps,,,
2026-07-19 05:21:28,sess_000809,cust_0126,play,Console,LATAM,Kids,basic,1519,0,1080p-8000kbps,,,
2026-07-19 05:24:06,sess_000698,cust_0130,play,Mobile,LATAM,Action,basic ,798,0,480p-1500kbps,,,
2026-07-19 05:26:19,sess_000809,cust_0126,play,Console,LATAM,Drama,basic,292,0,8000kbps,,,
2026-07-19 05:26:38,sess_000809,cust_0126,play,Console,LATAM,Kids,basic,1344,0,2000kbps,,,
2026-07-19 05:28:18,sess_000809,cust_0126,session_end,Console,LATAM,,basic,0,0,,,100%,N/A
2026-07-19 05:35:07,sess_000698,cust_0130,play,Mobile,LATAM,SciFi,basic ,1209,0,2000 kbps,,,
2026-07-19 05:35:27,sess_000698,cust_0130,play,Mobile,LATAM,Comedy,basic ,1768,0,1080p-8000kbps,,,
2026-07-19 05:36:35,sess_000698,cust_0130,session_end,Mobile,LATAM,,basic ,0,0,,,60%,1 stars
2026-07-19 06:27:32,sess_000747,cust_0090,session_start,Mobile,North America,,Standard ,0,0,,,,
2026-07-19 06:29:44,sess_000716,cust_0138,session_start,Smart TV,Africa,,Standard ,0,0,,,,
2026-07-19 06:30:56,sess_000716,cust_0138,play,Smart TV,Africa,Documentary,Standard ,1700,0,720p-4500kbps,,,
2026-07-19 06:31:01,sess_000596,cust_0078,session_start,Tablet,LATAM,,Basic,0,0,,,,
2026-07-19 06:33:34,sess_000716,cust_0138,play,Smart TV,Africa,Documentary,Standard ,39,0,2000kbps,,,
2026-07-19 06:41:14,sess_000596,cust_0078,pause,Tablet,LATAM,Kids,Basic,0,0,,,,
2026-07-19 06:42:05,sess_000747,cust_0090,play,Mobile,North America,SciFi,Standard ,1221,0,4500kbps,,,
2026-07-19 06:42:37,sess_000716,cust_0138,play,Smart TV,Africa,SciFi,Standard ,285,0,8000 kbps,,,
2026-07-19 06:43:12,sess_000716,cust_0138,play,Smart TV,Africa,SciFi,Standard ,962,0,1500 kbps,,,
2026-07-19 06:44:51,sess_000596,cust_0078,pause,Tablet,LATAM,Documentary,Basic,0,0,,,,
2026-07-19 06:48:50,sess_000596,cust_0078,play,Tablet,LATAM,Horror,Basic,385,0,8000kbps,,,
2026-07-19 06:49:07,sess_000596,cust_0078,pause,Tablet,LATAM,Kids,Basic,0,0,,,,
2026-07-19 06:49:33,sess_000716,cust_0138,play,Smart TV,Africa,Horror,Standard ,124,0,2000 kbps,,,
2026-07-19 06:50:21,sess_000716,cust_0138,session_end,Smart TV,Africa,,Standard ,0,0,,,45%,5 stars
2026-07-19 06:51:33,sess_000747,cust_0090,play,Mobile,,Horror,Standard ,560,0,2000kbps,,,
2026-07-19 06:55:20,sess_000747,cust_0090,pause,Mobile,North America,Comedy,Standard ,0,0,,,,
2026-07-19 06:56:53,sess_000596,cust_0078,buffer,Tablet,LATAM,Action,Basic,0,1725,,,,
2026-07-19 07:08:45,sess_000596,cust_0078,play,Tablet,LATAM,Drama,Basic,1261,0,1080p-8000kbps,,,
2026-07-19 07:09:47,sess_000747,cust_0090,play,Mobile,North America,Documentary,Standard ,667,0,8000 kbps,,,
2026-07-19 07:18:59,sess_000747,cust_0090,play,Mobile,North America,Comedy,Standard ,483,0,720p-3000kbps,,,
2026-07-19 07:22:50,sess_000596,cust_0078,play,Tablet,,Documentary,Basic,1125,0,2000 kbps,,,
2026-07-19 07:25:41,sess_000747,cust_0090,buffer,Mobile,North America,Horror,Standard ,0,745,,,,
2026-07-19 07:25:58,sess_000747,cust_0090,play,Mobile,North America,SciFi,Standard ,586,0,1080p-8000kbps,,,
2026-07-19 07:30:30,sess_000747,cust_0090,play,Mobile,North America,Drama,Standard ,196,0,2000kbps,,,
2026-07-19 07:31:12,sess_000747,cust_0090,play,Mobile,North America,SciFi,Standard ,615,0,480p-2000kbps,,,
2026-07-19 07:31:44,sess_000596,cust_0078,play,Tablet,LATAM,Comedy,Basic,739,0,3000kbps,,,
2026-07-19 07:43:52,sess_000596,cust_0078,play,Tablet,LATAM,Kids,Basic,885,0,6000kbps,,,
2026-07-19 07:45:47,sess_000747,cust_0090,buffer,Mobile,North America,Horror,Standard ,0,754,,,,
2026-07-19 07:46:41,sess_000596,cust_0078,play,Tablet,LATAM,SciFi,Basic,393,0,2000 kbps,,,
2026-07-19 07:47:12,sess_000747,cust_0090,session_end,Mobile,North America,,Standard ,0,0,,,60%,N/A
2026-07-19 07:47:51,sess_000596,cust_0078,session_end,Tablet,LATAM,,Basic,0,0,,,75%,4 stars
2026-07-19 11:06:54,sess_000427,cust_0082,session_start,Smart TV,Africa,,PREM,0,0,,,,
2026-07-19 11:15:26,sess_000427,cust_0082,play,Smart TV,Africa,Horror,PREM,1182,0,2000 kbps,,,
2026-07-19 11:22:54,sess_000427,cust_0082,play,Smart TV,Africa,Action,PREM,1774,0,1080p-8000kbps,,,
2026-07-19 11:31:58,sess_000427,cust_0082,play,Smart TV,Africa,SciFi,PREM,1170,0,480p-2000kbps,,,
2026-07-19 11:43:46,sess_000427,cust_0082,pause,Smart TV,Africa,Kids,PREM,0,0,,,,
2026-07-19 11:45:36,sess_000427,cust_0082,pause,Smart TV,Africa,Action,PREM,0,0,,,,
2026-07-19 11:46:37,sess_000427,cust_0082,session_end,Smart TV,Africa,,PREM,0,0,,,80%,n/a
2026-07-19 12:55:02,sess_000905,cust_0032,session_start,Web,LATAM,,STD,0,0,,,,
2026-07-19 12:56:06,sess_000905,cust_0032,play,Web,LATAM,Drama,STD,1746,0,480p-1500kbps,,,
2026-07-19 13:10:03,sess_000905,cust_0032,pause,Web,LATAM,Action,STD,0,0,,,,
2026-07-19 13:20:27,sess_000905,cust_0032,pause,Web,LATAM,Drama,STD,0,0,,,,
2026-07-19 13:30:14,sess_000905,cust_0032,play,Web,LATAM,SciFi,STD,1769,0,3000kbps,,,
2026-07-19 13:31:18,sess_000905,cust_0032,session_end,Web,LATAM,,STD,0,0,,,45%,5
2026-07-19 14:42:44,sess_000709,cust_0090,session_start,Mobile,North America,,Standard ,0,0,,,,
2026-07-19 14:45:54,sess_000709,cust_0090,play,Mobile,North America,Documentary,Standard ,1131,0,1080p-8000kbps,,,
2026-07-19 14:56:02,sess_000915,cust_0073,session_start,Mobile,LATAM,,STD,0,0,,,,
2026-07-19 14:57:59,sess_000709,cust_0090,play,Mobile,North America,Kids,Standard ,38,0,6000 kbps,,,
2026-07-19 14:58:47,sess_000915,cust_0073,play,Mobile,LATAM,Documentary,STD,133,0,1500 kbps,,,
2026-07-19 14:59:39,sess_000709,cust_0090,session_end,Mobile,North America,,Standard ,0,0,,,45%,5
2026-07-19 15:13:47,sess_000915,cust_0073,play,Mobile,LATAM,Drama,STD,233,0,6000 kbps,,,
2026-07-19 15:14:15,sess_000915,cust_0073,play,Mobile,LATAM,Kids,STD,449,0,6000 kbps,,,
2026-07-19 15:17:03,sess_000915,cust_0073,play,Mobile,LATAM,SciFi,STD,1168,0,1080p-6000kbps,,,
2026-07-19 15:26:18,sess_000915,cust_0073,play,Mobile,LATAM,Horror,STD,302,0,720p-3000kbps,,,
2026-07-19 15:36:03,sess_000915,cust_0073,play,Mobile,LATAM,SciFi,STD,555,0,6000 kbps,,,
2026-07-19 15:43:08,sess_000915,cust_0073,play,Mobile,LATAM,Drama,STD,877,0,1080p-6000kbps,,,
2026-07-19 15:44:29,sess_000915,cust_0073,session_end,Mobile,LATAM,,STD,0,0,,,45%,n/a
2026-07-19 16:31:01,sess_000416,cust_0036,session_start,Mobile,Africa,,Standard ,0,0,,,,
2026-07-19 16:44:42,sess_000416,cust_0036,play,Mobile,Africa,Comedy,Standard ,357,0,6000 kbps,,,
2026-07-19 16:55:17,sess_000416,cust_0036,play,Mobile,Africa,Drama,Standard ,877,0,720p-3000kbps,,,
2026-07-19 16:58:01,sess_000785,cust_0140,session_start,,LATAM,,premium_plus,0,0,,,,
2026-07-19 17:07:35,sess_000416,cust_0036,play,Mobile,Africa,Drama,Standard ,127,0,2000 kbps,,,
2026-07-19 17:11:30,sess_000416,cust_0036,play,Mobile,Africa,Comedy,Standard ,649,0,4500kbps,,,
2026-07-19 17:12:51,sess_000785,cust_0140,play,,LATAM,SciFi,premium_plus,1679,0,8000kbps,,,
2026-07-19 17:19:40,sess_000785,cust_0140,play,,LATAM,Comedy,premium_plus,839,0,1080p-6000kbps,,,
2026-07-19 17:23:15,sess_000416,cust_0036,play,Mobile,Africa,Drama,Standard ,1253,0,720p-3000kbps,,,
2026-07-19 17:24:52,sess_000416,cust_0036,session_end,Mobile,Africa,,Standard ,0,0,,,95%,3
2026-07-19 17:32:18,sess_000785,cust_0140,play,,LATAM,Horror,premium_plus,657,0,8000kbps,,,
2026-07-19 17:39:56,sess_000785,cust_0140,pause,,LATAM,Action,premium_plus,0,0,,,,
2026-07-19 17:41:53,sess_000785,cust_0140,session_end,,LATAM,,premium_plus,0,0,,,90%,1
2026-07-19 18:45:33,sess_000779,cust_0080,session_start,Console,APAC,,Premium ,0,0,,,,
2026-07-19 18:47:32,sess_000779,cust_0080,pause,Console,APAC,SciFi,Premium ,0,0,,,,
2026-07-19 18:50:21,sess_000779,cust_0080,play,Console,APAC,Comedy,Premium ,1196,0,720p-4500kbps,,,
2026-07-19 19:02:07,sess_000779,cust_0080,play,Console,APAC,SciFi,Premium ,788,0,1500kbps,,,
2026-07-19 19:03:21,sess_000779,cust_0080,session_end,Console,APAC,,Premium ,0,0,,,75%,1
2026-07-19 23:03:28,sess_000084,cust_0133,session_start,Mobile,Africa,,basic,0,0,,,,
2026-07-19 23:03:49,sess_000084,cust_0133,play,Mobile,Africa,Comedy,basic,1715,0,8000 kbps,,,
2026-07-19 23:16:02,sess_000084,cust_0133,play,Mobile,Africa,Drama,basic,1051,0,2000 kbps,,,
2026-07-19 23:24:54,sess_000084,cust_0133,play,Mobile,Africa,Comedy,basic,1512,0,8000kbps,,,
2026-07-19 23:31:44,sess_000084,cust_0133,error,Mobile,Africa,Documentary,basic,0,0,,E2002,,
2026-07-19 23:40:47,sess_000084,cust_0133,play,Mobile,Africa,Action,basic,724,0,720p-4500kbps,,,
2026-07-19 23:54:01,sess_000084,cust_0133,pause,Mobile,Africa,SciFi,basic,0,0,,,,
2026-07-20 00:00:20,sess_000084,cust_0133,pause,Mobile,Africa,Drama,basic,0,0,,,,
2026-07-20 00:14:18,sess_000084,cust_0133,pause,Mobile,Africa,Action,basic,0,0,,,,
2026-07-20 00:20:46,sess_000084,cust_0133,play,Mobile,Africa,Kids,basic,633,0,4500 kbps,,,
2026-07-20 00:29:06,sess_000084,cust_0133,play,Mobile,Africa,Comedy,basic,1602,0,720p-3000kbps,,,
2026-07-20 00:29:58,sess_000084,cust_0133,play,Mobile,Africa,SciFi,basic,1504,0,720p-4500kbps,,,
2026-07-20 00:33:01,sess_000084,cust_0133,error,Mobile,Africa,Kids,basic,0,0,,E2002,,
2026-07-20 00:50:01,sess_000478,cust_0098,session_start,Tablet,LATAM,,premium,0,0,,,,
2026-07-20 00:52:48,sess_000478,cust_0098,play,Tablet,LATAM,SciFi,premium,482,0,3000kbps,,,
2026-07-20 00:58:11,sess_000478,cust_0098,play,Tablet,LATAM,Action,premium,1714,0,3000 kbps,,,
2026-07-20 01:00:06,sess_000478,cust_0098,play,Tablet,LATAM,Horror,premium,1371,0,720p-4500kbps,,,
2026-07-20 01:05:40,sess_000478,cust_0098,pause,Tablet,,Drama,premium,0,0,,,,
2026-07-20 01:12:28,sess_000478,cust_0098,buffer,Tablet,LATAM,Horror,premium,0,2145,,,,
2026-07-20 01:23:31,sess_000478,cust_0098,play,Tablet,LATAM,Action,premium,1165,0,2000 kbps,,,
2026-07-20 01:38:00,sess_000478,cust_0098,play,Tablet,LATAM,Kids,premium,378,0,480p-1500kbps,,,
2026-07-20 01:41:26,sess_000489,cust_0104,session_start,Console,Europe,,STD,0,0,,,,
2026-07-20 01:49:29,sess_000478,cust_0098,play,Tablet,LATAM,Action,premium,1089,0,8000kbps,,,
2026-07-20 01:50:01,sess_000478,cust_0098,session_end,Tablet,LATAM,,premium,0,0,,,100%,N/A
2026-07-20 01:53:29,sess_000489,cust_0104,play,Console,Europe,Horror,STD,1013,0,480p-1500kbps,,,
2026-07-20 01:59:35,sess_000489,cust_0104,play,Console,Europe,SciFi,STD,785,0,480p-1500kbps,,,
2026-07-20 02:10:24,sess_000489,cust_0104,buffer,Console,Europe,Action,STD,0,1296,,,,
2026-07-20 02:15:36,sess_000489,cust_0104,play,Console,Europe,SciFi,STD,1288,0,3000 kbps,,,
2026-07-20 02:23:25,sess_000489,cust_0104,play,Console,Europe,Horror,STD,1786,0,720p-3000kbps,,,
2026-07-20 02:33:32,sess_000489,cust_0104,play,Console,Europe,Drama,STD,800,0,1080p-6000kbps,,,
2026-07-20 02:45:40,sess_000489,cust_0104,play,Console,Europe,SciFi,STD,1394,0,480p-1500kbps,,,
2026-07-20 02:49:25,sess_000489,cust_0104,pause,Console,Europe,Kids,STD,0,0,,,,
2026-07-20 03:04:16,sess_000489,cust_0104,play,Console,Europe,Documentary,STD,423,0,1500kbps,,,
2026-07-20 03:16:21,sess_000489,cust_0104,buffer,Console,Europe,Action,STD,0,880,,,,
2026-07-20 03:20:09,sess_000489,cust_0104,pause,Console,Europe,SciFi,STD,0,0,,,,
2026-07-20 03:33:48,sess_000489,cust_0104,play,Console,Europe,Documentary,STD,971,0,2000 kbps,,,
2026-07-20 03:39:06,sess_000489,cust_0104,pause,Console,Europe,Kids,STD,0,0,,,,
2026-07-20 03:46:44,sess_000489,cust_0104,play,Console,Europe,Horror,STD,445,0,2000kbps,,,
2026-07-20 03:48:33,sess_000489,cust_0104,session_end,Console,Europe,,STD,0,0,,,95%,5 stars
2026-07-20 09:23:15,sess_000485,cust_0082,session_start,Smart TV,Africa,,Premium ,0,0,,,,
2026-07-20 09:25:14,sess_000485,cust_0082,play,Smart TV,Africa,SciFi,Premium ,1239,0,8000kbps,,,
2026-07-20 09:28:19,sess_000485,cust_0082,play,Smart TV,Africa,Comedy,Premium ,1757,0,720p-3000kbps,,,
2026-07-20 09:36:41,sess_000485,cust_0082,play,Smart TV,Africa,Documentary,Premium ,1377,0,1500 kbps,,,
2026-07-20 09:51:09,sess_000485,cust_0082,play,Smart TV,Africa,Documentary,Premium ,659,0,1500kbps,,,
2026-07-20 09:56:41,sess_000485,cust_0082,pause,Smart TV,Africa,Horror,Premium ,0,0,,,,
2026-07-20 10:02:04,sess_000485,cust_0082,play,Smart TV,Africa,Documentary,Premium ,174,0,6000kbps,,,
2026-07-20 10:11:05,sess_000485,cust_0082,buffer,Smart TV,Africa,SciFi,Premium ,0,418,,,,
2026-07-20 10:12:34,sess_000485,cust_0082,session_end,Smart TV,Africa,,Premium ,0,0,,,,N/A
2026-07-20 10:58:41,sess_000264,cust_0070,session_start,Web,Africa,,STD,0,0,,,,
2026-07-20 11:09:54,sess_000264,cust_0070,pause,Web,Africa,SciFi,STD,0,0,,,,
2026-07-20 11:10:11,sess_000264,cust_0070,play,Web,Africa,Comedy,STD,374,0,2000 kbps,,,
2026-07-20 11:20:40,sess_000264,cust_0070,play,Web,Africa,Kids,STD,1540,0,4500kbps,,,
2026-07-20 11:23:03,sess_000264,cust_0070,play,Web,Africa,Drama,STD,200,0,2000kbps,,,
2026-07-20 11:27:59,sess_000264,cust_0070,play,Web,Africa,Action,STD,391,0,3000kbps,,,
2026-07-20 11:42:36,sess_000264,cust_0070,play,Web,Africa,Documentary,STD,845,0,4500kbps,,,
2026-07-20 11:51:34,sess_000264,cust_0070,play,Web,Africa,SciFi,STD,306,0,3000kbps,,,
2026-07-20 12:04:14,sess_000264,cust_0070,play,Web,Africa,Documentary,STD,1739,0,3000kbps,,,
2026-07-20 12:10:29,sess_000782,cust_0120,session_start,Console,LATAM,,STD,0,0,,,,
2026-07-20 12:15:27,sess_000264,cust_0070,buffer,Web,Africa,Horror,STD,0,2667,,,,
2026-07-20 12:25:13,sess_000782,cust_0120,buffer,Console,LATAM,Horror,STD,0,1568,,,,
2026-07-20 12:27:28,sess_000264,cust_0070,buffer,Web,Africa,Documentary,STD,0,2162,,,,
2026-07-20 12:28:12,sess_000264,cust_0070,session_end,Web,Africa,,STD,0,0,,,90%,n/a
2026-07-20 12:30:22,sess_000782,cust_0120,play,Console,LATAM,Comedy,STD,236,0,720p-3000kbps,,,
2026-07-20 12:44:23,sess_000782,cust_0120,play,Console,LATAM,Action,STD,466,0,2000 kbps,,,
2026-07-20 12:46:11,sess_000782,cust_0120,session_end,Console,LATAM,,STD,0,0,,,95%,n/a
2026-07-20 15:05:00,sess_000228,cust_0072,session_start,,North America,,Standard,0,0,,,,
2026-07-20 15:06:18,sess_000228,cust_0072,pause,,North America,Horror,Standard,0,0,,,,
2026-07-20 15:18:14,sess_000228,cust_0072,play,,North America,Horror,Standard,442,0,720p-4500kbps,,,
2026-07-20 15:29:46,sess_000228,cust_0072,pause,,North America,SciFi,Standard,0,0,,,,
2026-07-20 15:31:48,sess_000228,cust_0072,error,,North America,Kids,Standard,0,0,,E4004,,
2026-07-20 16:04:19,sess_000440,cust_0023,session_start,Tablet,North America,,Premium ,0,0,,,,
2026-07-20 16:12:43,sess_000440,cust_0023,play,Tablet,North America,Horror,Premium ,627,0,8000 kbps,,,
2026-07-20 16:20:09,sess_000190,cust_0043,session_start,Smart TV,LATAM,,STD,0,0,,,,
2026-07-20 16:23:11,sess_000440,cust_0023,play,Tablet,North America,Horror,Premium ,1448,0,4500kbps,,,
2026-07-20 16:24:22,sess_000440,cust_0023,play,Tablet,North America,Kids,Premium ,1569,0,4500 kbps,,,
2026-07-20 16:31:42,sess_000190,cust_0043,play,Smart TV,LATAM,SciFi,STD,379,0,1500 kbps,,,
2026-07-20 16:35:37,sess_000981,cust_0011,session_start,Smart TV,LATAM,,PremiumPlus,0,0,,,,
2026-07-20 16:36:47,sess_000440,cust_0023,play,Tablet,North America,SciFi,Premium ,577,0,2000kbps,,,
2026-07-20 16:37:02,sess_000440,cust_0023,play,Tablet,North America,Drama,Premium ,1130,0,3000 kbps,,,
2026-07-20 16:40:42,sess_000190,cust_0043,play,Smart TV,LATAM,Kids,STD,1248,0,480p-1500kbps,,,
2026-07-20 16:44:29,sess_000981,cust_0011,play,Smart TV,LATAM,Horror,PremiumPlus,1033,0,1500kbps,,,
2026-07-20 16:47:53,sess_000440,cust_0023,buffer,Tablet,North America,Comedy,Premium ,0,3112,,,,
2026-07-20 16:54:19,sess_000190,cust_0043,pause,Smart TV,LATAM,Documentary,STD,0,0,,,,
2026-07-20 16:55:42,sess_000190,cust_0043,session_end,Smart TV,LATAM,,STD,0,0,,,60%,5 stars
2026-07-20 16:58:12,sess_000981,cust_0011,play,Smart TV,LATAM,Kids,PremiumPlus,475,0,2000 kbps,,,
2026-07-20 16:59:33,sess_000055,cust_0124,session_start,Web,Europe,,Basic,0,0,,,,
2026-07-20 17:01:35,sess_000440,cust_0023,play,Tablet,North America,SciFi,Premium ,1352,0,8000kbps,,,
2026-07-20 17:03:32,sess_000440,cust_0023,play,Tablet,North America,SciFi,Premium ,1292,0,1500kbps,,,
2026-07-20 17:05:57,sess_000440,cust_0023,pause,Tablet,North America,Documentary,Premium ,0,0,,,,
2026-07-20 17:09:59,sess_000055,cust_0124,error,Web,Europe,Documentary,Basic,0,0,,E3003,,
2026-07-20 17:10:08,sess_000440,cust_0023,play,Tablet,North America,Horror,Premium ,545,0,3000 kbps,,,
2026-07-20 17:10:35,sess_000981,cust_0011,pause,Smart TV,LATAM,Kids,PremiumPlus,0,0,,,,
2026-07-20 17:19:32,sess_000055,cust_0124,play,Web,Europe,Documentary,Basic,981,0,2000 kbps,,,
2026-07-20 17:21:49,sess_000440,cust_0023,play,Tablet,North America,Comedy,Premium ,919,0,2000kbps,,,
2026-07-20 17:23:47,sess_000055,cust_0124,play,Web,Europe,Documentary,Basic,1725,0,720p-4500kbps,,,
2026-07-20 17:23:50,sess_000981,cust_0011,buffer,Smart TV,LATAM,Comedy,PremiumPlus,0,2148,,,,
2026-07-20 17:26:16,sess_000981,cust_0011,play,Smart TV,LATAM,SciFi,PremiumPlus,762,0,2000kbps,,,
2026-07-20 17:28:02,sess_000981,cust_0011,session_end,Smart TV,LATAM,,PremiumPlus,0,0,,,45%,4
2026-07-20 17:33:29,sess_000440,cust_0023,play,Tablet,North America,Documentary,Premium ,1713,0,1080p-8000kbps,,,
2026-07-20 17:34:23,sess_000440,cust_0023,session_end,Tablet,North America,,Premium ,0,0,,,87%,
2026-07-20 17:37:03,sess_000055,cust_0124,play,Web,Europe,SciFi,Basic,483,0,8000kbps,,,
2026-07-20 17:47:38,sess_000055,cust_0124,play,Web,Europe,Horror,Basic,614,0,6000kbps,,,
2026-07-20 17:48:12,sess_000055,cust_0124,play,Web,Europe,Drama,Basic,1423,0,4500 kbps,,,
2026-07-20 17:51:35,sess_000055,cust_0124,play,Web,Europe,Horror,Basic,295,0,2000kbps,,,
2026-07-20 18:03:00,sess_000055,cust_0124,play,Web,Europe,Drama,Basic,1087,0,1500 kbps,,,
2026-07-20 18:06:32,sess_000055,cust_0124,play,Web,Europe,Action,Basic,350,0,480p-2000kbps,,,
2026-07-20 18:15:23,sess_000055,cust_0124,play,Web,Europe,Drama,Basic,1567,0,720p-4500kbps,,,
2026-07-20 18:16:20,sess_000055,cust_0124,session_end,Web,Europe,,Basic,0,0,,,75%,1.0
2026-07-20 19:57:11,sess_000605,cust_0137,session_start,Mobile,,,standard,0,0,,,,
2026-07-20 20:11:42,sess_000605,cust_0137,play,Mobile,Africa,Comedy,standard,306,0,480p-1500kbps,,,
2026-07-20 20:22:14,sess_000605,cust_0137,pause,Mobile,Africa,Horror,standard,0,0,,,,
2026-07-20 20:29:46,sess_000605,cust_0137,buffer,Mobile,Africa,Action,standard,0,3374,,,,
2026-07-20 20:31:08,sess_000605,cust_0137,error,Mobile,Africa,Action,standard,0,0,,E3003,,
2026-07-20 20:43:37,sess_000605,cust_0137,play,Mobile,Africa,Action,standard,214,0,720p-4500kbps,,,
2026-07-20 20:56:51,sess_000605,cust_0137,play,Mobile,Africa,Kids,standard,1550,0,720p-3000kbps,,,
2026-07-20 21:06:01,sess_000605,cust_0137,play,Mobile,Africa,Drama,standard,1560,0,4500kbps,,,
2026-07-20 21:15:48,sess_000605,cust_0137,play,Mobile,Africa,Action,standard,395,0,480p-1500kbps,,,
2026-07-20 21:17:18,sess_000605,cust_0137,buffer,Mobile,Africa,Comedy,standard,0,672,,,,
2026-07-20 21:26:16,sess_000605,cust_0137,play,Mobile,Africa,Kids,standard,1223,0,720p-3000kbps,,,
2026-07-20 21:32:59,sess_000605,cust_0137,play,Mobile,Africa,Horror,standard,1139,0,3000 kbps,,,
2026-07-20 21:47:36,sess_000605,cust_0137,play,Mobile,Africa,Comedy,standard,389,0,720p-4500kbps,,,
2026-07-20 21:58:59,sess_000605,cust_0137,play,Mobile,Africa,Documentary,standard,199,0,4500kbps,,,
2026-07-20 22:00:48,sess_000605,cust_0137,play,Mobile,Africa,Drama,standard,505,0,1080p-6000kbps,,,
2026-07-20 22:05:32,sess_000605,cust_0137,error,Mobile,Africa,Action,standard,0,0,,E4004,,
2026-07-20 22:10:15,sess_000621,cust_0147,session_start,Console,APAC,,basic,0,0,,,,
2026-07-20 22:12:13,sess_000621,cust_0147,play,Console,APAC,Documentary,basic,843,0,720p-4500kbps,,,
2026-07-20 22:14:57,sess_000605,cust_0137,pause,Mobile,Africa,Documentary,standard,0,0,,,,
2026-07-20 22:15:50,sess_000605,cust_0137,session_end,Mobile,,,standard,0,0,,,87%,3.0
2026-07-20 22:23:20,sess_000621,cust_0147,play,Console,,Horror,basic,1031,0,3000kbps,,,
2026-07-20 22:30:25,sess_000621,cust_0147,error,Console,APAC,Documentary,basic,0,0,,E4004,,
2026-07-20 22:40:52,sess_000621,cust_0147,play,Console,APAC,SciFi,basic,497,0,720p-4500kbps,,,
2026-07-20 22:46:05,sess_000621,cust_0147,buffer,Console,APAC,Drama,basic,0,2105,,,,
2026-07-20 22:59:25,sess_000621,cust_0147,buffer,Console,APAC,Comedy,basic,0,1850,,,,
2026-07-20 23:00:22,sess_000621,cust_0147,session_end,Console,APAC,,basic,0,0,,,45%,N/A
2026-07-20 23:49:46,sess_000713,cust_0014,session_start,Console,North America,,Standard ,0,0,,,,
2026-07-20 23:52:25,sess_000713,cust_0014,pause,Console,North America,Horror,Standard ,0,0,,,,
2026-07-20 23:53:22,sess_000713,cust_0014,play,Console,North America,Kids,Standard ,1462,0,1500 kbps,,,
2026-07-20 23:54:44,sess_000713,cust_0014,session_end,Console,North America,,Standard ,0,0,,,87%,1.0
2026-07-21 00:28:13,sess_000144,cust_0027,session_start,Smart TV,LATAM,,PremiumPlus,0,0,,,,
2026-07-21 00:35:49,sess_000144,cust_0027,play,Smart TV,LATAM,Action,PremiumPlus,993,0,4500 kbps,,,
2026-07-21 00:46:49,sess_000144,cust_0027,pause,Smart TV,LATAM,SciFi,PremiumPlus,0,0,,,,
2026-07-21 00:49:35,sess_000144,cust_0027,play,Smart TV,LATAM,Drama,PremiumPlus,721,0,6000 kbps,,,
2026-07-21 00:56:31,sess_000077,cust_0106,session_start,,LATAM,,Premium+,0,0,,,,
2026-07-21 00:57:50,sess_000077,cust_0106,play,,LATAM,Comedy,Premium+,1279,0,3000 kbps,,,
2026-07-21 01:02:44,sess_000077,cust_0106,play,,LATAM,Documentary,Premium+,845,0,1500 kbps,,,
2026-07-21 01:03:50,sess_000144,cust_0027,play,Smart TV,LATAM,Kids,PremiumPlus,710,0,8000kbps,,,
2026-07-21 01:12:21,sess_000077,cust_0106,play,,LATAM,Action,Premium+,1247,0,480p-1500kbps,,,
2026-07-21 01:16:17,sess_000077,cust_0106,buffer,,LATAM,SciFi,Premium+,0,287,,,,
2026-07-21 01:18:06,sess_000144,cust_0027,buffer,Smart TV,LATAM,Documentary,PremiumPlus,0,3369,,,,
2026-07-21 01:23:22,sess_000077,cust_0106,play,,LATAM,Action,Premium+,165,0,2000 kbps,,,
2026-07-21 01:23:33,sess_000077,cust_0106,session_end,,LATAM,,Premium+,0,0,,,87%,4.0
2026-07-21 01:23:54,sess_000144,cust_0027,play,Smart TV,LATAM,Action,PremiumPlus,319,0,4500 kbps,,,
2026-07-21 01:29:31,sess_000144,cust_0027,pause,Smart TV,LATAM,Horror,PremiumPlus,0,0,,,,
2026-07-21 01:30:51,sess_000144,cust_0027,session_end,Smart TV,LATAM,,PremiumPlus,0,0,,,80%,N/A
2026-07-21 01:41:10,sess_000294,cust_0106,session_start,Tablet,LATAM,,premium plus,0,0,,,,
2026-07-21 01:55:00,sess_000294,cust_0106,play,Tablet,LATAM,Horror,premium plus,1682,0,4500 kbps,,,
2026-07-21 02:09:36,sess_000294,cust_0106,play,Tablet,LATAM,Action,premium plus,350,0,4500kbps,,,
2026-07-21 02:14:22,sess_000294,cust_0106,play,Tablet,LATAM,Horror,premium plus,802,0,6000 kbps,,,
2026-07-21 02:18:33,sess_000294,cust_0106,pause,Tablet,LATAM,Action,premium plus,0,0,,,,
2026-07-21 02:18:50,sess_000294,cust_0106,session_end,Tablet,LATAM,,premium plus,0,0,,,90%,n/a
2026-07-21 02:22:07,sess_000465,cust_0107,session_start,Web,APAC,,Premium,0,0,,,,
2026-07-21 02:35:48,sess_000465,cust_0107,play,Web,APAC,Kids,Premium,1335,0,1080p-6000kbps,,,
2026-07-21 02:37:10,sess_000465,cust_0107,play,Web,APAC,Documentary,Premium,264,0,480p-1500kbps,,,
2026-07-21 02:43:23,sess_000465,cust_0107,buffer,Web,APAC,Kids,Premium,0,2483,,,,
2026-07-21 02:52:14,sess_000465,cust_0107,play,Web,APAC,SciFi,Premium,131,0,6000 kbps,,,
2026-07-21 02:53:14,sess_000465,cust_0107,session_end,Web,APAC,,Premium,0,0,,,90%,N/A
2026-07-21 10:44:58,sess_000330,cust_0030,session_start,Web,APAC,,Standard,0,0,,,,
2026-07-21 10:55:30,sess_000330,cust_0030,play,Web,APAC,Horror,Standard,1566,0,6000 kbps,,,
2026-07-21 10:56:44,sess_000330,cust_0030,play,Web,APAC,Action,Standard,1073,0,3000kbps,,,
2026-07-21 11:05:30,sess_000330,cust_0030,play,Web,APAC,Kids,Standard,755,0,1500 kbps,,,
2026-07-21 11:08:20,sess_000330,cust_0030,play,Web,APAC,Action,Standard,1459,0,1080p-8000kbps,,,
2026-07-21 11:09:13,sess_000330,cust_0030,play,Web,APAC,Kids,Standard,413,0,2000kbps,,,
2026-07-21 11:23:37,sess_000330,cust_0030,play,Web,APAC,Action,Standard,1757,0,6000 kbps,,,
2026-07-21 11:32:13,sess_000330,cust_0030,play,Web,APAC,Action,Standard,1193,0,6000kbps,,,
2026-07-21 11:36:59,sess_000330,cust_0030,pause,Web,APAC,Kids,Standard,0,0,,,,
2026-07-21 11:38:42,sess_000330,cust_0030,session_end,Web,APAC,,Standard,0,0,,,90%,
2026-07-21 12:21:24,sess_000553,cust_0010,session_start,Web,APAC,,STD,0,0,,,,
2026-07-21 12:29:01,sess_000553,cust_0010,play,Web,APAC,Comedy,STD,164,0,8000kbps,,,
2026-07-21 12:40:11,sess_000553,cust_0010,play,Web,APAC,Drama,STD,746,0,4500kbps,,,
2026-07-21 12:42:11,sess_000553,cust_0010,play,Web,APAC,Drama,STD,255,0,6000 kbps,,,
2026-07-21 12:53:13,sess_000553,cust_0010,play,Web,APAC,Documentary,STD,586,0,4500 kbps,,,
2026-07-21 12:58:27,sess_000553,cust_0010,buffer,Web,APAC,Kids,STD,0,1207,,,,
2026-07-21 13:06:17,sess_000553,cust_0010,play,Web,APAC,Documentary,STD,1592,0,2000kbps,,,
2026-07-21 13:16:11,sess_000553,cust_0010,pause,Web,APAC,SciFi,STD,0,0,,,,
2026-07-21 13:25:54,sess_000553,cust_0010,pause,Web,APAC,Horror,STD,0,0,,,,
2026-07-21 13:39:48,sess_000553,cust_0010,play,Web,APAC,Kids,STD,38,0,480p-2000kbps,,,
2026-07-21 13:48:30,sess_000553,cust_0010,play,Web,APAC,Kids,STD,313,0,4500 kbps,,,
2026-07-21 13:49:58,sess_000553,cust_0010,session_end,Web,APAC,,STD,0,0,,,75%,2.0
2026-07-21 14:47:37,sess_000093,cust_0028,session_start,Tablet,Europe,,premium,0,0,,,,
2026-07-21 14:59:38,sess_000093,cust_0028,play,Tablet,Europe,Horror,premium,482,0,2000kbps,,,
2026-07-21 15:14:20,sess_000093,cust_0028,play,Tablet,Europe,Drama,premium,626,0,3000kbps,,,
2026-07-21 15:16:25,sess_000093,cust_0028,play,Tablet,Europe,Action,premium,405,0,720p-3000kbps,,,
2026-07-21 15:26:52,sess_000093,cust_0028,play,Tablet,Europe,Comedy,premium,45,0,720p-4500kbps,,,
2026-07-21 15:33:55,sess_000093,cust_0028,play,Tablet,Europe,Kids,premium,696,0,720p-3000kbps,,,
2026-07-21 15:41:32,sess_000093,cust_0028,buffer,Tablet,Europe,SciFi,premium,0,734,,,,
2026-07-21 15:41:42,sess_000093,cust_0028,session_end,Tablet,Europe,,premium,0,0,,,60%,4.0
2026-07-21 15:56:53,sess_000627,cust_0092,session_start,Smart TV,,,basic ,0,0,,,,
2026-07-21 15:58:44,sess_000627,cust_0092,play,Smart TV,LATAM,Documentary,basic ,385,0,4500 kbps,,,
2026-07-21 16:06:51,sess_000627,cust_0092,play,Smart TV,LATAM,Horror,basic ,752,0,480p-2000kbps,,,
2026-07-21 16:15:22,sess_000627,cust_0092,pause,Smart TV,LATAM,Documentary,basic ,0,0,,,,
2026-07-21 16:20:14,sess_000627,cust_0092,play,Smart TV,LATAM,Kids,basic ,769,0,4500kbps,,,
2026-07-21 16:20:55,sess_000627,cust_0092,play,Smart TV,LATAM,Kids,basic ,758,0,6000 kbps,,,
2026-07-21 16:21:34,sess_000627,cust_0092,session_end,Smart TV,LATAM,,basic ,0,0,,,87%,
2026-07-21 16:38:05,sess_000619,cust_0137,session_start,Mobile,Africa,,Standard ,0,0,,,,
2026-07-21 16:41:22,sess_000619,cust_0137,play,Mobile,Africa,Kids,Standard ,499,0,2000 kbps,,,
2026-07-21 16:54:24,sess_000619,cust_0137,play,Mobile,Africa,Comedy,Standard ,708,0,2000kbps,,,
2026-07-21 17:03:39,sess_000619,cust_0137,play,Mobile,Africa,Documentary,Standard ,397,0,6000kbps,,,
2026-07-21 17:18:14,sess_000619,cust_0137,play,Mobile,Africa,Comedy,Standard ,509,0,720p-3000kbps,,,
2026-07-21 17:20:32,sess_000619,cust_0137,error,Mobile,Africa,Drama,Standard ,0,0,,E1001,,
2026-07-21 17:22:34,sess_000619,cust_0137,play,Mobile,Africa,Action,Standard ,77,0,720p-3000kbps,,,
2026-07-21 17:24:30,sess_000955,cust_0011,session_start,Smart TV,LATAM,,Premium+,0,0,,,,
2026-07-21 17:24:31,sess_000619,cust_0137,play,Mobile,Africa,SciFi,Standard ,1036,0,4500 kbps,,,
2026-07-21 17:27:43,sess_000619,cust_0137,pause,Mobile,Africa,Documentary,Standard ,0,0,,,,
2026-07-21 17:29:11,sess_000619,cust_0137,session_end,Mobile,Africa,,Standard ,0,0,,,100%,5
2026-07-21 17:37:03,sess_000955,cust_0011,play,Smart TV,LATAM,Action,Premium+,46,0,720p-4500kbps,,,
2026-07-21 17:40:40,sess_000955,cust_0011,pause,Smart TV,LATAM,Drama,Premium+,0,0,,,,
2026-07-21 17:51:09,sess_000955,cust_0011,error,Smart TV,LATAM,Drama,Premium+,0,0,,E4004,,
2026-07-21 20:03:17,sess_000578,cust_0145,session_start,Smart TV,APAC,,BASIC,0,0,,,,
2026-07-21 20:12:30,sess_000578,cust_0145,play,Smart TV,APAC,Drama,BASIC,1095,0,4500 kbps,,,
2026-07-21 20:23:32,sess_000578,cust_0145,play,Smart TV,APAC,Comedy,BASIC,275,0,3000kbps,,,
2026-07-21 20:24:44,sess_000578,cust_0145,session_end,Smart TV,APAC,,BASIC,0,0,,,95%,N/A
2026-07-21 21:37:54,sess_000869,cust_0034,session_start,Console,APAC,,Basic,0,0,,,,
2026-07-21 21:38:16,sess_000869,cust_0034,play,Console,APAC,Kids,Basic,1063,0,1500 kbps,,,
2026-07-21 21:43:22,sess_000869,cust_0034,play,Console,APAC,Drama,Basic,1791,0,1080p-8000kbps,,,
2026-07-21 21:49:25,sess_000869,cust_0034,pause,Console,APAC,Comedy,Basic,0,0,,,,
2026-07-21 21:52:35,sess_000869,cust_0034,play,Console,APAC,Horror,Basic,1404,0,2000kbps,,,
2026-07-21 22:05:56,sess_000869,cust_0034,play,Console,APAC,Documentary,Basic,1637,0,6000kbps,,,
2026-07-21 22:15:04,sess_000869,cust_0034,play,Console,APAC,Comedy,Basic,230,0,480p-2000kbps,,,
2026-07-21 22:15:58,sess_000869,cust_0034,session_end,Console,APAC,,Basic,0,0,,,90%,N/A
2026-07-22 00:56:33,sess_000778,cust_0048,session_start,Console,Europe,,basic,0,0,,,,
2026-07-22 01:05:02,sess_000778,cust_0048,pause,Console,Europe,Action,basic,0,0,,,,
2026-07-22 01:15:50,sess_000778,cust_0048,play,Console,,Drama,basic,887,0,6000 kbps,,,
2026-07-22 01:22:26,sess_000530,cust_0119,session_start,,,,Standard,0,0,,,,
2026-07-22 01:22:31,sess_000778,cust_0048,play,Console,Europe,Horror,basic,1497,0,6000 kbps,,,
2026-07-22 01:23:28,sess_000530,cust_0119,play,,Africa,Action,Standard,1326,0,720p-3000kbps,,,
2026-07-22 01:29:18,sess_000530,cust_0119,play,,Africa,Drama,Standard,995,0,3000 kbps,,,
2026-07-22 01:30:20,sess_000530,cust_0119,play,,Africa,Documentary,Standard,459,0,8000kbps,,,
2026-07-22 01:36:31,sess_000778,cust_0048,play,Console,Europe,Drama,basic,387,0,1080p-6000kbps,,,
2026-07-22 01:36:53,sess_000530,cust_0119,play,,Africa,Drama,Standard,142,0,8000kbps,,,
2026-07-22 01:41:47,sess_000778,cust_0048,buffer,Console,Europe,SciFi,basic,0,2341,,,,
2026-07-22 01:42:13,sess_000530,cust_0119,play,,Africa,Horror,Standard,505,0,2000 kbps,,,
2026-07-22 01:47:54,sess_000778,cust_0048,play,Console,Europe,Documentary,basic,1129,0,720p-3000kbps,,,
2026-07-22 01:49:36,sess_000778,cust_0048,play,Console,Europe,Action,basic,962,0,4500kbps,,,
2026-07-22 01:53:20,sess_000530,cust_0119,play,,Africa,Horror,Standard,559,0,1080p-8000kbps,,,
2026-07-22 01:54:22,sess_000778,cust_0048,play,Console,Europe,Documentary,basic,1251,0,1500kbps,,,
2026-07-22 01:54:57,sess_000778,cust_0048,session_end,Console,Europe,,basic,0,0,,,N/A,n/a
2026-07-22 01:56:02,sess_000530,cust_0119,pause,,Africa,Horror,Standard,0,0,,,,
2026-07-22 02:06:13,sess_000530,cust_0119,play,,Africa,Documentary,Standard,1311,0,2000kbps,,,
2026-07-22 02:15:02,sess_000530,cust_0119,play,,Africa,Comedy,Standard,1485,0,6000kbps,,,
2026-07-22 02:25:37,sess_000530,cust_0119,play,,Africa,SciFi,Standard,464,0,6000 kbps,,,
2026-07-22 02:36:23,sess_000153,cust_0080,session_start,Console,APAC,,PREM,0,0,,,,
2026-07-22 02:38:48,sess_000530,cust_0119,play,,Africa,Drama,Standard,841,0,2000kbps,,,
2026-07-22 02:43:02,sess_000153,cust_0080,play,Console,APAC,Horror,PREM,467,0,480p-2000kbps,,,
2026-07-22 02:48:10,sess_000153,cust_0080,play,Console,APAC,Drama,PREM,1436,0,480p-2000kbps,,,
2026-07-22 02:51:08,sess_000530,cust_0119,play,,Africa,Horror,Standard,127,0,480p-2000kbps,,,
2026-07-22 02:51:38,sess_000530,cust_0119,session_end,,Africa,,Standard,0,0,,,95%,n/a
2026-07-22 02:52:46,sess_000153,cust_0080,play,Console,APAC,SciFi,PREM,818,0,720p-3000kbps,,,
2026-07-22 03:05:29,sess_000153,cust_0080,play,Console,,Action,PREM,607,0,4500 kbps,,,
2026-07-22 03:14:14,sess_000153,cust_0080,play,Console,APAC,Comedy,PREM,1373,0,1080p-6000kbps,,,
2026-07-22 03:16:07,sess_000153,cust_0080,session_end,Console,APAC,,PREM,0,0,,,95%,
2026-07-22 05:31:53,sess_000874,cust_0004,session_start,Web,Africa,,STD,0,0,,,,
2026-07-22 05:32:25,sess_000874,cust_0004,play,Web,Africa,Kids,STD,388,0,2000 kbps,,,
2026-07-22 05:43:12,sess_000874,cust_0004,play,Web,Africa,Action,STD,138,0,2000 kbps,,,
2026-07-22 05:54:34,sess_000874,cust_0004,pause,Web,Africa,Action,STD,0,0,,,,
2026-07-22 06:09:06,sess_000874,cust_0004,play,Web,Africa,Action,STD,711,0,3000 kbps,,,
2026-07-22 06:15:30,sess_000874,cust_0004,play,Web,Africa,Documentary,STD,1575,0,720p-4500kbps,,,
2026-07-22 06:25:17,sess_000874,cust_0004,play,Web,Africa,Comedy,STD,1720,0,3000kbps,,,
2026-07-22 06:33:41,sess_000874,cust_0004,play,Web,Africa,Drama,STD,1379,0,720p-4500kbps,,,
2026-07-22 06:34:52,sess_000874,cust_0004,session_end,Web,Africa,,STD,0,0,,,100%,4.0
2026-07-22 07:56:20,sess_000875,cust_0092,session_start,Smart TV,LATAM,,basic ,0,0,,,,
2026-07-22 08:08:42,sess_000875,cust_0092,play,Smart TV,LATAM,Action,basic ,1773,0,480p-1500kbps,,,
2026-07-22 08:21:56,sess_000875,cust_0092,play,Smart TV,LATAM,Documentary,basic ,190,0,6000 kbps,,,
2026-07-22 08:36:08,sess_000875,cust_0092,play,Smart TV,LATAM,Drama,basic ,1655,0,8000kbps,,,
2026-07-22 08:42:34,sess_000875,cust_0092,play,Smart TV,LATAM,Kids,basic ,108,0,720p-4500kbps,,,
2026-07-22 08:53:14,sess_000875,cust_0092,play,Smart TV,LATAM,Horror,basic ,852,0,4500 kbps,,,
2026-07-22 08:54:41,sess_000875,cust_0092,session_end,Smart TV,LATAM,,basic ,0,0,,,90%,n/a
2026-07-22 09:19:56,sess_000859,cust_0015,session_start,Console,LATAM,,Premium,0,0,,,,
2026-07-22 09:32:21,sess_000859,cust_0015,play,Console,LATAM,SciFi,Premium,234,0,720p-4500kbps,,,
2026-07-22 09:41:54,sess_000859,cust_0015,play,Console,LATAM,SciFi,Premium,1271,0,720p-3000kbps,,,
2026-07-22 09:46:17,sess_000859,cust_0015,play,Console,LATAM,SciFi,Premium,1555,0,480p-1500kbps,,,
2026-07-22 09:46:58,sess_000859,cust_0015,play,Console,LATAM,Horror,Premium,300,0,3000kbps,,,
2026-07-22 09:53:09,sess_000859,cust_0015,play,Console,LATAM,Drama,Premium,274,0,3000 kbps,,,
2026-07-22 09:57:10,sess_000859,cust_0015,play,Console,LATAM,Kids,Premium,1655,0,2000kbps,,,
2026-07-22 10:03:17,sess_000791,cust_0091,session_start,Smart TV,Europe,,standard,0,0,,,,
2026-07-22 10:07:57,sess_000859,cust_0015,buffer,Console,LATAM,Action,Premium,0,3456,,,,
2026-07-22 10:10:16,sess_000791,cust_0091,play,Smart TV,Europe,Kids,standard,1699,0,1080p-6000kbps,,,
2026-07-22 10:18:30,sess_000859,cust_0015,pause,Console,,Comedy,Premium,0,0,,,,
2026-07-22 10:20:02,sess_000791,cust_0091,play,Smart TV,Europe,Drama,standard,34,0,8000kbps,,,
2026-07-22 10:29:53,sess_000859,cust_0015,pause,Console,LATAM,Kids,Premium,0,0,,,,
2026-07-22 10:30:36,sess_000859,cust_0015,session_end,Console,LATAM,,Premium,0,0,,,75%,5
2026-07-22 10:32:08,sess_000791,cust_0091,pause,Smart TV,Europe,Drama,standard,0,0,,,,
2026-07-22 10:37:45,sess_000791,cust_0091,error,Smart TV,Europe,SciFi,standard,0,0,,E1001,,
2026-07-22 10:45:28,sess_000475,cust_0028,session_start,Tablet,Europe,,Premium,0,0,,,,
2026-07-22 10:46:23,sess_000475,cust_0028,play,Tablet,Europe,Action,Premium,888,0,1080p-8000kbps,,,
2026-07-22 10:47:58,sess_000791,cust_0091,play,Smart TV,Europe,Drama,standard,1583,0,1500 kbps,,,
2026-07-22 10:50:33,sess_000791,cust_0091,play,Smart TV,Europe,Documentary,standard,310,0,6000 kbps,,,
2026-07-22 10:56:22,sess_000475,cust_0028,pause,Tablet,Europe,Horror,Premium,0,0,,,,
2026-07-22 10:59:33,sess_000475,cust_0028,play,Tablet,Europe,Drama,Premium,458,0,2000kbps,,,
2026-07-22 11:04:19,sess_000791,cust_0091,play,Smart TV,Europe,Comedy,standard,1178,0,480p-1500kbps,,,
2026-07-22 11:07:29,sess_000475,cust_0028,play,Tablet,Europe,Drama,Premium,826,0,480p-1500kbps,,,
2026-07-22 11:09:41,sess_000791,cust_0091,play,Smart TV,,Drama,standard,1442,0,3000kbps,,,
2026-07-22 11:10:50,sess_000791,cust_0091,buffer,Smart TV,Europe,Drama,standard,0,935,,,,
2026-07-22 11:11:16,sess_000791,cust_0091,error,Smart TV,,Kids,standard,0,0,,E4004,,
2026-07-22 11:12:18,sess_000791,cust_0091,session_end,Smart TV,Europe,,standard,0,0,,,90%,N/A
2026-07-22 11:12:37,sess_000350,cust_0093,session_start,Smart TV,Africa,,premium plus,0,0,,,,
2026-07-22 11:15:28,sess_000475,cust_0028,play,Tablet,Europe,Horror,Premium,1610,0,1500 kbps,,,
2026-07-22 11:15:59,sess_000350,cust_0093,play,Smart TV,Africa,Action,premium plus,1309,0,1500 kbps,,,
2026-07-22 11:22:53,sess_000475,cust_0028,play,Tablet,Europe,Horror,Premium,45,0,1080p-8000kbps,,,
2026-07-22 11:24:54,sess_000475,cust_0028,play,Tablet,Europe,Horror,Premium,434,0,2000kbps,,,
2026-07-22 11:28:40,sess_000350,cust_0093,play,Smart TV,Africa,SciFi,premium plus,1085,0,8000 kbps,,,
2026-07-22 11:34:03,sess_000475,cust_0028,pause,Tablet,Europe,Documentary,Premium,0,0,,,,
2026-07-22 11:39:27,sess_000350,cust_0093,play,Smart TV,Africa,Action,premium plus,1177,0,8000kbps,,,
2026-07-22 11:40:43,sess_000475,cust_0028,play,Tablet,Europe,Horror,Premium,668,0,1500kbps,,,
2026-07-22 11:42:19,sess_000350,cust_0093,play,Smart TV,Africa,Horror,premium plus,824,0,1500 kbps,,,
2026-07-22 11:44:50,sess_000350,cust_0093,play,Smart TV,Africa,SciFi,premium plus,932,0,2000kbps,,,
2026-07-22 11:46:30,sess_000475,cust_0028,play,Tablet,Europe,Documentary,Premium,213,0,4500kbps,,,
2026-07-22 11:48:01,sess_000475,cust_0028,session_end,Tablet,Europe,,Premium,0,0,,,,
2026-07-22 11:52:58,sess_000350,cust_0093,play,Smart TV,Africa,Horror,premium plus,674,0,6000 kbps,,,
2026-07-22 12:05:17,sess_000350,cust_0093,play,Smart TV,Africa,SciFi,premium plus,512,0,8000kbps,,,
2026-07-22 12:06:41,sess_000350,cust_0093,play,Smart TV,Africa,Action,premium plus,825,0,480p-2000kbps,,,
2026-07-22 12:12:31,sess_000350,cust_0093,play,Smart TV,Africa,Action,premium plus,469,0,1080p-6000kbps,,,
2026-07-22 12:15:28,sess_000933,cust_0134,session_start,Mobile,APAC,,basic,0,0,,,,
2026-07-22 12:20:46,sess_000933,cust_0134,pause,Mobile,APAC,Drama,basic,0,0,,,,
2026-07-22 12:25:35,sess_000350,cust_0093,play,Smart TV,Africa,Comedy,premium plus,916,0,1080p-6000kbps,,,
2026-07-22 12:29:12,sess_000551,cust_0067,session_start,Mobile,Europe,,Basic,0,0,,,,
2026-07-22 12:29:38,sess_000933,cust_0134,error,Mobile,APAC,SciFi,basic,0,0,,E2002,,
2026-07-22 12:29:55,sess_000551,cust_0067,play,Mobile,,Kids,Basic,704,0,4500 kbps,,,
2026-07-22 12:30:28,sess_000350,cust_0093,buffer,Smart TV,Africa,Documentary,premium plus,0,1683,,,,
2026-07-22 12:31:25,sess_000350,cust_0093,session_end,Smart TV,Africa,,premium plus,0,0,,,N/A,n/a
2026-07-22 12:32:48,sess_000551,cust_0067,pause,Mobile,Europe,Action,Basic,0,0,,,,
2026-07-22 12:37:47,sess_000933,cust_0134,play,Mobile,APAC,SciFi,basic,1517,0,1080p-6000kbps,,,
2026-07-22 12:37:54,sess_000551,cust_0067,play,Mobile,Europe,Kids,Basic,31,0,3000kbps,,,
2026-07-22 12:46:54,sess_000551,cust_0067,play,Mobile,Europe,Action,Basic,526,0,8000kbps,,,
2026-07-22 12:47:50,sess_000551,cust_0067,session_end,Mobile,Europe,,Basic,0,0,,,87%,4 stars
2026-07-22 12:49:49,sess_000933,cust_0134,pause,Mobile,APAC,Drama,basic,0,0,,,,
2026-07-22 12:50:18,sess_000933,cust_0134,play,Mobile,APAC,SciFi,basic,787,0,480p-2000kbps,,,
2026-07-22 12:56:42,sess_000933,cust_0134,play,Mobile,APAC,Action,basic,209,0,1080p-8000kbps,,,
2026-07-22 13:09:27,sess_000933,cust_0134,play,Mobile,APAC,Kids,basic,1180,0,720p-3000kbps,,,
2026-07-22 13:15:57,sess_000933,cust_0134,play,Mobile,APAC,Kids,basic,778,0,6000 kbps,,,
2026-07-22 13:26:47,sess_000933,cust_0134,play,Mobile,APAC,Horror,basic,1258,0,4500kbps,,,
2026-07-22 13:27:17,sess_000933,cust_0134,buffer,Mobile,APAC,Kids,basic,0,2257,,,,
2026-07-22 13:27:42,sess_000933,cust_0134,session_end,Mobile,APAC,,basic,0,0,,,60%,N/A
2026-07-22 15:20:37,sess_000645,cust_0084,session_start,Mobile,APAC,,basic,0,0,,,,
2026-07-22 15:23:28,sess_000645,cust_0084,pause,Mobile,APAC,Action,basic,0,0,,,,
2026-07-22 15:27:55,sess_000645,cust_0084,pause,Mobile,APAC,Horror,basic,0,0,,,,
2026-07-22 15:30:30,sess_000645,cust_0084,play,Mobile,APAC,Kids,basic,1701,0,6000 kbps,,,
2026-07-22 15:38:54,sess_000645,cust_0084,pause,Mobile,APAC,Horror,basic,0,0,,,,
2026-07-22 15:41:10,sess_000645,cust_0084,play,Mobile,APAC,Kids,basic,795,0,1500 kbps,,,
2026-07-22 15:43:54,sess_000645,cust_0084,play,Mobile,APAC,SciFi,basic,1256,0,2000 kbps,,,
2026-07-22 15:45:21,sess_000645,cust_0084,session_end,Mobile,,,basic,0,0,,,45%,5 stars
2026-07-22 16:17:21,sess_000387,cust_0019,session_start,Console,APAC,,premium plus,0,0,,,,
2026-07-22 16:28:47,sess_000387,cust_0019,play,Console,APAC,Horror,premium plus,401,0,4500 kbps,,,
2026-07-22 16:42:40,sess_000387,cust_0019,play,Console,APAC,Documentary,premium plus,597,0,3000 kbps,,,
2026-07-22 16:52:39,sess_000387,cust_0019,error,Console,APAC,SciFi,premium plus,0,0,,E3003,,
2026-07-22 17:24:35,sess_000998,cust_0012,session_start,,Europe,,basic ,0,0,,,,
2026-07-22 17:38:06,sess_000998,cust_0012,play,,Europe,Comedy,basic ,741,0,4500kbps,,,
2026-07-22 17:39:29,sess_000998,cust_0012,play,,Europe,Horror,basic ,765,0,1080p-6000kbps,,,
2026-07-22 17:41:19,sess_000998,cust_0012,pause,,Europe,Drama,basic ,0,0,,,,
2026-07-22 17:44:48,sess_000998,cust_0012,play,,Europe,Action,basic ,809,0,4500 kbps,,,
2026-07-22 17:56:08,sess_000998,cust_0012,buffer,,Europe,SciFi,basic ,0,1710,,,,
2026-07-22 17:58:56,sess_000998,cust_0012,play,,Europe,Comedy,basic ,304,0,3000 kbps,,,
2026-07-22 18:00:02,sess_000007,cust_0083,session_start,Tablet,APAC,,Premium ,0,0,,,,
2026-07-22 18:01:47,sess_000007,cust_0083,buffer,Tablet,APAC,Comedy,Premium ,0,1504,,,,
2026-07-22 18:02:38,sess_000007,cust_0083,pause,Tablet,APAC,Documentary,Premium ,0,0,,,,
2026-07-22 18:10:52,sess_000998,cust_0012,buffer,,Europe,SciFi,basic ,0,1606,,,,
2026-07-22 18:15:30,sess_000007,cust_0083,play,Tablet,APAC,SciFi,Premium ,1576,0,1080p-8000kbps,,,
2026-07-22 18:20:49,sess_000998,cust_0012,pause,,Europe,Comedy,basic ,0,0,,,,
2026-07-22 18:22:20,sess_000007,cust_0083,buffer,Tablet,APAC,Kids,Premium ,0,1108,,,,
2026-07-22 18:26:24,sess_000007,cust_0083,play,Tablet,APAC,Horror,Premium ,775,0,3000 kbps,,,
2026-07-22 18:34:40,sess_000998,cust_0012,buffer,,Europe,SciFi,basic ,0,2166,,,,
2026-07-22 18:40:09,sess_000007,cust_0083,play,Tablet,APAC,Documentary,Premium ,694,0,1500 kbps,,,
2026-07-22 18:47:15,sess_000998,cust_0012,play,,Europe,Kids,basic ,795,0,4500 kbps,,,
2026-07-22 18:48:14,sess_000998,cust_0012,play,,Europe,Comedy,basic ,1784,0,720p-4500kbps,,,
2026-07-22 18:54:39,sess_000007,cust_0083,buffer,Tablet,APAC,Documentary,Premium ,0,3120,,,,
2026-07-22 18:57:25,sess_000998,cust_0012,play,,Europe,Comedy,basic ,447,0,3000 kbps,,,
2026-07-22 18:58:58,sess_000998,cust_0012,session_end,,Europe,,basic ,0,0,,,60%,2 stars
2026-07-22 19:02:29,sess_000007,cust_0083,buffer,Tablet,APAC,Horror,Premium ,0,304,,,,
2026-07-22 19:11:27,sess_000007,cust_0083,play,Tablet,APAC,Horror,Premium ,1180,0,720p-3000kbps,,,
2026-07-22 19:14:31,sess_000007,cust_0083,play,Tablet,APAC,Kids,Premium ,963,0,720p-4500kbps,,,
2026-07-22 19:19:28,sess_000007,cust_0083,error,Tablet,,Drama,Premium ,0,0,,E2002,,
2026-07-22 19:23:41,sess_000007,cust_0083,play,Tablet,APAC,Horror,Premium ,1273,0,1500kbps,,,
2026-07-22 19:25:27,sess_000007,cust_0083,session_end,Tablet,APAC,,Premium ,0,0,,,80%,
2026-07-22 20:35:13,sess_000828,cust_0102,session_start,Smart TV,LATAM,,Basic,0,0,,,,
2026-07-22 20:36:28,sess_000828,cust_0102,play,Smart TV,LATAM,Documentary,Basic,1342,0,480p-2000kbps,,,
2026-07-22 20:48:42,sess_000828,cust_0102,play,Smart TV,LATAM,Horror,Basic,323,0,2000 kbps,,,
2026-07-22 20:52:11,sess_000326,cust_0007,session_start,Smart TV,APAC,,Basic,0,0,,,,
2026-07-22 21:00:04,sess_000326,cust_0007,play,Smart TV,APAC,Action,Basic,842,0,1500 kbps,,,
2026-07-22 21:03:18,sess_000828,cust_0102,buffer,Smart TV,LATAM,Action,Basic,0,3259,,,,
2026-07-22 21:10:34,sess_000828,cust_0102,play,Smart TV,,Kids,Basic,1437,0,4500kbps,,,
2026-07-22 21:11:07,sess_000326,cust_0007,play,Smart TV,APAC,Kids,Basic,359,0,6000kbps,,,
2026-07-22 21:16:44,sess_000828,cust_0102,buffer,Smart TV,LATAM,Kids,Basic,0,530,,,,
2026-07-22 21:19:18,sess_000828,cust_0102,play,Smart TV,LATAM,Action,Basic,1365,0,8000 kbps,,,
2026-07-22 21:20:29,sess_000326,cust_0007,play,Smart TV,APAC,Drama,Basic,882,0,1500kbps,,,
2026-07-22 21:23:21,sess_000828,cust_0102,play,Smart TV,LATAM,Horror,Basic,1018,0,2000 kbps,,,
2026-07-22 21:29:21,sess_000828,cust_0102,play,Smart TV,LATAM,Action,Basic,1023,0,480p-1500kbps,,,
2026-07-22 21:31:28,sess_000828,cust_0102,buffer,Smart TV,LATAM,Horror,Basic,0,2336,,,,
2026-07-22 21:31:33,sess_000326,cust_0007,play,Smart TV,APAC,Action,Basic,749,0,480p-2000kbps,,,
2026-07-22 21:34:17,sess_000326,cust_0007,pause,Smart TV,APAC,SciFi,Basic,0,0,,,,
2026-07-22 21:35:08,sess_000326,cust_0007,session_end,Smart TV,APAC,,Basic,0,0,,,75%,4.0
2026-07-22 21:46:25,sess_000828,cust_0102,play,Smart TV,LATAM,Comedy,Basic,803,0,6000 kbps,,,
2026-07-22 22:01:02,sess_000828,cust_0102,play,Smart TV,LATAM,Kids,Basic,1671,0,1080p-6000kbps,,,
2026-07-22 22:02:36,sess_000828,cust_0102,session_end,Smart TV,LATAM,,Basic,0,0,,,75%,3
2026-07-22 23:06:17,sess_000533,cust_0067,session_start,Mobile,Europe,,BASIC,0,0,,,,
2026-07-22 23:19:39,sess_000533,cust_0067,play,Mobile,Europe,Kids,BASIC,1620,0,1500kbps,,,
2026-07-22 23:29:34,sess_000533,cust_0067,buffer,Mobile,Europe,Documentary,BASIC,0,3624,,,,
2026-07-22 23:35:33,sess_000533,cust_0067,pause,Mobile,Europe,Kids,BASIC,0,0,,,,
2026-07-22 23:40:46,sess_000533,cust_0067,error,Mobile,Europe,SciFi,BASIC,0,0,,E3003,,
2026-07-22 23:47:31,sess_000533,cust_0067,play,Mobile,Europe,Kids,BASIC,662,0,1500kbps,,,
2026-07-23 00:02:07,sess_000533,cust_0067,play,Mobile,Europe,Documentary,BASIC,739,0,4500 kbps,,,
2026-07-23 00:17:06,sess_000533,cust_0067,play,Mobile,Europe,Comedy,BASIC,787,0,4500 kbps,,,
2026-07-23 00:19:52,sess_000533,cust_0067,pause,Mobile,Europe,Kids,BASIC,0,0,,,,
2026-07-23 00:25:42,sess_000533,cust_0067,error,Mobile,Europe,SciFi,BASIC,0,0,,E3003,,
2026-07-23 00:27:01,sess_000533,cust_0067,play,Mobile,Europe,Documentary,BASIC,1418,0,8000 kbps,,,
2026-07-23 00:39:28,sess_000533,cust_0067,pause,Mobile,Europe,Documentary,BASIC,0,0,,,,
2026-07-23 00:53:02,sess_000533,cust_0067,play,Mobile,Europe,Action,BASIC,1294,0,2000 kbps,,,
2026-07-23 00:54:15,sess_000533,cust_0067,session_end,Mobile,Europe,,BASIC,0,0,,,75%,2.0
2026-07-23 03:24:14,sess_000178,cust_0059,session_start,Tablet,Africa,,PREM,0,0,,,,
2026-07-23 03:38:33,sess_000178,cust_0059,buffer,Tablet,Africa,SciFi,PREM,0,3565,,,,
2026-07-23 03:46:52,sess_000178,cust_0059,buffer,Tablet,Africa,SciFi,PREM,0,944,,,,
2026-07-23 03:50:53,sess_000178,cust_0059,error,Tablet,Africa,Comedy,PREM,0,0,,E2002,,
2026-07-23 04:25:41,sess_000136,cust_0027,session_start,Smart TV,LATAM,,premium plus,0,0,,,,
2026-07-23 04:34:43,sess_000136,cust_0027,play,Smart TV,LATAM,Horror,premium plus,1115,0,720p-3000kbps,,,
2026-07-23 04:47:55,sess_000136,cust_0027,play,Smart TV,LATAM,Action,premium plus,336,0,6000kbps,,,
2026-07-23 04:57:36,sess_000136,cust_0027,play,Smart TV,LATAM,Kids,premium plus,1403,0,720p-4500kbps,,,
2026-07-23 05:05:02,sess_000136,cust_0027,play,Smart TV,LATAM,Action,premium plus,1780,0,1080p-8000kbps,,,
2026-07-23 05:19:19,sess_000136,cust_0027,play,Smart TV,LATAM,Comedy,premium plus,611,0,2000 kbps,,,
2026-07-23 05:20:07,sess_000136,cust_0027,session_end,Smart TV,LATAM,,premium plus,0,0,,,45%,4 stars
2026-07-23 08:25:29,sess_000388,cust_0069,session_start,Smart TV,Africa,,basic,0,0,,,,
2026-07-23 08:40:26,sess_000388,cust_0069,play,Smart TV,Africa,Documentary,basic,303,0,8000 kbps,,,
2026-07-23 08:50:57,sess_000441,cust_0025,session_start,Mobile,Africa,,standard,0,0,,,,
2026-07-23 08:53:50,sess_000388,cust_0069,play,Smart TV,Africa,Comedy,basic,917,0,6000kbps,,,
2026-07-23 08:56:20,sess_000388,cust_0069,play,Smart TV,Africa,Comedy,basic,1483,0,6000kbps,,,
2026-07-23 08:57:12,sess_000441,cust_0025,buffer,Mobile,Africa,Action,standard,0,2629,,,,
2026-07-23 09:00:19,sess_000441,cust_0025,pause,Mobile,Africa,Comedy,standard,0,0,,,,
2026-07-23 09:00:58,sess_000388,cust_0069,play,Smart TV,Africa,Action,basic,1631,0,8000kbps,,,
2026-07-23 09:05:52,sess_000441,cust_0025,pause,Mobile,Africa,Comedy,standard,0,0,,,,
2026-07-23 09:12:34,sess_000441,cust_0025,buffer,Mobile,Africa,Horror,standard,0,2659,,,,
2026-07-23 09:13:01,sess_000388,cust_0069,play,Smart TV,Africa,Action,basic,943,0,720p-3000kbps,,,
2026-07-23 09:17:49,sess_000388,cust_0069,play,Smart TV,Africa,SciFi,basic,941,0,1500 kbps,,,
2026-07-23 09:23:14,sess_000441,cust_0025,play,Mobile,Africa,Action,standard,914,0,1080p-8000kbps,,,
2026-07-23 09:28:49,sess_000388,cust_0069,play,Smart TV,Africa,Action,basic,1240,0,720p-3000kbps,,,
2026-07-23 09:30:05,sess_000388,cust_0069,session_end,Smart TV,Africa,,basic,0,0,,,95%,3.0
2026-07-23 09:35:18,sess_000441,cust_0025,play,Mobile,Africa,Drama,standard,785,0,6000kbps,,,
2026-07-23 09:46:11,sess_000441,cust_0025,pause,Mobile,Africa,Action,standard,0,0,,,,
2026-07-23 09:57:22,sess_000441,cust_0025,play,Mobile,Africa,Documentary,standard,812,0,1080p-6000kbps,,,
2026-07-23 10:09:59,sess_000441,cust_0025,pause,Mobile,Africa,Drama,standard,0,0,,,,
2026-07-23 10:11:43,sess_000441,cust_0025,session_end,Mobile,Africa,,standard,0,0,,,60%,2.0
2026-07-23 10:17:23,sess_000366,cust_0106,session_start,Tablet,LATAM,,premium plus,0,0,,,,
2026-07-23 10:21:17,sess_000366,cust_0106,play,Tablet,LATAM,Documentary,premium plus,1466,0,1500kbps,,,
2026-07-23 10:21:38,sess_000366,cust_0106,play,Tablet,LATAM,Drama,premium plus,360,0,6000 kbps,,,
2026-07-23 10:35:57,sess_000366,cust_0106,play,Tablet,LATAM,Documentary,premium plus,1345,0,4500 kbps,,,
2026-07-23 10:37:29,sess_000366,cust_0106,session_end,Tablet,LATAM,,premium plus,0,0,,,45%,N/A
2026-07-23 11:24:33,sess_000406,cust_0062,session_start,Web,North America,,Premium,0,0,,,,
2026-07-23 11:32:50,sess_000406,cust_0062,buffer,Web,North America,Horror,Premium,0,2239,,,,
2026-07-23 11:45:28,sess_000406,cust_0062,play,Web,North America,Horror,Premium,1182,0,6000kbps,,,
2026-07-23 11:58:21,sess_000406,cust_0062,play,Web,North America,Drama,Premium,1280,0,3000kbps,,,
2026-07-23 12:08:11,sess_000406,cust_0062,play,Web,North America,Drama,Premium,762,0,8000 kbps,,,
2026-07-23 12:11:35,sess_000406,cust_0062,play,Web,North America,Horror,Premium,276,0,1500 kbps,,,
2026-07-23 12:22:15,sess_000406,cust_0062,play,Web,North America,Comedy,Premium,1740,0,8000 kbps,,,
2026-07-23 12:31:39,sess_000406,cust_0062,pause,Web,North America,Drama,Premium,0,0,,,,
2026-07-23 12:42:58,sess_000406,cust_0062,play,Web,North America,SciFi,Premium,1750,0,8000kbps,,,
2026-07-23 12:56:02,sess_000406,cust_0062,play,Web,North America,Drama,Premium,1582,0,1080p-8000kbps,,,
2026-07-23 13:08:26,sess_000406,cust_0062,play,Web,North America,Documentary,Premium,631,0,8000kbps,,,
2026-07-23 13:09:33,sess_000406,cust_0062,session_end,Web,North America,,Premium,0,0,,,45%,5.0
2026-07-23 15:22:03,sess_000918,cust_0018,session_start,Smart TV,Africa,,BASIC,0,0,,,,
2026-07-23 15:25:39,sess_000918,cust_0018,buffer,Smart TV,Africa,SciFi,BASIC,0,306,,,,
2026-07-23 15:29:49,sess_000918,cust_0018,play,Smart TV,Africa,Horror,BASIC,675,0,3000kbps,,,
2026-07-23 15:33:59,sess_000812,cust_0038,session_start,Console,Africa,,STD,0,0,,,,
2026-07-23 15:34:44,sess_000812,cust_0038,play,Console,Africa,Comedy,STD,1113,0,2000 kbps,,,
2026-07-23 15:38:07,sess_000918,cust_0018,play,Smart TV,Africa,Kids,BASIC,528,0,480p-2000kbps,,,
2026-07-23 15:43:19,sess_000918,cust_0018,pause,Smart TV,Africa,SciFi,BASIC,0,0,,,,
2026-07-23 15:47:34,sess_000812,cust_0038,play,Console,Africa,Horror,STD,1121,0,480p-2000kbps,,,
2026-07-23 15:55:25,sess_000918,cust_0018,buffer,Smart TV,Africa,Action,BASIC,0,268,,,,
2026-07-23 15:57:03,sess_000812,cust_0038,play,Console,Africa,Drama,STD,395,0,480p-2000kbps,,,
2026-07-23 15:57:49,sess_000918,cust_0018,play,Smart TV,Africa,Drama,BASIC,1192,0,6000kbps,,,
2026-07-23 16:02:46,sess_000812,cust_0038,error,Console,Africa,Comedy,STD,0,0,,E1001,,
2026-07-23 16:03:28,sess_000918,cust_0018,play,Smart TV,Africa,Action,BASIC,53,0,6000 kbps,,,
2026-07-23 16:06:01,sess_000812,cust_0038,play,Console,Africa,Action,STD,1516,0,6000kbps,,,
2026-07-23 16:10:42,sess_000918,cust_0018,play,Smart TV,Africa,Action,BASIC,480,0,1500kbps,,,
2026-07-23 16:16:29,sess_000812,cust_0038,play,Console,Africa,SciFi,STD,1468,0,2000 kbps,,,
2026-07-23 16:22:31,sess_000918,cust_0018,play,Smart TV,Africa,Kids,BASIC,546,0,6000 kbps,,,
2026-07-23 16:22:59,sess_000812,cust_0038,play,Console,Africa,SciFi,STD,1079,0,1500 kbps,,,
2026-07-23 16:23:46,sess_000918,cust_0018,play,Smart TV,Africa,Action,BASIC,897,0,2000 kbps,,,
2026-07-23 16:28:54,sess_000812,cust_0038,buffer,Console,Africa,Kids,STD,0,1369,,,,
2026-07-23 16:30:22,sess_000812,cust_0038,session_end,Console,Africa,,STD,0,0,,,,
2026-07-23 16:31:44,sess_000735,cust_0046,session_start,Tablet,North America,,BASIC,0,0,,,,
2026-07-23 16:34:12,sess_000918,cust_0018,play,Smart TV,Africa,Kids,BASIC,1501,0,6000 kbps,,,
2026-07-23 16:41:57,sess_000918,cust_0018,pause,Smart TV,Africa,Documentary,BASIC,0,0,,,,
2026-07-23 16:42:15,sess_000918,cust_0018,session_end,Smart TV,Africa,,BASIC,0,0,,,80%,3
2026-07-23 16:45:30,sess_000735,cust_0046,buffer,Tablet,North America,Comedy,BASIC,0,2665,,,,
2026-07-23 16:54:16,sess_000735,cust_0046,play,Tablet,North America,Action,BASIC,1661,0,1080p-6000kbps,,,
2026-07-23 17:03:41,sess_000735,cust_0046,play,Tablet,North America,Comedy,BASIC,1289,0,720p-4500kbps,,,
2026-07-23 17:08:25,sess_000735,cust_0046,play,Tablet,North America,Drama,BASIC,67,0,480p-1500kbps,,,
2026-07-23 17:15:21,sess_000735,cust_0046,play,Tablet,North America,Comedy,BASIC,1671,0,480p-1500kbps,,,
2026-07-23 17:25:39,sess_000735,cust_0046,play,Tablet,North America,SciFi,BASIC,1219,0,1500kbps,,,
2026-07-23 17:26:32,sess_000735,cust_0046,play,Tablet,North America,Drama,BASIC,1466,0,480p-2000kbps,,,
2026-07-23 17:34:43,sess_000735,cust_0046,play,Tablet,North America,Horror,BASIC,169,0,480p-2000kbps,,,
2026-07-23 17:40:41,sess_000735,cust_0046,play,Tablet,North America,Comedy,BASIC,640,0,1080p-8000kbps,,,
2026-07-23 17:43:56,sess_000735,cust_0046,play,Tablet,North America,Documentary,BASIC,842,0,3000kbps,,,
2026-07-23 17:49:00,sess_000735,cust_0046,play,Tablet,North America,Horror,BASIC,1164,0,1500kbps,,,
2026-07-23 17:51:23,sess_000735,cust_0046,buffer,Tablet,North America,Horror,BASIC,0,1178,,,,
2026-07-23 18:05:08,sess_000735,cust_0046,pause,Tablet,North America,Documentary,BASIC,0,0,,,,
2026-07-23 18:18:49,sess_000735,cust_0046,play,Tablet,North America,Documentary,BASIC,1609,0,6000 kbps,,,
2026-07-23 18:20:01,sess_000735,cust_0046,buffer,Tablet,North America,SciFi,BASIC,0,2182,,,,
2026-07-23 18:20:25,sess_000735,cust_0046,session_end,Tablet,North America,,BASIC,0,0,,,75%,N/A
2026-07-23 18:22:52,sess_000838,cust_0128,session_start,,Europe,,basic,0,0,,,,
2026-07-23 18:32:31,sess_000838,cust_0128,pause,,Europe,Comedy,basic,0,0,,,,
2026-07-23 18:39:26,sess_000916,cust_0121,session_start,Smart TV,Africa,,PREM,0,0,,,,
2026-07-23 18:42:53,sess_000838,cust_0128,play,,Europe,Action,basic,32,0,3000 kbps,,,
2026-07-23 18:42:57,sess_000655,cust_0064,session_start,Tablet,APAC,,Standard,0,0,,,,
2026-07-23 18:43:22,sess_000838,cust_0128,session_end,,Europe,,basic,0,0,,,95%,n/a
2026-07-23 18:43:53,sess_000916,cust_0121,play,Smart TV,Africa,SciFi,PREM,1508,0,3000 kbps,,,
2026-07-23 18:46:13,sess_000916,cust_0121,pause,Smart TV,Africa,Kids,PREM,0,0,,,,
2026-07-23 18:54:43,sess_000655,cust_0064,play,Tablet,APAC,Kids,Standard,136,0,8000kbps,,,
2026-07-23 18:54:47,sess_000916,cust_0121,error,Smart TV,Africa,Drama,PREM,0,0,,E2002,,
2026-07-23 19:07:56,sess_000655,cust_0064,play,Tablet,APAC,Documentary,Standard,1667,0,6000 kbps,,,
2026-07-23 19:16:55,sess_000655,cust_0064,play,Tablet,APAC,Documentary,Standard,1133,0,6000 kbps,,,
2026-07-23 19:24:45,sess_000655,cust_0064,pause,Tablet,APAC,Kids,Standard,0,0,,,,
2026-07-23 19:30:25,sess_000655,cust_0064,pause,Tablet,APAC,Comedy,Standard,0,0,,,,
2026-07-23 19:45:18,sess_000655,cust_0064,play,Tablet,APAC,Action,Standard,595,0,1080p-6000kbps,,,
2026-07-23 19:50:18,sess_000655,cust_0064,buffer,Tablet,APAC,Comedy,Standard,0,2324,,,,
2026-07-23 19:54:50,sess_000655,cust_0064,play,Tablet,APAC,Comedy,Standard,86,0,6000 kbps,,,
2026-07-23 19:56:51,sess_000655,cust_0064,play,Tablet,APAC,Drama,Standard,954,0,1080p-6000kbps,,,
2026-07-23 19:57:25,sess_000655,cust_0064,pause,Tablet,APAC,Drama,Standard,0,0,,,,
2026-07-23 19:59:20,sess_000655,cust_0064,session_end,Tablet,APAC,,Standard,0,0,,,100%,N/A
2026-07-23 22:06:43,sess_000232,cust_0116,session_start,Web,Europe,,standard,0,0,,,,
2026-07-23 22:19:27,sess_000232,cust_0116,play,Web,Europe,Horror,standard,964,0,6000kbps,,,
2026-07-23 22:32:51,sess_000232,cust_0116,buffer,Web,Europe,Horror,standard,0,3233,,,,
2026-07-23 22:35:28,sess_000232,cust_0116,buffer,Web,Europe,Documentary,standard,0,3990,,,,
2026-07-23 22:43:09,sess_000232,cust_0116,play,Web,Europe,Horror,standard,1076,0,4500kbps,,,
2026-07-23 22:57:38,sess_000232,cust_0116,play,Web,Europe,Horror,standard,467,0,1080p-6000kbps,,,
2026-07-23 22:57:57,sess_000232,cust_0116,session_end,Web,Europe,,standard,0,0,,,60%,2 stars
2026-07-23 23:49:10,sess_000917,cust_0063,session_start,Smart TV,Africa,,BASIC,0,0,,,,
2026-07-23 23:59:33,sess_000917,cust_0063,play,Smart TV,Africa,Comedy,BASIC,823,0,1080p-8000kbps,,,
2026-07-24 00:09:01,sess_000917,cust_0063,play,Smart TV,Africa,Documentary,BASIC,1747,0,4500kbps,,,
2026-07-24 00:10:46,sess_000917,cust_0063,session_end,Smart TV,Africa,,BASIC,0,0,,,95%,N/A
2026-07-24 00:25:46,sess_000016,cust_0079,session_start,Console,Africa,,basic,0,0,,,,
2026-07-24 00:40:38,sess_000016,cust_0079,buffer,Console,,SciFi,basic,0,3764,,,,
2026-07-24 00:52:25,sess_000016,cust_0079,pause,Console,Africa,Horror,basic,0,0,,,,
2026-07-24 01:02:13,sess_000016,cust_0079,play,Console,Africa,Kids,basic,443,0,1080p-8000kbps,,,
2026-07-24 01:06:32,sess_000016,cust_0079,pause,Console,Africa,Documentary,basic,0,0,,,,
2026-07-24 01:17:59,sess_000016,cust_0079,play,Console,Africa,Comedy,basic,1027,0,1500kbps,,,
2026-07-24 01:24:43,sess_000016,cust_0079,pause,Console,,Action,basic,0,0,,,,
2026-07-24 01:33:52,sess_000016,cust_0079,pause,Console,Africa,Kids,basic,0,0,,,,
2026-07-24 01:41:25,sess_000016,cust_0079,play,Console,Africa,Kids,basic,647,0,720p-3000kbps,,,
2026-07-24 01:42:09,sess_000016,cust_0079,pause,Console,Africa,SciFi,basic,0,0,,,,
2026-07-24 01:42:15,sess_000610,cust_0080,session_start,Console,APAC,,Premium,0,0,,,,
2026-07-24 01:44:20,sess_000610,cust_0080,pause,Console,APAC,Kids,Premium,0,0,,,,
2026-07-24 01:48:13,sess_000610,cust_0080,play,Console,APAC,Drama,Premium,849,0,1500 kbps,,,
2026-07-24 01:48:44,sess_000016,cust_0079,play,Console,Africa,Drama,basic,1446,0,2000kbps,,,
2026-07-24 01:49:21,sess_000016,cust_0079,session_end,Console,Africa,,basic,0,0,,,45%,n/a
2026-07-24 01:59:41,sess_000610,cust_0080,play,Console,APAC,Kids,Premium,526,0,6000kbps,,,
2026-07-24 02:07:48,sess_000610,cust_0080,play,Console,APAC,Documentary,Premium,935,0,1500 kbps,,,
2026-07-24 02:14:04,sess_000610,cust_0080,pause,Console,APAC,Kids,Premium,0,0,,,,
2026-07-24 02:19:55,sess_000610,cust_0080,play,Console,APAC,Horror,Premium,1041,0,6000kbps,,,
2026-07-24 02:33:51,sess_000610,cust_0080,play,Console,APAC,Horror,Premium,577,0,8000kbps,,,
2026-07-24 02:39:17,sess_000610,cust_0080,play,Console,APAC,Drama,Premium,1108,0,3000kbps,,,
2026-07-24 02:50:23,sess_000542,cust_0086,session_start,,Europe,,STD,0,0,,,,
2026-07-24 02:52:14,sess_000610,cust_0080,error,Console,APAC,Drama,Premium,0,0,,E4004,,
2026-07-24 02:53:06,sess_000610,cust_0080,session_end,Console,APAC,,Premium,0,0,,,80%,1
2026-07-24 02:59:40,sess_000542,cust_0086,play,,Europe,Action,STD,92,0,1500 kbps,,,
2026-07-24 03:02:00,sess_000542,cust_0086,play,,,SciFi,STD,1717,0,4500kbps,,,
2026-07-24 03:03:17,sess_000542,cust_0086,session_end,,Europe,,STD,0,0,,,45%,
2026-07-24 04:06:25,sess_000140,cust_0017,session_start,Mobile,North America,,Premium,0,0,,,,
2026-07-24 04:09:43,sess_000140,cust_0017,play,Mobile,North America,Drama,Premium,963,0,6000 kbps,,,
2026-07-24 04:20:09,sess_000140,cust_0017,play,Mobile,North America,SciFi,Premium,1638,0,3000kbps,,,
2026-07-24 04:20:38,sess_000140,cust_0017,session_end,Mobile,North America,,Premium,0,0,,,60%,2.0
2026-07-24 09:24:46,sess_000646,cust_0066,session_start,Smart TV,Africa,,premium,0,0,,,,
2026-07-24 09:38:51,sess_000646,cust_0066,pause,Smart TV,Africa,Horror,premium,0,0,,,,
2026-07-24 09:47:00,sess_000646,cust_0066,pause,Smart TV,Africa,SciFi,premium,0,0,,,,
2026-07-24 09:57:59,sess_000646,cust_0066,play,Smart TV,Africa,Kids,premium,43,0,1080p-8000kbps,,,
2026-07-24 09:58:52,sess_000646,cust_0066,session_end,Smart TV,Africa,,premium,0,0,,,45%,2
2026-07-24 12:20:35,sess_000288,cust_0039,session_start,Smart TV,Africa,,STD,0,0,,,,
2026-07-24 12:29:27,sess_000288,cust_0039,pause,Smart TV,Africa,Horror,STD,0,0,,,,
2026-07-24 12:32:32,sess_000288,cust_0039,buffer,Smart TV,Africa,Comedy,STD,0,3722,,,,
2026-07-24 12:32:34,sess_000593,cust_0011,session_start,Smart TV,LATAM,,Premium+,0,0,,,,
2026-07-24 12:34:18,sess_000288,cust_0039,play,Smart TV,Africa,Drama,STD,717,0,8000kbps,,,
2026-07-24 12:44:05,sess_000288,cust_0039,play,Smart TV,Africa,Drama,STD,580,0,1080p-6000kbps,,,
2026-07-24 12:46:33,sess_000593,cust_0011,play,Smart TV,LATAM,Kids,Premium+,995,0,720p-4500kbps,,,
2026-07-24 12:47:16,sess_000593,cust_0011,play,Smart TV,LATAM,SciFi,Premium+,1657,0,2000kbps,,,
2026-07-24 12:55:11,sess_000593,cust_0011,play,Smart TV,LATAM,Drama,Premium+,108,0,480p-2000kbps,,,
2026-07-24 12:56:22,sess_000288,cust_0039,play,Smart TV,Africa,Kids,STD,283,0,6000kbps,,,
2026-07-24 12:56:34,sess_000593,cust_0011,session_end,Smart TV,LATAM,,Premium+,0,0,,,95%,N/A
2026-07-24 13:03:41,sess_000288,cust_0039,play,Smart TV,Africa,Documentary,STD,1436,0,8000 kbps,,,
2026-07-24 13:10:32,sess_000288,cust_0039,play,Smart TV,Africa,Drama,STD,938,0,480p-1500kbps,,,
2026-07-24 13:14:58,sess_000288,cust_0039,pause,Smart TV,Africa,Comedy,STD,0,0,,,,
2026-07-24 13:16:54,sess_000288,cust_0039,play,Smart TV,Africa,Action,STD,1769,0,1500 kbps,,,
2026-07-24 13:30:54,sess_000288,cust_0039,error,Smart TV,Africa,Kids,STD,0,0,,E2002,,
2026-07-24 13:40:18,sess_000288,cust_0039,play,Smart TV,Africa,Documentary,STD,1253,0,480p-1500kbps,,,
2026-07-24 13:44:44,sess_000288,cust_0039,play,Smart TV,Africa,Comedy,STD,1452,0,1080p-8000kbps,,,
2026-07-24 13:45:59,sess_000288,cust_0039,session_end,Smart TV,Africa,,STD,0,0,,,N/A,N/A
2026-07-24 18:43:17,sess_000724,cust_0123,session_start,Smart TV,Europe,,basic,0,0,,,,
2026-07-24 18:51:02,sess_000724,cust_0123,play,Smart TV,Europe,Comedy,basic,1353,0,1500 kbps,,,
2026-07-24 18:53:40,sess_000724,cust_0123,play,Smart TV,Europe,Action,basic,713,0,2000 kbps,,,
2026-07-24 19:03:15,sess_000393,cust_0069,session_start,Smart TV,Africa,,basic,0,0,,,,
2026-07-24 19:05:59,sess_000724,cust_0123,play,Smart TV,Europe,Comedy,basic,253,0,2000 kbps,,,
2026-07-24 19:06:18,sess_000393,cust_0069,play,Smart TV,Africa,Horror,basic,579,0,4500 kbps,,,
2026-07-24 19:07:44,sess_000724,cust_0123,play,Smart TV,Europe,Horror,basic,818,0,8000 kbps,,,
2026-07-24 19:10:04,sess_000724,cust_0123,pause,Smart TV,Europe,Horror,basic,0,0,,,,
2026-07-24 19:10:33,sess_000724,cust_0123,play,Smart TV,Europe,Horror,basic,579,0,480p-1500kbps,,,
2026-07-24 19:12:40,sess_000393,cust_0069,play,Smart TV,Africa,Documentary,basic,321,0,720p-4500kbps,,,
2026-07-24 19:17:15,sess_000724,cust_0123,play,Smart TV,Europe,SciFi,basic,752,0,2000 kbps,,,
2026-07-24 19:21:56,sess_000724,cust_0123,play,Smart TV,Europe,SciFi,basic,1786,0,720p-3000kbps,,,
2026-07-24 19:26:10,sess_000393,cust_0069,play,Smart TV,Africa,SciFi,basic,1074,0,3000 kbps,,,
2026-07-24 19:28:17,sess_000393,cust_0069,buffer,Smart TV,Africa,Action,basic,0,1987,,,,
2026-07-24 19:36:40,sess_000393,cust_0069,buffer,Smart TV,Africa,Horror,basic,0,2505,,,,
2026-07-24 19:36:40,sess_000724,cust_0123,buffer,Smart TV,Europe,Action,basic,0,1408,,,,
2026-07-24 19:38:16,sess_000393,cust_0069,error,Smart TV,Africa,Documentary,basic,0,0,,E4004,,
2026-07-24 19:48:29,sess_000393,cust_0069,play,Smart TV,Africa,SciFi,basic,1178,0,1080p-6000kbps,,,
2026-07-24 19:51:22,sess_000724,cust_0123,error,Smart TV,Europe,Action,basic,0,0,,E3003,,
2026-07-24 19:54:19,sess_000393,cust_0069,buffer,Smart TV,Africa,Comedy,basic,0,3633,,,,
2026-07-24 19:58:22,sess_000393,cust_0069,play,Smart TV,Africa,Horror,basic,617,0,2000 kbps,,,
2026-07-24 20:03:48,sess_000393,cust_0069,play,Smart TV,Africa,Drama,basic,758,0,2000 kbps,,,
2026-07-24 20:12:57,sess_000393,cust_0069,play,Smart TV,Africa,Comedy,basic,989,0,1080p-6000kbps,,,
2026-07-24 20:25:03,sess_000393,cust_0069,play,Smart TV,Africa,Documentary,basic,411,0,1500 kbps,,,
2026-07-24 20:30:28,sess_000393,cust_0069,pause,Smart TV,Africa,Kids,basic,0,0,,,,
2026-07-24 20:39:45,sess_000393,cust_0069,buffer,Smart TV,Africa,Action,basic,0,1698,,,,
2026-07-24 20:39:49,sess_000407,cust_0089,session_start,Tablet,APAC,,Basic,0,0,,,,
2026-07-24 20:43:37,sess_000407,cust_0089,play,Tablet,APAC,Documentary,Basic,83,0,720p-3000kbps,,,
2026-07-24 20:50:52,sess_000393,cust_0069,play,Smart TV,Africa,Drama,basic,951,0,480p-2000kbps,,,
2026-07-24 20:55:58,sess_000407,cust_0089,play,Tablet,APAC,Documentary,Basic,430,0,1080p-8000kbps,,,
2026-07-24 21:00:00,sess_000407,cust_0089,play,Tablet,APAC,Drama,Basic,1709,0,8000 kbps,,,
2026-07-24 21:01:20,sess_000407,cust_0089,session_end,Tablet,APAC,,Basic,0,0,,,N/A,n/a
2026-07-24 21:03:41,sess_000393,cust_0069,play,Smart TV,Africa,Kids,basic,1243,0,1500 kbps,,,
2026-07-24 21:04:12,sess_000393,cust_0069,play,Smart TV,Africa,Action,basic,82,0,720p-4500kbps,,,
2026-07-24 21:08:19,sess_000393,cust_0069,pause,Smart TV,Africa,Documentary,basic,0,0,,,,
2026-07-24 21:09:15,sess_000393,cust_0069,session_end,Smart TV,Africa,,basic,0,0,,,100%,N/A
2026-07-24 22:41:40,sess_000753,cust_0103,session_start,Console,APAC,,Premium,0,0,,,,
2026-07-24 22:48:04,sess_000753,cust_0103,play,Console,APAC,Drama,Premium,1159,0,1080p-6000kbps,,,
2026-07-24 22:48:23,sess_000753,cust_0103,play,Console,APAC,SciFi,Premium,1377,0,8000 kbps,,,
2026-07-24 22:58:57,sess_000753,cust_0103,play,Console,APAC,Action,Premium,1286,0,6000 kbps,,,
2026-07-24 23:11:27,sess_000753,cust_0103,play,Console,APAC,Horror,Premium,1532,0,1500kbps,,,
2026-07-24 23:21:03,sess_000753,cust_0103,play,Console,APAC,Action,Premium,84,0,4500 kbps,,,
2026-07-24 23:26:47,sess_000753,cust_0103,play,Console,APAC,Action,Premium,1252,0,1080p-8000kbps,,,
2026-07-24 23:37:32,sess_000753,cust_0103,play,Console,APAC,Action,Premium,871,0,6000 kbps,,,
2026-07-24 23:43:13,sess_000753,cust_0103,play,Console,APAC,Comedy,Premium,1642,0,2000kbps,,,
2026-07-24 23:58:13,sess_000753,cust_0103,buffer,Console,APAC,Documentary,Premium,0,2696,,,,
2026-07-25 00:00:12,sess_000753,cust_0103,play,Console,APAC,Action,Premium,1425,0,3000kbps,,,
2026-07-25 00:02:02,sess_000753,cust_0103,play,Console,APAC,Comedy,Premium,1131,0,8000kbps,,,
2026-07-25 00:07:44,sess_000795,cust_0031,session_start,Console,Africa,,standard,0,0,,,,
2026-07-25 00:09:38,sess_000753,cust_0103,play,Console,APAC,Documentary,Premium,480,0,4500kbps,,,
2026-07-25 00:16:55,sess_000795,cust_0031,play,Console,,Horror,standard,1716,0,4500kbps,,,
2026-07-25 00:18:19,sess_000753,cust_0103,play,Console,APAC,SciFi,Premium,1250,0,8000kbps,,,
2026-07-25 00:20:17,sess_000795,cust_0031,play,Console,Africa,SciFi,standard,1029,0,1500kbps,,,
2026-07-25 00:29:05,sess_000753,cust_0103,play,Console,,Kids,Premium,1250,0,2000 kbps,,,
2026-07-25 00:31:47,sess_000795,cust_0031,play,Console,Africa,Drama,standard,1361,0,1080p-8000kbps,,,
2026-07-25 00:34:15,sess_000795,cust_0031,buffer,Console,,SciFi,standard,0,3204,,,,
2026-07-25 00:40:11,sess_000753,cust_0103,play,Console,APAC,SciFi,Premium,1743,0,3000 kbps,,,
2026-07-25 00:44:57,sess_000795,cust_0031,play,Console,Africa,SciFi,standard,1788,0,1500 kbps,,,
2026-07-25 00:54:09,sess_000753,cust_0103,pause,Console,APAC,Action,Premium,0,0,,,,
2026-07-25 00:58:06,sess_000795,cust_0031,pause,Console,Africa,Action,standard,0,0,,,,
2026-07-25 01:01:34,sess_000753,cust_0103,play,Console,,SciFi,Premium,994,0,8000kbps,,,
2026-07-25 01:02:54,sess_000753,cust_0103,session_end,Console,APAC,,Premium,0,0,,,N/A,n/a
2026-07-25 01:03:22,sess_000898,cust_0121,session_start,,Africa,,Premium ,0,0,,,,
2026-07-25 01:08:56,sess_000795,cust_0031,play,Console,Africa,Comedy,standard,250,0,480p-2000kbps,,,
2026-07-25 01:11:55,sess_000898,cust_0121,buffer,,Africa,SciFi,Premium ,0,1962,,,,
2026-07-25 01:13:13,sess_000795,cust_0031,buffer,Console,Africa,Kids,standard,0,1154,,,,
2026-07-25 01:15:53,sess_000795,cust_0031,pause,Console,Africa,Drama,standard,0,0,,,,
2026-07-25 01:17:15,sess_000795,cust_0031,session_end,Console,Africa,,standard,0,0,,,100%,N/A
2026-07-25 01:25:39,sess_000898,cust_0121,play,,Africa,Horror,Premium ,260,0,1080p-6000kbps,,,
2026-07-25 01:39:36,sess_000898,cust_0121,play,,Africa,Documentary,Premium ,1179,0,3000 kbps,,,
2026-07-25 01:49:57,sess_000898,cust_0121,play,,Africa,Documentary,Premium ,987,0,4500kbps,,,
2026-07-25 02:00:22,sess_000898,cust_0121,play,,Africa,Drama,Premium ,330,0,3000kbps,,,
2026-07-25 02:04:20,sess_000898,cust_0121,play,,Africa,Kids,Premium ,160,0,2000kbps,,,
2026-07-25 02:06:35,sess_000898,cust_0121,play,,Africa,Documentary,Premium ,819,0,480p-2000kbps,,,
2026-07-25 02:12:46,sess_000739,cust_0081,session_start,Mobile,Africa,,PremiumPlus,0,0,,,,
2026-07-25 02:15:04,sess_000898,cust_0121,play,,Africa,Horror,Premium ,1436,0,1080p-6000kbps,,,
2026-07-25 02:19:27,sess_000898,cust_0121,play,,Africa,Action,Premium ,833,0,4500 kbps,,,
2026-07-25 02:20:24,sess_000898,cust_0121,session_end,,Africa,,Premium ,0,0,,,87%,5
2026-07-25 02:20:50,sess_000739,cust_0081,play,Mobile,Africa,Drama,PremiumPlus,1619,0,4500 kbps,,,
2026-07-25 02:22:27,sess_000739,cust_0081,play,Mobile,Africa,Drama,PremiumPlus,1102,0,3000 kbps,,,
2026-07-25 02:30:57,sess_000739,cust_0081,pause,Mobile,Africa,Drama,PremiumPlus,0,0,,,,
2026-07-25 02:39:21,sess_000739,cust_0081,play,Mobile,Africa,Action,PremiumPlus,1800,0,1500kbps,,,
2026-07-25 02:45:40,sess_000739,cust_0081,play,Mobile,Africa,Drama,PremiumPlus,786,0,1500 kbps,,,
2026-07-25 02:51:57,sess_000739,cust_0081,play,Mobile,Africa,Documentary,PremiumPlus,1480,0,2000 kbps,,,
2026-07-25 03:04:39,sess_000739,cust_0081,play,Mobile,Africa,Horror,PremiumPlus,1168,0,4500kbps,,,
2026-07-25 03:11:59,sess_000739,cust_0081,play,Mobile,Africa,Horror,PremiumPlus,995,0,1080p-8000kbps,,,
2026-07-25 03:12:26,sess_000739,cust_0081,session_end,Mobile,,,PremiumPlus,0,0,,,N/A,N/A
2026-07-25 05:45:39,sess_000775,cust_0119,session_start,Smart TV,Africa,,Standard,0,0,,,,
2026-07-25 05:53:51,sess_000775,cust_0119,play,Smart TV,Africa,Action,Standard,1482,0,1080p-8000kbps,,,
2026-07-25 06:03:18,sess_000775,cust_0119,play,Smart TV,Africa,Action,Standard,1383,0,720p-3000kbps,,,
2026-07-25 06:09:35,sess_000775,cust_0119,play,Smart TV,Africa,Kids,Standard,1507,0,1080p-8000kbps,,,
2026-07-25 06:13:30,sess_000442,cust_0061,session_start,Web,Africa,,BASIC,0,0,,,,
2026-07-25 06:16:55,sess_000442,cust_0061,error,Web,Africa,Kids,BASIC,0,0,,E1001,,
2026-07-25 06:20:32,sess_000775,cust_0119,buffer,Smart TV,Africa,Drama,Standard,0,1676,,,,
2026-07-25 06:28:30,sess_000442,cust_0061,pause,Web,Africa,Horror,BASIC,0,0,,,,
2026-07-25 06:32:47,sess_000775,cust_0119,play,Smart TV,Africa,Drama,Standard,350,0,720p-3000kbps,,,
2026-07-25 06:38:40,sess_000442,cust_0061,play,Web,Africa,Action,BASIC,68,0,2000 kbps,,,
2026-07-25 06:39:18,sess_000442,cust_0061,session_end,Web,Africa,,BASIC,0,0,,,100%,
2026-07-25 06:43:07,sess_000775,cust_0119,play,Smart TV,Africa,Documentary,Standard,713,0,1500 kbps,,,
2026-07-25 06:51:10,sess_000775,cust_0119,pause,Smart TV,Africa,Drama,Standard,0,0,,,,
2026-07-25 06:58:56,sess_000775,cust_0119,pause,Smart TV,Africa,SciFi,Standard,0,0,,,,
2026-07-25 06:59:14,sess_000775,cust_0119,buffer,Smart TV,Africa,Drama,Standard,0,1599,,,,
2026-07-25 07:09:55,sess_000775,cust_0119,play,Smart TV,Africa,Horror,Standard,372,0,4500 kbps,,,
2026-07-25 07:10:08,sess_000775,cust_0119,session_end,Smart TV,Africa,,Standard,0,0,,,N/A,N/A
2026-07-25 09:40:58,sess_000904,cust_0096,session_start,Web,Africa,,basic,0,0,,,,
2026-07-25 09:49:43,sess_000904,cust_0096,pause,Web,Africa,Horror,basic,0,0,,,,
2026-07-25 09:52:13,sess_000904,cust_0096,play,Web,Africa,Action,basic,1348,0,4500kbps,,,
2026-07-25 09:59:33,sess_000904,cust_0096,error,Web,Africa,SciFi,basic,0,0,,E1001,,
2026-07-25 10:02:38,sess_000662,cust_0042,session_start,Web,North America,,Premium,0,0,,,,
2026-07-25 10:08:29,sess_000904,cust_0096,play,Web,Africa,Action,basic,615,0,480p-1500kbps,,,
2026-07-25 10:11:26,sess_000904,cust_0096,play,Web,Africa,Action,basic,1641,0,1500kbps,,,
2026-07-25 10:14:48,sess_000662,cust_0042,play,Web,North America,Drama,Premium,1060,0,6000 kbps,,,
2026-07-25 10:16:06,sess_000675,cust_0046,session_start,Tablet,North America,,basic ,0,0,,,,
2026-07-25 10:21:44,sess_000904,cust_0096,play,Web,Africa,Comedy,basic,260,0,4500kbps,,,
2026-07-25 10:24:27,sess_000675,cust_0046,play,Tablet,North America,Drama,basic ,1154,0,6000kbps,,,
2026-07-25 10:29:25,sess_000662,cust_0042,play,Web,North America,Documentary,Premium,949,0,1500 kbps,,,
2026-07-25 10:29:56,sess_000675,cust_0046,play,Tablet,North America,Comedy,basic ,1507,0,3000 kbps,,,
2026-07-25 10:31:23,sess_000904,cust_0096,play,Web,Africa,Drama,basic,326,0,480p-2000kbps,,,
2026-07-25 10:36:35,sess_000662,cust_0042,play,Web,North America,Comedy,Premium,1211,0,1080p-6000kbps,,,
2026-07-25 10:38:28,sess_000662,cust_0042,play,Web,North America,Drama,Premium,1015,0,1500 kbps,,,
2026-07-25 10:39:41,sess_000675,cust_0046,play,Tablet,North America,Drama,basic ,1509,0,2000 kbps,,,
2026-07-25 10:40:32,sess_000662,cust_0042,play,Web,,SciFi,Premium,229,0,1500kbps,,,
2026-07-25 10:41:23,sess_000904,cust_0096,play,Web,Africa,Comedy,basic,509,0,6000kbps,,,
2026-07-25 10:50:07,sess_000904,cust_0096,play,Web,Africa,Drama,basic,1587,0,8000 kbps,,,
2026-07-25 10:51:22,sess_000904,cust_0096,session_end,Web,Africa,,basic,0,0,,,90%,4 stars
2026-07-25 10:52:18,sess_000662,cust_0042,play,Web,North America,Kids,Premium,252,0,8000kbps,,,
2026-07-25 10:54:04,sess_000675,cust_0046,play,Tablet,North America,SciFi,basic ,1309,0,1500 kbps,,,
2026-07-25 11:01:00,sess_000675,cust_0046,play,Tablet,North America,Horror,basic ,790,0,3000kbps,,,
2026-07-25 11:02:45,sess_000662,cust_0042,play,Web,North America,Action,Premium,1730,0,1080p-8000kbps,,,
2026-07-25 11:06:31,sess_000675,cust_0046,play,Tablet,North America,SciFi,basic ,127,0,720p-3000kbps,,,
2026-07-25 11:12:27,sess_000662,cust_0042,pause,Web,North America,Action,Premium,0,0,,,,
2026-07-25 11:16:07,sess_000675,cust_0046,play,Tablet,North America,Kids,basic ,1157,0,6000 kbps,,,
2026-07-25 11:19:58,sess_000662,cust_0042,play,Web,North America,SciFi,Premium,120,0,4500 kbps,,,
2026-07-25 11:20:25,sess_000662,cust_0042,session_end,Web,North America,,Premium,0,0,,,100%,
2026-07-25 11:30:51,sess_000675,cust_0046,pause,Tablet,North America,Action,basic ,0,0,,,,
2026-07-25 11:32:43,sess_000090,cust_0041,session_start,Tablet,North America,,basic ,0,0,,,,
2026-07-25 11:43:45,sess_000675,cust_0046,play,Tablet,North America,SciFi,basic ,1451,0,2000 kbps,,,
2026-07-25 11:47:06,sess_000090,cust_0041,buffer,Tablet,North America,Drama,basic ,0,453,,,,
2026-07-25 11:54:22,sess_000090,cust_0041,play,Tablet,North America,SciFi,basic ,841,0,8000kbps,,,
2026-07-25 11:57:06,sess_000675,cust_0046,play,Tablet,North America,Action,basic ,1468,0,6000 kbps,,,
2026-07-25 11:58:50,sess_000675,cust_0046,session_end,Tablet,North America,,basic ,0,0,,,75%,2
2026-07-25 12:05:15,sess_000090,cust_0041,play,Tablet,North America,Comedy,basic ,646,0,6000 kbps,,,
2026-07-25 12:14:17,sess_000090,cust_0041,pause,Tablet,North America,SciFi,basic ,0,0,,,,
2026-07-25 12:23:15,sess_000090,cust_0041,buffer,Tablet,North America,Action,basic ,0,3076,,,,
2026-07-25 12:27:23,sess_000090,cust_0041,play,Tablet,North America,Kids,basic ,1499,0,2000kbps,,,
2026-07-25 12:30:14,sess_000090,cust_0041,play,Tablet,North America,Comedy,basic ,1633,0,4500 kbps,,,
2026-07-25 12:31:19,sess_000090,cust_0041,play,Tablet,North America,Comedy,basic ,511,0,8000 kbps,,,
2026-07-25 12:36:19,sess_000090,cust_0041,error,Tablet,North America,Kids,basic ,0,0,,E3003,,
2026-07-25 14:56:53,sess_000777,cust_0117,session_start,Smart TV,LATAM,,standard,0,0,,,,
2026-07-25 15:11:53,sess_000777,cust_0117,play,Smart TV,LATAM,Drama,standard,1597,0,3000kbps,,,
2026-07-25 15:25:57,sess_000777,cust_0117,play,Smart TV,LATAM,SciFi,standard,1356,0,1080p-6000kbps,,,
2026-07-25 15:34:57,sess_000777,cust_0117,play,Smart TV,LATAM,Comedy,standard,377,0,6000kbps,,,
2026-07-25 15:41:15,sess_000777,cust_0117,play,Smart TV,LATAM,Documentary,standard,843,0,3000kbps,,,
2026-07-25 15:47:01,sess_000777,cust_0117,play,Smart TV,LATAM,Documentary,standard,71,0,480p-1500kbps,,,
2026-07-25 15:47:33,sess_000777,cust_0117,session_end,Smart TV,LATAM,,standard,0,0,,,95%,
2026-07-25 18:32:14,sess_000798,cust_0098,session_start,Tablet,LATAM,,PREM,0,0,,,,
2026-07-25 18:42:41,sess_000798,cust_0098,pause,Tablet,LATAM,Horror,PREM,0,0,,,,
2026-07-25 18:46:57,sess_000701,cust_0078,session_start,Tablet,LATAM,,basic,0,0,,,,
2026-07-25 18:49:44,sess_000798,cust_0098,pause,Tablet,LATAM,Drama,PREM,0,0,,,,
2026-07-25 18:53:43,sess_000701,cust_0078,play,Tablet,LATAM,Action,basic,1434,0,1500 kbps,,,
2026-07-25 18:56:14,sess_000798,cust_0098,play,Tablet,LATAM,SciFi,PREM,1100,0,3000 kbps,,,
2026-07-25 18:57:17,sess_000798,cust_0098,play,Tablet,LATAM,Action,PREM,1496,0,6000 kbps,,,
2026-07-25 19:04:49,sess_000701,cust_0078,play,Tablet,LATAM,SciFi,basic,696,0,4500 kbps,,,
2026-07-25 19:07:24,sess_000701,cust_0078,play,Tablet,LATAM,Comedy,basic,1386,0,2000kbps,,,
2026-07-25 19:09:50,sess_000798,cust_0098,play,Tablet,LATAM,Documentary,PREM,449,0,720p-3000kbps,,,
2026-07-25 19:09:56,sess_000701,cust_0078,play,Tablet,LATAM,Comedy,basic,260,0,4500kbps,,,
2026-07-25 19:17:04,sess_000798,cust_0098,buffer,Tablet,LATAM,Horror,PREM,0,3143,,,,
2026-07-25 19:24:28,sess_000701,cust_0078,play,Tablet,LATAM,Drama,basic,1034,0,8000kbps,,,
2026-07-25 19:26:13,sess_000701,cust_0078,pause,Tablet,LATAM,Horror,basic,0,0,,,,
2026-07-25 19:30:31,sess_000798,cust_0098,pause,Tablet,LATAM,Action,PREM,0,0,,,,
2026-07-25 19:33:38,sess_000798,cust_0098,pause,Tablet,LATAM,SciFi,PREM,0,0,,,,
2026-07-25 19:35:53,sess_000701,cust_0078,pause,Tablet,LATAM,Drama,basic,0,0,,,,
2026-07-25 19:39:11,sess_000701,cust_0078,pause,Tablet,LATAM,Horror,basic,0,0,,,,
2026-07-25 19:39:58,sess_000701,cust_0078,session_end,Tablet,LATAM,,basic,0,0,,,N/A,N/A
2026-07-25 19:46:04,sess_000798,cust_0098,play,Tablet,LATAM,Horror,PREM,223,0,4500 kbps,,,
2026-07-25 19:53:19,sess_000798,cust_0098,buffer,Tablet,LATAM,SciFi,PREM,0,2540,,,,
2026-07-25 19:53:56,sess_000798,cust_0098,session_end,Tablet,LATAM,,PREM,0,0,,,75%,
2026-07-25 21:30:31,sess_000676,cust_0149,session_start,Tablet,Africa,,BASIC,0,0,,,,
2026-07-25 21:31:04,sess_000676,cust_0149,play,Tablet,Africa,SciFi,BASIC,436,0,4500 kbps,,,
2026-07-25 21:33:25,sess_000676,cust_0149,play,Tablet,Africa,Documentary,BASIC,1051,0,1080p-6000kbps,,,
2026-07-25 21:38:01,sess_000676,cust_0149,play,Tablet,Africa,Drama,BASIC,393,0,720p-4500kbps,,,
2026-07-25 21:38:05,sess_000868,cust_0019,session_start,Console,APAC,,Premium+,0,0,,,,
2026-07-25 21:38:40,sess_000676,cust_0149,session_end,Tablet,Africa,,BASIC,0,0,,,45%,3.0
2026-07-25 21:50:52,sess_000868,cust_0019,play,Console,APAC,Kids,Premium+,1544,0,480p-2000kbps,,,
2026-07-25 22:01:36,sess_000868,cust_0019,buffer,Console,APAC,Action,Premium+,0,995,,,,
2026-07-25 22:04:07,sess_000868,cust_0019,play,Console,APAC,Drama,Premium+,955,0,3000 kbps,,,
2026-07-25 22:13:41,sess_000868,cust_0019,play,Console,APAC,Drama,Premium+,206,0,1500 kbps,,,
2026-07-25 22:23:31,sess_000868,cust_0019,buffer,Console,APAC,SciFi,Premium+,0,1395,,,,
2026-07-25 22:30:03,sess_000868,cust_0019,pause,Console,APAC,Drama,Premium+,0,0,,,,
2026-07-25 22:34:23,sess_000868,cust_0019,play,Console,APAC,Comedy,Premium+,235,0,1080p-8000kbps,,,
2026-07-25 22:45:08,sess_000868,cust_0019,pause,Console,APAC,Action,Premium+,0,0,,,,
2026-07-25 22:57:57,sess_000852,cust_0109,session_start,Console,North America,,STD,0,0,,,,
2026-07-25 22:58:31,sess_000868,cust_0019,play,Console,APAC,SciFi,Premium+,1551,0,6000kbps,,,
2026-07-25 23:03:57,sess_000143,cust_0017,session_start,Mobile,North America,,PREM,0,0,,,,
2026-07-25 23:07:49,sess_000868,cust_0019,play,Console,APAC,Horror,Premium+,226,0,4500 kbps,,,
2026-07-25 23:09:54,sess_000852,cust_0109,buffer,Console,North America,Comedy,STD,0,903,,,,
2026-07-25 23:10:38,sess_000143,cust_0017,pause,Mobile,North America,Kids,PREM,0,0,,,,
2026-07-25 23:21:47,sess_000868,cust_0019,pause,Console,APAC,Action,Premium+,0,0,,,,
2026-07-25 23:22:11,sess_000143,cust_0017,buffer,Mobile,North America,Horror,PREM,0,1343,,,,
2026-07-25 23:22:19,sess_000852,cust_0109,error,Console,North America,Horror,STD,0,0,,E4004,,
2026-07-25 23:33:06,sess_000852,cust_0109,play,Console,North America,Comedy,STD,1509,0,6000 kbps,,,
2026-07-25 23:35:58,sess_000868,cust_0019,pause,Console,APAC,Comedy,Premium+,0,0,,,,
2026-07-25 23:36:20,sess_000868,cust_0019,session_end,Console,APAC,,Premium+,0,0,,,45%,1
2026-07-25 23:36:54,sess_000143,cust_0017,pause,Mobile,North America,SciFi,PREM,0,0,,,,
2026-07-25 23:42:13,sess_000852,cust_0109,play,Console,North America,SciFi,STD,670,0,3000kbps,,,
2026-07-25 23:45:35,sess_000143,cust_0017,play,Mobile,North America,Kids,PREM,1239,0,2000kbps,,,
2026-07-25 23:45:56,sess_000143,cust_0017,session_end,Mobile,North America,,PREM,0,0,,,80%,2.0
2026-07-25 23:55:58,sess_000852,cust_0109,play,Console,North America,Comedy,STD,473,0,2000kbps,,,
2026-07-26 00:08:02,sess_000852,cust_0109,pause,Console,North America,Drama,STD,0,0,,,,
2026-07-26 00:21:16,sess_000852,cust_0109,play,Console,North America,Comedy,STD,1615,0,720p-4500kbps,,,
2026-07-26 00:27:47,sess_000852,cust_0109,play,Console,North America,Documentary,STD,1138,0,8000kbps,,,
2026-07-26 00:37:11,sess_000852,cust_0109,pause,Console,North America,Horror,STD,0,0,,,,
2026-07-26 00:45:19,sess_000852,cust_0109,pause,Console,North America,Comedy,STD,0,0,,,,
2026-07-26 00:54:23,sess_000852,cust_0109,play,Console,North America,SciFi,STD,1206,0,480p-2000kbps,,,
2026-07-26 00:54:35,sess_000926,cust_0033,session_start,Web,Africa,,STD,0,0,,,,
2026-07-26 00:58:39,sess_000852,cust_0109,play,Console,North America,Horror,STD,1510,0,2000 kbps,,,
2026-07-26 01:00:38,sess_000852,cust_0109,session_end,Console,North America,,STD,0,0,,,N/A,
2026-07-26 01:03:25,sess_000926,cust_0033,error,Web,Africa,Action,STD,0,0,,E3003,,
2026-07-26 01:04:40,sess_000301,cust_0110,session_start,,Europe,,Premium ,0,0,,,,
2026-07-26 01:07:28,sess_000926,cust_0033,play,Web,Africa,SciFi,STD,978,0,1080p-6000kbps,,,
2026-07-26 01:13:17,sess_000301,cust_0110,play,,Europe,Drama,Premium ,1585,0,1500 kbps,,,
2026-07-26 01:17:20,sess_000926,cust_0033,play,Web,Africa,Action,STD,894,0,8000kbps,,,
2026-07-26 01:23:08,sess_000301,cust_0110,pause,,Europe,Horror,Premium ,0,0,,,,
2026-07-26 01:24:18,sess_000301,cust_0110,play,,Europe,Comedy,Premium ,961,0,480p-1500kbps,,,
2026-07-26 01:25:48,sess_000301,cust_0110,session_end,,Europe,,Premium ,0,0,,,95%,5.0
2026-07-26 01:26:41,sess_000926,cust_0033,play,Web,Africa,SciFi,STD,1516,0,1500kbps,,,
2026-07-26 01:30:19,sess_000926,cust_0033,buffer,Web,Africa,Drama,STD,0,205,,,,
2026-07-26 01:31:57,sess_000926,cust_0033,play,Web,,SciFi,STD,662,0,720p-3000kbps,,,
2026-07-26 01:43:03,sess_000926,cust_0033,play,Web,Africa,Comedy,STD,539,0,1080p-6000kbps,,,
2026-07-26 01:51:07,sess_000926,cust_0033,buffer,Web,Africa,Comedy,STD,0,3248,,,,
2026-07-26 01:57:23,sess_000926,cust_0033,play,Web,Africa,Kids,STD,510,0,8000kbps,,,
2026-07-26 02:10:24,sess_000926,cust_0033,play,Web,Africa,Horror,STD,901,0,2000kbps,,,
2026-07-26 02:11:10,sess_000250,cust_0007,session_start,Smart TV,APAC,,BASIC,0,0,,,,
2026-07-26 02:12:56,sess_000926,cust_0033,error,Web,Africa,Action,STD,0,0,,E4004,,
2026-07-26 02:13:48,sess_000926,cust_0033,session_end,Web,Africa,,STD,0,0,,,95%,N/A
2026-07-26 02:21:27,sess_000250,cust_0007,play,Smart TV,APAC,Kids,BASIC,277,0,1080p-6000kbps,,,
2026-07-26 02:28:48,sess_000250,cust_0007,play,Smart TV,APAC,Comedy,BASIC,1233,0,720p-4500kbps,,,
2026-07-26 02:39:11,sess_000250,cust_0007,play,Smart TV,APAC,Comedy,BASIC,593,0,8000kbps,,,
2026-07-26 02:54:00,sess_000250,cust_0007,play,Smart TV,APAC,Documentary,BASIC,760,0,1080p-8000kbps,,,
2026-07-26 02:55:24,sess_000250,cust_0007,session_end,Smart TV,APAC,,BASIC,0,0,,,100%,
2026-07-26 05:17:59,sess_000268,cust_0035,session_start,Smart TV,Europe,,Standard ,0,0,,,,
2026-07-26 05:29:15,sess_000268,cust_0035,play,Smart TV,Europe,Drama,Standard ,702,0,6000kbps,,,
2026-07-26 05:30:49,sess_000571,cust_0119,session_start,Smart TV,Africa,,Standard ,0,0,,,,
2026-07-26 05:39:55,sess_000268,cust_0035,play,Smart TV,Europe,Kids,Standard ,568,0,720p-3000kbps,,,
2026-07-26 05:40:50,sess_000268,cust_0035,play,Smart TV,Europe,Drama,Standard ,470,0,720p-3000kbps,,,
2026-07-26 05:44:42,sess_000571,cust_0119,pause,Smart TV,,SciFi,Standard ,0,0,,,,
2026-07-26 05:45:37,sess_000268,cust_0035,play,Smart TV,Europe,Action,Standard ,936,0,8000 kbps,,,
2026-07-26 05:50:23,sess_000268,cust_0035,pause,Smart TV,Europe,Comedy,Standard ,0,0,,,,
2026-07-26 05:54:34,sess_000571,cust_0119,buffer,Smart TV,Africa,SciFi,Standard ,0,2468,,,,
2026-07-26 06:00:11,sess_000571,cust_0119,play,Smart TV,Africa,Kids,Standard ,487,0,1500kbps,,,
2026-07-26 06:04:17,sess_000268,cust_0035,play,Smart TV,Europe,Drama,Standard ,1350,0,2000 kbps,,,
2026-07-26 06:09:47,sess_000571,cust_0119,play,Smart TV,Africa,Kids,Standard ,1609,0,4500kbps,,,
2026-07-26 06:10:48,sess_000571,cust_0119,play,Smart TV,Africa,Action,Standard ,1642,0,720p-4500kbps,,,
2026-07-26 06:11:27,sess_000571,cust_0119,play,Smart TV,Africa,Documentary,Standard ,343,0,3000kbps,,,
2026-07-26 06:12:52,sess_000571,cust_0119,session_end,Smart TV,Africa,,Standard ,0,0,,,60%,n/a
2026-07-26 06:15:32,sess_000268,cust_0035,play,Smart TV,Europe,SciFi,Standard ,1612,0,3000kbps,,,
2026-07-26 06:27:10,sess_000268,cust_0035,play,Smart TV,Europe,Documentary,Standard ,1611,0,1080p-8000kbps,,,
2026-07-26 06:33:14,sess_000268,cust_0035,play,Smart TV,Europe,Drama,Standard ,721,0,720p-4500kbps,,,
2026-07-26 06:43:47,sess_000268,cust_0035,play,Smart TV,Europe,Documentary,Standard ,296,0,720p-3000kbps,,,
2026-07-26 06:51:54,sess_000268,cust_0035,play,Smart TV,Europe,Horror,Standard ,558,0,1500kbps,,,
2026-07-26 06:52:57,sess_000268,cust_0035,session_end,Smart TV,Europe,,Standard ,0,0,,,90%,1.0
2026-07-26 09:35:23,sess_000808,cust_0130,session_start,Mobile,LATAM,,BASIC,0,0,,,,
2026-07-26 09:46:40,sess_000808,cust_0130,play,Mobile,LATAM,Kids,BASIC,188,0,1080p-6000kbps,,,
2026-07-26 09:47:27,sess_000808,cust_0130,play,Mobile,LATAM,Comedy,BASIC,371,0,6000kbps,,,
2026-07-26 09:59:12,sess_000808,cust_0130,play,Mobile,LATAM,Comedy,BASIC,1336,0,1080p-6000kbps,,,
2026-07-26 10:03:58,sess_000808,cust_0130,play,Mobile,LATAM,Documentary,BASIC,498,0,8000kbps,,,
2026-07-26 10:04:47,sess_000808,cust_0130,play,Mobile,LATAM,Comedy,BASIC,124,0,1080p-8000kbps,,,
2026-07-26 10:16:15,sess_000808,cust_0130,play,Mobile,LATAM,Documentary,BASIC,838,0,6000 kbps,,,
2026-07-26 10:24:00,sess_000808,cust_0130,play,Mobile,LATAM,Comedy,BASIC,577,0,4500kbps,,,
2026-07-26 10:33:21,sess_000808,cust_0130,play,Mobile,LATAM,Action,BASIC,507,0,720p-3000kbps,,,
2026-07-26 10:43:08,sess_000808,cust_0130,play,Mobile,LATAM,Kids,BASIC,685,0,2000kbps,,,
2026-07-26 10:52:58,sess_000808,cust_0130,play,Mobile,LATAM,SciFi,BASIC,652,0,8000kbps,,,
2026-07-26 10:58:53,sess_000808,cust_0130,play,Mobile,LATAM,Comedy,BASIC,55,0,1500 kbps,,,
2026-07-26 11:01:01,sess_000808,cust_0130,buffer,Mobile,LATAM,Drama,BASIC,0,3717,,,,
2026-07-26 11:02:23,sess_000808,cust_0130,session_end,Mobile,LATAM,,BASIC,0,0,,,87%,n/a
2026-07-26 14:20:31,sess_000989,cust_0056,session_start,Mobile,Africa,,basic,0,0,,,,
2026-07-26 14:29:05,sess_000989,cust_0056,play,Mobile,Africa,Horror,basic,688,0,8000 kbps,,,
2026-07-26 14:30:18,sess_000989,cust_0056,play,Mobile,Africa,Kids,basic,1553,0,4500 kbps,,,
2026-07-26 14:44:19,sess_000989,cust_0056,play,Mobile,Africa,Documentary,basic,368,0,6000kbps,,,
2026-07-26 14:46:16,sess_000989,cust_0056,session_end,Mobile,Africa,,basic,0,0,,,60%,2 stars
2026-07-26 16:03:33,sess_000011,cust_0109,session_start,Console,North America,,Standard,0,0,,,,
2026-07-26 16:16:47,sess_000011,cust_0109,play,Console,North America,Drama,Standard,645,0,8000kbps,,,
2026-07-26 16:21:32,sess_000011,cust_0109,play,Console,North America,Drama,Standard,752,0,2000 kbps,,,
2026-07-26 16:31:47,sess_000011,cust_0109,play,Console,North America,SciFi,Standard,545,0,3000 kbps,,,
2026-07-26 16:36:08,sess_000011,cust_0109,play,Console,North America,Action,Standard,471,0,1080p-8000kbps,,,
2026-07-26 16:37:55,sess_000011,cust_0109,play,Console,North America,Kids,Standard,191,0,3000 kbps,,,
2026-07-26 16:41:29,sess_000011,cust_0109,play,Console,North America,SciFi,Standard,248,0,1080p-8000kbps,,,
2026-07-26 16:48:27,sess_000011,cust_0109,error,Console,North America,Horror,Standard,0,0,,E4004,,
2026-07-26 16:50:56,sess_000011,cust_0109,play,Console,North America,SciFi,Standard,1562,0,480p-2000kbps,,,
2026-07-26 17:03:26,sess_000011,cust_0109,error,Console,North America,Action,Standard,0,0,,E2002,,
2026-07-26 19:30:35,sess_000041,cust_0018,session_start,Smart TV,Africa,,Basic,0,0,,,,
2026-07-26 19:31:36,sess_000041,cust_0018,error,Smart TV,Africa,SciFi,Basic,0,0,,E3003,,
2026-07-26 20:40:42,sess_000835,cust_0041,session_start,Tablet,North America,,BASIC,0,0,,,,
2026-07-26 20:45:43,sess_000835,cust_0041,pause,Tablet,North America,Kids,BASIC,0,0,,,,
2026-07-26 20:56:38,sess_000903,cust_0081,session_start,Mobile,Africa,,premium_plus,0,0,,,,
2026-07-26 20:58:00,sess_000835,cust_0041,play,Tablet,North America,Documentary,BASIC,333,0,1500 kbps,,,
2026-07-26 21:07:27,sess_000835,cust_0041,play,Tablet,North America,Comedy,BASIC,703,0,6000kbps,,,
2026-07-26 21:10:24,sess_000903,cust_0081,play,Mobile,Africa,Horror,premium_plus,1197,0,3000 kbps,,,
2026-07-26 21:17:35,sess_000835,cust_0041,pause,Tablet,North America,Action,BASIC,0,0,,,,
2026-07-26 21:20:05,sess_000903,cust_0081,buffer,Mobile,Africa,Horror,premium_plus,0,586,,,,
2026-07-26 21:26:17,sess_000835,cust_0041,pause,Tablet,North America,Kids,BASIC,0,0,,,,
2026-07-26 21:30:25,sess_000903,cust_0081,play,Mobile,Africa,Comedy,premium_plus,1384,0,2000 kbps,,,
2026-07-26 21:32:19,sess_000835,cust_0041,play,Tablet,North America,Documentary,BASIC,615,0,480p-1500kbps,,,
2026-07-26 21:34:01,sess_000903,cust_0081,pause,Mobile,Africa,Drama,premium_plus,0,0,,,,
2026-07-26 21:39:23,sess_000903,cust_0081,play,Mobile,Africa,Horror,premium_plus,135,0,720p-3000kbps,,,
2026-07-26 21:41:27,sess_000903,cust_0081,play,Mobile,Africa,Documentary,premium_plus,734,0,4500 kbps,,,
2026-07-26 21:41:54,sess_000903,cust_0081,error,Mobile,Africa,Documentary,premium_plus,0,0,,E3003,,
2026-07-26 21:44:45,sess_000835,cust_0041,play,Tablet,North America,Horror,BASIC,1443,0,8000kbps,,,
2026-07-26 21:45:55,sess_000835,cust_0041,session_end,Tablet,North America,,BASIC,0,0,,,100%,N/A
2026-07-26 21:55:43,sess_000903,cust_0081,play,Mobile,Africa,Action,premium_plus,599,0,720p-4500kbps,,,
2026-07-26 22:05:25,sess_000903,cust_0081,play,Mobile,Africa,Kids,premium_plus,411,0,480p-2000kbps,,,
2026-07-26 22:05:57,sess_000903,cust_0081,play,Mobile,Africa,Comedy,premium_plus,1548,0,1500 kbps,,,
2026-07-26 22:06:20,sess_000903,cust_0081,session_end,Mobile,Africa,,premium_plus,0,0,,,87%,
2026-07-26 22:06:59,sess_000176,cust_0040,session_start,Console,Africa,,BASIC,0,0,,,,
2026-07-26 22:13:41,sess_000176,cust_0040,play,Console,Africa,Documentary,BASIC,1340,0,720p-3000kbps,,,
2026-07-26 22:18:58,sess_000176,cust_0040,buffer,Console,Africa,Action,BASIC,0,3164,,,,
2026-07-26 22:28:01,sess_000176,cust_0040,buffer,Console,Africa,Documentary,BASIC,0,3019,,,,
2026-07-26 22:36:21,sess_000601,cust_0053,session_start,Mobile,Africa,,Premium ,0,0,,,,
2026-07-26 22:39:03,sess_000176,cust_0040,play,Console,Africa,Kids,BASIC,1249,0,480p-2000kbps,,,
2026-07-26 22:40:13,sess_000176,cust_0040,pause,Console,Africa,Action,BASIC,0,0,,,,
2026-07-26 22:40:59,sess_000601,cust_0053,play,Mobile,Africa,Horror,Premium ,631,0,6000kbps,,,
2026-07-26 22:43:59,sess_000176,cust_0040,play,Console,Africa,Horror,BASIC,1324,0,1080p-6000kbps,,,
2026-07-26 22:49:56,sess_000176,cust_0040,play,Console,Africa,Documentary,BASIC,682,0,1500 kbps,,,
2026-07-26 22:50:31,sess_000176,cust_0040,pause,Console,Africa,Horror,BASIC,0,0,,,,
2026-07-26 22:51:47,sess_000176,cust_0040,session_end,Console,Africa,,BASIC,0,0,,,87%,N/A
2026-07-26 22:55:51,sess_000601,cust_0053,play,Mobile,Africa,Action,Premium ,1199,0,720p-3000kbps,,,
2026-07-26 22:58:44,sess_000601,cust_0053,play,Mobile,Africa,Comedy,Premium ,562,0,3000kbps,,,
2026-07-26 23:00:37,sess_000013,cust_0002,session_start,Mobile,Africa,,Premium+,0,0,,,,
2026-07-26 23:04:11,sess_000013,cust_0002,play,Mobile,Africa,Kids,Premium+,822,0,480p-2000kbps,,,
2026-07-26 23:13:22,sess_000601,cust_0053,buffer,Mobile,Africa,Action,Premium ,0,1125,,,,
2026-07-26 23:16:26,sess_000601,cust_0053,play,Mobile,Africa,Horror,Premium ,934,0,6000 kbps,,,
2026-07-26 23:19:08,sess_000013,cust_0002,play,Mobile,Africa,Documentary,Premium+,1098,0,4500kbps,,,
2026-07-26 23:19:08,sess_000601,cust_0053,play,Mobile,Africa,Horror,Premium ,1000,0,480p-2000kbps,,,
2026-07-26 23:19:13,sess_000613,cust_0003,session_start,Console,APAC,,Standard ,0,0,,,,
2026-07-26 23:21:13,sess_000013,cust_0002,error,Mobile,Africa,Action,Premium+,0,0,,E3003,,
2026-07-26 23:22:02,sess_000613,cust_0003,play,Console,APAC,Horror,Standard ,1500,0,480p-1500kbps,,,
2026-07-26 23:23:07,sess_000013,cust_0002,buffer,Mobile,Africa,SciFi,Premium+,0,3797,,,,
2026-07-26 23:24:22,sess_000613,cust_0003,buffer,Console,APAC,Documentary,Standard ,0,217,,,,
2026-07-26 23:31:00,sess_000601,cust_0053,play,Mobile,Africa,SciFi,Premium ,1246,0,8000 kbps,,,
2026-07-26 23:31:35,sess_000013,cust_0002,play,Mobile,Africa,Documentary,Premium+,1324,0,3000kbps,,,
2026-07-26 23:34:25,sess_000613,cust_0003,error,Console,APAC,Action,Standard ,0,0,,E1001,,
2026-07-26 23:37:45,sess_000601,cust_0053,play,Mobile,Africa,Comedy,Premium ,1739,0,6000kbps,,,
2026-07-26 23:39:59,sess_000613,cust_0003,play,Console,APAC,Horror,Standard ,343,0,8000kbps,,,
2026-07-26 23:42:46,sess_000601,cust_0053,play,Mobile,Africa,Comedy,Premium ,232,0,720p-3000kbps,,,
2026-07-26 23:43:29,sess_000601,cust_0053,play,Mobile,Africa,Kids,Premium ,562,0,2000kbps,,,
2026-07-26 23:44:47,sess_000601,cust_0053,session_end,Mobile,Africa,,Premium ,0,0,,,100%,4
2026-07-26 23:45:06,sess_000613,cust_0003,play,Console,APAC,Comedy,Standard ,1637,0,4500 kbps,,,
2026-07-26 23:46:21,sess_000013,cust_0002,buffer,Mobile,Africa,Drama,Premium+,0,324,,,,
2026-07-26 23:47:33,sess_000613,cust_0003,play,Console,APAC,Action,Standard ,735,0,480p-1500kbps,,,
2026-07-26 23:47:51,sess_000013,cust_0002,play,Mobile,Africa,Drama,Premium+,1634,0,8000 kbps,,,
2026-07-26 23:49:05,sess_000013,cust_0002,play,Mobile,Africa,Comedy,Premium+,1112,0,4500kbps,,,
2026-07-26 23:59:28,sess_000613,cust_0003,pause,Console,APAC,SciFi,Standard ,0,0,,,,
2026-07-27 00:03:00,sess_000013,cust_0002,play,Mobile,Africa,Horror,Premium+,1555,0,1500 kbps,,,
2026-07-27 00:04:46,sess_000613,cust_0003,error,Console,APAC,Drama,Standard ,0,0,,E1001,,
2026-07-27 00:07:26,sess_000013,cust_0002,buffer,Mobile,Africa,Drama,Premium+,0,587,,,,
2026-07-27 00:15:10,sess_000013,cust_0002,error,Mobile,Africa,SciFi,Premium+,0,0,,E1001,,
2026-07-27 00:17:26,sess_000613,cust_0003,play,Console,APAC,Horror,Standard ,812,0,4500 kbps,,,
2026-07-27 00:18:09,sess_000613,cust_0003,session_end,Console,APAC,,Standard ,0,0,,,95%,2 stars
2026-07-27 01:28:17,sess_000939,cust_0083,session_start,Tablet,APAC,,Premium,0,0,,,,
2026-07-27 01:31:10,sess_000939,cust_0083,play,Tablet,APAC,Drama,Premium,1183,0,1500 kbps,,,
2026-07-27 01:33:24,sess_000939,cust_0083,play,Tablet,APAC,Kids,Premium,780,0,720p-3000kbps,,,
2026-07-27 01:44:31,sess_000939,cust_0083,play,Tablet,APAC,SciFi,Premium,1381,0,480p-1500kbps,,,
2026-07-27 01:47:02,sess_000939,cust_0083,play,Tablet,APAC,Drama,Premium,818,0,6000 kbps,,,
2026-07-27 01:52:44,sess_000939,cust_0083,play,Tablet,APAC,SciFi,Premium,1487,0,1500 kbps,,,
2026-07-27 02:04:58,sess_000939,cust_0083,play,Tablet,APAC,Action,Premium,1052,0,1500kbps,,,
2026-07-27 02:05:21,sess_000818,cust_0072,session_start,Mobile,North America,,STD,0,0,,,,
2026-07-27 02:06:58,sess_000939,cust_0083,play,Tablet,APAC,Action,Premium,1696,0,6000kbps,,,
2026-07-27 02:11:09,sess_000844,cust_0134,session_start,Mobile,APAC,,basic,0,0,,,,
2026-07-27 02:11:47,sess_000818,cust_0072,play,Mobile,North America,Kids,STD,1091,0,8000 kbps,,,
2026-07-27 02:12:43,sess_000844,cust_0134,play,Mobile,APAC,Drama,basic,959,0,3000kbps,,,
2026-07-27 02:15:50,sess_000939,cust_0083,pause,Tablet,APAC,Action,Premium,0,0,,,,
2026-07-27 02:17:58,sess_000939,cust_0083,play,Tablet,APAC,Horror,Premium,596,0,480p-2000kbps,,,
2026-07-27 02:19:38,sess_000939,cust_0083,session_end,Tablet,APAC,,Premium,0,0,,,90%,n/a
2026-07-27 02:21:58,sess_000818,cust_0072,error,Mobile,North America,Documentary,STD,0,0,,E1001,,
2026-07-27 02:22:32,sess_000844,cust_0134,play,Mobile,APAC,Drama,basic,759,0,1500kbps,,,
2026-07-27 02:26:50,sess_000844,cust_0134,play,Mobile,APAC,Drama,basic,1176,0,2000kbps,,,
2026-07-27 02:32:04,sess_000844,cust_0134,pause,Mobile,APAC,Action,basic,0,0,,,,
2026-07-27 02:46:06,sess_000844,cust_0134,play,Mobile,APAC,Drama,basic,1051,0,480p-2000kbps,,,
2026-07-27 02:52:27,sess_000844,cust_0134,pause,Mobile,APAC,Action,basic,0,0,,,,
2026-07-27 03:02:21,sess_000844,cust_0134,error,Mobile,APAC,Documentary,basic,0,0,,E2002,,
2026-07-27 03:03:57,sess_000586,cust_0045,session_start,Mobile,North America,,Premium,0,0,,,,
2026-07-27 03:12:40,sess_000586,cust_0045,play,Mobile,North America,Comedy,Premium,1768,0,4500kbps,,,
2026-07-27 03:15:21,sess_000844,cust_0134,play,Mobile,APAC,Action,basic,524,0,6000kbps,,,
2026-07-27 03:19:17,sess_000586,cust_0045,play,Mobile,North America,Action,Premium,486,0,2000 kbps,,,
2026-07-27 03:21:49,sess_000586,cust_0045,play,Mobile,North America,Documentary,Premium,955,0,1080p-6000kbps,,,
2026-07-27 03:22:07,sess_000844,cust_0134,pause,Mobile,APAC,Kids,basic,0,0,,,,
2026-07-27 03:32:15,sess_000844,cust_0134,play,Mobile,APAC,Documentary,basic,1102,0,4500kbps,,,
2026-07-27 03:35:40,sess_000586,cust_0045,play,Mobile,North America,SciFi,Premium,595,0,1500kbps,,,
2026-07-27 03:37:41,sess_000586,cust_0045,error,Mobile,North America,Kids,Premium,0,0,,E1001,,
2026-07-27 03:42:30,sess_000586,cust_0045,play,Mobile,North America,Action,Premium,1337,0,4500kbps,,,
2026-07-27 03:43:07,sess_000844,cust_0134,play,Mobile,APAC,Comedy,basic,1154,0,4500kbps,,,
2026-07-27 03:49:38,sess_000586,cust_0045,play,Mobile,North America,Comedy,Premium,805,0,2000kbps,,,
2026-07-27 03:50:22,sess_000844,cust_0134,play,Mobile,APAC,Kids,basic,716,0,720p-4500kbps,,,
2026-07-27 03:50:34,sess_000844,cust_0134,session_end,Mobile,APAC,,basic,0,0,,,87%,n/a
2026-07-27 04:02:45,sess_000586,cust_0045,pause,Mobile,North America,Comedy,Premium,0,0,,,,
2026-07-27 04:04:23,sess_000586,cust_0045,play,Mobile,North America,Horror,Premium,1406,0,4500 kbps,,,
2026-07-27 04:19:10,sess_000586,cust_0045,play,Mobile,North America,SciFi,Premium,747,0,6000kbps,,,
2026-07-27 04:20:01,sess_000586,cust_0045,session_end,Mobile,North America,,Premium,0,0,,,60%,n/a
2026-07-27 09:20:51,sess_000719,cust_0068,session_start,Smart TV,Africa,,Basic,0,0,,,,
2026-07-27 09:30:37,sess_000719,cust_0068,play,Smart TV,Africa,Comedy,Basic,1464,0,1080p-8000kbps,,,
2026-07-27 09:31:22,sess_000719,cust_0068,pause,Smart TV,Africa,Drama,Basic,0,0,,,,
2026-07-27 09:39:57,sess_000719,cust_0068,play,Smart TV,Africa,Action,Basic,510,0,6000kbps,,,
2026-07-27 09:49:46,sess_000719,cust_0068,buffer,Smart TV,Africa,Comedy,Basic,0,2262,,,,
2026-07-27 09:58:21,sess_000719,cust_0068,play,Smart TV,Africa,Kids,Basic,1475,0,4500 kbps,,,
2026-07-27 10:04:22,sess_000719,cust_0068,pause,Smart TV,Africa,Drama,Basic,0,0,,,,
2026-07-27 10:13:39,sess_000719,cust_0068,play,Smart TV,Africa,Action,Basic,1065,0,1500 kbps,,,
2026-07-27 10:25:28,sess_000719,cust_0068,play,Smart TV,Africa,SciFi,Basic,1019,0,4500kbps,,,
2026-07-27 10:25:52,sess_000719,cust_0068,session_end,Smart TV,Africa,,Basic,0,0,,,,n/a
2026-07-27 10:46:01,sess_000027,cust_0027,session_start,Smart TV,LATAM,,premium_plus,0,0,,,,
2026-07-27 10:55:29,sess_000027,cust_0027,play,Smart TV,LATAM,Comedy,premium_plus,175,0,2000kbps,,,
2026-07-27 11:06:06,sess_000027,cust_0027,play,Smart TV,LATAM,Drama,premium_plus,931,0,4500kbps,,,
2026-07-27 11:15:06,sess_000027,cust_0027,play,Smart TV,LATAM,Comedy,premium_plus,1113,0,1500 kbps,,,
2026-07-27 11:15:27,sess_000027,cust_0027,play,Smart TV,LATAM,Comedy,premium_plus,1114,0,3000 kbps,,,
2026-07-27 11:24:06,sess_000027,cust_0027,play,Smart TV,LATAM,Drama,premium_plus,672,0,4500 kbps,,,
2026-07-27 11:26:40,sess_000027,cust_0027,play,Smart TV,LATAM,Comedy,premium_plus,1458,0,3000kbps,,,
2026-07-27 11:27:04,sess_000027,cust_0027,session_end,Smart TV,LATAM,,premium_plus,0,0,,,100%,
2026-07-27 12:04:14,sess_000635,cust_0069,session_start,Smart TV,Africa,,basic,0,0,,,,
2026-07-27 12:04:35,sess_000635,cust_0069,play,Smart TV,Africa,Comedy,basic,1190,0,720p-3000kbps,,,
2026-07-27 12:13:41,sess_000385,cust_0126,session_start,Console,LATAM,,basic ,0,0,,,,
2026-07-27 12:14:00,sess_000635,cust_0069,play,Smart TV,Africa,Kids,basic,1595,0,1080p-8000kbps,,,
2026-07-27 12:14:54,sess_000635,cust_0069,buffer,Smart TV,Africa,Action,basic,0,765,,,,
2026-07-27 12:22:24,sess_000385,cust_0126,play,Console,LATAM,Documentary,basic ,699,0,1500 kbps,,,
2026-07-27 12:27:24,sess_000635,cust_0069,play,Smart TV,Africa,Horror,basic,565,0,720p-4500kbps,,,
2026-07-27 12:35:02,sess_000635,cust_0069,pause,Smart TV,Africa,Action,basic,0,0,,,,
2026-07-27 12:35:42,sess_000385,cust_0126,play,Console,LATAM,Drama,basic ,303,0,2000 kbps,,,
2026-07-27 12:39:11,sess_000635,cust_0069,play,Smart TV,Africa,Kids,basic,272,0,8000kbps,,,
2026-07-27 12:40:36,sess_000878,cust_0023,session_start,Tablet,North America,,PREM,0,0,,,,
2026-07-27 12:46:26,sess_000385,cust_0126,error,Console,LATAM,SciFi,basic ,0,0,,E1001,,
2026-07-27 12:46:40,sess_000878,cust_0023,pause,Tablet,North America,Documentary,PREM,0,0,,,,
2026-07-27 12:46:58,sess_000787,cust_0090,session_start,Mobile,North America,,standard,0,0,,,,
2026-07-27 12:47:14,sess_000635,cust_0069,error,Smart TV,Africa,Horror,basic,0,0,,E2002,,
2026-07-27 12:48:46,sess_000635,cust_0069,error,Smart TV,Africa,Horror,basic,0,0,,E4004,,
2026-07-27 12:49:03,sess_000787,cust_0090,play,Mobile,North America,Horror,standard,420,0,8000kbps,,,
2026-07-27 12:50:24,sess_000878,cust_0023,error,Tablet,North America,Drama,PREM,0,0,,E1001,,
2026-07-27 12:53:14,sess_000787,cust_0090,play,Mobile,North America,Horror,standard,533,0,3000kbps,,,
2026-07-27 12:54:58,sess_000787,cust_0090,session_end,Mobile,North America,,standard,0,0,,,87%,4 stars
2026-07-27 13:03:24,sess_000635,cust_0069,buffer,Smart TV,Africa,Documentary,basic,0,2011,,,,
2026-07-27 13:15:51,sess_000635,cust_0069,play,Smart TV,Africa,Horror,basic,835,0,6000 kbps,,,
2026-07-27 13:17:50,sess_000635,cust_0069,buffer,Smart TV,Africa,Kids,basic,0,1465,,,,
2026-07-27 13:31:47,sess_000635,cust_0069,error,Smart TV,,Comedy,basic,0,0,,E1001,,
2026-07-27 14:07:21,sess_000284,cust_0121,session_start,Smart TV,Africa,,Premium ,0,0,,,,
2026-07-27 14:15:48,sess_000284,cust_0121,play,Smart TV,Africa,Action,Premium ,1349,0,1080p-8000kbps,,,
2026-07-27 14:18:34,sess_000284,cust_0121,play,Smart TV,Africa,Horror,Premium ,597,0,6000kbps,,,
2026-07-27 14:21:15,sess_000284,cust_0121,play,Smart TV,Africa,Drama,Premium ,1219,0,8000 kbps,,,
2026-07-27 14:33:09,sess_000284,cust_0121,buffer,Smart TV,Africa,Comedy,Premium ,0,937,,,,
2026-07-27 14:47:38,sess_000284,cust_0121,play,Smart TV,Africa,Documentary,Premium ,849,0,4500kbps,,,
2026-07-27 15:02:20,sess_000284,cust_0121,pause,Smart TV,Africa,Drama,Premium ,0,0,,,,
2026-07-27 15:03:40,sess_000284,cust_0121,session_end,Smart TV,Africa,,Premium ,0,0,,,87%,2
2026-07-27 15:53:42,sess_000625,cust_0049,session_start,Tablet,North America,,Standard,0,0,,,,
2026-07-27 16:06:47,sess_000625,cust_0049,play,Tablet,North America,Documentary,Standard,1184,0,1500 kbps,,,
2026-07-27 16:11:41,sess_000625,cust_0049,play,Tablet,North America,Comedy,Standard,1222,0,1500 kbps,,,
2026-07-27 16:21:38,sess_000625,cust_0049,buffer,Tablet,North America,Kids,Standard,0,670,,,,
2026-07-27 16:31:49,sess_000625,cust_0049,play,Tablet,North America,Documentary,Standard,1646,0,8000kbps,,,
2026-07-27 16:36:30,sess_000625,cust_0049,play,Tablet,North America,Kids,Standard,1191,0,4500 kbps,,,
2026-07-27 16:48:47,sess_000625,cust_0049,play,Tablet,North America,SciFi,Standard,1533,0,480p-1500kbps,,,
2026-07-27 17:03:25,sess_000625,cust_0049,play,Tablet,North America,Kids,Standard,988,0,4500kbps,,,
2026-07-27 17:08:32,sess_000625,cust_0049,play,Tablet,North America,Comedy,Standard,368,0,4500kbps,,,
2026-07-27 17:22:39,sess_000625,cust_0049,buffer,Tablet,North America,SciFi,Standard,0,1687,,,,
2026-07-27 17:23:25,sess_000625,cust_0049,session_end,Tablet,North America,,Standard,0,0,,,95%,5
2026-07-27 17:24:33,sess_000992,cust_0013,session_start,Tablet,APAC,,Standard,0,0,,,,
2026-07-27 17:38:06,sess_000992,cust_0013,play,Tablet,APAC,Comedy,Standard,1414,0,1080p-8000kbps,,,
2026-07-27 17:40:57,sess_000992,cust_0013,pause,Tablet,APAC,Comedy,Standard,0,0,,,,
2026-07-27 17:47:12,sess_000992,cust_0013,play,Tablet,APAC,Horror,Standard,1241,0,480p-2000kbps,,,
2026-07-27 17:48:47,sess_000992,cust_0013,session_end,Tablet,APAC,,Standard,0,0,,,95%,5 stars
2026-07-27 21:23:10,sess_000755,cust_0051,session_start,Smart TV,Europe,,Standard,0,0,,,,
2026-07-27 21:23:50,sess_000846,cust_0077,session_start,,Africa,,standard,0,0,,,,
2026-07-27 21:25:41,sess_000846,cust_0077,play,,Africa,Documentary,standard,178,0,4500 kbps,,,
2026-07-27 21:31:53,sess_000846,cust_0077,play,,Africa,Comedy,standard,407,0,6000 kbps,,,
2026-07-27 21:32:48,sess_000755,cust_0051,play,Smart TV,Europe,Kids,Standard,1440,0,6000 kbps,,,
2026-07-27 21:38:03,sess_000846,cust_0077,play,,Africa,Comedy,standard,1312,0,720p-4500kbps,,,
2026-07-27 21:39:08,sess_000846,cust_0077,play,,Africa,Action,standard,1166,0,3000 kbps,,,
2026-07-27 21:42:46,sess_000755,cust_0051,play,Smart TV,Europe,Documentary,Standard,1496,0,480p-1500kbps,,,
2026-07-27 21:46:40,sess_000846,cust_0077,play,,Africa,Drama,standard,319,0,1080p-8000kbps,,,
2026-07-27 21:51:11,sess_000846,cust_0077,play,,Africa,Horror,standard,1667,0,4500 kbps,,,
2026-07-27 21:51:53,sess_000846,cust_0077,session_end,,Africa,,standard,0,0,,,80%,n/a
2026-07-27 21:54:52,sess_000755,cust_0051,play,Smart TV,Europe,SciFi,Standard,1662,0,480p-2000kbps,,,
2026-07-27 22:05:30,sess_000755,cust_0051,buffer,Smart TV,Europe,Action,Standard,0,1311,,,,
2026-07-27 22:06:14,sess_000755,cust_0051,buffer,Smart TV,Europe,Horror,Standard,0,1737,,,,
2026-07-27 22:06:53,sess_000755,cust_0051,session_end,Smart TV,Europe,,Standard,0,0,,,45%,
2026-07-27 23:19:24,sess_000634,cust_0077,session_start,,Africa,,Standard,0,0,,,,
2026-07-27 23:23:30,sess_000634,cust_0077,play,,Africa,SciFi,Standard,1473,0,720p-4500kbps,,,
2026-07-27 23:24:19,sess_000634,cust_0077,play,,Africa,Horror,Standard,1435,0,3000 kbps,,,
2026-07-27 23:34:29,sess_000634,cust_0077,buffer,,Africa,Horror,Standard,0,2419,,,,
2026-07-27 23:47:55,sess_000634,cust_0077,pause,,Africa,Comedy,Standard,0,0,,,,
2026-07-27 23:48:42,sess_000634,cust_0077,play,,Africa,Action,Standard,385,0,1500kbps,,,
2026-07-27 23:58:30,sess_000192,cust_0069,session_start,Smart TV,Africa,,Basic,0,0,,,,
2026-07-27 23:59:31,sess_000192,cust_0069,play,Smart TV,Africa,Horror,Basic,84,0,1500 kbps,,,
2026-07-28 00:01:54,sess_000634,cust_0077,play,,Africa,SciFi,Standard,1176,0,8000kbps,,,
2026-07-28 00:05:13,sess_000192,cust_0069,play,Smart TV,Africa,Comedy,Basic,1062,0,4500 kbps,,,
2026-07-28 00:07:07,sess_000192,cust_0069,pause,Smart TV,Africa,Action,Basic,0,0,,,,
2026-07-28 00:07:40,sess_000192,cust_0069,play,Smart TV,Africa,Documentary,Basic,412,0,3000 kbps,,,
2026-07-28 00:09:08,sess_000192,cust_0069,pause,Smart TV,Africa,Drama,Basic,0,0,,,,
2026-07-28 00:09:37,sess_000634,cust_0077,play,,Africa,SciFi,Standard,1150,0,8000kbps,,,
2026-07-28 00:11:03,sess_000192,cust_0069,play,Smart TV,Africa,Comedy,Basic,1494,0,8000kbps,,,
2026-07-28 00:11:21,sess_000634,cust_0077,session_end,,Africa,,Standard,0,0,,,100%,
2026-07-28 00:22:27,sess_000192,cust_0069,play,Smart TV,Africa,Drama,Basic,978,0,8000kbps,,,
2026-07-28 00:25:51,sess_000192,cust_0069,error,Smart TV,Africa,Documentary,Basic,0,0,,E4004,,
2026-07-28 02:46:19,sess_000451,cust_0042,session_start,Web,North America,,Premium,0,0,,,,
2026-07-28 02:46:42,sess_000451,cust_0042,play,Web,North America,Drama,Premium,1405,0,720p-4500kbps,,,
2026-07-28 02:55:31,sess_000451,cust_0042,pause,Web,North America,Documentary,Premium,0,0,,,,
2026-07-28 02:56:37,sess_000451,cust_0042,session_end,Web,North America,,Premium,0,0,,,87%,4
2026-07-28 03:25:24,sess_000145,cust_0140,session_start,Console,LATAM,,premium plus,0,0,,,,
2026-07-28 03:33:36,sess_000145,cust_0140,pause,Console,LATAM,Comedy,premium plus,0,0,,,,
2026-07-28 03:38:33,sess_000145,cust_0140,pause,Console,LATAM,Horror,premium plus,0,0,,,,
2026-07-28 03:47:05,sess_000145,cust_0140,error,Console,LATAM,Documentary,premium plus,0,0,,E1001,,
2026-07-28 04:20:59,sess_000565,cust_0092,session_start,Smart TV,LATAM,,basic ,0,0,,,,
2026-07-28 04:32:49,sess_000565,cust_0092,play,Smart TV,LATAM,Horror,basic ,1540,0,720p-4500kbps,,,
2026-07-28 04:46:08,sess_000565,cust_0092,play,Smart TV,LATAM,Comedy,basic ,618,0,1500 kbps,,,
2026-07-28 04:51:18,sess_000565,cust_0092,play,Smart TV,LATAM,Documentary,basic ,487,0,1080p-8000kbps,,,
2026-07-28 04:53:56,sess_000565,cust_0092,play,Smart TV,LATAM,SciFi,basic ,837,0,6000 kbps,,,
2026-07-28 04:57:26,sess_000565,cust_0092,play,Smart TV,LATAM,Drama,basic ,1144,0,720p-3000kbps,,,
2026-07-28 04:58:44,sess_000565,cust_0092,session_end,Smart TV,LATAM,,basic ,0,0,,,100%,N/A
2026-07-28 05:13:33,sess_000761,cust_0049,session_start,Tablet,,,Standard ,0,0,,,,
2026-07-28 05:24:18,sess_000761,cust_0049,buffer,Tablet,North America,Comedy,Standard ,0,2557,,,,
2026-07-28 05:38:59,sess_000761,cust_0049,pause,Tablet,North America,Horror,Standard ,0,0,,,,
2026-07-28 05:52:09,sess_000761,cust_0049,play,Tablet,,Comedy,Standard ,920,0,3000 kbps,,,
2026-07-28 05:52:34,sess_000761,cust_0049,play,Tablet,North America,Drama,Standard ,1077,0,4500 kbps,,,
2026-07-28 06:00:25,sess_000761,cust_0049,play,Tablet,,Kids,Standard ,926,0,6000 kbps,,,
2026-07-28 06:05:10,sess_000761,cust_0049,pause,Tablet,North America,Drama,Standard ,0,0,,,,
2026-07-28 06:08:10,sess_000761,cust_0049,play,Tablet,North America,SciFi,Standard ,1317,0,1080p-8000kbps,,,
2026-07-28 06:11:05,sess_000761,cust_0049,play,Tablet,North America,Kids,Standard ,223,0,4500kbps,,,
2026-07-28 06:19:36,sess_000761,cust_0049,play,Tablet,North America,Comedy,Standard ,1631,0,3000 kbps,,,
2026-07-28 06:22:03,sess_000761,cust_0049,pause,Tablet,North America,Drama,Standard ,0,0,,,,
2026-07-28 06:28:59,sess_000761,cust_0049,play,Tablet,North America,Drama,Standard ,1541,0,3000kbps,,,
2026-07-28 06:30:02,sess_000761,cust_0049,session_end,Tablet,North America,,Standard ,0,0,,,87%,n/a
2026-07-28 06:45:32,sess_000522,cust_0023,session_start,Tablet,North America,,Premium ,0,0,,,,
2026-07-28 06:51:58,sess_000522,cust_0023,play,Tablet,North America,Horror,Premium ,180,0,1500kbps,,,
2026-07-28 07:03:42,sess_000522,cust_0023,play,Tablet,North America,Drama,Premium ,1337,0,720p-4500kbps,,,
2026-07-28 07:14:37,sess_000180,cust_0086,session_start,Web,Europe,,Standard,0,0,,,,
2026-07-28 07:15:16,sess_000522,cust_0023,play,Tablet,North America,SciFi,Premium ,893,0,6000kbps,,,
2026-07-28 07:17:52,sess_000180,cust_0086,buffer,Web,Europe,Drama,Standard,0,1713,,,,
2026-07-28 07:21:18,sess_000522,cust_0023,play,Tablet,North America,Comedy,Premium ,1420,0,2000kbps,,,
2026-07-28 07:23:11,sess_000180,cust_0086,play,Web,Europe,SciFi,Standard,1091,0,1080p-6000kbps,,,
2026-07-28 07:23:42,sess_000180,cust_0086,pause,Web,Europe,SciFi,Standard,0,0,,,,
2026-07-28 07:28:41,sess_000522,cust_0023,play,Tablet,North America,Drama,Premium ,1672,0,2000kbps,,,
2026-07-28 07:30:07,sess_000522,cust_0023,session_end,Tablet,North America,,Premium ,0,0,,,95%,N/A
2026-07-28 07:38:11,sess_000180,cust_0086,buffer,Web,Europe,Comedy,Standard,0,3526,,,,
2026-07-28 07:51:44,sess_000180,cust_0086,play,Web,Europe,Kids,Standard,870,0,2000 kbps,,,
2026-07-28 08:01:59,sess_000352,cust_0087,session_start,Console,North America,,basic,0,0,,,,
2026-07-28 08:05:40,sess_000180,cust_0086,play,Web,Europe,Kids,Standard,929,0,1500kbps,,,
2026-07-28 08:10:09,sess_000180,cust_0086,play,Web,Europe,Kids,Standard,1605,0,720p-4500kbps,,,
2026-07-28 08:13:37,sess_000180,cust_0086,buffer,Web,Europe,SciFi,Standard,0,2887,,,,
2026-07-28 08:15:12,sess_000352,cust_0087,play,Console,North America,Documentary,basic,1475,0,1080p-6000kbps,,,
2026-07-28 08:18:48,sess_000180,cust_0086,play,Web,Europe,Action,Standard,1695,0,2000 kbps,,,
2026-07-28 08:22:42,sess_000352,cust_0087,play,Console,North America,Action,basic,266,0,720p-4500kbps,,,
2026-07-28 08:23:02,sess_000180,cust_0086,error,Web,Europe,Documentary,Standard,0,0,,E3003,,
2026-07-28 08:27:20,sess_000591,cust_0085,session_start,Tablet,,,basic,0,0,,,,
2026-07-28 08:31:10,sess_000352,cust_0087,pause,Console,North America,SciFi,basic,0,0,,,,
2026-07-28 08:32:11,sess_000591,cust_0085,play,Tablet,North America,Kids,basic,408,0,3000kbps,,,
2026-07-28 08:37:30,sess_000352,cust_0087,buffer,Console,North America,Comedy,basic,0,3016,,,,
2026-07-28 08:43:21,sess_000591,cust_0085,pause,Tablet,North America,Documentary,basic,0,0,,,,
2026-07-28 08:49:58,sess_000352,cust_0087,pause,Console,North America,Horror,basic,0,0,,,,
2026-07-28 08:57:02,sess_000591,cust_0085,play,Tablet,North America,Kids,basic,129,0,480p-1500kbps,,,
2026-07-28 08:58:06,sess_000591,cust_0085,session_end,Tablet,North America,,basic,0,0,,,80%,
2026-07-28 08:58:16,sess_000352,cust_0087,play,Console,North America,Action,basic,308,0,1500 kbps,,,
2026-07-28 08:59:36,sess_000352,cust_0087,play,Console,North America,Documentary,basic,525,0,8000kbps,,,
2026-07-28 09:12:29,sess_000352,cust_0087,play,Console,North America,SciFi,basic,351,0,480p-1500kbps,,,
2026-07-28 09:19:02,sess_000352,cust_0087,play,Console,North America,Documentary,basic,762,0,1080p-8000kbps,,,
2026-07-28 09:20:59,sess_000352,cust_0087,session_end,Console,North America,,basic,0,0,,,60%,n/a
2026-07-28 11:06:41,sess_000206,cust_0006,session_start,Tablet,Europe,,STD,0,0,,,,
2026-07-28 11:06:59,sess_000206,cust_0006,buffer,Tablet,Europe,Action,STD,0,1465,,,,
2026-07-28 11:17:22,sess_000206,cust_0006,pause,Tablet,Europe,Drama,STD,0,0,,,,
2026-07-28 11:27:22,sess_000206,cust_0006,buffer,Tablet,Europe,Action,STD,0,366,,,,
2026-07-28 11:39:05,sess_000206,cust_0006,play,Tablet,Europe,Action,STD,969,0,3000 kbps,,,
2026-07-28 11:49:03,sess_000206,cust_0006,play,Tablet,Europe,Action,STD,1315,0,720p-3000kbps,,,
2026-07-28 11:52:39,sess_000117,cust_0039,session_start,Smart TV,Africa,,Standard ,0,0,,,,
2026-07-28 11:58:21,sess_000117,cust_0039,play,Smart TV,Africa,SciFi,Standard ,267,0,1080p-6000kbps,,,
2026-07-28 12:00:14,sess_000206,cust_0006,play,Tablet,Europe,Horror,STD,703,0,8000kbps,,,
2026-07-28 12:07:59,sess_000117,cust_0039,play,Smart TV,Africa,Kids,Standard ,561,0,2000kbps,,,
2026-07-28 12:14:56,sess_000206,cust_0006,buffer,Tablet,Europe,SciFi,STD,0,3088,,,,
2026-07-28 12:17:57,sess_000206,cust_0006,play,Tablet,Europe,Comedy,STD,1621,0,4500 kbps,,,
2026-07-28 12:21:31,sess_000117,cust_0039,play,Smart TV,Africa,Horror,Standard ,478,0,1080p-6000kbps,,,
2026-07-28 12:23:11,sess_000267,cust_0105,session_start,Smart TV,North America,,STD,0,0,,,,
2026-07-28 12:27:36,sess_000206,cust_0006,play,Tablet,Europe,Documentary,STD,966,0,4500kbps,,,
2026-07-28 12:34:58,sess_000117,cust_0039,play,Smart TV,Africa,Comedy,Standard ,1670,0,3000 kbps,,,
2026-07-28 12:36:06,sess_000267,cust_0105,play,Smart TV,North America,Documentary,STD,1150,0,3000 kbps,,,
2026-07-28 12:39:24,sess_000206,cust_0006,play,Tablet,Europe,Documentary,STD,1290,0,8000kbps,,,
2026-07-28 12:40:03,sess_000117,cust_0039,play,Smart TV,Africa,Kids,Standard ,827,0,1500kbps,,,
2026-07-28 12:40:46,sess_000206,cust_0006,session_end,Tablet,Europe,,STD,0,0,,,90%,4
2026-07-28 12:46:26,sess_000267,cust_0105,play,Smart TV,North America,Kids,STD,1013,0,4500kbps,,,
2026-07-28 12:50:05,sess_000117,cust_0039,play,Smart TV,Africa,Horror,Standard ,690,0,3000kbps,,,
2026-07-28 12:54:15,sess_000117,cust_0039,play,Smart TV,Africa,Kids,Standard ,74,0,3000kbps,,,
2026-07-28 13:00:20,sess_000267,cust_0105,play,Smart TV,North America,Drama,STD,1243,0,720p-3000kbps,,,
2026-07-28 13:00:37,sess_000117,cust_0039,play,Smart TV,Africa,Drama,Standard ,1115,0,8000kbps,,,
2026-07-28 13:02:17,sess_000117,cust_0039,pause,Smart TV,Africa,Drama,Standard ,0,0,,,,
2026-07-28 13:08:00,sess_000267,cust_0105,play,Smart TV,North America,Comedy,STD,876,0,720p-3000kbps,,,
2026-07-28 13:08:54,sess_000267,cust_0105,session_end,Smart TV,North America,,STD,0,0,,,75%,3.0
2026-07-28 13:16:09,sess_000117,cust_0039,play,Smart TV,Africa,Action,Standard ,423,0,4500 kbps,,,
2026-07-28 13:21:51,sess_000117,cust_0039,play,Smart TV,,Documentary,Standard ,1565,0,3000kbps,,,
2026-07-28 13:22:26,sess_000117,cust_0039,play,Smart TV,Africa,Action,Standard ,1405,0,6000kbps,,,
2026-07-28 13:23:21,sess_000117,cust_0039,session_end,Smart TV,Africa,,Standard ,0,0,,,87%,5
2026-07-28 13:57:44,sess_000299,cust_0108,session_start,Console,LATAM,,STD,0,0,,,,
2026-07-28 14:00:09,sess_000299,cust_0108,pause,Console,LATAM,Comedy,STD,0,0,,,,
2026-07-28 14:10:26,sess_000299,cust_0108,error,Console,LATAM,Drama,STD,0,0,,E3003,,
2026-07-28 14:49:08,sess_000748,cust_0143,session_start,Mobile,APAC,,standard,0,0,,,,
2026-07-28 14:53:00,sess_000151,cust_0133,session_start,Mobile,Africa,,basic,0,0,,,,
2026-07-28 14:55:59,sess_000748,cust_0143,play,Mobile,APAC,Drama,standard,303,0,6000kbps,,,
2026-07-28 15:03:44,sess_000151,cust_0133,buffer,Mobile,Africa,Horror,basic,0,2660,,,,
2026-07-28 15:06:20,sess_000748,cust_0143,play,Mobile,APAC,SciFi,standard,1789,0,1500 kbps,,,
2026-07-28 15:10:37,sess_000151,cust_0133,pause,Mobile,Africa,Documentary,basic,0,0,,,,
2026-07-28 15:11:03,sess_000151,cust_0133,pause,Mobile,Africa,Comedy,basic,0,0,,,,
2026-07-28 15:19:12,sess_000748,cust_0143,play,Mobile,APAC,Horror,standard,1187,0,1500 kbps,,,
2026-07-28 15:21:25,sess_000151,cust_0133,pause,Mobile,Africa,Comedy,basic,0,0,,,,
2026-07-28 15:27:08,sess_000151,cust_0133,play,Mobile,Africa,SciFi,basic,403,0,1080p-6000kbps,,,
2026-07-28 15:28:51,sess_000748,cust_0143,pause,Mobile,APAC,Horror,standard,0,0,,,,
2026-07-28 15:33:07,sess_000151,cust_0133,play,Mobile,Africa,Comedy,basic,802,0,2000kbps,,,
2026-07-28 15:34:30,sess_000151,cust_0133,play,Mobile,Africa,Kids,basic,1452,0,8000 kbps,,,
2026-07-28 15:38:23,sess_000748,cust_0143,play,Mobile,APAC,Kids,standard,381,0,4500 kbps,,,
2026-07-28 15:40:26,sess_000748,cust_0143,play,Mobile,APAC,Documentary,standard,1686,0,1080p-6000kbps,,,
2026-07-28 15:44:06,sess_000748,cust_0143,play,Mobile,APAC,Documentary,standard,154,0,480p-1500kbps,,,
2026-07-28 15:44:27,sess_000748,cust_0143,session_end,Mobile,APAC,,standard,0,0,,,45%,1.0
2026-07-28 15:49:27,sess_000151,cust_0133,play,Mobile,Africa,Drama,basic,1611,0,1080p-8000kbps,,,
2026-07-28 15:51:12,sess_000151,cust_0133,session_end,Mobile,Africa,,basic,0,0,,,100%,5 stars
2026-07-28 16:43:41,sess_000742,cust_0125,session_start,Tablet,APAC,,Standard,0,0,,,,
2026-07-28 16:58:24,sess_000742,cust_0125,play,Tablet,APAC,Kids,Standard,650,0,480p-2000kbps,,,
2026-07-28 17:10:44,sess_000742,cust_0125,pause,Tablet,APAC,Documentary,Standard,0,0,,,,
2026-07-28 17:11:49,sess_000742,cust_0125,session_end,Tablet,APAC,,Standard,0,0,,,95%,2 stars
2026-07-28 19:26:35,sess_000034,cust_0064,session_start,Tablet,APAC,,standard,0,0,,,,
2026-07-28 19:29:54,sess_000034,cust_0064,play,Tablet,APAC,SciFi,standard,1254,0,3000 kbps,,,
2026-07-28 19:35:33,sess_000034,cust_0064,play,Tablet,APAC,Documentary,standard,868,0,2000 kbps,,,
2026-07-28 19:43:10,sess_000034,cust_0064,buffer,Tablet,APAC,SciFi,standard,0,3674,,,,
2026-07-28 19:45:06,sess_000034,cust_0064,pause,Tablet,APAC,Action,standard,0,0,,,,
2026-07-28 19:53:06,sess_000699,cust_0017,session_start,Mobile,North America,,PREM,0,0,,,,
2026-07-28 19:55:50,sess_000034,cust_0064,play,Tablet,APAC,Action,standard,752,0,8000kbps,,,
2026-07-28 20:04:12,sess_000034,cust_0064,pause,Tablet,APAC,Horror,standard,0,0,,,,
2026-07-28 20:05:52,sess_000034,cust_0064,session_end,Tablet,APAC,,standard,0,0,,,100%,5.0
2026-07-28 20:06:07,sess_000699,cust_0017,play,Mobile,North America,SciFi,PREM,1739,0,1080p-6000kbps,,,
2026-07-28 20:18:20,sess_000699,cust_0017,play,Mobile,North America,Comedy,PREM,309,0,6000kbps,,,
2026-07-28 20:32:37,sess_000699,cust_0017,play,Mobile,North America,SciFi,PREM,401,0,1080p-8000kbps,,,
2026-07-28 20:33:17,sess_000699,cust_0017,session_end,Mobile,North America,,PREM,0,0,,,75%,1 stars
2026-07-28 22:53:47,sess_000495,cust_0073,session_start,Mobile,LATAM,,STD,0,0,,,,
2026-07-28 23:00:15,sess_000726,cust_0043,session_start,Smart TV,LATAM,,STD,0,0,,,,
2026-07-28 23:01:11,sess_000495,cust_0073,buffer,Mobile,LATAM,Drama,STD,0,1019,,,,
2026-07-28 23:05:17,sess_000495,cust_0073,pause,Mobile,LATAM,SciFi,STD,0,0,,,,
2026-07-28 23:08:41,sess_000726,cust_0043,play,Smart TV,LATAM,Documentary,STD,957,0,720p-3000kbps,,,
2026-07-28 23:10:12,sess_000495,cust_0073,play,Mobile,LATAM,Comedy,STD,1473,0,1080p-8000kbps,,,
2026-07-28 23:14:24,sess_000495,cust_0073,error,Mobile,LATAM,Kids,STD,0,0,,E4004,,
2026-07-28 23:15:45,sess_000495,cust_0073,session_end,Mobile,LATAM,,STD,0,0,,,60%,3 stars
2026-07-28 23:20:07,sess_000726,cust_0043,play,Smart TV,LATAM,Horror,STD,1345,0,1080p-6000kbps,,,
2026-07-28 23:21:40,sess_000726,cust_0043,play,Smart TV,LATAM,Action,STD,513,0,8000 kbps,,,
2026-07-28 23:36:35,sess_000726,cust_0043,error,Smart TV,LATAM,Horror,STD,0,0,,E3003,,
2026-07-28 23:41:18,sess_000726,cust_0043,play,Smart TV,LATAM,Documentary,STD,679,0,720p-3000kbps,,,
2026-07-28 23:43:15,sess_000726,cust_0043,buffer,Smart TV,LATAM,Documentary,STD,0,1810,,,,
2026-07-28 23:48:58,sess_000726,cust_0043,buffer,Smart TV,LATAM,Kids,STD,0,259,,,,
2026-07-28 23:56:09,sess_000346,cust_0007,session_start,,APAC,,basic,0,0,,,,
2026-07-29 00:02:12,sess_000726,cust_0043,buffer,Smart TV,LATAM,Horror,STD,0,1021,,,,
2026-07-29 00:07:51,sess_000346,cust_0007,play,,APAC,Action,basic,1146,0,1080p-6000kbps,,,
2026-07-29 00:14:46,sess_000726,cust_0043,buffer,Smart TV,LATAM,SciFi,STD,0,2891,,,,
2026-07-29 00:21:35,sess_000346,cust_0007,play,,APAC,Kids,basic,633,0,480p-2000kbps,,,
2026-07-29 00:26:29,sess_000726,cust_0043,buffer,Smart TV,LATAM,SciFi,STD,0,1267,,,,
2026-07-29 00:35:04,sess_000346,cust_0007,play,,APAC,Kids,basic,204,0,6000kbps,,,
2026-07-29 00:36:53,sess_000726,cust_0043,play,Smart TV,LATAM,SciFi,STD,1709,0,6000kbps,,,
2026-07-29 00:37:54,sess_000726,cust_0043,session_end,Smart TV,LATAM,,STD,0,0,,,N/A,n/a
2026-07-29 00:40:24,sess_000346,cust_0007,play,,APAC,Horror,basic,809,0,720p-4500kbps,,,
2026-07-29 00:41:08,sess_000346,cust_0007,session_end,,APAC,,basic,0,0,,,90%,N/A
2026-07-29 01:30:55,sess_000076,cust_0104,session_start,Console,Europe,,standard,0,0,,,,
2026-07-29 01:35:00,sess_000076,cust_0104,play,Console,Europe,SciFi,standard,1592,0,1080p-8000kbps,,,
2026-07-29 01:39:28,sess_000076,cust_0104,play,Console,Europe,Drama,standard,1683,0,4500 kbps,,,
2026-07-29 01:51:48,sess_000076,cust_0104,play,Console,Europe,Action,standard,503,0,720p-3000kbps,,,
2026-07-29 02:01:58,sess_000076,cust_0104,play,Console,Europe,Drama,standard,804,0,720p-4500kbps,,,
2026-07-29 02:06:37,sess_000076,cust_0104,pause,Console,Europe,Action,standard,0,0,,,,
2026-07-29 02:20:35,sess_000076,cust_0104,pause,Console,Europe,Documentary,standard,0,0,,,,
2026-07-29 02:25:41,sess_000076,cust_0104,play,Console,Europe,Drama,standard,1356,0,3000 kbps,,,
2026-07-29 02:28:54,sess_000076,cust_0104,pause,Console,Europe,Drama,standard,0,0,,,,
2026-07-29 02:32:49,sess_000076,cust_0104,play,Console,Europe,Action,standard,1215,0,1080p-8000kbps,,,
2026-07-29 02:37:56,sess_000076,cust_0104,pause,Console,Europe,Documentary,standard,0,0,,,,
2026-07-29 02:47:53,sess_000129,cust_0006,session_start,Tablet,Europe,,Standard ,0,0,,,,
2026-07-29 02:48:35,sess_000076,cust_0104,play,Console,Europe,Horror,standard,1543,0,1080p-6000kbps,,,
2026-07-29 02:58:00,sess_000129,cust_0006,play,Tablet,Europe,Comedy,Standard ,949,0,8000kbps,,,
2026-07-29 03:01:20,sess_000076,cust_0104,play,Console,Europe,Action,standard,1541,0,720p-3000kbps,,,
2026-07-29 03:05:29,sess_000464,cust_0084,session_start,Mobile,APAC,,basic,0,0,,,,
2026-07-29 03:08:44,sess_000129,cust_0006,buffer,Tablet,Europe,Action,Standard ,0,711,,,,
2026-07-29 03:09:35,sess_000464,cust_0084,buffer,Mobile,APAC,Drama,basic,0,344,,,,
2026-07-29 03:10:19,sess_000076,cust_0104,play,Console,Europe,Documentary,standard,1759,0,8000kbps,,,
2026-07-29 03:13:06,sess_000129,cust_0006,pause,Tablet,Europe,Documentary,Standard ,0,0,,,,
2026-07-29 03:13:22,sess_000191,cust_0088,session_start,Tablet,Europe,,BASIC,0,0,,,,
2026-07-29 03:14:42,sess_000076,cust_0104,play,Console,Europe,Drama,standard,1398,0,3000 kbps,,,
2026-07-29 03:19:25,sess_000191,cust_0088,play,Tablet,Europe,SciFi,BASIC,1789,0,480p-2000kbps,,,
2026-07-29 03:22:02,sess_000464,cust_0084,buffer,Mobile,APAC,Drama,basic,0,3762,,,,
2026-07-29 03:24:47,sess_000129,cust_0006,play,Tablet,Europe,Comedy,Standard ,941,0,720p-3000kbps,,,
2026-07-29 03:24:58,sess_000076,cust_0104,buffer,Console,Europe,Action,standard,0,3545,,,,
2026-07-29 03:26:50,sess_000464,cust_0084,play,Mobile,APAC,Documentary,basic,1001,0,2000 kbps,,,
2026-07-29 03:31:55,sess_000464,cust_0084,play,Mobile,APAC,Horror,basic,161,0,1500kbps,,,
2026-07-29 03:32:13,sess_000191,cust_0088,error,Tablet,Europe,Kids,BASIC,0,0,,E3003,,
2026-07-29 03:32:45,sess_000129,cust_0006,play,Tablet,Europe,Documentary,Standard ,406,0,4500 kbps,,,
2026-07-29 03:34:58,sess_000076,cust_0104,buffer,Console,Europe,Action,standard,0,2858,,,,
2026-07-29 03:38:40,sess_000191,cust_0088,error,Tablet,Europe,Kids,BASIC,0,0,,E1001,,
2026-07-29 03:40:08,sess_000464,cust_0084,play,Mobile,APAC,Drama,basic,346,0,8000kbps,,,
2026-07-29 03:42:26,sess_000191,cust_0088,play,Tablet,Europe,SciFi,BASIC,667,0,480p-2000kbps,,,
2026-07-29 03:45:33,sess_000191,cust_0088,pause,Tablet,Europe,Action,BASIC,0,0,,,,
2026-07-29 03:46:34,sess_000129,cust_0006,pause,Tablet,Europe,SciFi,Standard ,0,0,,,,
2026-07-29 03:49:53,sess_000076,cust_0104,play,Console,Europe,Kids,standard,1119,0,1500 kbps,,,
2026-07-29 03:50:15,sess_000076,cust_0104,session_end,Console,Europe,,standard,0,0,,,80%,n/a
2026-07-29 03:52:35,sess_000129,cust_0006,pause,Tablet,Europe,Documentary,Standard ,0,0,,,,
2026-07-29 03:52:59,sess_000191,cust_0088,pause,Tablet,Europe,Documentary,BASIC,0,0,,,,
2026-07-29 03:54:38,sess_000464,cust_0084,play,Mobile,APAC,SciFi,basic,1227,0,3000kbps,,,
2026-07-29 03:55:34,sess_000464,cust_0084,session_end,Mobile,APAC,,basic,0,0,,,90%,1 stars
2026-07-29 03:57:29,sess_000191,cust_0088,play,Tablet,Europe,Horror,BASIC,96,0,1080p-8000kbps,,,
2026-07-29 04:03:47,sess_000129,cust_0006,play,Tablet,Europe,Action,Standard ,586,0,3000 kbps,,,
2026-07-29 04:04:10,sess_000129,cust_0006,session_end,Tablet,Europe,,Standard ,0,0,,,N/A,
2026-07-29 04:07:51,sess_000191,cust_0088,play,Tablet,Europe,Drama,BASIC,1780,0,720p-4500kbps,,,
2026-07-29 04:16:21,sess_000191,cust_0088,play,Tablet,Europe,SciFi,BASIC,182,0,1080p-6000kbps,,,
2026-07-29 04:28:01,sess_000191,cust_0088,play,Tablet,Europe,Comedy,BASIC,1132,0,4500kbps,,,
2026-07-29 04:42:18,sess_000191,cust_0088,play,Tablet,Europe,Kids,BASIC,1228,0,8000kbps,,,
2026-07-29 04:47:04,sess_000191,cust_0088,error,Tablet,Europe,SciFi,BASIC,0,0,,E3003,,
2026-07-29 04:52:34,sess_000191,cust_0088,play,Tablet,Europe,Kids,BASIC,1800,0,6000kbps,,,
2026-07-29 05:04:52,sess_000191,cust_0088,error,Tablet,Europe,Action,BASIC,0,0,,E4004,,
2026-07-29 10:05:43,sess_000886,cust_0081,session_start,Mobile,Africa,,premium_plus,0,0,,,,
2026-07-29 10:07:37,sess_000950,cust_0091,session_start,Smart TV,Europe,,STD,0,0,,,,
2026-07-29 10:10:36,sess_000886,cust_0081,play,Mobile,Africa,Comedy,premium_plus,1057,0,4500kbps,,,
2026-07-29 10:16:49,sess_000886,cust_0081,play,Mobile,Africa,SciFi,premium_plus,1069,0,4500kbps,,,
2026-07-29 10:18:15,sess_000950,cust_0091,buffer,Smart TV,Europe,Documentary,STD,0,2993,,,,
2026-07-29 10:19:53,sess_000950,cust_0091,play,Smart TV,Europe,SciFi,STD,370,0,8000 kbps,,,
2026-07-29 10:25:39,sess_000886,cust_0081,play,Mobile,Africa,Horror,premium_plus,1403,0,480p-1500kbps,,,
2026-07-29 10:26:19,sess_000886,cust_0081,session_end,Mobile,Africa,,premium_plus,0,0,,,80%,5
2026-07-29 10:32:03,sess_000950,cust_0091,play,Smart TV,Europe,Drama,STD,273,0,3000 kbps,,,
2026-07-29 10:35:14,sess_000950,cust_0091,play,Smart TV,Europe,Horror,STD,1166,0,720p-4500kbps,,,
2026-07-29 10:43:14,sess_000950,cust_0091,play,Smart TV,Europe,Drama,STD,1601,0,2000kbps,,,
2026-07-29 10:54:53,sess_000950,cust_0091,play,Smart TV,Europe,Comedy,STD,991,0,2000 kbps,,,
2026-07-29 10:58:13,sess_000134,cust_0044,session_start,Mobile,Africa,,basic ,0,0,,,,
2026-07-29 10:58:47,sess_000134,cust_0044,play,Mobile,Africa,Documentary,basic ,1233,0,2000 kbps,,,
2026-07-29 10:59:32,sess_000134,cust_0044,buffer,Mobile,Africa,Comedy,basic ,0,1851,,,,
2026-07-29 11:00:50,sess_000134,cust_0044,session_end,Mobile,Africa,,basic ,0,0,,,,n/a
2026-07-29 11:05:57,sess_000950,cust_0091,error,Smart TV,Europe,Documentary,STD,0,0,,E4004,,
2026-07-29 11:20:46,sess_000950,cust_0091,play,Smart TV,Europe,Drama,STD,654,0,8000 kbps,,,
2026-07-29 11:21:29,sess_000950,cust_0091,session_end,Smart TV,Europe,,STD,0,0,,,60%,n/a
2026-07-29 12:38:48,sess_000801,cust_0120,session_start,Console,LATAM,,Standard,0,0,,,,
2026-07-29 12:46:23,sess_000801,cust_0120,play,Console,LATAM,Action,Standard,1558,0,2000kbps,,,
2026-07-29 12:51:57,sess_000274,cust_0070,session_start,Web,Africa,,standard,0,0,,,,
2026-07-29 12:52:28,sess_000801,cust_0120,play,Console,LATAM,Action,Standard,1118,0,4500kbps,,,
2026-07-29 12:52:54,sess_000274,cust_0070,play,Web,Africa,Documentary,standard,166,0,1080p-8000kbps,,,
2026-07-29 12:55:17,sess_000801,cust_0120,pause,Console,LATAM,Drama,Standard,0,0,,,,
2026-07-29 12:56:27,sess_000274,cust_0070,play,Web,Africa,Comedy,standard,1315,0,6000 kbps,,,
2026-07-29 12:58:55,sess_000274,cust_0070,play,Web,Africa,Comedy,standard,824,0,6000kbps,,,
2026-07-29 13:04:34,sess_000801,cust_0120,play,Console,LATAM,Drama,Standard,335,0,6000kbps,,,
2026-07-29 13:07:14,sess_000801,cust_0120,play,Console,LATAM,Horror,Standard,1701,0,720p-4500kbps,,,
2026-07-29 13:07:46,sess_000801,cust_0120,session_end,Console,LATAM,,Standard,0,0,,,60%,
2026-07-29 13:08:24,sess_000274,cust_0070,play,Web,Africa,Comedy,standard,467,0,480p-2000kbps,,,
2026-07-29 13:20:09,sess_000274,cust_0070,pause,Web,Africa,Horror,standard,0,0,,,,
2026-07-29 13:21:25,sess_000274,cust_0070,play,Web,Africa,Horror,standard,65,0,1080p-8000kbps,,,
2026-07-29 13:23:12,sess_000274,cust_0070,play,Web,Africa,SciFi,standard,663,0,1500 kbps,,,
2026-07-29 13:36:13,sess_000274,cust_0070,buffer,Web,Africa,Kids,standard,0,2022,,,,
2026-07-29 13:37:11,sess_000274,cust_0070,session_end,Web,Africa,,standard,0,0,,,80%,
2026-07-29 20:07:08,sess_000729,cust_0117,session_start,Smart TV,LATAM,,STD,0,0,,,,
2026-07-29 20:10:52,sess_000729,cust_0117,buffer,Smart TV,LATAM,Action,STD,0,3101,,,,
2026-07-29 20:18:57,sess_000729,cust_0117,buffer,Smart TV,LATAM,Horror,STD,0,2318,,,,
2026-07-29 20:19:47,sess_000729,cust_0117,play,Smart TV,LATAM,Horror,STD,950,0,8000 kbps,,,
2026-07-29 20:31:09,sess_000729,cust_0117,play,Smart TV,LATAM,Action,STD,1314,0,480p-2000kbps,,,
2026-07-29 20:33:17,sess_000729,cust_0117,play,Smart TV,LATAM,Horror,STD,749,0,2000 kbps,,,
2026-07-29 20:34:56,sess_000729,cust_0117,play,Smart TV,LATAM,Comedy,STD,864,0,1080p-8000kbps,,,
2026-07-29 20:43:48,sess_000729,cust_0117,play,Smart TV,LATAM,Comedy,STD,878,0,2000kbps,,,
2026-07-29 20:46:02,sess_000729,cust_0117,play,Smart TV,LATAM,Horror,STD,677,0,720p-4500kbps,,,
2026-07-29 20:46:58,sess_000729,cust_0117,session_end,Smart TV,LATAM,,STD,0,0,,,80%,3
2026-07-29 21:04:45,sess_000927,cust_0115,session_start,Tablet,Europe,,Premium,0,0,,,,
2026-07-29 21:14:07,sess_000927,cust_0115,play,Tablet,Europe,Comedy,Premium,192,0,4500 kbps,,,
2026-07-29 21:14:54,sess_000927,cust_0115,play,Tablet,Europe,Documentary,Premium,406,0,4500kbps,,,
2026-07-29 21:18:41,sess_000927,cust_0115,buffer,Tablet,Europe,Comedy,Premium,0,3357,,,,
2026-07-29 21:27:08,sess_000927,cust_0115,play,Tablet,Europe,Drama,Premium,972,0,2000kbps,,,
2026-07-29 21:32:02,sess_000927,cust_0115,play,Tablet,Europe,Documentary,Premium,253,0,8000kbps,,,
2026-07-29 21:39:15,sess_000784,cust_0149,session_start,Tablet,Africa,,basic ,0,0,,,,
2026-07-29 21:43:58,sess_000927,cust_0115,pause,Tablet,Europe,Action,Premium,0,0,,,,
2026-07-29 21:45:37,sess_000784,cust_0149,play,Tablet,Africa,Comedy,basic ,1445,0,1500 kbps,,,
2026-07-29 21:51:22,sess_000927,cust_0115,buffer,Tablet,Europe,SciFi,Premium,0,872,,,,
2026-07-29 21:57:01,sess_000784,cust_0149,play,Tablet,Africa,Kids,basic ,895,0,3000 kbps,,,
2026-07-29 21:59:56,sess_000784,cust_0149,play,Tablet,Africa,Horror,basic ,726,0,6000 kbps,,,
2026-07-29 22:02:25,sess_000927,cust_0115,play,Tablet,Europe,Documentary,Premium,219,0,720p-4500kbps,,,
2026-07-29 22:07:57,sess_000784,cust_0149,play,Tablet,Africa,Horror,basic ,145,0,6000 kbps,,,
2026-07-29 22:11:40,sess_000927,cust_0115,pause,Tablet,Europe,Documentary,Premium,0,0,,,,
2026-07-29 22:18:47,sess_000927,cust_0115,play,Tablet,Europe,Documentary,Premium,491,0,2000kbps,,,
2026-07-29 22:22:50,sess_000784,cust_0149,play,Tablet,Africa,Drama,basic ,671,0,720p-3000kbps,,,
2026-07-29 22:26:41,sess_000927,cust_0115,play,Tablet,Europe,Horror,Premium,489,0,4500 kbps,,,
2026-07-29 22:28:36,sess_000784,cust_0149,play,Tablet,Africa,Horror,basic ,1322,0,720p-4500kbps,,,
2026-07-29 22:32:18,sess_000927,cust_0115,play,Tablet,Europe,Horror,Premium,541,0,1080p-6000kbps,,,
2026-07-29 22:38:09,sess_000927,cust_0115,play,Tablet,Europe,Kids,Premium,573,0,720p-3000kbps,,,
2026-07-29 22:39:16,sess_000784,cust_0149,pause,Tablet,Africa,SciFi,basic ,0,0,,,,
2026-07-29 22:39:20,sess_000927,cust_0115,buffer,Tablet,Europe,Drama,Premium,0,773,,,,
2026-07-29 22:40:54,sess_000927,cust_0115,session_end,Tablet,Europe,,Premium,0,0,,,90%,1
2026-07-29 22:53:56,sess_000784,cust_0149,play,Tablet,Africa,Comedy,basic ,1256,0,4500kbps,,,
2026-07-29 22:58:16,sess_000784,cust_0149,play,Tablet,Africa,Kids,basic ,431,0,6000 kbps,,,
2026-07-29 23:07:21,sess_000371,cust_0117,session_start,Smart TV,LATAM,,Standard ,0,0,,,,
2026-07-29 23:12:31,sess_000784,cust_0149,play,Tablet,Africa,SciFi,basic ,420,0,4500 kbps,,,
2026-07-29 23:14:04,sess_000784,cust_0149,play,Tablet,Africa,Drama,basic ,1002,0,1080p-6000kbps,,,
2026-07-29 23:15:39,sess_000784,cust_0149,session_end,Tablet,Africa,,basic ,0,0,,,87%,2
2026-07-29 23:18:23,sess_000371,cust_0117,pause,Smart TV,LATAM,Documentary,Standard ,0,0,,,,
2026-07-29 23:22:22,sess_000371,cust_0117,pause,Smart TV,LATAM,SciFi,Standard ,0,0,,,,
2026-07-29 23:24:39,sess_000371,cust_0117,play,Smart TV,LATAM,SciFi,Standard ,1005,0,3000kbps,,,
2026-07-29 23:26:34,sess_000371,cust_0117,play,Smart TV,LATAM,Documentary,Standard ,549,0,2000kbps,,,
2026-07-29 23:40:43,sess_000371,cust_0117,pause,Smart TV,LATAM,Documentary,Standard ,0,0,,,,
2026-07-29 23:49:17,sess_000371,cust_0117,play,Smart TV,LATAM,Drama,Standard ,1535,0,1500kbps,,,
2026-07-29 23:50:19,sess_000158,cust_0104,session_start,Console,Europe,,standard,0,0,,,,
2026-07-29 23:56:23,sess_000371,cust_0117,play,Smart TV,LATAM,Action,Standard ,323,0,1080p-6000kbps,,,
2026-07-30 00:02:32,sess_000158,cust_0104,buffer,Console,Europe,Drama,standard,0,1833,,,,
2026-07-30 00:07:59,sess_000158,cust_0104,play,Console,Europe,Documentary,standard,610,0,8000 kbps,,,
2026-07-30 00:10:21,sess_000371,cust_0117,play,Smart TV,LATAM,Comedy,Standard ,414,0,2000 kbps,,,
2026-07-30 00:14:49,sess_000158,cust_0104,play,Console,Europe,Documentary,standard,861,0,1500 kbps,,,
2026-07-30 00:17:19,sess_000371,cust_0117,play,Smart TV,LATAM,Drama,Standard ,1185,0,720p-4500kbps,,,
2026-07-30 00:26:58,sess_000371,cust_0117,play,Smart TV,LATAM,Action,Standard ,1330,0,1500 kbps,,,
2026-07-30 00:27:52,sess_000158,cust_0104,play,Console,Europe,Kids,standard,1547,0,480p-1500kbps,,,
2026-07-30 00:30:50,sess_000371,cust_0117,buffer,Smart TV,LATAM,Horror,Standard ,0,324,,,,
2026-07-30 00:32:36,sess_000371,cust_0117,session_end,Smart TV,LATAM,,Standard ,0,0,,,60%,5
2026-07-30 00:36:03,sess_000919,cust_0090,session_start,Mobile,North America,,Standard ,0,0,,,,
2026-07-30 00:38:08,sess_000158,cust_0104,buffer,Console,Europe,Action,standard,0,1709,,,,
2026-07-30 00:42:50,sess_000158,cust_0104,play,Console,Europe,SciFi,standard,1290,0,8000 kbps,,,
2026-07-30 00:44:42,sess_000919,cust_0090,pause,Mobile,North America,SciFi,Standard ,0,0,,,,
2026-07-30 00:45:20,sess_000158,cust_0104,play,Console,Europe,Documentary,standard,930,0,720p-4500kbps,,,
2026-07-30 00:45:37,sess_000158,cust_0104,play,Console,Europe,Kids,standard,950,0,3000kbps,,,
2026-07-30 00:54:13,sess_000919,cust_0090,pause,Mobile,North America,Comedy,Standard ,0,0,,,,
2026-07-30 00:55:38,sess_000158,cust_0104,buffer,Console,Europe,Action,standard,0,1985,,,,
2026-07-30 00:57:22,sess_000919,cust_0090,play,Mobile,North America,Horror,Standard ,942,0,8000 kbps,,,
2026-07-30 01:00:53,sess_000919,cust_0090,pause,Mobile,North America,SciFi,Standard ,0,0,,,,
2026-07-30 01:02:42,sess_000158,cust_0104,play,Console,Europe,Drama,standard,1623,0,1500 kbps,,,
2026-07-30 01:10:54,sess_000158,cust_0104,pause,Console,Europe,Drama,standard,0,0,,,,
2026-07-30 01:12:39,sess_000919,cust_0090,play,Mobile,North America,Kids,Standard ,509,0,1500kbps,,,
2026-07-30 01:18:26,sess_000158,cust_0104,play,Console,Europe,Documentary,standard,1568,0,3000kbps,,,
2026-07-30 01:27:35,sess_000919,cust_0090,buffer,Mobile,North America,Drama,Standard ,0,1779,,,,
2026-07-30 01:30:20,sess_000919,cust_0090,buffer,Mobile,North America,SciFi,Standard ,0,2389,,,,
2026-07-30 01:31:10,sess_000919,cust_0090,session_end,Mobile,North America,,Standard ,0,0,,,80%,N/A
2026-07-30 01:31:42,sess_000158,cust_0104,play,Console,Europe,Horror,standard,249,0,1080p-6000kbps,,,
2026-07-30 01:32:18,sess_000158,cust_0104,session_end,Console,Europe,,standard,0,0,,,95%,2
2026-07-30 02:18:49,sess_000520,cust_0073,session_start,Mobile,LATAM,,Standard ,0,0,,,,
2026-07-30 02:29:41,sess_000520,cust_0073,play,Mobile,LATAM,Kids,Standard ,662,0,1500 kbps,,,
2026-07-30 02:43:50,sess_000520,cust_0073,play,Mobile,LATAM,Horror,Standard ,315,0,3000kbps,,,
2026-07-30 02:54:44,sess_000520,cust_0073,play,Mobile,LATAM,SciFi,Standard ,777,0,1500 kbps,,,
2026-07-30 02:55:44,sess_000520,cust_0073,session_end,Mobile,LATAM,,Standard ,0,0,,,95%,N/A
2026-07-30 03:48:36,sess_000189,cust_0110,session_start,Web,Europe,,premium,0,0,,,,
2026-07-30 03:56:09,sess_000189,cust_0110,play,Web,Europe,Comedy,premium,719,0,2000 kbps,,,
2026-07-30 04:01:45,sess_000189,cust_0110,play,Web,Europe,Drama,premium,1676,0,1500kbps,,,
2026-07-30 04:10:22,sess_000189,cust_0110,play,Web,Europe,Horror,premium,1039,0,6000 kbps,,,
2026-07-30 04:14:46,sess_000189,cust_0110,buffer,Web,Europe,Action,premium,0,1909,,,,
2026-07-30 04:21:38,sess_000189,cust_0110,error,Web,Europe,Comedy,premium,0,0,,E2002,,
2026-07-30 05:54:51,sess_000938,cust_0058,session_start,Tablet,LATAM,,premium,0,0,,,,
2026-07-30 06:08:51,sess_000938,cust_0058,play,Tablet,LATAM,SciFi,premium,1739,0,720p-3000kbps,,,
2026-07-30 06:13:25,sess_000938,cust_0058,play,Tablet,LATAM,Horror,premium,920,0,6000 kbps,,,
2026-07-30 06:27:57,sess_000938,cust_0058,play,Tablet,LATAM,Horror,premium,1800,0,1080p-8000kbps,,,
2026-07-30 06:29:11,sess_000938,cust_0058,session_end,Tablet,LATAM,,premium,0,0,,,87%,4
2026-07-30 06:56:11,sess_000824,cust_0018,session_start,Smart TV,Africa,,basic,0,0,,,,
2026-07-30 07:04:34,sess_000824,cust_0018,buffer,Smart TV,Africa,Horror,basic,0,3498,,,,
2026-07-30 07:15:42,sess_000824,cust_0018,play,Smart TV,Africa,SciFi,basic,1601,0,1080p-8000kbps,,,
2026-07-30 07:22:54,sess_000824,cust_0018,play,Smart TV,Africa,SciFi,basic,737,0,480p-2000kbps,,,
2026-07-30 07:25:20,sess_000452,cust_0004,session_start,Web,,,STD,0,0,,,,
2026-07-30 07:30:39,sess_000824,cust_0018,play,Smart TV,Africa,Comedy,basic,770,0,1500 kbps,,,
2026-07-30 07:32:04,sess_000452,cust_0004,play,Web,Africa,Comedy,STD,1758,0,1080p-6000kbps,,,
2026-07-30 07:42:52,sess_000824,cust_0018,play,Smart TV,Africa,Horror,basic,1440,0,8000 kbps,,,
2026-07-30 07:46:51,sess_000452,cust_0004,buffer,Web,Africa,Action,STD,0,550,,,,
2026-07-30 07:56:45,sess_000452,cust_0004,play,Web,Africa,Horror,STD,1410,0,6000 kbps,,,
2026-07-30 07:57:23,sess_000824,cust_0018,buffer,Smart TV,Africa,Comedy,basic,0,1954,,,,
2026-07-30 08:00:21,sess_000824,cust_0018,play,Smart TV,Africa,Drama,basic,1562,0,4500 kbps,,,
2026-07-30 08:00:27,sess_000452,cust_0004,play,Web,Africa,Drama,STD,892,0,6000kbps,,,
2026-07-30 08:01:03,sess_000824,cust_0018,play,Smart TV,Africa,Comedy,basic,1065,0,1080p-8000kbps,,,
2026-07-30 08:06:20,sess_000452,cust_0004,play,Web,Africa,SciFi,STD,1590,0,4500 kbps,,,
2026-07-30 08:09:45,sess_000452,cust_0004,play,Web,Africa,Comedy,STD,764,0,720p-3000kbps,,,
2026-07-30 08:10:01,sess_000824,cust_0018,buffer,Smart TV,Africa,Action,basic,0,3808,,,,
2026-07-30 08:10:19,sess_000824,cust_0018,session_end,Smart TV,Africa,,basic,0,0,,,95%,5
2026-07-30 08:11:13,sess_000452,cust_0004,session_end,Web,Africa,,STD,0,0,,,87%,5 stars
2026-07-30 09:03:59,sess_000516,cust_0028,session_start,Tablet,Europe,,Premium ,0,0,,,,
2026-07-30 09:12:36,sess_000516,cust_0028,play,Tablet,Europe,SciFi,Premium ,1428,0,2000 kbps,,,
2026-07-30 09:24:00,sess_000516,cust_0028,play,Tablet,Europe,Drama,Premium ,239,0,1500 kbps,,,
2026-07-30 09:24:50,sess_000516,cust_0028,session_end,Tablet,Europe,,Premium ,0,0,,,90%,3
2026-07-30 11:12:23,sess_000169,cust_0005,session_start,Mobile,Africa,,Premium ,0,0,,,,
2026-07-30 11:16:20,sess_000169,cust_0005,play,Mobile,Africa,SciFi,Premium ,76,0,8000 kbps,,,
2026-07-30 11:21:37,sess_000169,cust_0005,play,Mobile,Africa,Documentary,Premium ,1653,0,480p-2000kbps,,,
2026-07-30 11:24:55,sess_000169,cust_0005,pause,Mobile,Africa,Action,Premium ,0,0,,,,
2026-07-30 11:39:40,sess_000169,cust_0005,play,Mobile,Africa,Comedy,Premium ,746,0,2000 kbps,,,
2026-07-30 11:44:07,sess_000169,cust_0005,play,Mobile,Africa,Action,Premium ,271,0,2000 kbps,,,
2026-07-30 11:51:33,sess_000169,cust_0005,play,Mobile,Africa,Horror,Premium ,54,0,8000 kbps,,,
2026-07-30 11:56:54,sess_000169,cust_0005,play,Mobile,Africa,Documentary,Premium ,1025,0,3000kbps,,,
2026-07-30 11:57:26,sess_000169,cust_0005,session_end,Mobile,Africa,,Premium ,0,0,,,87%,3.0
2026-07-30 12:09:35,sess_000483,cust_0061,session_start,Web,Africa,,basic,0,0,,,,
2026-07-30 12:12:16,sess_000483,cust_0061,play,Web,Africa,Documentary,basic,935,0,2000kbps,,,
2026-07-30 12:12:31,sess_000483,cust_0061,play,Web,Africa,Kids,basic,992,0,4500kbps,,,
2026-07-30 12:24:19,sess_000483,cust_0061,play,Web,Africa,Documentary,basic,1107,0,6000 kbps,,,
2026-07-30 12:27:57,sess_000483,cust_0061,play,Web,Africa,Drama,basic,274,0,480p-1500kbps,,,
2026-07-30 12:28:50,sess_000483,cust_0061,play,Web,Africa,SciFi,basic,1524,0,6000kbps,,,
2026-07-30 12:41:42,sess_000483,cust_0061,play,Web,Africa,SciFi,basic,598,0,1500kbps,,,
2026-07-30 12:42:49,sess_000483,cust_0061,play,Web,Africa,Comedy,basic,54,0,3000kbps,,,
2026-07-30 12:43:04,sess_000897,cust_0028,session_start,Tablet,Europe,,Premium ,0,0,,,,
2026-07-30 12:43:24,sess_000897,cust_0028,buffer,Tablet,Europe,Action,Premium ,0,2495,,,,
2026-07-30 12:44:24,sess_000897,cust_0028,play,Tablet,Europe,Comedy,Premium ,1518,0,1500kbps,,,
2026-07-30 12:45:22,sess_000483,cust_0061,play,Web,Africa,Comedy,basic,1685,0,8000 kbps,,,
2026-07-30 12:55:36,sess_000897,cust_0028,play,Tablet,Europe,Drama,Premium ,1228,0,3000kbps,,,
2026-07-30 12:59:23,sess_000897,cust_0028,play,Tablet,Europe,SciFi,Premium ,72,0,480p-2000kbps,,,
2026-07-30 12:59:24,sess_000483,cust_0061,error,Web,Africa,Action,basic,0,0,,E2002,,
2026-07-30 13:10:13,sess_000897,cust_0028,play,Tablet,,Comedy,Premium ,589,0,1080p-8000kbps,,,
2026-07-30 13:10:54,sess_000897,cust_0028,play,Tablet,Europe,Kids,Premium ,982,0,1500kbps,,,
2026-07-30 13:15:58,sess_000897,cust_0028,play,Tablet,Europe,Comedy,Premium ,1498,0,1080p-6000kbps,,,
2026-07-30 13:25:09,sess_000897,cust_0028,pause,Tablet,Europe,Documentary,Premium ,0,0,,,,
2026-07-30 13:27:59,sess_000897,cust_0028,play,Tablet,Europe,Action,Premium ,1483,0,8000 kbps,,,
2026-07-30 13:42:55,sess_000897,cust_0028,play,Tablet,Europe,Action,Premium ,139,0,3000kbps,,,
2026-07-30 13:50:42,sess_000897,cust_0028,play,Tablet,Europe,Horror,Premium ,542,0,1080p-6000kbps,,,
2026-07-30 13:51:55,sess_000897,cust_0028,session_end,Tablet,Europe,,Premium ,0,0,,,90%,3.0
2026-07-30 13:57:19,sess_000490,cust_0068,session_start,Smart TV,Africa,,BASIC,0,0,,,,
2026-07-30 13:59:27,sess_000490,cust_0068,pause,Smart TV,Africa,Horror,BASIC,0,0,,,,
2026-07-30 14:01:38,sess_000490,cust_0068,buffer,Smart TV,Africa,Kids,BASIC,0,2419,,,,
2026-07-30 14:10:41,sess_000490,cust_0068,play,Smart TV,Africa,SciFi,BASIC,660,0,4500kbps,,,
2026-07-30 14:20:28,sess_000432,cust_0116,session_start,Web,Europe,,Standard,0,0,,,,
2026-07-30 14:21:19,sess_000490,cust_0068,play,Smart TV,Africa,Kids,BASIC,855,0,720p-4500kbps,,,
2026-07-30 14:27:47,sess_000490,cust_0068,play,Smart TV,Africa,SciFi,BASIC,184,0,3000 kbps,,,
2026-07-30 14:30:15,sess_000432,cust_0116,pause,Web,Europe,Documentary,Standard,0,0,,,,
2026-07-30 14:36:54,sess_000490,cust_0068,play,Smart TV,Africa,Horror,BASIC,565,0,1500 kbps,,,
2026-07-30 14:37:37,sess_000490,cust_0068,play,Smart TV,Africa,Drama,BASIC,821,0,4500 kbps,,,
2026-07-30 14:39:26,sess_000490,cust_0068,play,Smart TV,Africa,Drama,BASIC,140,0,4500kbps,,,
2026-07-30 14:39:41,sess_000432,cust_0116,buffer,Web,Europe,Documentary,Standard,0,1734,,,,
2026-07-30 14:41:17,sess_000432,cust_0116,pause,Web,Europe,Kids,Standard,0,0,,,,
2026-07-30 14:48:20,sess_000490,cust_0068,play,Smart TV,Africa,Documentary,BASIC,960,0,480p-1500kbps,,,
2026-07-30 14:55:02,sess_000432,cust_0116,play,Web,Europe,Kids,Standard,231,0,1500kbps,,,
2026-07-30 14:59:30,sess_000490,cust_0068,buffer,Smart TV,Africa,Kids,BASIC,0,1889,,,,
2026-07-30 15:01:24,sess_000065,cust_0062,session_start,Web,North America,,premium,0,0,,,,
2026-07-30 15:05:30,sess_000432,cust_0116,buffer,Web,Europe,Horror,Standard,0,2504,,,,
2026-07-30 15:05:54,sess_000490,cust_0068,play,Smart TV,Africa,Comedy,BASIC,1465,0,720p-4500kbps,,,
2026-07-30 15:07:03,sess_000490,cust_0068,session_end,Smart TV,Africa,,BASIC,0,0,,,87%,n/a
2026-07-30 15:11:33,sess_000065,cust_0062,play,Web,North America,Horror,premium,303,0,480p-1500kbps,,,
2026-07-30 15:12:50,sess_000432,cust_0116,play,Web,Europe,Comedy,Standard,1194,0,8000kbps,,,
2026-07-30 15:14:00,sess_000065,cust_0062,play,Web,North America,Kids,premium,170,0,480p-1500kbps,,,
2026-07-30 15:21:09,sess_000065,cust_0062,play,Web,North America,Horror,premium,593,0,720p-4500kbps,,,
2026-07-30 15:26:29,sess_000432,cust_0116,pause,Web,Europe,Documentary,Standard,0,0,,,,
2026-07-30 15:27:59,sess_000065,cust_0062,play,Web,,SciFi,premium,1670,0,4500kbps,,,
2026-07-30 15:34:56,sess_000432,cust_0116,pause,Web,Europe,Kids,Standard,0,0,,,,
2026-07-30 15:37:01,sess_000065,cust_0062,play,Web,North America,Documentary,premium,1620,0,1500kbps,,,
2026-07-30 15:45:28,sess_000432,cust_0116,play,Web,Europe,Kids,Standard,1404,0,480p-2000kbps,,,
2026-07-30 15:46:41,sess_000432,cust_0116,session_end,Web,Europe,,Standard,0,0,,,N/A,n/a
2026-07-30 15:47:23,sess_000065,cust_0062,play,Web,North America,Documentary,premium,1679,0,1080p-8000kbps,,,
2026-07-30 15:54:23,sess_000065,cust_0062,play,Web,North America,Drama,premium,849,0,3000 kbps,,,
2026-07-30 15:55:51,sess_000065,cust_0062,session_end,Web,North America,,premium,0,0,,,87%,3.0
2026-07-30 16:28:24,sess_000277,cust_0038,session_start,Console,Africa,,Standard ,0,0,,,,
2026-07-30 16:39:02,sess_000277,cust_0038,play,Console,Africa,SciFi,Standard ,1039,0,2000kbps,,,
2026-07-30 16:52:09,sess_000277,cust_0038,play,Console,Africa,Kids,Standard ,932,0,1500kbps,,,
2026-07-30 17:05:21,sess_000277,cust_0038,play,Console,Africa,Kids,Standard ,1345,0,1500kbps,,,
2026-07-30 17:18:17,sess_000277,cust_0038,play,Console,Africa,Comedy,Standard ,302,0,1080p-6000kbps,,,
2026-07-30 17:27:25,sess_000277,cust_0038,play,Console,Africa,Kids,Standard ,293,0,1080p-8000kbps,,,
2026-07-30 17:29:19,sess_000277,cust_0038,session_end,Console,Africa,,Standard ,0,0,,,100%,2 stars
2026-07-30 17:37:31,sess_000100,cust_0068,session_start,Smart TV,Africa,,Basic,0,0,,,,
2026-07-30 17:48:13,sess_000100,cust_0068,buffer,Smart TV,Africa,Action,Basic,0,2959,,,,
2026-07-30 17:56:52,sess_000100,cust_0068,play,Smart TV,Africa,SciFi,Basic,324,0,6000 kbps,,,
2026-07-30 18:06:37,sess_000100,cust_0068,play,Smart TV,Africa,Comedy,Basic,609,0,3000kbps,,,
2026-07-30 18:16:32,sess_000100,cust_0068,pause,Smart TV,Africa,Horror,Basic,0,0,,,,
2026-07-30 18:31:16,sess_000100,cust_0068,play,Smart TV,Africa,Kids,Basic,1173,0,1500 kbps,,,
2026-07-30 18:32:20,sess_000100,cust_0068,play,Smart TV,Africa,Drama,Basic,742,0,1500kbps,,,
2026-07-30 18:35:29,sess_000100,cust_0068,play,Smart TV,Africa,SciFi,Basic,1086,0,4500kbps,,,
2026-07-30 18:37:02,sess_000100,cust_0068,session_end,Smart TV,Africa,,Basic,0,0,,,90%,5.0
2026-07-30 22:48:02,sess_000085,cust_0042,session_start,Web,North America,,Premium,0,0,,,,
2026-07-30 22:54:51,sess_000085,cust_0042,play,Web,North America,Horror,Premium,494,0,8000 kbps,,,
2026-07-30 22:58:19,sess_000085,cust_0042,play,Web,North America,Kids,Premium,175,0,4500kbps,,,
2026-07-30 22:59:25,sess_000085,cust_0042,pause,Web,North America,Comedy,Premium,0,0,,,,
2026-07-30 23:01:06,sess_000085,cust_0042,play,Web,North America,Horror,Premium,451,0,720p-4500kbps,,,
2026-07-30 23:11:10,sess_000085,cust_0042,buffer,Web,North America,Kids,Premium,0,2377,,,,
2026-07-30 23:16:55,sess_000085,cust_0042,play,Web,North America,Drama,Premium,55,0,4500kbps,,,
2026-07-30 23:21:02,sess_000570,cust_0041,session_start,Tablet,North America,,BASIC,0,0,,,,
2026-07-30 23:22:42,sess_000085,cust_0042,buffer,Web,North America,Kids,Premium,0,1965,,,,
2026-07-30 23:34:50,sess_000570,cust_0041,play,Tablet,North America,Comedy,BASIC,1259,0,1080p-6000kbps,,,
2026-07-30 23:35:03,sess_000085,cust_0042,play,Web,North America,Horror,Premium,157,0,1500 kbps,,,
2026-07-30 23:41:37,sess_000570,cust_0041,play,Tablet,North America,Documentary,BASIC,54,0,8000 kbps,,,
2026-07-30 23:41:59,sess_000570,cust_0041,pause,Tablet,North America,Comedy,BASIC,0,0,,,,
2026-07-30 23:44:13,sess_000085,cust_0042,play,Web,North America,Action,Premium,812,0,3000kbps,,,
2026-07-30 23:44:39,sess_000085,cust_0042,session_end,Web,North America,,Premium,0,0,,,87%,3.0
2026-07-30 23:50:12,sess_000570,cust_0041,play,Tablet,North America,SciFi,BASIC,286,0,3000 kbps,,,
2026-07-30 23:52:17,sess_000570,cust_0041,pause,Tablet,North America,Action,BASIC,0,0,,,,
2026-07-31 00:01:25,sess_000570,cust_0041,play,Tablet,North America,Drama,BASIC,1705,0,480p-2000kbps,,,
2026-07-31 00:15:43,sess_000976,cust_0049,session_start,Tablet,North America,,standard,0,0,,,,
2026-07-31 00:15:48,sess_000570,cust_0041,play,Tablet,North America,SciFi,BASIC,1500,0,6000 kbps,,,
2026-07-31 00:16:18,sess_000570,cust_0041,session_end,Tablet,North America,,BASIC,0,0,,,75%,4 stars
2026-07-31 00:23:03,sess_000976,cust_0049,play,Tablet,North America,Kids,standard,1671,0,4500kbps,,,
2026-07-31 00:25:18,sess_000976,cust_0049,pause,Tablet,North America,SciFi,standard,0,0,,,,
2026-07-31 00:35:09,sess_000976,cust_0049,buffer,Tablet,North America,Comedy,standard,0,938,,,,
2026-07-31 00:46:59,sess_000976,cust_0049,buffer,Tablet,North America,Comedy,standard,0,3403,,,,
2026-07-31 00:47:51,sess_000908,cust_0060,session_start,Tablet,Europe,,Premium ,0,0,,,,
2026-07-31 00:52:29,sess_000908,cust_0060,pause,Tablet,Europe,Comedy,Premium ,0,0,,,,
2026-07-31 01:00:13,sess_000976,cust_0049,play,Tablet,North America,Action,standard,1511,0,3000 kbps,,,
2026-07-31 01:02:35,sess_000908,cust_0060,play,Tablet,Europe,SciFi,Premium ,396,0,2000 kbps,,,
2026-07-31 01:12:39,sess_000976,cust_0049,play,Tablet,North America,SciFi,standard,187,0,4500kbps,,,
2026-07-31 01:16:40,sess_000976,cust_0049,buffer,Tablet,North America,Drama,standard,0,3088,,,,
2026-07-31 01:17:09,sess_000908,cust_0060,play,Tablet,Europe,SciFi,Premium ,1196,0,6000kbps,,,
2026-07-31 01:25:13,sess_000976,cust_0049,play,Tablet,North America,Documentary,standard,776,0,480p-2000kbps,,,
2026-07-31 01:26:58,sess_000976,cust_0049,session_end,Tablet,North America,,standard,0,0,,,80%,1 stars
2026-07-31 01:28:45,sess_000908,cust_0060,play,Tablet,Europe,Comedy,Premium ,491,0,1500 kbps,,,
2026-07-31 01:40:56,sess_000908,cust_0060,pause,Tablet,Europe,Action,Premium ,0,0,,,,
2026-07-31 01:42:04,sess_000908,cust_0060,pause,Tablet,Europe,Action,Premium ,0,0,,,,
2026-07-31 01:55:34,sess_000908,cust_0060,play,Tablet,,Drama,Premium ,665,0,1500kbps,,,
2026-07-31 02:06:21,sess_000908,cust_0060,play,Tablet,Europe,SciFi,Premium ,222,0,480p-1500kbps,,,
2026-07-31 02:08:42,sess_000908,cust_0060,buffer,Tablet,Europe,SciFi,Premium ,0,3267,,,,
2026-07-31 02:10:30,sess_000908,cust_0060,session_end,Tablet,Europe,,Premium ,0,0,,,60%,n/a
2026-07-31 02:35:15,sess_000907,cust_0105,session_start,Smart TV,North America,,STD,0,0,,,,
2026-07-31 02:40:43,sess_000907,cust_0105,play,Smart TV,North America,SciFi,STD,1419,0,6000kbps,,,
2026-07-31 02:45:24,sess_000907,cust_0105,play,Smart TV,North America,Kids,STD,243,0,720p-3000kbps,,,
2026-07-31 02:57:58,sess_000907,cust_0105,buffer,Smart TV,North America,SciFi,STD,0,1643,,,,
2026-07-31 03:11:43,sess_000907,cust_0105,buffer,Smart TV,North America,Drama,STD,0,2368,,,,
2026-07-31 03:22:43,sess_000907,cust_0105,play,Smart TV,North America,Drama,STD,1572,0,6000 kbps,,,
2026-07-31 03:34:04,sess_000907,cust_0105,play,Smart TV,North America,Action,STD,277,0,6000 kbps,,,
2026-07-31 03:41:32,sess_000907,cust_0105,play,Smart TV,North America,SciFi,STD,70,0,4500kbps,,,
2026-07-31 03:44:10,sess_000907,cust_0105,play,Smart TV,North America,Action,STD,672,0,8000 kbps,,,
2026-07-31 03:57:38,sess_000907,cust_0105,play,Smart TV,North America,SciFi,STD,922,0,4500 kbps,,,
2026-07-31 04:11:43,sess_000907,cust_0105,pause,Smart TV,North America,Drama,STD,0,0,,,,
2026-07-31 04:12:47,sess_000907,cust_0105,session_end,Smart TV,North America,,STD,0,0,,,80%,5
2026-07-31 05:26:50,sess_000980,cust_0062,session_start,Web,North America,,PREM,0,0,,,,
2026-07-31 05:33:37,sess_000980,cust_0062,play,Web,North America,SciFi,PREM,749,0,6000kbps,,,
2026-07-31 05:41:57,sess_000980,cust_0062,play,Web,North America,Documentary,PREM,200,0,6000kbps,,,
2026-07-31 05:54:47,sess_000980,cust_0062,play,Web,North America,Documentary,PREM,316,0,480p-1500kbps,,,
2026-07-31 06:09:29,sess_000980,cust_0062,play,Web,North America,SciFi,PREM,1684,0,1500kbps,,,
2026-07-31 06:10:36,sess_000980,cust_0062,session_end,Web,North America,,PREM,0,0,,,100%,
2026-07-31 07:52:57,sess_000891,cust_0075,session_start,Smart TV,LATAM,,basic ,0,0,,,,
2026-07-31 08:01:38,sess_000891,cust_0075,play,Smart TV,LATAM,Documentary,basic ,1097,0,720p-3000kbps,,,
2026-07-31 08:04:11,sess_000891,cust_0075,play,Smart TV,LATAM,Documentary,basic ,679,0,6000kbps,,,
2026-07-31 08:07:32,sess_000891,cust_0075,play,Smart TV,LATAM,Drama,basic ,1178,0,3000 kbps,,,
2026-07-31 08:14:30,sess_000891,cust_0075,play,Smart TV,LATAM,Action,basic ,1655,0,6000kbps,,,
2026-07-31 08:23:59,sess_000891,cust_0075,buffer,Smart TV,LATAM,Action,basic ,0,2750,,,,
2026-07-31 08:25:23,sess_000891,cust_0075,session_end,Smart TV,LATAM,,basic ,0,0,,,45%,5.0
2026-07-31 10:39:35,sess_000749,cust_0006,session_start,Tablet,Europe,,STD,0,0,,,,
2026-07-31 10:46:35,sess_000749,cust_0006,play,Tablet,Europe,Drama,STD,610,0,1500kbps,,,
2026-07-31 10:58:22,sess_000749,cust_0006,play,Tablet,Europe,Horror,STD,318,0,1500kbps,,,
2026-07-31 11:10:50,sess_000749,cust_0006,play,Tablet,Europe,Action,STD,634,0,720p-4500kbps,,,
2026-07-31 11:17:33,sess_000467,cust_0136,session_start,Tablet,North America,,PremiumPlus,0,0,,,,
2026-07-31 11:21:41,sess_000749,cust_0006,play,Tablet,Europe,Documentary,STD,99,0,2000 kbps,,,
2026-07-31 11:22:35,sess_000467,cust_0136,play,Tablet,North America,Comedy,PremiumPlus,1389,0,480p-1500kbps,,,
2026-07-31 11:35:07,sess_000749,cust_0006,play,Tablet,Europe,Comedy,STD,444,0,6000 kbps,,,
2026-07-31 11:35:09,sess_000467,cust_0136,pause,Tablet,North America,Kids,PremiumPlus,0,0,,,,
2026-07-31 11:38:30,sess_000749,cust_0006,play,Tablet,Europe,Drama,STD,980,0,1500kbps,,,
2026-07-31 11:39:01,sess_000749,cust_0006,session_end,Tablet,Europe,,STD,0,0,,,80%,n/a
2026-07-31 11:42:09,sess_000467,cust_0136,play,Tablet,North America,Action,PremiumPlus,298,0,2000 kbps,,,
2026-07-31 11:57:01,sess_000467,cust_0136,play,Tablet,North America,Drama,PremiumPlus,1363,0,4500kbps,,,
2026-07-31 12:07:59,sess_000467,cust_0136,play,Tablet,North America,Documentary,PremiumPlus,1233,0,6000 kbps,,,
2026-07-31 12:12:59,sess_000467,cust_0136,play,Tablet,North America,Documentary,PremiumPlus,1585,0,1500 kbps,,,
2026-07-31 12:26:05,sess_000467,cust_0136,play,Tablet,North America,Drama,PremiumPlus,1440,0,720p-3000kbps,,,
2026-07-31 12:26:31,sess_000467,cust_0136,play,Tablet,North America,Documentary,PremiumPlus,777,0,6000 kbps,,,
2026-07-31 12:29:54,sess_000467,cust_0136,play,Tablet,North America,SciFi,PremiumPlus,1523,0,8000 kbps,,,
2026-07-31 12:37:41,sess_000467,cust_0136,play,Tablet,North America,Documentary,PremiumPlus,1575,0,3000kbps,,,
2026-07-31 12:49:04,sess_000467,cust_0136,play,Tablet,North America,SciFi,PremiumPlus,1226,0,8000kbps,,,
2026-07-31 12:50:33,sess_000467,cust_0136,session_end,Tablet,North America,,PremiumPlus,0,0,,,,
2026-07-31 13:03:11,sess_000256,cust_0067,session_start,Mobile,Europe,,basic ,0,0,,,,
2026-07-31 13:05:02,sess_000256,cust_0067,play,Mobile,Europe,Action,basic ,287,0,720p-3000kbps,,,
2026-07-31 13:09:38,sess_000256,cust_0067,play,Mobile,Europe,Action,basic ,462,0,8000 kbps,,,
2026-07-31 13:22:20,sess_000256,cust_0067,play,Mobile,Europe,Horror,basic ,869,0,3000kbps,,,
2026-07-31 13:23:59,sess_000256,cust_0067,buffer,Mobile,Europe,Documentary,basic ,0,1026,,,,
2026-07-31 13:30:16,sess_000256,cust_0067,play,Mobile,Europe,Action,basic ,1571,0,1080p-8000kbps,,,
2026-07-31 13:32:15,sess_000256,cust_0067,pause,Mobile,Europe,Drama,basic ,0,0,,,,
2026-07-31 13:44:53,sess_000256,cust_0067,play,Mobile,Europe,Drama,basic ,1793,0,3000kbps,,,
2026-07-31 13:45:33,sess_000256,cust_0067,error,Mobile,Europe,SciFi,basic ,0,0,,E4004,,
2026-07-31 13:46:35,sess_000256,cust_0067,session_end,Mobile,Europe,,basic ,0,0,,,80%,5.0
2026-07-31 15:51:09,sess_000587,cust_0026,session_start,,North America,,Premium ,0,0,,,,
2026-07-31 15:54:43,sess_000587,cust_0026,play,,North America,SciFi,Premium ,1521,0,8000 kbps,,,
2026-07-31 16:08:33,sess_000587,cust_0026,play,,North America,Action,Premium ,447,0,6000 kbps,,,
2026-07-31 16:17:14,sess_000587,cust_0026,play,,North America,Comedy,Premium ,1617,0,1080p-8000kbps,,,
2026-07-31 16:27:15,sess_000587,cust_0026,pause,,North America,Documentary,Premium ,0,0,,,,
2026-07-31 16:37:30,sess_000587,cust_0026,play,,North America,Documentary,Premium ,1485,0,1500 kbps,,,
2026-07-31 16:38:22,sess_000587,cust_0026,play,,North America,Drama,Premium ,879,0,1080p-6000kbps,,,
2026-07-31 16:52:13,sess_000587,cust_0026,play,,North America,Kids,Premium ,1689,0,4500kbps,,,
2026-07-31 17:00:25,sess_000587,cust_0026,pause,,North America,Drama,Premium ,0,0,,,,
2026-07-31 17:01:55,sess_000587,cust_0026,session_end,,North America,,Premium ,0,0,,,90%,5.0
2026-07-31 18:06:15,sess_000196,cust_0062,session_start,Web,North America,,Premium ,0,0,,,,
2026-07-31 18:10:15,sess_000196,cust_0062,play,Web,North America,Horror,Premium ,1151,0,3000kbps,,,
2026-07-31 18:18:16,sess_000943,cust_0057,session_start,Smart TV,APAC,,BASIC,0,0,,,,
2026-07-31 18:22:39,sess_000196,cust_0062,play,Web,North America,Comedy,Premium ,475,0,4500 kbps,,,
2026-07-31 18:28:34,sess_000943,cust_0057,pause,Smart TV,APAC,Drama,BASIC,0,0,,,,
2026-07-31 18:34:35,sess_000943,cust_0057,play,Smart TV,APAC,Horror,BASIC,591,0,6000 kbps,,,
2026-07-31 18:36:21,sess_000196,cust_0062,play,Web,North America,Horror,Premium ,1554,0,1080p-6000kbps,,,
2026-07-31 18:40:22,sess_000196,cust_0062,play,Web,North America,Comedy,Premium ,802,0,3000 kbps,,,
2026-07-31 18:42:49,sess_000943,cust_0057,play,Smart TV,APAC,Drama,BASIC,1192,0,2000 kbps,,,
2026-07-31 18:48:18,sess_000196,cust_0062,buffer,Web,North America,Kids,Premium ,0,625,,,,
2026-07-31 18:56:47,sess_000943,cust_0057,play,Smart TV,APAC,SciFi,BASIC,645,0,3000kbps,,,
2026-07-31 18:59:48,sess_000943,cust_0057,play,Smart TV,APAC,Kids,BASIC,1233,0,480p-1500kbps,,,
2026-07-31 19:01:32,sess_000196,cust_0062,play,Web,North America,Comedy,Premium ,1202,0,3000kbps,,,
2026-07-31 19:03:22,sess_000196,cust_0062,session_end,Web,,,Premium ,0,0,,,60%,1
2026-07-31 19:11:18,sess_000943,cust_0057,buffer,Smart TV,APAC,Action,BASIC,0,3878,,,,
2026-07-31 19:11:46,sess_000943,cust_0057,session_end,Smart TV,APAC,,BASIC,0,0,,,90%,3 stars
2026-08-01 02:16:34,sess_000705,cust_0081,session_start,Mobile,Africa,,Premium+,0,0,,,,
2026-08-01 02:16:58,sess_000705,cust_0081,play,Mobile,Africa,Action,Premium+,1613,0,1080p-8000kbps,,,
2026-08-01 02:22:55,sess_000512,cust_0082,session_start,Smart TV,Africa,,PREM,0,0,,,,
2026-08-01 02:31:58,sess_000705,cust_0081,play,Mobile,Africa,Drama,Premium+,1051,0,480p-1500kbps,,,
2026-08-01 02:34:30,sess_000512,cust_0082,play,Smart TV,Africa,Comedy,PREM,374,0,720p-4500kbps,,,
2026-08-01 02:34:55,sess_000705,cust_0081,play,Mobile,Africa,Action,Premium+,197,0,8000kbps,,,
2026-08-01 02:39:05,sess_000705,cust_0081,buffer,Mobile,Africa,Kids,Premium+,0,1557,,,,
2026-08-01 02:45:17,sess_000157,cust_0089,session_start,Tablet,APAC,,basic ,0,0,,,,
2026-08-01 02:47:02,sess_000512,cust_0082,pause,Smart TV,Africa,Documentary,PREM,0,0,,,,
2026-08-01 02:48:28,sess_000705,cust_0081,play,Mobile,Africa,SciFi,Premium+,1331,0,3000 kbps,,,
2026-08-01 02:55:37,sess_000705,cust_0081,buffer,Mobile,Africa,Kids,Premium+,0,3673,,,,
2026-08-01 02:57:28,sess_000157,cust_0089,play,Tablet,APAC,Kids,basic ,84,0,8000 kbps,,,
2026-08-01 03:01:54,sess_000512,cust_0082,buffer,Smart TV,Africa,Drama,PREM,0,2288,,,,
2026-08-01 03:02:34,sess_000512,cust_0082,pause,Smart TV,Africa,SciFi,PREM,0,0,,,,
2026-08-01 03:06:22,sess_000705,cust_0081,play,Mobile,Africa,Drama,Premium+,1690,0,8000kbps,,,
2026-08-01 03:07:00,sess_000512,cust_0082,play,Smart TV,Africa,Horror,PREM,248,0,8000kbps,,,
2026-08-01 03:07:04,sess_000157,cust_0089,play,Tablet,APAC,Action,basic ,490,0,720p-3000kbps,,,
2026-08-01 03:07:50,sess_000512,cust_0082,play,Smart TV,Africa,Documentary,PREM,1794,0,1500kbps,,,
2026-08-01 03:12:21,sess_000512,cust_0082,error,Smart TV,Africa,Documentary,PREM,0,0,,E3003,,
2026-08-01 03:15:51,sess_000157,cust_0089,play,Tablet,APAC,Documentary,basic ,797,0,1080p-6000kbps,,,
2026-08-01 03:16:56,sess_000157,cust_0089,play,Tablet,APAC,Kids,basic ,964,0,480p-1500kbps,,,
2026-08-01 03:17:32,sess_000705,cust_0081,error,Mobile,Africa,Comedy,Premium+,0,0,,E1001,,
2026-08-01 03:24:47,sess_000705,cust_0081,play,Mobile,Africa,Kids,Premium+,1422,0,6000 kbps,,,
2026-08-01 03:25:21,sess_000705,cust_0081,play,Mobile,Africa,SciFi,Premium+,152,0,480p-2000kbps,,,
2026-08-01 03:26:24,sess_000705,cust_0081,pause,Mobile,Africa,Drama,Premium+,0,0,,,,
2026-08-01 03:27:40,sess_000705,cust_0081,session_end,Mobile,Africa,,Premium+,0,0,,,95%,5 stars
2026-08-01 03:31:39,sess_000157,cust_0089,play,Tablet,APAC,Horror,basic ,437,0,6000kbps,,,
2026-08-01 03:32:19,sess_000157,cust_0089,session_end,Tablet,APAC,,basic ,0,0,,,100%,N/A
2026-08-01 04:49:47,sess_000589,cust_0101,session_start,Mobile,North America,,standard,0,0,,,,
2026-08-01 05:03:26,sess_000589,cust_0101,play,Mobile,North America,Documentary,standard,1452,0,1080p-6000kbps,,,
2026-08-01 05:06:20,sess_000589,cust_0101,buffer,Mobile,North America,Comedy,standard,0,1294,,,,
2026-08-01 05:08:24,sess_000589,cust_0101,play,Mobile,North America,SciFi,standard,1434,0,2000kbps,,,
2026-08-01 05:20:25,sess_000434,cust_0047,session_start,Smart TV,Europe,,STD,0,0,,,,
2026-08-01 05:22:24,sess_000589,cust_0101,pause,Mobile,North America,Action,standard,0,0,,,,
2026-08-01 05:24:45,sess_000589,cust_0101,play,Mobile,North America,Drama,standard,517,0,2000kbps,,,
2026-08-01 05:24:57,sess_000434,cust_0047,buffer,Smart TV,Europe,Comedy,STD,0,297,,,,
2026-08-01 05:25:58,sess_000589,cust_0101,pause,Mobile,North America,Comedy,standard,0,0,,,,
2026-08-01 05:36:53,sess_000589,cust_0101,pause,Mobile,North America,Drama,standard,0,0,,,,
2026-08-01 05:38:51,sess_000434,cust_0047,play,Smart TV,Europe,Horror,STD,525,0,4500 kbps,,,
2026-08-01 05:44:19,sess_000434,cust_0047,play,Smart TV,Europe,Kids,STD,310,0,8000 kbps,,,
2026-08-01 05:47:42,sess_000589,cust_0101,play,Mobile,North America,Horror,standard,1760,0,1500 kbps,,,
2026-08-01 05:58:44,sess_000434,cust_0047,play,Smart TV,Europe,SciFi,STD,583,0,4500 kbps,,,
2026-08-01 06:00:34,sess_000589,cust_0101,play,Mobile,North America,Horror,standard,1391,0,720p-3000kbps,,,
2026-08-01 06:05:50,sess_000021,cust_0130,session_start,Mobile,LATAM,,BASIC,0,0,,,,
2026-08-01 06:08:43,sess_000589,cust_0101,pause,Mobile,North America,SciFi,standard,0,0,,,,
2026-08-01 06:09:51,sess_000434,cust_0047,play,Smart TV,Europe,Kids,STD,753,0,8000 kbps,,,
2026-08-01 06:12:28,sess_000825,cust_0010,session_start,Web,APAC,,standard,0,0,,,,
2026-08-01 06:17:33,sess_000021,cust_0130,play,Mobile,LATAM,SciFi,BASIC,1141,0,6000kbps,,,
2026-08-01 06:18:59,sess_000589,cust_0101,play,Mobile,,Action,standard,1372,0,480p-1500kbps,,,
2026-08-01 06:19:16,sess_000434,cust_0047,play,Smart TV,Europe,Comedy,STD,1400,0,6000kbps,,,
2026-08-01 06:20:37,sess_000434,cust_0047,session_end,Smart TV,Europe,,STD,0,0,,,90%,n/a
2026-08-01 06:20:53,sess_000589,cust_0101,session_end,Mobile,North America,,standard,0,0,,,60%,2
2026-08-01 06:24:41,sess_000825,cust_0010,pause,Web,APAC,Action,standard,0,0,,,,
2026-08-01 06:28:15,sess_000021,cust_0130,play,Mobile,LATAM,SciFi,BASIC,1054,0,1500kbps,,,
2026-08-01 06:28:36,sess_000021,cust_0130,error,Mobile,LATAM,Kids,BASIC,0,0,,E3003,,
2026-08-01 06:31:04,sess_000825,cust_0010,play,Web,APAC,SciFi,standard,993,0,4500 kbps,,,
2026-08-01 06:37:00,sess_000825,cust_0010,play,Web,APAC,Drama,standard,1182,0,2000kbps,,,
2026-08-01 06:38:12,sess_000021,cust_0130,error,Mobile,LATAM,Comedy,BASIC,0,0,,E3003,,
2026-08-01 06:43:30,sess_000825,cust_0010,play,Web,APAC,Horror,standard,1233,0,3000 kbps,,,
2026-08-01 06:55:50,sess_000825,cust_0010,play,Web,APAC,Action,standard,1747,0,6000 kbps,,,
2026-08-01 06:59:14,sess_000825,cust_0010,pause,Web,APAC,Drama,standard,0,0,,,,
2026-08-01 07:05:44,sess_000825,cust_0010,buffer,Web,APAC,Documentary,standard,0,3572,,,,
2026-08-01 07:11:53,sess_000825,cust_0010,pause,Web,APAC,Action,standard,0,0,,,,
2026-08-01 07:17:46,sess_000825,cust_0010,play,Web,APAC,Horror,standard,68,0,480p-1500kbps,,,
2026-08-01 07:31:14,sess_000825,cust_0010,buffer,Web,APAC,Documentary,standard,0,3756,,,,
2026-08-01 07:35:39,sess_000225,cust_0031,session_start,Console,Africa,,Standard ,0,0,,,,
2026-08-01 07:41:45,sess_000225,cust_0031,play,Console,Africa,SciFi,Standard ,885,0,8000 kbps,,,
2026-08-01 07:43:35,sess_000825,cust_0010,buffer,Web,APAC,Horror,standard,0,2146,,,,
2026-08-01 07:44:33,sess_000825,cust_0010,session_end,Web,APAC,,standard,0,0,,,95%,1 stars
2026-08-01 07:56:32,sess_000225,cust_0031,play,Console,Africa,SciFi,Standard ,1144,0,2000kbps,,,
2026-08-01 08:00:06,sess_000225,cust_0031,play,Console,Africa,SciFi,Standard ,668,0,2000kbps,,,
2026-08-01 08:05:48,sess_000225,cust_0031,play,Console,Africa,Kids,Standard ,581,0,720p-3000kbps,,,
2026-08-01 08:10:56,sess_000225,cust_0031,play,Console,Africa,Horror,Standard ,450,0,2000kbps,,,
2026-08-01 08:19:32,sess_000225,cust_0031,play,Console,Africa,SciFi,Standard ,90,0,4500 kbps,,,
2026-08-01 08:25:01,sess_000225,cust_0031,pause,Console,Africa,Kids,Standard ,0,0,,,,
2026-08-01 08:38:59,sess_000225,cust_0031,buffer,Console,Africa,Kids,Standard ,0,3407,,,,
2026-08-01 08:41:57,sess_000225,cust_0031,play,Console,Africa,Kids,Standard ,647,0,6000kbps,,,
2026-08-01 08:45:49,sess_000225,cust_0031,play,Console,Africa,Comedy,Standard ,907,0,480p-2000kbps,,,
2026-08-01 08:50:14,sess_000225,cust_0031,play,Console,Africa,Horror,Standard ,1727,0,1080p-8000kbps,,,
2026-08-01 08:51:15,sess_000225,cust_0031,session_end,Console,Africa,,Standard ,0,0,,,87%,1.0
2026-08-01 09:38:27,sess_000769,cust_0071,session_start,Mobile,Europe,,Standard,0,0,,,,
2026-08-01 09:50:47,sess_000769,cust_0071,play,Mobile,Europe,Drama,Standard,193,0,4500kbps,,,
2026-08-01 09:57:10,sess_000769,cust_0071,play,Mobile,Europe,Horror,Standard,1401,0,3000kbps,,,
2026-08-01 10:07:23,sess_000769,cust_0071,play,Mobile,Europe,Drama,Standard,1731,0,720p-4500kbps,,,
2026-08-01 10:08:17,sess_000769,cust_0071,session_end,Mobile,Europe,,Standard,0,0,,,75%,1 stars
2026-08-01 10:22:17,sess_000120,cust_0126,session_start,Console,LATAM,,basic,0,0,,,,
2026-08-01 10:33:55,sess_000120,cust_0126,play,Console,LATAM,SciFi,basic,104,0,8000kbps,,,
2026-08-01 10:41:40,sess_000120,cust_0126,play,Console,LATAM,Drama,basic,1284,0,1080p-8000kbps,,,
2026-08-01 10:47:05,sess_000120,cust_0126,play,Console,LATAM,Drama,basic,1623,0,1500 kbps,,,
2026-08-01 10:50:33,sess_000123,cust_0077,session_start,Console,Africa,,Standard ,0,0,,,,
2026-08-01 10:54:43,sess_000123,cust_0077,play,Console,Africa,Documentary,Standard ,408,0,8000kbps,,,
2026-08-01 11:00:42,sess_000120,cust_0126,pause,Console,,Documentary,basic,0,0,,,,
2026-08-01 11:01:08,sess_000120,cust_0126,buffer,Console,LATAM,SciFi,basic,0,2123,,,,
2026-08-01 11:01:49,sess_000123,cust_0077,play,Console,Africa,Kids,Standard ,757,0,4500kbps,,,
2026-08-01 11:03:56,sess_000123,cust_0077,play,Console,Africa,SciFi,Standard ,1192,0,720p-4500kbps,,,
2026-08-01 11:05:45,sess_000123,cust_0077,session_end,Console,Africa,,Standard ,0,0,,,90%,1.0
2026-08-01 11:11:21,sess_000120,cust_0126,play,Console,LATAM,SciFi,basic,1249,0,4500kbps,,,
2026-08-01 11:25:15,sess_000120,cust_0126,pause,Console,LATAM,Comedy,basic,0,0,,,,
2026-08-01 11:29:19,sess_000120,cust_0126,buffer,Console,LATAM,Documentary,basic,0,1408,,,,
2026-08-01 11:29:48,sess_000120,cust_0126,session_end,Console,LATAM,,basic,0,0,,,N/A,n/a
2026-08-01 12:12:00,sess_000370,cust_0001,session_start,Tablet,Africa,,standard,0,0,,,,
2026-08-01 12:18:55,sess_000370,cust_0001,play,Tablet,Africa,Documentary,standard,100,0,1500 kbps,,,
2026-08-01 12:29:02,sess_000370,cust_0001,play,Tablet,Africa,Comedy,standard,83,0,6000 kbps,,,
2026-08-01 12:39:52,sess_000370,cust_0001,error,Tablet,Africa,Horror,standard,0,0,,E2002,,
2026-08-01 12:47:39,sess_000370,cust_0001,play,Tablet,Africa,Documentary,standard,519,0,2000 kbps,,,
2026-08-01 12:49:23,sess_000370,cust_0001,session_end,Tablet,Africa,,standard,0,0,,,45%,3.0
2026-08-01 12:52:18,sess_000651,cust_0004,session_start,Web,Africa,,standard,0,0,,,,
2026-08-01 12:58:48,sess_000651,cust_0004,play,Web,Africa,Kids,standard,1690,0,720p-4500kbps,,,
2026-08-01 13:08:03,sess_000651,cust_0004,pause,Web,Africa,Horror,standard,0,0,,,,
2026-08-01 13:14:42,sess_000651,cust_0004,play,Web,Africa,Documentary,standard,70,0,3000 kbps,,,
2026-08-01 13:27:15,sess_000651,cust_0004,play,Web,Africa,SciFi,standard,808,0,1500kbps,,,
2026-08-01 13:27:25,sess_000651,cust_0004,session_end,Web,Africa,,standard,0,0,,,45%,5
2026-08-01 15:05:44,sess_000517,cust_0018,session_start,Smart TV,Africa,,BASIC,0,0,,,,
2026-08-01 15:07:20,sess_000517,cust_0018,play,Smart TV,Africa,Horror,BASIC,432,0,1500 kbps,,,
2026-08-01 15:21:16,sess_000517,cust_0018,play,Smart TV,Africa,SciFi,BASIC,1708,0,1080p-6000kbps,,,
2026-08-01 15:27:23,sess_000517,cust_0018,play,Smart TV,Africa,Horror,BASIC,1321,0,480p-1500kbps,,,
2026-08-01 15:32:17,sess_000517,cust_0018,buffer,Smart TV,Africa,Comedy,BASIC,0,3887,,,,
2026-08-01 15:32:41,sess_000517,cust_0018,session_end,Smart TV,Africa,,BASIC,0,0,,,80%,
2026-08-01 16:15:03,sess_000682,cust_0015,session_start,Console,LATAM,,Premium ,0,0,,,,
2026-08-01 16:22:21,sess_000682,cust_0015,play,Console,LATAM,Horror,Premium ,35,0,4500 kbps,,,
2026-08-01 16:35:38,sess_000682,cust_0015,play,Console,LATAM,SciFi,Premium ,40,0,720p-3000kbps,,,
2026-08-01 16:37:28,sess_000682,cust_0015,play,Console,LATAM,Comedy,Premium ,1390,0,3000kbps,,,
2026-08-01 16:41:04,sess_000682,cust_0015,play,Console,LATAM,Kids,Premium ,307,0,1080p-6000kbps,,,
2026-08-01 16:50:42,sess_000682,cust_0015,play,Console,LATAM,Drama,Premium ,408,0,1080p-8000kbps,,,
2026-08-01 17:02:06,sess_000682,cust_0015,play,Console,LATAM,Action,Premium ,421,0,1080p-8000kbps,,,
2026-08-01 17:02:28,sess_000682,cust_0015,session_end,Console,LATAM,,Premium ,0,0,,,95%,3 stars
2026-08-01 18:24:15,sess_000240,cust_0064,session_start,Tablet,APAC,,STD,0,0,,,,
2026-08-01 18:28:51,sess_000240,cust_0064,pause,Tablet,APAC,Comedy,STD,0,0,,,,
2026-08-01 18:32:25,sess_000240,cust_0064,pause,Tablet,APAC,Action,STD,0,0,,,,
2026-08-01 18:38:05,sess_000240,cust_0064,play,Tablet,APAC,Horror,STD,714,0,6000 kbps,,,
2026-08-01 18:39:47,sess_000240,cust_0064,session_end,Tablet,APAC,,STD,0,0,,,80%,2
2026-08-01 21:04:11,sess_000239,cust_0023,session_start,Tablet,North America,,Premium ,0,0,,,,
2026-08-01 21:07:34,sess_000239,cust_0023,play,Tablet,North America,Horror,Premium ,697,0,2000 kbps,,,
2026-08-01 21:18:19,sess_000239,cust_0023,pause,Tablet,North America,Kids,Premium ,0,0,,,,
2026-08-01 21:26:35,sess_000239,cust_0023,buffer,Tablet,North America,Action,Premium ,0,947,,,,
2026-08-01 21:40:48,sess_000239,cust_0023,pause,Tablet,North America,Comedy,Premium ,0,0,,,,
2026-08-01 21:52:02,sess_000239,cust_0023,play,Tablet,North America,Comedy,Premium ,305,0,2000 kbps,,,
2026-08-01 21:59:35,sess_000239,cust_0023,play,Tablet,North America,Action,Premium ,1742,0,8000kbps,,,
2026-08-01 22:03:15,sess_000239,cust_0023,play,Tablet,North America,Comedy,Premium ,241,0,8000 kbps,,,
2026-08-01 22:04:10,sess_000239,cust_0023,session_end,Tablet,North America,,Premium ,0,0,,,95%,1 stars
2026-08-02 00:56:41,sess_000341,cust_0113,session_start,Tablet,APAC,,basic,0,0,,,,
2026-08-02 01:06:39,sess_000341,cust_0113,play,Tablet,APAC,Documentary,basic,779,0,8000kbps,,,
2026-08-02 01:18:25,sess_000341,cust_0113,play,Tablet,APAC,SciFi,basic,1046,0,1500 kbps,,,
2026-08-02 01:22:04,sess_000579,cust_0043,session_start,Smart TV,LATAM,,STD,0,0,,,,
2026-08-02 01:32:49,sess_000341,cust_0113,play,Tablet,APAC,Documentary,basic,151,0,480p-2000kbps,,,
2026-08-02 01:33:24,sess_000579,cust_0043,play,Smart TV,LATAM,Comedy,STD,644,0,480p-2000kbps,,,
2026-08-02 01:42:41,sess_000341,cust_0113,error,Tablet,APAC,SciFi,basic,0,0,,E2002,,
2026-08-02 01:42:54,sess_000579,cust_0043,play,Smart TV,LATAM,Kids,STD,697,0,8000 kbps,,,
2026-08-02 01:53:01,sess_000341,cust_0113,play,Tablet,APAC,SciFi,basic,94,0,6000kbps,,,
2026-08-02 01:54:48,sess_000579,cust_0043,pause,Smart TV,LATAM,Horror,STD,0,0,,,,
2026-08-02 01:59:42,sess_000082,cust_0055,session_start,Mobile,North America,,Premium ,0,0,,,,
2026-08-02 01:59:42,sess_000341,cust_0113,play,Tablet,APAC,SciFi,basic,1510,0,8000 kbps,,,
2026-08-02 02:01:37,sess_000579,cust_0043,play,Smart TV,LATAM,Action,STD,759,0,8000 kbps,,,
2026-08-02 02:04:52,sess_000341,cust_0113,play,Tablet,APAC,Comedy,basic,74,0,480p-1500kbps,,,
2026-08-02 02:09:59,sess_000579,cust_0043,pause,Smart TV,LATAM,SciFi,STD,0,0,,,,
2026-08-02 02:10:47,sess_000082,cust_0055,play,Mobile,,Kids,Premium ,383,0,8000 kbps,,,
2026-08-02 02:16:29,sess_000579,cust_0043,play,Smart TV,LATAM,Horror,STD,449,0,6000 kbps,,,
2026-08-02 02:16:58,sess_000341,cust_0113,play,Tablet,APAC,Drama,basic,531,0,720p-3000kbps,,,
2026-08-02 02:23:47,sess_000341,cust_0113,pause,Tablet,,SciFi,basic,0,0,,,,
2026-08-02 02:24:24,sess_000082,cust_0055,play,Mobile,North America,Comedy,Premium ,610,0,1500kbps,,,
2026-08-02 02:25:18,sess_000341,cust_0113,session_end,Tablet,APAC,,basic,0,0,,,95%,4
2026-08-02 02:29:13,sess_000082,cust_0055,buffer,Mobile,North America,Comedy,Premium ,0,1423,,,,
2026-08-02 02:30:59,sess_000579,cust_0043,error,Smart TV,LATAM,Documentary,STD,0,0,,E1001,,
2026-08-02 02:31:44,sess_000579,cust_0043,play,Smart TV,LATAM,SciFi,STD,447,0,4500 kbps,,,
2026-08-02 02:33:00,sess_000048,cust_0002,session_start,Mobile,Africa,,premium plus,0,0,,,,
2026-08-02 02:34:35,sess_000082,cust_0055,play,Mobile,North America,Documentary,Premium ,667,0,4500 kbps,,,
2026-08-02 02:41:40,sess_000048,cust_0002,play,Mobile,Africa,Drama,premium plus,1311,0,480p-2000kbps,,,
2026-08-02 02:41:58,sess_000579,cust_0043,play,Smart TV,LATAM,Drama,STD,1516,0,720p-4500kbps,,,
2026-08-02 02:45:42,sess_000579,cust_0043,buffer,Smart TV,LATAM,Comedy,STD,0,3781,,,,
2026-08-02 02:46:27,sess_000048,cust_0002,play,Mobile,Africa,Horror,premium plus,1236,0,720p-3000kbps,,,
2026-08-02 02:46:45,sess_000082,cust_0055,play,Mobile,North America,SciFi,Premium ,911,0,4500 kbps,,,
2026-08-02 02:53:56,sess_000082,cust_0055,pause,Mobile,North America,SciFi,Premium ,0,0,,,,
2026-08-02 02:55:52,sess_000579,cust_0043,pause,Smart TV,LATAM,Comedy,STD,0,0,,,,
2026-08-02 02:59:47,sess_000048,cust_0002,play,Mobile,Africa,Documentary,premium plus,730,0,3000 kbps,,,
2026-08-02 03:01:24,sess_000579,cust_0043,play,Smart TV,LATAM,Horror,STD,311,0,4500 kbps,,,
2026-08-02 03:01:40,sess_000579,cust_0043,session_end,Smart TV,LATAM,,STD,0,0,,,95%,N/A
2026-08-02 03:02:55,sess_000082,cust_0055,play,Mobile,North America,Drama,Premium ,1728,0,1080p-6000kbps,,,
2026-08-02 03:11:07,sess_000082,cust_0055,play,Mobile,North America,Comedy,Premium ,216,0,4500 kbps,,,
2026-08-02 03:11:43,sess_000048,cust_0002,play,Mobile,Africa,Drama,premium plus,1744,0,4500 kbps,,,
2026-08-02 03:17:19,sess_000082,cust_0055,play,Mobile,North America,Kids,Premium ,1608,0,4500 kbps,,,
2026-08-02 03:18:06,sess_000048,cust_0002,play,Mobile,Africa,Drama,premium plus,391,0,2000kbps,,,
2026-08-02 03:21:12,sess_000082,cust_0055,play,Mobile,North America,Kids,Premium ,62,0,3000kbps,,,
2026-08-02 03:24:52,sess_000048,cust_0002,play,Mobile,Africa,Documentary,premium plus,1701,0,2000kbps,,,
2026-08-02 03:26:00,sess_000048,cust_0002,session_end,Mobile,Africa,,premium plus,0,0,,,,N/A
2026-08-02 03:31:35,sess_000082,cust_0055,pause,Mobile,North America,Comedy,Premium ,0,0,,,,
2026-08-02 03:37:12,sess_000082,cust_0055,pause,Mobile,North America,Kids,Premium ,0,0,,,,
2026-08-02 03:38:06,sess_000082,cust_0055,session_end,Mobile,North America,,Premium ,0,0,,,95%,1 stars
2026-08-02 10:36:50,sess_000405,cust_0035,session_start,Smart TV,Europe,,Standard,0,0,,,,
2026-08-02 10:40:50,sess_000405,cust_0035,play,Smart TV,Europe,Kids,Standard,1345,0,720p-3000kbps,,,
2026-08-02 10:43:05,sess_000405,cust_0035,pause,Smart TV,Europe,Horror,Standard,0,0,,,,
2026-08-02 10:52:32,sess_000405,cust_0035,play,Smart TV,Europe,Action,Standard,53,0,1500 kbps,,,
2026-08-02 10:59:40,sess_000405,cust_0035,pause,Smart TV,Europe,Documentary,Standard,0,0,,,,
2026-08-02 11:06:35,sess_000405,cust_0035,play,Smart TV,Europe,Drama,Standard,1446,0,8000 kbps,,,
2026-08-02 11:15:56,sess_000405,cust_0035,play,Smart TV,Europe,Drama,Standard,1044,0,1500 kbps,,,
2026-08-02 11:17:07,sess_000405,cust_0035,play,Smart TV,Europe,Horror,Standard,505,0,1500kbps,,,
2026-08-02 11:21:40,sess_000405,cust_0035,play,Smart TV,Europe,SciFi,Standard,484,0,4500kbps,,,
2026-08-02 11:28:36,sess_000405,cust_0035,play,Smart TV,Europe,Drama,Standard,1443,0,1080p-8000kbps,,,
2026-08-02 11:29:44,sess_000405,cust_0035,pause,Smart TV,Europe,Horror,Standard,0,0,,,,
2026-08-02 11:29:54,sess_000405,cust_0035,session_end,Smart TV,Europe,,Standard,0,0,,,90%,3.0
2026-08-02 12:10:01,sess_000691,cust_0075,session_start,Smart TV,LATAM,,BASIC,0,0,,,,
2026-08-02 12:11:09,sess_000691,cust_0075,play,Smart TV,LATAM,Horror,BASIC,1240,0,720p-3000kbps,,,
2026-08-02 12:16:42,sess_000647,cust_0106,session_start,Tablet,LATAM,,premium plus,0,0,,,,
2026-08-02 12:20:39,sess_000691,cust_0075,play,Smart TV,LATAM,Drama,BASIC,170,0,4500 kbps,,,
2026-08-02 12:20:55,sess_000691,cust_0075,session_end,Smart TV,LATAM,,BASIC,0,0,,,87%,n/a
2026-08-02 12:21:34,sess_000902,cust_0111,session_start,Mobile,APAC,,Standard ,0,0,,,,
2026-08-02 12:25:26,sess_000647,cust_0106,play,Tablet,LATAM,Horror,premium plus,193,0,6000kbps,,,
2026-08-02 12:31:59,sess_000902,cust_0111,play,Mobile,APAC,Action,Standard ,478,0,1500 kbps,,,
2026-08-02 12:38:13,sess_000902,cust_0111,play,Mobile,APAC,SciFi,Standard ,914,0,1080p-8000kbps,,,
2026-08-02 12:38:33,sess_000647,cust_0106,error,Tablet,LATAM,Comedy,premium plus,0,0,,E4004,,
2026-08-02 12:42:16,sess_000902,cust_0111,error,Mobile,APAC,Kids,Standard ,0,0,,E2002,,
2026-08-02 12:42:47,sess_000290,cust_0049,session_start,Tablet,North America,,STD,0,0,,,,
2026-08-02 12:43:07,sess_000902,cust_0111,play,Mobile,APAC,Drama,Standard ,291,0,1500kbps,,,
2026-08-02 12:49:12,sess_000902,cust_0111,pause,Mobile,APAC,Comedy,Standard ,0,0,,,,
2026-08-02 12:55:46,sess_000290,cust_0049,play,Tablet,North America,Comedy,STD,1225,0,6000kbps,,,
2026-08-02 12:58:52,sess_000902,cust_0111,play,Mobile,APAC,Horror,Standard ,1773,0,1080p-8000kbps,,,
2026-08-02 12:58:58,sess_000290,cust_0049,error,Tablet,North America,Horror,STD,0,0,,E1001,,
2026-08-02 12:59:59,sess_000902,cust_0111,play,Mobile,APAC,Kids,Standard ,1577,0,3000kbps,,,
2026-08-02 13:05:57,sess_000290,cust_0049,play,Tablet,North America,Documentary,STD,879,0,480p-2000kbps,,,
2026-08-02 13:06:37,sess_000290,cust_0049,session_end,Tablet,North America,,STD,0,0,,,87%,N/A
2026-08-02 13:13:26,sess_000902,cust_0111,play,Mobile,APAC,Action,Standard ,485,0,3000 kbps,,,
2026-08-02 13:17:23,sess_000902,cust_0111,pause,Mobile,APAC,Drama,Standard ,0,0,,,,
2026-08-02 13:22:24,sess_000902,cust_0111,play,Mobile,APAC,Comedy,Standard ,394,0,720p-4500kbps,,,
2026-08-02 13:23:36,sess_000902,cust_0111,play,Mobile,APAC,Action,Standard ,358,0,480p-2000kbps,,,
2026-08-02 13:24:10,sess_000902,cust_0111,session_end,Mobile,APAC,,Standard ,0,0,,,75%,3.0
2026-08-02 13:41:18,sess_000624,cust_0054,session_start,Mobile,APAC,,PREM,0,0,,,,
2026-08-02 13:48:32,sess_000624,cust_0054,pause,Mobile,APAC,Drama,PREM,0,0,,,,
2026-08-02 13:52:52,sess_000624,cust_0054,play,Mobile,APAC,Horror,PREM,1736,0,4500 kbps,,,
2026-08-02 14:06:38,sess_000624,cust_0054,pause,Mobile,APAC,SciFi,PREM,0,0,,,,
2026-08-02 14:20:53,sess_000624,cust_0054,play,Mobile,APAC,SciFi,PREM,1026,0,3000 kbps,,,
2026-08-02 14:21:08,sess_000624,cust_0054,session_end,Mobile,APAC,,PREM,0,0,,,45%,n/a
2026-08-02 14:23:36,sess_000339,cust_0011,session_start,Smart TV,LATAM,,premium_plus,0,0,,,,
2026-08-02 14:37:24,sess_000339,cust_0011,play,Smart TV,LATAM,Horror,premium_plus,1293,0,1080p-6000kbps,,,
2026-08-02 14:40:03,sess_000339,cust_0011,play,Smart TV,LATAM,Horror,premium_plus,514,0,2000kbps,,,
2026-08-02 14:51:22,sess_000339,cust_0011,play,Smart TV,LATAM,Drama,premium_plus,1134,0,8000kbps,,,
2026-08-02 14:59:57,sess_000339,cust_0011,play,Smart TV,LATAM,Action,premium_plus,1520,0,1080p-6000kbps,,,
2026-08-02 15:11:15,sess_000339,cust_0011,play,Smart TV,LATAM,Comedy,premium_plus,747,0,6000kbps,,,
2026-08-02 15:15:15,sess_000339,cust_0011,pause,Smart TV,LATAM,Documentary,premium_plus,0,0,,,,
2026-08-02 15:20:37,sess_000339,cust_0011,buffer,Smart TV,LATAM,Kids,premium_plus,0,1890,,,,
2026-08-02 15:27:59,sess_000339,cust_0011,play,Smart TV,LATAM,SciFi,premium_plus,1005,0,480p-2000kbps,,,
2026-08-02 15:37:20,sess_000339,cust_0011,buffer,Smart TV,LATAM,Comedy,premium_plus,0,3392,,,,
2026-08-02 15:38:32,sess_000339,cust_0011,session_end,Smart TV,LATAM,,premium_plus,0,0,,,80%,
2026-08-02 16:48:35,sess_000024,cust_0148,session_start,Mobile,LATAM,,PREM,0,0,,,,
2026-08-02 16:50:36,sess_000024,cust_0148,play,Mobile,LATAM,Action,PREM,1168,0,3000kbps,,,
2026-08-02 16:53:21,sess_000024,cust_0148,play,Mobile,LATAM,Drama,PREM,1554,0,480p-1500kbps,,,
2026-08-02 17:03:36,sess_000024,cust_0148,pause,Mobile,LATAM,Action,PREM,0,0,,,,
2026-08-02 17:13:29,sess_000024,cust_0148,play,Mobile,LATAM,Drama,PREM,1757,0,6000kbps,,,
2026-08-02 17:13:49,sess_000024,cust_0148,session_end,Mobile,LATAM,,PREM,0,0,,,87%,n/a
2026-08-02 17:21:48,sess_000969,cust_0101,session_start,Mobile,North America,,standard,0,0,,,,
2026-08-02 17:25:51,sess_000706,cust_0058,session_start,Tablet,LATAM,,Premium ,0,0,,,,
2026-08-02 17:30:13,sess_000969,cust_0101,play,Mobile,North America,Documentary,standard,1059,0,2000kbps,,,
2026-08-02 17:39:45,sess_000706,cust_0058,play,Tablet,LATAM,Horror,Premium ,231,0,8000 kbps,,,
2026-08-02 17:42:11,sess_000969,cust_0101,play,Mobile,North America,Drama,standard,748,0,2000 kbps,,,
2026-08-02 17:42:54,sess_000706,cust_0058,play,Tablet,LATAM,Drama,Premium ,663,0,480p-2000kbps,,,
2026-08-02 17:55:03,sess_000969,cust_0101,play,Mobile,North America,Documentary,standard,692,0,720p-3000kbps,,,
2026-08-02 17:57:47,sess_000706,cust_0058,play,Tablet,LATAM,Action,Premium ,561,0,3000kbps,,,
2026-08-02 17:59:25,sess_000969,cust_0101,play,Mobile,North America,Action,standard,1217,0,1080p-8000kbps,,,
2026-08-02 18:12:00,sess_000706,cust_0058,play,Tablet,LATAM,Documentary,Premium ,401,0,8000 kbps,,,
2026-08-02 18:13:51,sess_000706,cust_0058,play,Tablet,LATAM,Drama,Premium ,1248,0,8000kbps,,,
2026-08-02 18:13:55,sess_000969,cust_0101,error,Mobile,North America,Kids,standard,0,0,,E3003,,
2026-08-02 18:18:35,sess_000884,cust_0089,session_start,Tablet,APAC,,Basic,0,0,,,,
2026-08-02 18:21:51,sess_000706,cust_0058,error,Tablet,LATAM,Kids,Premium ,0,0,,E3003,,
2026-08-02 18:28:55,sess_000706,cust_0058,pause,Tablet,LATAM,Drama,Premium ,0,0,,,,
2026-08-02 18:30:41,sess_000706,cust_0058,session_end,Tablet,LATAM,,Premium ,0,0,,,95%,5
2026-08-02 18:32:05,sess_000884,cust_0089,buffer,Tablet,APAC,Horror,Basic,0,1247,,,,
2026-08-02 18:37:08,sess_000884,cust_0089,play,Tablet,APAC,Comedy,Basic,1703,0,3000 kbps,,,
2026-08-02 18:39:01,sess_000884,cust_0089,play,Tablet,APAC,Kids,Basic,1467,0,480p-2000kbps,,,
2026-08-02 18:51:33,sess_000884,cust_0089,play,Tablet,APAC,Action,Basic,229,0,480p-2000kbps,,,
2026-08-02 18:52:18,sess_000884,cust_0089,play,Tablet,APAC,Comedy,Basic,1781,0,480p-1500kbps,,,
2026-08-02 18:56:21,sess_000884,cust_0089,play,Tablet,APAC,Comedy,Basic,1581,0,4500 kbps,,,
2026-08-02 19:05:00,sess_000884,cust_0089,play,Tablet,APAC,Horror,Basic,1175,0,2000kbps,,,
2026-08-02 19:18:22,sess_000884,cust_0089,buffer,Tablet,APAC,Action,Basic,0,1125,,,,
2026-08-02 19:28:16,sess_000884,cust_0089,play,Tablet,APAC,Drama,Basic,1638,0,2000kbps,,,
2026-08-02 19:36:13,sess_000884,cust_0089,play,Tablet,APAC,Action,Basic,876,0,4500kbps,,,
2026-08-02 19:36:50,sess_000884,cust_0089,session_end,Tablet,APAC,,Basic,0,0,,,100%,1 stars
2026-08-02 20:07:32,sess_000071,cust_0056,session_start,Mobile,Africa,,BASIC,0,0,,,,
2026-08-02 20:19:17,sess_000071,cust_0056,play,Mobile,Africa,Documentary,BASIC,1772,0,4500 kbps,,,
2026-08-02 20:24:07,sess_000071,cust_0056,play,Mobile,Africa,Drama,BASIC,83,0,3000kbps,,,
2026-08-02 20:25:57,sess_000071,cust_0056,session_end,Mobile,Africa,,BASIC,0,0,,,90%,2 stars
2026-08-02 21:33:27,sess_000047,cust_0098,session_start,Tablet,LATAM,,Premium ,0,0,,,,
2026-08-02 21:34:35,sess_000047,cust_0098,pause,Tablet,LATAM,Action,Premium ,0,0,,,,
2026-08-02 21:46:03,sess_000047,cust_0098,play,Tablet,LATAM,Documentary,Premium ,56,0,1080p-8000kbps,,,
2026-08-02 21:53:57,sess_000047,cust_0098,play,Tablet,LATAM,Drama,Premium ,539,0,6000 kbps,,,
2026-08-02 21:55:52,sess_000047,cust_0098,play,Tablet,LATAM,Documentary,Premium ,1581,0,1500kbps,,,
2026-08-02 22:00:56,sess_000047,cust_0098,play,Tablet,LATAM,Documentary,Premium ,537,0,4500kbps,,,
2026-08-02 22:05:01,sess_000047,cust_0098,play,Tablet,LATAM,Drama,Premium ,1106,0,720p-4500kbps,,,
2026-08-02 22:16:55,sess_000047,cust_0098,pause,Tablet,LATAM,Drama,Premium ,0,0,,,,
2026-08-02 22:29:56,sess_000047,cust_0098,play,Tablet,LATAM,Action,Premium ,1745,0,2000 kbps,,,
2026-08-02 22:37:38,sess_000047,cust_0098,pause,Tablet,LATAM,Comedy,Premium ,0,0,,,,
2026-08-02 22:44:52,sess_000047,cust_0098,play,Tablet,LATAM,SciFi,Premium ,803,0,480p-2000kbps,,,
2026-08-02 22:45:36,sess_000047,cust_0098,play,Tablet,LATAM,Kids,Premium ,556,0,1080p-6000kbps,,,
2026-08-02 22:51:25,sess_000047,cust_0098,play,Tablet,LATAM,Horror,Premium ,405,0,6000 kbps,,,
2026-08-02 22:53:12,sess_000047,cust_0098,session_end,Tablet,LATAM,,Premium ,0,0,,,90%,
